student_id,timestamp,year_class,program_stream,age,gender,cgpa_category,academic_satisfaction,study_hours_daily,daily_productivity,revision_frequency,focus_duration,screen_time_non_study,main_distractor,study_consistency,tasks_on_time,preparation_status,career_goal_clarity,skills_developing,energy_level,stress_level,routine_rating,sleepy_during_study,sleep_hours,career_interest,online_courses,projects_internships,programming_foundation,events_participation,assignments_on_time,attendance_percentage,strongest_asset,internal_barrier,external_resources,external_pressure,performance_risk_level,risk_score,study_hours_score
STU0001,3/29/2026 20:54,Second Year (SY),BCA,20,Female,8.5 - 9.4,Neutral,Less than 1 hour,2,Never,1-2 hours,More than 6 hours,Social media,Rarely,Sometimes,Planning to start soon,Somewhat clear,"Hard skills (programming, data analytics, technical skills)",4,4,1,Sometimes,6-7 hours,Other,"Not currently, but intend to in the future","Yes, actively working on projects/internship","Basic knowledge, learning while practicing",Occasionally participate in events,Often,Above 85%,"Technical/Hard Skills (Coding, Math, Logic)",Lack of Consistency or Determination (Difficulty sticking to a plan),Occasionally (When needed),No Impact (Fully supportive environment),Moderate Risk,2,1
STU0002,3/29/2026 21:20,Second Year (SY),BCA,20,Male,8.5 - 9.4,Unsatisfied,1-2 hours,1,Rarely,30-60 minutes,2-4 hours,Video content (YouTube/OTT),Sometimes,Sometimes,Planning to start soon,Somewhat clear,Both hard and soft skills,2,3,1,Often,6-7 hours,Automation Engineer,"Yes, currently enrolled in one or more courses/certifications","Yes, actively working on projects/internship","Limited knowledge, theoretical only","Rarely participate, mostly observe",Often,76% - 85%,"Creative/Design Skills (Innovation, UI/UX, Content)",Lack of Consistency or Determination (Difficulty sticking to a plan),Occasionally (When needed),Moderate Impact (Occasional disruption),Moderate Risk,2,2
STU0003,3/29/2026 21:21,Second Year (SY),BCA,19,Male,5.0 - 6.9,Neutral,1-2 hours,2,Few times a week,1-2 hours,4-6 hours,Social interactions,Mostly consistent,Often,Actively preparing for a goal (placements/exams),Very clear,Both hard and soft skills,4,5,2,Often,6-7 hours,Cyber Security Analyst,Planning to enroll soon,"Yes, actively working on projects/internship","Basic knowledge, learning while practicing","Rarely participate, mostly observe",Often,Less than 50%,"Technical/Hard Skills (Coding, Math, Logic)",Difficulty with Focus / Concentration,Rarely (Passive),High Impact (Frequent disruption),High Risk,3,2
STU0004,3/29/2026 21:27,Second Year (SY),BCA,19,Female,8.5 - 9.4,Satisfied,1-2 hours,3,Rarely,1-2 hours,More than 6 hours,Social interactions,Sometimes,Often,Planning to start soon,Somewhat clear,Both hard and soft skills,3,2,2,Always,6-7 hours,Cyber Security Analyst,Planning to enroll soon,Planning to start a project/internship soon,"Basic knowledge, learning while practicing","Rarely participate, mostly observe",Often,Above 85%,"Management/Execution (Planning, Organizing, Discipline)",Procrastination / Low Motivation,Occasionally (When needed),High Impact (Frequent disruption),Low Risk,1,2
STU0005,3/29/2026 22:05,Second Year (SY),BCA,20,Female,8.5 - 9.4,Neutral,1-2 hours,2,Rarely,1-2 hours,4-6 hours,Social media,Sometimes,Sometimes,Planning to start soon,Somewhat clear,Both hard and soft skills,3,5,2,Always,4-5 hours,Data Analyst,Planning to enroll soon,Planning to start a project/internship soon,"Basic knowledge, learning while practicing",Occasionally participate in events,Often,76% - 85%,"Management/Execution (Planning, Organizing, Discipline)",Lack of Consistency or Determination (Difficulty sticking to a plan),Occasionally (When needed),High Impact (Frequent disruption),High Risk,3,2
STU0006,3/29/2026 22:16,Second Year (SY),BCA,19,Female,9.5 - 10.0,Neutral,1-2 hours,2,Few times a week,More than 2 hours,4-6 hours,Video content (YouTube/OTT),Mostly consistent,Often,Actively preparing for a goal (placements/exams),Somewhat clear,Both hard and soft skills,3,3,3,Sometimes,6-7 hours,AI / ML,Planning to enroll soon,"Yes, actively working on projects/internship","Basic knowledge, learning while practicing","Rarely participate, mostly observe",Often,Above 85%,"Technical/Hard Skills (Coding, Math, Logic)",Procrastination / Low Motivation,Rarely (Passive),Low Impact (Rarely affects study),Low Risk,1,2
STU0007,3/29/2026 22:42,Second Year (SY),BCA,20,Male,7.0 - 8.4,Neutral,1-2 hours,3,Rarely,1-2 hours,More than 6 hours,Social media,Sometimes,Always,Actively preparing for a goal (placements/exams),Somewhat clear,"Soft skills (communication, teamwork, leadership, financial literacy)",4,2,3,Often,4-5 hours,AI / ML,"Not currently, but intend to in the future","Yes, actively working on projects/internship","Basic knowledge, learning while practicing","Rarely participate, mostly observe",Sometimes,76% - 85%,"Management/Execution (Planning, Organizing, Discipline)",Difficulty with Focus / Concentration,Rarely (Passive),No Impact (Fully supportive environment),Moderate Risk,2,2
STU0008,3/30/2026 7:11,Second Year (SY),BCA,19,Male,5.0 - 6.9,Satisfied,1-2 hours,3,Few times a week,1-2 hours,4-6 hours,Gaming,Mostly consistent,Often,Actively preparing for a goal (placements/exams),Somewhat clear,Both hard and soft skills,3,3,3,Sometimes,6-7 hours,Data Analyst,Planning to enroll soon,"Yes, actively working on projects/internship","Basic knowledge, learning while practicing",Occasionally participate in events,Often,50% - 65%,"Soft Skills (Communication, Leadership, Teamwork)",Poor Time Management / Over-scheduling,Occasionally (When needed),Moderate Impact (Occasional disruption),High Risk,3,2
STU0009,3/30/2026 8:26,Second Year (SY),BCA,19,Male,7.0 - 8.4,Neutral,1-2 hours,1,Rarely,1-2 hours,More than 6 hours,Gaming,Mostly consistent,Often,Planning to start soon,Very clear,Both hard and soft skills,3,4,2,Sometimes,4-5 hours,AI / ML,Planning to enroll soon,"Yes, actively working on projects/internship","Basic knowledge, learning while practicing",Never participate in such events,Sometimes,Above 85%,"Soft Skills (Communication, Leadership, Teamwork)",Procrastination / Low Motivation,Occasionally (When needed),Moderate Impact (Occasional disruption),Moderate Risk,2,2
STU0010,3/30/2026 10:39,Second Year (SY),BCA,20,Male,9.5 - 10.0,Very satisfied,1-2 hours,3,Few times a week,More than 2 hours,More than 6 hours,Social media,Sometimes,Sometimes,Planning to start soon,Somewhat clear,"Hard skills (programming, data analytics, technical skills)",3,1,3,Sometimes,6-7 hours,AI / ML,Planning to enroll soon,"Yes, actively working on projects/internship","Basic knowledge, learning while practicing",Never participate in such events,Always,50% - 65%,"Technical/Hard Skills (Coding, Math, Logic)",Procrastination / Low Motivation,Rarely (Passive),No Impact (Fully supportive environment),Low Risk,1,2
STU0011,3/30/2026 10:43,Second Year (SY),BCA,20,Male,7.0 - 8.4,Neutral,1-2 hours,3,Few times a week,30-60 minutes,4-6 hours,Social media,Sometimes,Rarely,Planning to start soon,Very clear,"Soft skills (communication, teamwork, leadership, financial literacy)",4,2,3,Often,4-5 hours,Digital Marketing Specialist,"Not currently, but intend to in the future",Planning to start a project/internship soon,"Basic knowledge, learning while practicing","Rarely participate, mostly observe",Always,Less than 50%,"Creative/Design Skills (Innovation, UI/UX, Content)",Difficulty with Focus / Concentration,Occasionally (When needed),Moderate Impact (Occasional disruption),Moderate Risk,2,2
STU0012,3/30/2026 10:43,Second Year (SY),BCA,19,Male,9.5 - 10.0,Very satisfied,1-2 hours,2,Never,1-2 hours,More than 6 hours,Social media,Sometimes,Sometimes,Thinking about it,Somewhat clear,Both hard and soft skills,2,1,1,Often,More than 8 hours,Other,"Yes, currently enrolled in one or more courses/certifications","Yes, actively working on projects/internship","Basic knowledge, learning while practicing","Rarely participate, mostly observe",Always,50% - 65%,"Technical/Hard Skills (Coding, Math, Logic)",Lack of Consistency or Determination (Difficulty sticking to a plan),Rarely (Passive),Moderate Impact (Occasional disruption),Low Risk,1,2
STU0013,3/30/2026 10:52,Second Year (SY),BCA,20,Female,9.5 - 10.0,Neutral,1-2 hours,3,Few times a week,30-60 minutes,More than 6 hours,Social media,Mostly consistent,Sometimes,Planning to start soon,Very clear,"Soft skills (communication, teamwork, leadership, financial literacy)",4,3,3,Sometimes,6-7 hours,Data Analyst,"Yes, currently enrolled in one or more courses/certifications","Yes, actively working on projects/internship","Basic knowledge, learning while practicing",Occasionally participate in events,Always,Above 85%,"Technical/Hard Skills (Coding, Math, Logic)",Procrastination / Low Motivation,Occasionally (When needed),High Impact (Frequent disruption),Low Risk,1,2
STU0014,3/30/2026 11:54,Second Year (SY),BCA,19,Male,7.0 - 8.4,Unsatisfied,1-2 hours,3,Few times a week,More than 2 hours,2-4 hours,Video content (YouTube/OTT),Mostly consistent,Often,Planning to start soon,Somewhat clear,"Hard skills (programming, data analytics, technical skills)",4,3,3,Sometimes,6-7 hours,AI / ML,Planning to enroll soon,Planning to start a project/internship soon,"Basic knowledge, learning while practicing","Rarely participate, mostly observe",Often,66% - 75%,"Technical/Hard Skills (Coding, Math, Logic)",Lack of Consistency or Determination (Difficulty sticking to a plan),Occasionally (When needed),Moderate Impact (Occasional disruption),Moderate Risk,2,2
STU0015,3/30/2026 14:07,Second Year (SY),BCA,20,Male,9.5 - 10.0,Satisfied,Less than 1 hour,3,Rarely,30-60 minutes,More than 6 hours,Social media,Sometimes,Rarely,Planning to start soon,Very clear,"Hard skills (programming, data analytics, technical skills)",3,3,2,Sometimes,4-5 hours,Data Analyst,"No, not interested","Yes, actively working on projects/internship","Basic knowledge, learning while practicing",Never participate in such events,Sometimes,50% - 65%,"Technical/Hard Skills (Coding, Math, Logic)",Procrastination / Low Motivation,Never (Unaware or Not interested),Low Impact (Rarely affects study),Moderate Risk,2,1
STU0016,3/18/2026 13:40,First Year (FY),BCA,17,Female,9.5 - 10.0,Neutral,1-2 hours,1,Rarely,30-60 minutes,4-6 hours,Gaming,Rarely,Always,Planning to start soon,Very clear,"Soft skills (communication, teamwork, leadership, financial literacy)",3,2,3,Often,Unknown,Software Developer,"No, not interested",Planning to start a project/internship soon,Strong foundation in core concepts,Occasionally participate in events,Rarely,50% - 65%,"Technical/Hard Skills (Coding, Math, Logic)",Difficulty with Focus / Concentration,Occasionally (When needed),High Impact (Frequent disruption),Moderate Risk,2,2
STU0017,4/1/2026 10:44,Second Year (SY),BCA,20,Male,8.5 - 9.4,Very satisfied,More than 2 hours,4,Rarely,30-60 minutes,Unknown,Video content (YouTube/OTT),Mostly consistent,Always,Thinking about it,Somewhat clear,"Hard skills (programming, data analytics, technical skills)",4,2,1,Sometimes,More than 8 hours,Data Analyst,"Not currently, but intend to in the future","Not currently, but intend to in the future",Strong foundation in core concepts,"Rarely participate, mostly observe",Sometimes,Above 85%,"Creative/Design Skills (Innovation, UI/UX, Content)",Poor Time Management / Over-scheduling,Never (Unaware or Not interested),Moderate Impact (Occasional disruption),Low Risk,1,3
STU0018,3/23/2026 12:38,Second Year (SY),BCA,19,Male,5.0 - 6.9,Unsatisfied,Less than 1 hour,2,Few times a week,30-60 minutes,More than 6 hours,Video content (YouTube/OTT),Rarely,Rarely,Planning to start soon,Not clear,Both hard and soft skills,4,4,3,Sometimes,More than 8 hours,Software Developer,"Not currently, but intend to in the future","Not currently, but intend to in the future",Strong foundation in core concepts,"Rarely participate, mostly observe",Rarely,50% - 65%,"Soft Skills (Communication, Leadership, Teamwork)",Lack of Consistency or Determination (Difficulty sticking to a plan),Never (Unaware or Not interested),No Impact (Fully supportive environment),High Risk,3,1
STU0019,4/11/2026 12:05,Second Year (SY),BCA,19,Male,7.0 - 8.4,Unsatisfied,Less than 1 hour,2,Few times a week,30-60 minutes,More than 6 hours,Other,Rarely,Sometimes,Planning to start soon,Somewhat clear,"Hard skills (programming, data analytics, technical skills)",3,1,1,Always,6-7 hours,AI / ML,"Yes, currently enrolled in one or more courses/certifications",Planning to start a project/internship soon,Strong foundation in core concepts,Occasionally participate in events,Often,76% - 85%,"Technical/Hard Skills (Coding, Math, Logic)",Poor Time Management / Over-scheduling,Occasionally (When needed),Moderate Impact (Occasional disruption),Moderate Risk,2,1
STU0020,3/27/2026 14:29,Third Year (TY),BCA,21,Female,7.0 - 8.4,Satisfied,Less than 1 hour,3,Rarely,30-60 minutes,More than 6 hours,Social media,Sometimes,Rarely,Planning to start soon,Somewhat clear,Both hard and soft skills,2,3,3,Always,Unknown,AI / ML,"Not currently, but intend to in the future","Not currently, but intend to in the future","Limited knowledge, theoretical only","Rarely participate, mostly observe",Sometimes,Less than 50%,"Management/Execution (Planning, Organizing, Discipline)",Lack of Consistency or Determination (Difficulty sticking to a plan),Rarely (Passive),Low Impact (Rarely affects study),High Risk,3,1
STU0021,3/21/2026 10:20,Final Year,BCom,23,Female,8.5 - 9.4,Neutral,Less than 1 hour,1,Few times a week,1-2 hours,2-4 hours,Social media,Mostly consistent,Rarely,Thinking about it,Somewhat clear,Both hard and soft skills,2,5,1,Often,6-7 hours,Software Developer,"Not currently, but intend to in the future","Not currently, but intend to in the future","Limited knowledge, theoretical only","Rarely participate, mostly observe",Sometimes,76% - 85%,"Technical/Hard Skills (Coding, Math, Logic)",Procrastination / Low Motivation,Never (Unaware or Not interested),Low Impact (Rarely affects study),Moderate Risk,2,1
STU0022,3/17/2026 19:31,Third Year (TY),BSc Cyber Security,20,Male,8.5 - 9.4,Satisfied,Less than 1 hour,3,Never,30-60 minutes,More than 6 hours,Social media,Mostly consistent,Always,Actively preparing for a goal (placements/exams),Somewhat clear,"Hard skills (programming, data analytics, technical skills)",4,5,3,Often,More than 8 hours,Data Analyst,Planning to enroll soon,"Not currently, but intend to in the future","Basic knowledge, learning while practicing",Occasionally participate in events,Often,Above 85%,"Creative/Design Skills (Innovation, UI/UX, Content)",Poor Time Management / Over-scheduling,Occasionally (When needed),Moderate Impact (Occasional disruption),Moderate Risk,2,1
STU0023,4/1/2026 23:56,First Year (FY),BCA,18,Female,8.5 - 9.4,Neutral,More than 2 hours,3,Rarely,More than 2 hours,More than 6 hours,Social interactions,Mostly consistent,Often,Planning to start soon,Very clear,Both hard and soft skills,Unknown,4,2,Sometimes,6-7 hours,AI / ML,"Not currently, but intend to in the future","Yes, actively working on projects/internship","Basic knowledge, learning while practicing","Rarely participate, mostly observe",Often,76% - 85%,"Technical/Hard Skills (Coding, Math, Logic)",Procrastination / Low Motivation,Never (Unaware or Not interested),Low Impact (Rarely affects study),Moderate Risk,2,3
STU0024,4/3/2026 8:32,Third Year (TY),BSc IT,20,Male,8.5 - 9.4,Very satisfied,Less than 1 hour,2,Rarely,1-2 hours,More than 6 hours,Other,Mostly consistent,Often,Actively preparing for a goal (placements/exams),Somewhat clear,"Soft skills (communication, teamwork, leadership, financial literacy)",1,Unknown,3,Always,Unknown,Automation Engineer,"Yes, currently enrolled in one or more courses/certifications","Yes, actively working on projects/internship","Basic knowledge, learning while practicing","Rarely participate, mostly observe",Always,76% - 85%,"Technical/Hard Skills (Coding, Math, Logic)",Lack of Consistency or Determination (Difficulty sticking to a plan),Rarely (Passive),Moderate Impact (Occasional disruption),Moderate Risk,2,1
STU0025,4/2/2026 14:56,Second Year (SY),BCA,19,Male,8.5 - 9.4,Very satisfied,Less than 1 hour,1,Never,1-2 hours,More than 6 hours,Gaming,Rarely,Sometimes,Planning to start soon,Not clear,"Soft skills (communication, teamwork, leadership, financial literacy)",4,3,1,Sometimes,6-7 hours,Cyber Security Analyst,"Not currently, but intend to in the future","Not currently, but intend to in the future","Limited knowledge, theoretical only",Occasionally participate in events,Rarely,76% - 85%,"Technical/Hard Skills (Coding, Math, Logic)",Poor Time Management / Over-scheduling,Never (Unaware or Not interested),Moderate Impact (Occasional disruption),Moderate Risk,2,1
STU0026,4/6/2026 10:46,Third Year (TY),BCA,20,Male,9.5 - 10.0,Satisfied,More than 2 hours,5,Rarely,30-60 minutes,2-4 hours,Social media,Rarely,Often,Thinking about it,Somewhat clear,Both hard and soft skills,4,2,1,Always,4-5 hours,Cyber Security Analyst,Unknown,"Not currently, but intend to in the future","Limited knowledge, theoretical only",Occasionally participate in events,Rarely,Above 85%,"Management/Execution (Planning, Organizing, Discipline)",Lack of Consistency or Determination (Difficulty sticking to a plan),Unknown,Low Impact (Rarely affects study),Low Risk,1,3
STU0027,3/22/2026 16:03,Second Year (SY),BA,19,Female,7.0 - 8.4,Unsatisfied,1-2 hours,1,Few times a week,1-2 hours,More than 6 hours,Social media,Mostly consistent,Often,Thinking about it,Very clear,"Hard skills (programming, data analytics, technical skills)",5,5,2,Often,6-7 hours,Automation Engineer,Planning to enroll soon,Planning to start a project/internship soon,"Limited knowledge, theoretical only",Never participate in such events,Always,76% - 85%,"Technical/Hard Skills (Coding, Math, Logic)",Difficulty with Focus / Concentration,Occasionally (When needed),Moderate Impact (Occasional disruption),High Risk,3,2
STU0028,4/5/2026 11:06,First Year (PG),BCA,25,Male,5.0 - 6.9,Unsatisfied,1-2 hours,1,Never,1-2 hours,2-4 hours,Social interactions,Sometimes,Rarely,Thinking about it,Very clear,"Soft skills (communication, teamwork, leadership, financial literacy)",4,4,3,Often,6-7 hours,Data Analyst,"Yes, currently enrolled in one or more courses/certifications","Not currently, but intend to in the future","Limited knowledge, theoretical only","Rarely participate, mostly observe",Always,Less than 50%,"Soft Skills (Communication, Leadership, Teamwork)",Procrastination / Low Motivation,Rarely (Passive),No Impact (Fully supportive environment),High Risk,3,2
STU0029,3/23/2026 8:11,First Year (FY),BSc Computer Science,18,Female,8.5 - 9.4,Unsatisfied,1-2 hours,2,Few times a week,30-60 minutes,More than 6 hours,Social media,Mostly consistent,Rarely,Actively preparing for a goal (placements/exams),Somewhat clear,Both hard and soft skills,3,5,2,Often,4-5 hours,Software Developer,Planning to enroll soon,"Not currently, but intend to in the future","Limited knowledge, theoretical only",Never participate in such events,Rarely,66% - 75%,"Management/Execution (Planning, Organizing, Discipline)",Lack of Consistency or Determination (Difficulty sticking to a plan),Rarely (Passive),Moderate Impact (Occasional disruption),Moderate Risk,2,2
STU0030,4/11/2026 9:13,First Year (FY),BCA,18,Male,8.5 - 9.4,Very satisfied,More than 2 hours,5,Few times a week,Unknown,4-6 hours,Social interactions,Mostly consistent,Sometimes,Actively preparing for a goal (placements/exams),Very clear,Both hard and soft skills,4,2,3,Often,6-7 hours,AI / ML,"Yes, currently enrolled in one or more courses/certifications",Planning to start a project/internship soon,"Limited knowledge, theoretical only",Never participate in such events,Sometimes,76% - 85%,"Soft Skills (Communication, Leadership, Teamwork)",Lack of Consistency or Determination (Difficulty sticking to a plan),Never (Unaware or Not interested),High Impact (Frequent disruption),Low Risk,1,3
STU0031,4/14/2026 11:13,Second Year (SY),BCA,19,Male,9.5 - 10.0,Neutral,More than 2 hours,5,Few times a week,More than 2 hours,More than 6 hours,Social interactions,Sometimes,Sometimes,Thinking about it,Very clear,Both hard and soft skills,4,3,2,Never,6-7 hours,Automation Engineer,"Not currently, but intend to in the future","Not currently, but intend to in the future","Limited knowledge, theoretical only",Never participate in such events,Often,76% - 85%,"Management/Execution (Planning, Organizing, Discipline)",Difficulty with Focus / Concentration,Occasionally (When needed),No Impact (Fully supportive environment),Moderate Risk,2,3
STU0032,3/27/2026 16:15,Third Year (TY),BSc IT,20,Male,5.0 - 6.9,Very satisfied,Less than 1 hour,3,Rarely,1-2 hours,More than 6 hours,Social media,Sometimes,Often,Planning to start soon,Somewhat clear,Both hard and soft skills,3,5,3,Sometimes,More than 8 hours,Automation Engineer,"No, not interested",Planning to start a project/internship soon,"Basic knowledge, learning while practicing","Rarely participate, mostly observe",Sometimes,Less than 50%,"Technical/Hard Skills (Coding, Math, Logic)",Procrastination / Low Motivation,Occasionally (When needed),No Impact (Fully supportive environment),High Risk,3,1
STU0033,3/24/2026 14:41,First Year (FY),BCA,18,Female,7.0 - 8.4,Neutral,Less than 1 hour,1,Never,30-60 minutes,4-6 hours,Social media,Rarely,Rarely,Planning to start soon,Somewhat clear,"Soft skills (communication, teamwork, leadership, financial literacy)",4,1,2,Often,6-7 hours,AI / ML,"No, not interested","Not currently, but intend to in the future","Basic knowledge, learning while practicing",Occasionally participate in events,Often,76% - 85%,"Technical/Hard Skills (Coding, Math, Logic)",Procrastination / Low Motivation,Occasionally (When needed),Moderate Impact (Occasional disruption),Moderate Risk,2,1
STU0034,3/29/2026 14:10,Second Year (SY),BCA,21,Female,5.0 - 6.9,Neutral,1-2 hours,4,Rarely,1-2 hours,2-4 hours,Gaming,Sometimes,Rarely,Planning to start soon,Somewhat clear,"Hard skills (programming, data analytics, technical skills)",Unknown,4,2,Always,6-7 hours,Cyber Security Analyst,"Not currently, but intend to in the future","Not currently, but intend to in the future","Basic knowledge, learning while practicing",Occasionally participate in events,Sometimes,66% - 75%,"Creative/Design Skills (Innovation, UI/UX, Content)",Difficulty with Focus / Concentration,Occasionally (When needed),Low Impact (Rarely affects study),High Risk,3,2
STU0035,3/24/2026 10:17,Third Year (TY),BCA,22,Male,9.5 - 10.0,Neutral,1-2 hours,1,Never,30-60 minutes,4-6 hours,Social media,Sometimes,Rarely,Actively preparing for a goal (placements/exams),Somewhat clear,"Soft skills (communication, teamwork, leadership, financial literacy)",5,1,1,Always,6-7 hours,Software Developer,"No, not interested",Planning to start a project/internship soon,"Basic knowledge, learning while practicing","Rarely participate, mostly observe",Always,76% - 85%,"Soft Skills (Communication, Leadership, Teamwork)",Procrastination / Low Motivation,Never (Unaware or Not interested),Low Impact (Rarely affects study),Low Risk,1,2
STU0036,3/20/2026 10:16,Second Year (SY),BCA,21,Male,5.0 - 6.9,Unsatisfied,Less than 1 hour,3,Never,1-2 hours,More than 6 hours,Social media,Rarely,Rarely,Thinking about it,Very clear,"Soft skills (communication, teamwork, leadership, financial literacy)",3,4,2,Sometimes,More than 8 hours,Data Analyst,Planning to enroll soon,Planning to start a project/internship soon,Strong foundation in core concepts,Never participate in such events,Always,Less than 50%,"Creative/Design Skills (Innovation, UI/UX, Content)",Lack of Consistency or Determination (Difficulty sticking to a plan),Occasionally (When needed),No Impact (Fully supportive environment),High Risk,3,1
STU0037,4/9/2026 16:59,Third Year (TY),BCom,20,Male,8.5 - 9.4,Very satisfied,Less than 1 hour,1,Few times a week,1-2 hours,More than 6 hours,Gaming,Mostly consistent,Often,Actively preparing for a goal (placements/exams),Somewhat clear,"Soft skills (communication, teamwork, leadership, financial literacy)",3,4,2,Sometimes,6-7 hours,Other,Planning to enroll soon,Planning to start a project/internship soon,Strong foundation in core concepts,"Rarely participate, mostly observe",Sometimes,Above 85%,"Soft Skills (Communication, Leadership, Teamwork)",Difficulty with Focus / Concentration,Occasionally (When needed),High Impact (Frequent disruption),Moderate Risk,2,1
STU0038,3/28/2026 14:56,Third Year (TY),BCom,20,Female,5.0 - 6.9,Neutral,Less than 1 hour,3,Never,1-2 hours,More than 6 hours,Social interactions,Rarely,Often,Thinking about it,Very clear,"Hard skills (programming, data analytics, technical skills)",4,1,1,Often,6-7 hours,Software Developer,"Not currently, but intend to in the future","Not currently, but intend to in the future","Limited knowledge, theoretical only",Occasionally participate in events,Sometimes,50% - 65%,"Management/Execution (Planning, Organizing, Discipline)",Poor Time Management / Over-scheduling,Rarely (Passive),Moderate Impact (Occasional disruption),High Risk,3,1
STU0039,3/29/2026 20:58,First Year (FY),BCA,18,Male,8.5 - 9.4,Very satisfied,More than 2 hours,5,Few times a week,More than 2 hours,Unknown,Video content (YouTube/OTT),Sometimes,Sometimes,Planning to start soon,Somewhat clear,Both hard and soft skills,5,3,2,Always,More than 8 hours,Digital Marketing Specialist,"Yes, currently enrolled in one or more courses/certifications","Not currently, but intend to in the future",Strong foundation in core concepts,"Rarely participate, mostly observe",Often,76% - 85%,"Technical/Hard Skills (Coding, Math, Logic)",Difficulty with Focus / Concentration,Never (Unaware or Not interested),No Impact (Fully supportive environment),Moderate Risk,2,3
STU0040,3/18/2026 10:01,Second Year (SY),BCA,20,Female,7.0 - 8.4,Neutral,1-2 hours,3,Never,1-2 hours,4-6 hours,Social media,Sometimes,Sometimes,Actively preparing for a goal (placements/exams),Somewhat clear,Both hard and soft skills,1,5,2,Always,6-7 hours,AI / ML,Planning to enroll soon,"Yes, actively working on projects/internship",Strong foundation in core concepts,"Rarely participate, mostly observe",Often,Less than 50%,"Creative/Design Skills (Innovation, UI/UX, Content)",Procrastination / Low Motivation,Never (Unaware or Not interested),Low Impact (Rarely affects study),High Risk,3,2
STU0041,3/31/2026 8:00,First Year (FY),BCA,19,Male,5.0 - 6.9,Unsatisfied,1-2 hours,3,Rarely,1-2 hours,More than 6 hours,Social media,Rarely,Often,Actively preparing for a goal (placements/exams),Somewhat clear,"Hard skills (programming, data analytics, technical skills)",3,1,1,Often,6-7 hours,Automation Engineer,"Yes, currently enrolled in one or more courses/certifications","Yes, actively working on projects/internship","Basic knowledge, learning while practicing","Rarely participate, mostly observe",Rarely,Less than 50%,"Creative/Design Skills (Innovation, UI/UX, Content)",Procrastination / Low Motivation,Rarely (Passive),Low Impact (Rarely affects study),High Risk,3,2
STU0042,3/27/2026 7:20,Second Year (SY),BSc IT,21,Female,8.5 - 9.4,Satisfied,1-2 hours,2,Never,1-2 hours,2-4 hours,Social media,Sometimes,Rarely,Thinking about it,Somewhat clear,"Soft skills (communication, teamwork, leadership, financial literacy)",5,2,1,Sometimes,More than 8 hours,Digital Marketing Specialist,Planning to enroll soon,"Not currently, but intend to in the future",Unknown,"Rarely participate, mostly observe",Sometimes,66% - 75%,"Management/Execution (Planning, Organizing, Discipline)",Poor Time Management / Over-scheduling,Occasionally (When needed),High Impact (Frequent disruption),Moderate Risk,2,2
STU0043,3/25/2026 12:41,First Year (PG),BSc Cyber Security,25,Male,5.0 - 6.9,Neutral,1-2 hours,3,Never,30-60 minutes,More than 6 hours,Other,Sometimes,Rarely,Planning to start soon,Not clear,Both hard and soft skills,3,3,3,Always,4-5 hours,Software Developer,Planning to enroll soon,"Yes, actively working on projects/internship","Basic knowledge, learning while practicing",Never participate in such events,Always,66% - 75%,"Soft Skills (Communication, Leadership, Teamwork)",Poor Time Management / Over-scheduling,Occasionally (When needed),High Impact (Frequent disruption),High Risk,3,2
STU0044,3/22/2026 11:19,Second Year (SY),BCA,19,Male,5.0 - 6.9,Unsatisfied,Less than 1 hour,3,Never,1-2 hours,4-6 hours,Gaming,Sometimes,Sometimes,Planning to start soon,Somewhat clear,Both hard and soft skills,4,2,1,Sometimes,More than 8 hours,Cyber Security Analyst,"Yes, currently enrolled in one or more courses/certifications",Planning to start a project/internship soon,"Limited knowledge, theoretical only","Rarely participate, mostly observe",Often,Less than 50%,"Technical/Hard Skills (Coding, Math, Logic)",Poor Time Management / Over-scheduling,Rarely (Passive),Moderate Impact (Occasional disruption),High Risk,3,1
STU0045,4/8/2026 11:57,Second Year (SY),BSc Cyber Security,19,Female,8.5 - 9.4,Satisfied,1-2 hours,2,Never,More than 2 hours,4-6 hours,Other,Sometimes,Rarely,Planning to start soon,Very clear,Both hard and soft skills,4,3,3,Sometimes,More than 8 hours,Automation Engineer,Planning to enroll soon,"Not currently, but intend to in the future",Strong foundation in core concepts,Occasionally participate in events,Often,Above 85%,"Technical/Hard Skills (Coding, Math, Logic)",Poor Time Management / Over-scheduling,Never (Unaware or Not interested),No Impact (Fully supportive environment),Moderate Risk,2,2
STU0046,4/12/2026 15:48,Second Year (SY),BA,20,Other,9.5 - 10.0,Satisfied,More than 2 hours,5,Rarely,More than 2 hours,2-4 hours,Video content (YouTube/OTT),Sometimes,Rarely,Thinking about it,Very clear,"Soft skills (communication, teamwork, leadership, financial literacy)",1,4,3,Always,6-7 hours,Cyber Security Analyst,"Not currently, but intend to in the future","Not currently, but intend to in the future","Limited knowledge, theoretical only",Occasionally participate in events,Rarely,Above 85%,"Technical/Hard Skills (Coding, Math, Logic)",Lack of Consistency or Determination (Difficulty sticking to a plan),Rarely (Passive),High Impact (Frequent disruption),Moderate Risk,2,3
STU0047,3/22/2026 17:40,Second Year (PG),BCA,25,Female,7.0 - 8.4,Neutral,1-2 hours,4,Daily,More than 2 hours,4-6 hours,Gaming,Sometimes,Rarely,Thinking about it,Somewhat clear,"Hard skills (programming, data analytics, technical skills)",2,2,1,Always,6-7 hours,Data Analyst,Planning to enroll soon,"Not currently, but intend to in the future","Basic knowledge, learning while practicing",Never participate in such events,Often,Less than 50%,"Soft Skills (Communication, Leadership, Teamwork)",Lack of Consistency or Determination (Difficulty sticking to a plan),Never (Unaware or Not interested),Moderate Impact (Occasional disruption),Moderate Risk,2,2
STU0048,3/21/2026 14:03,First Year (FY),BBA,18,Male,9.5 - 10.0,Neutral,1-2 hours,3,Never,30-60 minutes,Unknown,Social media,Mostly consistent,Often,Thinking about it,Very clear,Both hard and soft skills,5,2,2,Often,More than 8 hours,Software Developer,"Yes, currently enrolled in one or more courses/certifications","Not currently, but intend to in the future","Basic knowledge, learning while practicing",Occasionally participate in events,Often,76% - 85%,"Soft Skills (Communication, Leadership, Teamwork)",Procrastination / Low Motivation,Never (Unaware or Not interested),Low Impact (Rarely affects study),Low Risk,1,2
STU0049,4/1/2026 8:47,First Year (PG),BBA,23,Female,8.5 - 9.4,Neutral,1-2 hours,1,Rarely,30-60 minutes,4-6 hours,Video content (YouTube/OTT),Sometimes,Rarely,Thinking about it,Somewhat clear,"Hard skills (programming, data analytics, technical skills)",4,3,2,Often,More than 8 hours,Cyber Security Analyst,"Not currently, but intend to in the future",Planning to start a project/internship soon,"Basic knowledge, learning while practicing",Never participate in such events,Often,76% - 85%,"Management/Execution (Planning, Organizing, Discipline)",Lack of Consistency or Determination (Difficulty sticking to a plan),Rarely (Passive),High Impact (Frequent disruption),Moderate Risk,2,2
STU0050,3/15/2026 15:42,Third Year (TY),BSc Computer Science,20,Female,5.0 - 6.9,Very unsatisfied,1-2 hours,1,Few times a week,30-60 minutes,4-6 hours,Video content (YouTube/OTT),Rarely,Often,Actively preparing for a goal (placements/exams),Somewhat clear,"Hard skills (programming, data analytics, technical skills)",4,5,2,Sometimes,6-7 hours,Digital Marketing Specialist,"Not currently, but intend to in the future","Not currently, but intend to in the future","Basic knowledge, learning while practicing",Never participate in such events,Sometimes,Above 85%,"Technical/Hard Skills (Coding, Math, Logic)",Poor Time Management / Over-scheduling,Never (Unaware or Not interested),No Impact (Fully supportive environment),High Risk,3,2
STU0051,4/7/2026 20:01,Third Year (TY),BCA,22,Male,8.5 - 9.4,Very satisfied,1-2 hours,2,Rarely,30-60 minutes,More than 6 hours,Other,Mostly consistent,Always,Thinking about it,Very clear,"Hard skills (programming, data analytics, technical skills)",2,4,Unknown,Always,4-5 hours,Data Analyst,Planning to enroll soon,"Not currently, but intend to in the future","Basic knowledge, learning while practicing","Rarely participate, mostly observe",Sometimes,Above 85%,"Creative/Design Skills (Innovation, UI/UX, Content)",Procrastination / Low Motivation,Occasionally (When needed),Moderate Impact (Occasional disruption),Moderate Risk,2,2
STU0052,3/29/2026 14:13,Second Year (SY),BBA,21,Male,7.0 - 8.4,Unsatisfied,Less than 1 hour,3,Rarely,30-60 minutes,More than 6 hours,Gaming,Mostly consistent,Sometimes,Thinking about it,Not clear,Both hard and soft skills,4,3,3,Sometimes,6-7 hours,Other,"Not currently, but intend to in the future","Not currently, but intend to in the future","Limited knowledge, theoretical only",Never participate in such events,Often,Less than 50%,"Technical/Hard Skills (Coding, Math, Logic)",Lack of Consistency or Determination (Difficulty sticking to a plan),Rarely (Passive),High Impact (Frequent disruption),Moderate Risk,2,1
STU0053,3/21/2026 11:45,First Year (FY),BCA,17,Female,7.0 - 8.4,Satisfied,1-2 hours,1,Rarely,30-60 minutes,More than 6 hours,Social media,Sometimes,Rarely,Thinking about it,Somewhat clear,"Soft skills (communication, teamwork, leadership, financial literacy)",3,4,3,Often,6-7 hours,AI / ML,Planning to enroll soon,"Yes, actively working on projects/internship","Basic knowledge, learning while practicing",Never participate in such events,Rarely,66% - 75%,"Soft Skills (Communication, Leadership, Teamwork)",Poor Time Management / Over-scheduling,Rarely (Passive),No Impact (Fully supportive environment),High Risk,3,2
STU0054,3/25/2026 10:41,Third Year (TY),BCA,20,Male,5.0 - 6.9,Satisfied,Less than 1 hour,1,Rarely,1-2 hours,More than 6 hours,Social media,Rarely,Rarely,Planning to start soon,Very clear,"Hard skills (programming, data analytics, technical skills)",2,4,2,Always,More than 8 hours,Automation Engineer,"No, not interested",Planning to start a project/internship soon,"Limited knowledge, theoretical only",Occasionally participate in events,Always,66% - 75%,"Management/Execution (Planning, Organizing, Discipline)",Difficulty with Focus / Concentration,Rarely (Passive),Moderate Impact (Occasional disruption),High Risk,3,1
STU0055,3/29/2026 16:30,First Year (FY),BCA,18,Male,5.0 - 6.9,Very unsatisfied,Less than 1 hour,5,Rarely,1-2 hours,More than 6 hours,Video content (YouTube/OTT),Sometimes,Sometimes,Actively preparing for a goal (placements/exams),Somewhat clear,Both hard and soft skills,4,2,3,Never,More than 8 hours,AI / ML,Planning to enroll soon,Planning to start a project/internship soon,Strong foundation in core concepts,Never participate in such events,Often,66% - 75%,"Technical/Hard Skills (Coding, Math, Logic)",Difficulty with Focus / Concentration,Never (Unaware or Not interested),No Impact (Fully supportive environment),Moderate Risk,2,1
STU0056,3/21/2026 18:31,Third Year (TY),BCA,21,Female,7.0 - 8.4,Unsatisfied,More than 2 hours,3,Rarely,1-2 hours,More than 6 hours,Social media,Sometimes,Sometimes,Actively preparing for a goal (placements/exams),Not clear,Both hard and soft skills,3,Unknown,3,Sometimes,More than 8 hours,Software Developer,Planning to enroll soon,"Yes, actively working on projects/internship",Strong foundation in core concepts,"Rarely participate, mostly observe",Sometimes,50% - 65%,"Soft Skills (Communication, Leadership, Teamwork)",Procrastination / Low Motivation,Occasionally (When needed),High Impact (Frequent disruption),Moderate Risk,2,3
STU0057,3/29/2026 9:31,Third Year (TY),BCA,20,Female,5.0 - 6.9,Very unsatisfied,1-2 hours,2,Never,30-60 minutes,More than 6 hours,Social media,Mostly consistent,Often,Thinking about it,Somewhat clear,Both hard and soft skills,2,2,2,Always,6-7 hours,Data Analyst,"No, not interested","Not currently, but intend to in the future","Limited knowledge, theoretical only",Never participate in such events,Often,Less than 50%,"Technical/Hard Skills (Coding, Math, Logic)",Procrastination / Low Motivation,Rarely (Passive),High Impact (Frequent disruption),Moderate Risk,2,2
STU0058,4/7/2026 5:07,First Year (FY),BCA,17,Female,7.0 - 8.4,Neutral,Less than 1 hour,1,Daily,More than 2 hours,2-4 hours,Other,Sometimes,Often,Planning to start soon,Somewhat clear,"Soft skills (communication, teamwork, leadership, financial literacy)",2,1,1,Always,6-7 hours,AI / ML,"Not currently, but intend to in the future","Not currently, but intend to in the future","Basic knowledge, learning while practicing","Rarely participate, mostly observe",Sometimes,76% - 85%,"Technical/Hard Skills (Coding, Math, Logic)",Poor Time Management / Over-scheduling,Never (Unaware or Not interested),High Impact (Frequent disruption),Moderate Risk,2,1
STU0059,3/20/2026 15:23,Second Year (SY),BSc Computer Science,20,Female,8.5 - 9.4,Very satisfied,More than 2 hours,Unknown,Few times a week,1-2 hours,More than 6 hours,Gaming,Mostly consistent,Sometimes,Planning to start soon,Very clear,"Hard skills (programming, data analytics, technical skills)",4,4,3,Sometimes,More than 8 hours,Software Developer,"No, not interested",Planning to start a project/internship soon,"Basic knowledge, learning while practicing","Rarely participate, mostly observe",Always,Above 85%,"Creative/Design Skills (Innovation, UI/UX, Content)",Difficulty with Focus / Concentration,Never (Unaware or Not interested),No Impact (Fully supportive environment),Moderate Risk,2,3
STU0060,4/14/2026 12:11,First Year (FY),BCA,17,Male,7.0 - 8.4,Neutral,Less than 1 hour,2,Never,30-60 minutes,4-6 hours,Social media,Sometimes,Often,Planning to start soon,Somewhat clear,"Soft skills (communication, teamwork, leadership, financial literacy)",4,3,1,Sometimes,More than 8 hours,Data Analyst,Planning to enroll soon,Planning to start a project/internship soon,"Limited knowledge, theoretical only","Rarely participate, mostly observe",Often,76% - 85%,"Creative/Design Skills (Innovation, UI/UX, Content)",Lack of Consistency or Determination (Difficulty sticking to a plan),Occasionally (When needed),Low Impact (Rarely affects study),Moderate Risk,2,1
STU0061,4/3/2026 0:26,Third Year (TY),BCom,22,Male,9.5 - 10.0,Very satisfied,More than 2 hours,3,Rarely,1-2 hours,4-6 hours,Social media,Sometimes,Often,Planning to start soon,Somewhat clear,Both hard and soft skills,3,3,2,Sometimes,6-7 hours,Software Developer,"Yes, currently enrolled in one or more courses/certifications",Planning to start a project/internship soon,"Limited knowledge, theoretical only",Occasionally participate in events,Often,66% - 75%,"Management/Execution (Planning, Organizing, Discipline)",Difficulty with Focus / Concentration,Never (Unaware or Not interested),Moderate Impact (Occasional disruption),Moderate Risk,2,3
STU0062,3/23/2026 5:13,Third Year (TY),BBA,22,Female,8.5 - 9.4,Neutral,1-2 hours,2,Rarely,30-60 minutes,More than 6 hours,Social interactions,Sometimes,Rarely,Actively preparing for a goal (placements/exams),Somewhat clear,Both hard and soft skills,4,1,2,Sometimes,Unknown,Digital Marketing Specialist,"Yes, currently enrolled in one or more courses/certifications","Not currently, but intend to in the future",Strong foundation in core concepts,Occasionally participate in events,Rarely,Less than 50%,"Creative/Design Skills (Innovation, UI/UX, Content)",Poor Time Management / Over-scheduling,Rarely (Passive),Low Impact (Rarely affects study),Moderate Risk,2,2
STU0063,4/9/2026 10:16,Third Year (TY),BCA,22,Other,5.0 - 6.9,Unsatisfied,Less than 1 hour,2,Few times a week,1-2 hours,More than 6 hours,Social media,Rarely,Often,Planning to start soon,Somewhat clear,"Hard skills (programming, data analytics, technical skills)",4,2,1,Sometimes,4-5 hours,Data Analyst,"Yes, currently enrolled in one or more courses/certifications",Planning to start a project/internship soon,"Basic knowledge, learning while practicing",Never participate in such events,Sometimes,66% - 75%,"Management/Execution (Planning, Organizing, Discipline)",Poor Time Management / Over-scheduling,Rarely (Passive),Low Impact (Rarely affects study),High Risk,3,1
STU0064,3/18/2026 10:28,Third Year (TY),BBA,21,Female,8.5 - 9.4,Neutral,1-2 hours,1,Rarely,More than 2 hours,4-6 hours,Video content (YouTube/OTT),Sometimes,Sometimes,Thinking about it,Somewhat clear,Both hard and soft skills,4,3,3,Sometimes,6-7 hours,Cyber Security Analyst,"Yes, currently enrolled in one or more courses/certifications","Not currently, but intend to in the future",Strong foundation in core concepts,"Rarely participate, mostly observe",Often,76% - 85%,"Soft Skills (Communication, Leadership, Teamwork)",Procrastination / Low Motivation,Never (Unaware or Not interested),No Impact (Fully supportive environment),Moderate Risk,2,2
STU0065,4/2/2026 17:36,Final Year,BSc IT,21,Male,7.0 - 8.4,Satisfied,Less than 1 hour,1,Few times a week,1-2 hours,4-6 hours,Gaming,Sometimes,Sometimes,Planning to start soon,Very clear,"Soft skills (communication, teamwork, leadership, financial literacy)",5,2,3,Never,More than 8 hours,Software Developer,Planning to enroll soon,"Not currently, but intend to in the future",Strong foundation in core concepts,Never participate in such events,Often,50% - 65%,"Technical/Hard Skills (Coding, Math, Logic)",Difficulty with Focus / Concentration,Occasionally (When needed),Moderate Impact (Occasional disruption),Moderate Risk,2,1
STU0066,3/28/2026 10:22,Second Year (PG),BSc Computer Science,25,Female,5.0 - 6.9,Very unsatisfied,More than 2 hours,3,Few times a week,More than 2 hours,4-6 hours,Gaming,Sometimes,Rarely,Planning to start soon,Not clear,"Hard skills (programming, data analytics, technical skills)",5,3,3,Often,4-5 hours,Cyber Security Analyst,"Not currently, but intend to in the future",Planning to start a project/internship soon,"Basic knowledge, learning while practicing","Rarely participate, mostly observe",Sometimes,66% - 75%,"Creative/Design Skills (Innovation, UI/UX, Content)",Procrastination / Low Motivation,Occasionally (When needed),High Impact (Frequent disruption),High Risk,3,3
STU0067,3/31/2026 11:55,First Year (FY),BBA,17,Male,8.5 - 9.4,Very unsatisfied,1-2 hours,1,Never,30-60 minutes,4-6 hours,Video content (YouTube/OTT),Rarely,Sometimes,Actively preparing for a goal (placements/exams),Very clear,Both hard and soft skills,4,3,2,Never,6-7 hours,Other,Planning to enroll soon,"Yes, actively working on projects/internship","Basic knowledge, learning while practicing","Rarely participate, mostly observe",Often,Above 85%,"Creative/Design Skills (Innovation, UI/UX, Content)",Procrastination / Low Motivation,Rarely (Passive),Moderate Impact (Occasional disruption),Moderate Risk,2,2
STU0068,3/15/2026 1:07,Second Year (SY),BSc IT,21,Male,7.0 - 8.4,Satisfied,Less than 1 hour,1,Daily,1-2 hours,More than 6 hours,Gaming,Rarely,Sometimes,Planning to start soon,Very clear,"Hard skills (programming, data analytics, technical skills)",2,4,2,Often,6-7 hours,Cyber Security Analyst,Planning to enroll soon,Planning to start a project/internship soon,"Limited knowledge, theoretical only",Never participate in such events,Always,76% - 85%,"Technical/Hard Skills (Coding, Math, Logic)",Poor Time Management / Over-scheduling,Rarely (Passive),Low Impact (Rarely affects study),High Risk,3,1
STU0069,4/6/2026 18:32,First Year (FY),BA,18,Male,8.5 - 9.4,Neutral,More than 2 hours,4,Few times a week,30-60 minutes,4-6 hours,Social media,Mostly consistent,Often,Planning to start soon,Not clear,"Hard skills (programming, data analytics, technical skills)",1,2,1,Always,6-7 hours,Software Developer,Planning to enroll soon,Planning to start a project/internship soon,"Basic knowledge, learning while practicing",Never participate in such events,Always,66% - 75%,"Technical/Hard Skills (Coding, Math, Logic)",Procrastination / Low Motivation,Rarely (Passive),High Impact (Frequent disruption),Low Risk,1,3
STU0070,3/31/2026 9:50,First Year (FY),BCA,18,Female,7.0 - 8.4,Unsatisfied,1-2 hours,2,Never,30-60 minutes,More than 6 hours,Video content (YouTube/OTT),Sometimes,Sometimes,Thinking about it,Very clear,Both hard and soft skills,5,3,2,Often,6-7 hours,Digital Marketing Specialist,"Not currently, but intend to in the future","Yes, actively working on projects/internship","Basic knowledge, learning while practicing",Never participate in such events,Sometimes,50% - 65%,"Soft Skills (Communication, Leadership, Teamwork)",Difficulty with Focus / Concentration,Rarely (Passive),High Impact (Frequent disruption),High Risk,3,2
STU0071,4/6/2026 9:12,First Year (FY),BCA,17,Female,8.5 - 9.4,Satisfied,More than 2 hours,5,Daily,More than 2 hours,4-6 hours,Video content (YouTube/OTT),Sometimes,Often,Actively preparing for a goal (placements/exams),Very clear,Both hard and soft skills,3,5,3,Never,6-7 hours,AI / ML,"Yes, currently enrolled in one or more courses/certifications","Not currently, but intend to in the future","Limited knowledge, theoretical only",Occasionally participate in events,Sometimes,Above 85%,"Creative/Design Skills (Innovation, UI/UX, Content)",Difficulty with Focus / Concentration,Rarely (Passive),Moderate Impact (Occasional disruption),Moderate Risk,2,3
STU0072,4/14/2026 9:32,Third Year (TY),BSc Computer Science,22,Female,8.5 - 9.4,Neutral,Less than 1 hour,2,Never,30-60 minutes,More than 6 hours,Other,Rarely,Sometimes,Actively preparing for a goal (placements/exams),Somewhat clear,Both hard and soft skills,4,Unknown,1,Often,6-7 hours,Digital Marketing Specialist,"Yes, currently enrolled in one or more courses/certifications","Not currently, but intend to in the future","Basic knowledge, learning while practicing",Never participate in such events,Sometimes,Above 85%,"Soft Skills (Communication, Leadership, Teamwork)",Difficulty with Focus / Concentration,Occasionally (When needed),Low Impact (Rarely affects study),Moderate Risk,2,1
STU0073,4/4/2026 18:25,Second Year (PG),BCA,23,Male,8.5 - 9.4,Neutral,1-2 hours,2,Rarely,1-2 hours,2-4 hours,Video content (YouTube/OTT),Sometimes,Often,Thinking about it,Somewhat clear,"Soft skills (communication, teamwork, leadership, financial literacy)",1,4,2,Often,6-7 hours,Cyber Security Analyst,"Not currently, but intend to in the future","Not currently, but intend to in the future","Basic knowledge, learning while practicing",Never participate in such events,Sometimes,50% - 65%,"Technical/Hard Skills (Coding, Math, Logic)",Difficulty with Focus / Concentration,Never (Unaware or Not interested),Moderate Impact (Occasional disruption),High Risk,3,2
STU0074,3/17/2026 17:47,Third Year (TY),BCA,21,Male,7.0 - 8.4,Neutral,Less than 1 hour,1,Rarely,1-2 hours,More than 6 hours,Other,Sometimes,Sometimes,Planning to start soon,Very clear,"Hard skills (programming, data analytics, technical skills)",4,2,Unknown,Sometimes,6-7 hours,AI / ML,Planning to enroll soon,Planning to start a project/internship soon,"Basic knowledge, learning while practicing",Occasionally participate in events,Often,50% - 65%,"Soft Skills (Communication, Leadership, Teamwork)",Procrastination / Low Motivation,Never (Unaware or Not interested),Low Impact (Rarely affects study),Moderate Risk,2,1
STU0075,4/9/2026 11:43,First Year (PG),BCom,23,Male,8.5 - 9.4,Satisfied,1-2 hours,1,Never,1-2 hours,More than 6 hours,Gaming,Mostly consistent,Always,Thinking about it,Somewhat clear,"Hard skills (programming, data analytics, technical skills)",4,5,1,Never,More than 8 hours,Data Analyst,Planning to enroll soon,"Yes, actively working on projects/internship",Strong foundation in core concepts,Unknown,Often,Above 85%,"Soft Skills (Communication, Leadership, Teamwork)",Lack of Consistency or Determination (Difficulty sticking to a plan),Occasionally (When needed),Moderate Impact (Occasional disruption),Moderate Risk,2,2
STU0076,4/1/2026 4:43,First Year (FY),BA,17,Male,7.0 - 8.4,Neutral,Less than 1 hour,4,Never,More than 2 hours,More than 6 hours,Video content (YouTube/OTT),Mostly consistent,Sometimes,Planning to start soon,Somewhat clear,Both hard and soft skills,3,4,2,Sometimes,More than 8 hours,Automation Engineer,"No, not interested","Not currently, but intend to in the future","Basic knowledge, learning while practicing",Occasionally participate in events,Sometimes,50% - 65%,"Technical/Hard Skills (Coding, Math, Logic)",Lack of Consistency or Determination (Difficulty sticking to a plan),Rarely (Passive),Moderate Impact (Occasional disruption),High Risk,3,1
STU0077,4/6/2026 7:18,First Year (PG),BSc IT,24,Male,8.5 - 9.4,Satisfied,Less than 1 hour,Unknown,Rarely,30-60 minutes,Unknown,Social interactions,Mostly consistent,Often,Planning to start soon,Somewhat clear,"Soft skills (communication, teamwork, leadership, financial literacy)",3,4,2,Sometimes,4-5 hours,Software Developer,Planning to enroll soon,Planning to start a project/internship soon,"Basic knowledge, learning while practicing","Rarely participate, mostly observe",Always,76% - 85%,"Technical/Hard Skills (Coding, Math, Logic)",Lack of Consistency or Determination (Difficulty sticking to a plan),Never (Unaware or Not interested),High Impact (Frequent disruption),Moderate Risk,2,1
STU0078,3/26/2026 9:51,Second Year (SY),BBA,19,Female,5.0 - 6.9,Satisfied,1-2 hours,4,Rarely,1-2 hours,2-4 hours,Video content (YouTube/OTT),Mostly consistent,Often,Actively preparing for a goal (placements/exams),Very clear,"Hard skills (programming, data analytics, technical skills)",3,4,3,Often,6-7 hours,Software Developer,Planning to enroll soon,"Not currently, but intend to in the future","Limited knowledge, theoretical only",Occasionally participate in events,Always,76% - 85%,"Technical/Hard Skills (Coding, Math, Logic)",Lack of Consistency or Determination (Difficulty sticking to a plan),Never (Unaware or Not interested),Low Impact (Rarely affects study),High Risk,3,2
STU0079,4/13/2026 22:05,First Year (FY),BCA,18,Male,9.5 - 10.0,Neutral,Less than 1 hour,2,Rarely,30-60 minutes,More than 6 hours,Social interactions,Mostly consistent,Always,Planning to start soon,Very clear,Both hard and soft skills,2,5,2,Sometimes,6-7 hours,AI / ML,"Not currently, but intend to in the future",Planning to start a project/internship soon,"Limited knowledge, theoretical only",Never participate in such events,Sometimes,Above 85%,"Technical/Hard Skills (Coding, Math, Logic)",Lack of Consistency or Determination (Difficulty sticking to a plan),Never (Unaware or Not interested),Moderate Impact (Occasional disruption),Moderate Risk,2,1
STU0080,3/25/2026 15:55,Second Year (SY),BCA,19,Female,7.0 - 8.4,Neutral,1-2 hours,4,Rarely,1-2 hours,More than 6 hours,Social interactions,Rarely,Rarely,Thinking about it,Somewhat clear,"Soft skills (communication, teamwork, leadership, financial literacy)",4,3,1,Often,6-7 hours,Data Analyst,"No, not interested","Not currently, but intend to in the future","Basic knowledge, learning while practicing","Rarely participate, mostly observe",Sometimes,66% - 75%,"Technical/Hard Skills (Coding, Math, Logic)",Procrastination / Low Motivation,Never (Unaware or Not interested),Low Impact (Rarely affects study),High Risk,3,2
STU0081,4/5/2026 18:23,Second Year (SY),BSc Computer Science,21,Female,7.0 - 8.4,Satisfied,Less than 1 hour,1,Rarely,1-2 hours,More than 6 hours,Social interactions,Sometimes,Often,Planning to start soon,Somewhat clear,Both hard and soft skills,3,2,Unknown,Sometimes,6-7 hours,Other,"Not currently, but intend to in the future",Planning to start a project/internship soon,Strong foundation in core concepts,Occasionally participate in events,Sometimes,Less than 50%,"Creative/Design Skills (Innovation, UI/UX, Content)",Lack of Consistency or Determination (Difficulty sticking to a plan),Occasionally (When needed),High Impact (Frequent disruption),Moderate Risk,2,1
STU0082,4/6/2026 9:58,First Year (PG),BSc IT,24,Female,5.0 - 6.9,Very unsatisfied,1-2 hours,2,Few times a week,30-60 minutes,More than 6 hours,Social media,Sometimes,Sometimes,Thinking about it,Somewhat clear,"Hard skills (programming, data analytics, technical skills)",3,3,1,Sometimes,6-7 hours,Software Developer,"Yes, currently enrolled in one or more courses/certifications","Not currently, but intend to in the future",Strong foundation in core concepts,"Rarely participate, mostly observe",Often,76% - 85%,"Technical/Hard Skills (Coding, Math, Logic)",Procrastination / Low Motivation,Occasionally (When needed),High Impact (Frequent disruption),High Risk,3,2
STU0083,4/7/2026 4:37,Third Year (TY),BBA,22,Female,7.0 - 8.4,Very satisfied,1-2 hours,3,Never,30-60 minutes,More than 6 hours,Video content (YouTube/OTT),Mostly consistent,Always,Planning to start soon,Somewhat clear,"Soft skills (communication, teamwork, leadership, financial literacy)",3,4,Unknown,Often,6-7 hours,Automation Engineer,"Not currently, but intend to in the future","Not currently, but intend to in the future","Limited knowledge, theoretical only",Never participate in such events,Often,66% - 75%,"Technical/Hard Skills (Coding, Math, Logic)",Difficulty with Focus / Concentration,Rarely (Passive),Moderate Impact (Occasional disruption),Moderate Risk,2,2
STU0084,4/12/2026 21:34,Third Year (TY),BSc IT,22,Male,8.5 - 9.4,Very satisfied,1-2 hours,2,Rarely,30-60 minutes,4-6 hours,Social media,Mostly consistent,Often,Planning to start soon,Not clear,Both hard and soft skills,2,4,1,Never,6-7 hours,Data Analyst,"Yes, currently enrolled in one or more courses/certifications","Yes, actively working on projects/internship",Unknown,Never participate in such events,Often,76% - 85%,"Technical/Hard Skills (Coding, Math, Logic)",Lack of Consistency or Determination (Difficulty sticking to a plan),Occasionally (When needed),No Impact (Fully supportive environment),Moderate Risk,2,2
STU0085,3/21/2026 14:36,First Year (FY),BCA,17,Male,9.5 - 10.0,Satisfied,More than 2 hours,5,Rarely,1-2 hours,4-6 hours,Gaming,Sometimes,Always,Actively preparing for a goal (placements/exams),Very clear,"Soft skills (communication, teamwork, leadership, financial literacy)",5,4,1,Often,More than 8 hours,AI / ML,Planning to enroll soon,"Yes, actively working on projects/internship","Limited knowledge, theoretical only","Rarely participate, mostly observe",Rarely,76% - 85%,"Soft Skills (Communication, Leadership, Teamwork)",Difficulty with Focus / Concentration,Occasionally (When needed),Moderate Impact (Occasional disruption),Moderate Risk,2,3
STU0086,4/5/2026 16:07,First Year (FY),BCA,17,Male,9.5 - 10.0,Neutral,1-2 hours,2,Rarely,30-60 minutes,More than 6 hours,Social interactions,Mostly consistent,Always,Actively preparing for a goal (placements/exams),Somewhat clear,Both hard and soft skills,Unknown,2,1,Often,4-5 hours,AI / ML,Planning to enroll soon,Planning to start a project/internship soon,"Basic knowledge, learning while practicing",Occasionally participate in events,Often,76% - 85%,"Creative/Design Skills (Innovation, UI/UX, Content)",Poor Time Management / Over-scheduling,Never (Unaware or Not interested),Moderate Impact (Occasional disruption),Low Risk,1,2
STU0087,3/31/2026 11:28,Third Year (TY),BCA,20,Male,8.5 - 9.4,Satisfied,More than 2 hours,5,Daily,More than 2 hours,4-6 hours,Social media,Mostly consistent,Often,Planning to start soon,Very clear,Both hard and soft skills,2,4,2,Always,6-7 hours,Data Analyst,"Yes, currently enrolled in one or more courses/certifications","Yes, actively working on projects/internship","Limited knowledge, theoretical only","Rarely participate, mostly observe",Often,50% - 65%,"Soft Skills (Communication, Leadership, Teamwork)",Difficulty with Focus / Concentration,Rarely (Passive),Moderate Impact (Occasional disruption),Moderate Risk,2,3
STU0088,4/12/2026 10:04,Second Year (SY),BBA,19,Male,8.5 - 9.4,Very satisfied,1-2 hours,1,Rarely,More than 2 hours,4-6 hours,Social media,Rarely,Sometimes,Thinking about it,Not clear,Both hard and soft skills,3,5,1,Always,6-7 hours,Cyber Security Analyst,"No, not interested","Not currently, but intend to in the future","Limited knowledge, theoretical only",Never participate in such events,Sometimes,Above 85%,"Soft Skills (Communication, Leadership, Teamwork)",Difficulty with Focus / Concentration,Occasionally (When needed),Moderate Impact (Occasional disruption),High Risk,3,2
STU0089,4/4/2026 8:41,Third Year (TY),BCA,22,Female,8.5 - 9.4,Satisfied,1-2 hours,2,Never,30-60 minutes,4-6 hours,Social media,Mostly consistent,Often,Planning to start soon,Somewhat clear,"Hard skills (programming, data analytics, technical skills)",4,3,2,Always,6-7 hours,Software Developer,"Not currently, but intend to in the future",Planning to start a project/internship soon,"Limited knowledge, theoretical only",Occasionally participate in events,Often,50% - 65%,"Soft Skills (Communication, Leadership, Teamwork)",Difficulty with Focus / Concentration,Occasionally (When needed),High Impact (Frequent disruption),Moderate Risk,2,2
STU0090,3/17/2026 19:04,Final Year,BCA,21,Female,5.0 - 6.9,Unsatisfied,Less than 1 hour,3,Never,More than 2 hours,More than 6 hours,Social media,Sometimes,Always,Planning to start soon,Very clear,Both hard and soft skills,3,2,3,Sometimes,6-7 hours,Cyber Security Analyst,Planning to enroll soon,Planning to start a project/internship soon,Strong foundation in core concepts,Never participate in such events,Sometimes,76% - 85%,"Creative/Design Skills (Innovation, UI/UX, Content)",Poor Time Management / Over-scheduling,Never (Unaware or Not interested),Low Impact (Rarely affects study),Moderate Risk,2,1
STU0091,3/16/2026 7:46,First Year (PG),BCA,24,Female,9.5 - 10.0,Very satisfied,More than 2 hours,3,Few times a week,1-2 hours,More than 6 hours,Social media,Sometimes,Often,Actively preparing for a goal (placements/exams),Very clear,"Hard skills (programming, data analytics, technical skills)",3,4,2,Sometimes,6-7 hours,Other,"Yes, currently enrolled in one or more courses/certifications","Not currently, but intend to in the future","Limited knowledge, theoretical only",Never participate in such events,Sometimes,Less than 50%,"Creative/Design Skills (Innovation, UI/UX, Content)",Lack of Consistency or Determination (Difficulty sticking to a plan),Rarely (Passive),No Impact (Fully supportive environment),Moderate Risk,2,3
STU0092,4/10/2026 16:49,Final Year,BSc Computer Science,23,Female,8.5 - 9.4,Neutral,Less than 1 hour,2,Never,Unknown,More than 6 hours,Social media,Sometimes,Rarely,Actively preparing for a goal (placements/exams),Very clear,"Hard skills (programming, data analytics, technical skills)",4,2,1,Sometimes,More than 8 hours,Software Developer,"Not currently, but intend to in the future","Yes, actively working on projects/internship","Basic knowledge, learning while practicing",Unknown,Sometimes,66% - 75%,"Technical/Hard Skills (Coding, Math, Logic)",Lack of Consistency or Determination (Difficulty sticking to a plan),Never (Unaware or Not interested),Moderate Impact (Occasional disruption),Moderate Risk,2,1
STU0093,3/17/2026 19:25,Second Year (SY),BCA,19,Male,8.5 - 9.4,Unsatisfied,1-2 hours,2,Rarely,30-60 minutes,More than 6 hours,Gaming,Sometimes,Sometimes,Planning to start soon,Not clear,Both hard and soft skills,4,4,3,Sometimes,6-7 hours,Cyber Security Analyst,"Yes, currently enrolled in one or more courses/certifications","Not currently, but intend to in the future","Basic knowledge, learning while practicing","Rarely participate, mostly observe",Sometimes,66% - 75%,"Soft Skills (Communication, Leadership, Teamwork)",Procrastination / Low Motivation,Rarely (Passive),Low Impact (Rarely affects study),Moderate Risk,2,2
STU0094,4/3/2026 0:48,Third Year (TY),BCA,20,Male,8.5 - 9.4,Very satisfied,More than 2 hours,1,Rarely,1-2 hours,4-6 hours,Social media,Sometimes,Sometimes,Actively preparing for a goal (placements/exams),Somewhat clear,Both hard and soft skills,4,4,1,Always,More than 8 hours,AI / ML,"Not currently, but intend to in the future",Planning to start a project/internship soon,"Basic knowledge, learning while practicing","Rarely participate, mostly observe",Often,Less than 50%,"Technical/Hard Skills (Coding, Math, Logic)",Poor Time Management / Over-scheduling,Rarely (Passive),High Impact (Frequent disruption),High Risk,3,3
STU0095,3/22/2026 16:02,Second Year (PG),BSc IT,26,Male,5.0 - 6.9,Unsatisfied,1-2 hours,1,Rarely,More than 2 hours,More than 6 hours,Gaming,Sometimes,Rarely,Planning to start soon,Somewhat clear,"Hard skills (programming, data analytics, technical skills)",4,4,3,Sometimes,More than 8 hours,Software Developer,Planning to enroll soon,"Not currently, but intend to in the future","Basic knowledge, learning while practicing","Rarely participate, mostly observe",Often,50% - 65%,"Technical/Hard Skills (Coding, Math, Logic)",Poor Time Management / Over-scheduling,Rarely (Passive),Low Impact (Rarely affects study),High Risk,3,2
STU0096,4/10/2026 14:35,Second Year (SY),BSc IT,21,Male,9.5 - 10.0,Satisfied,1-2 hours,1,Never,1-2 hours,4-6 hours,Social interactions,Rarely,Sometimes,Planning to start soon,Not clear,"Hard skills (programming, data analytics, technical skills)",Unknown,3,2,Sometimes,6-7 hours,AI / ML,Planning to enroll soon,"Not currently, but intend to in the future","Limited knowledge, theoretical only","Rarely participate, mostly observe",Sometimes,Above 85%,"Creative/Design Skills (Innovation, UI/UX, Content)",Difficulty with Focus / Concentration,Never (Unaware or Not interested),Unknown,Moderate Risk,2,2
STU0097,3/20/2026 1:20,Final Year,BSc Cyber Security,23,Male,7.0 - 8.4,Very satisfied,Less than 1 hour,3,Rarely,1-2 hours,4-6 hours,Social media,Rarely,Sometimes,Actively preparing for a goal (placements/exams),Very clear,"Hard skills (programming, data analytics, technical skills)",5,3,2,Sometimes,More than 8 hours,Cyber Security Analyst,"Yes, currently enrolled in one or more courses/certifications","Yes, actively working on projects/internship","Basic knowledge, learning while practicing","Rarely participate, mostly observe",Often,66% - 75%,"Technical/Hard Skills (Coding, Math, Logic)",Lack of Consistency or Determination (Difficulty sticking to a plan),Never (Unaware or Not interested),High Impact (Frequent disruption),High Risk,3,1
STU0098,3/18/2026 23:40,Third Year (TY),BBA,22,Male,7.0 - 8.4,Satisfied,Less than 1 hour,1,Rarely,1-2 hours,More than 6 hours,Social media,Mostly consistent,Often,Planning to start soon,Somewhat clear,"Hard skills (programming, data analytics, technical skills)",5,2,2,Often,6-7 hours,Software Developer,"Yes, currently enrolled in one or more courses/certifications","Yes, actively working on projects/internship","Basic knowledge, learning while practicing","Rarely participate, mostly observe",Often,Less than 50%,"Management/Execution (Planning, Organizing, Discipline)",Difficulty with Focus / Concentration,Occasionally (When needed),Moderate Impact (Occasional disruption),Moderate Risk,2,1
STU0099,4/4/2026 15:49,First Year (FY),BCA,18,Female,7.0 - 8.4,Neutral,Less than 1 hour,1,Never,30-60 minutes,4-6 hours,Social media,Mostly consistent,Always,Actively preparing for a goal (placements/exams),Very clear,"Hard skills (programming, data analytics, technical skills)",3,5,3,Often,More than 8 hours,Other,"Not currently, but intend to in the future",Planning to start a project/internship soon,"Basic knowledge, learning while practicing","Rarely participate, mostly observe",Sometimes,66% - 75%,"Management/Execution (Planning, Organizing, Discipline)",Procrastination / Low Motivation,Never (Unaware or Not interested),High Impact (Frequent disruption),High Risk,3,1
STU0100,3/23/2026 20:50,Second Year (PG),BCA,23,Other,8.5 - 9.4,Very satisfied,1-2 hours,3,Never,1-2 hours,More than 6 hours,Social media,Mostly consistent,Always,Planning to start soon,Not clear,"Hard skills (programming, data analytics, technical skills)",5,2,3,Sometimes,6-7 hours,Data Analyst,"No, not interested","Not currently, but intend to in the future","Basic knowledge, learning while practicing","Rarely participate, mostly observe",Rarely,76% - 85%,"Creative/Design Skills (Innovation, UI/UX, Content)",Procrastination / Low Motivation,Occasionally (When needed),Low Impact (Rarely affects study),Low Risk,1,2
STU0101,4/12/2026 20:47,Second Year (PG),BCA,23,Female,7.0 - 8.4,Neutral,1-2 hours,4,Daily,1-2 hours,4-6 hours,Video content (YouTube/OTT),Rarely,Sometimes,Planning to start soon,Somewhat clear,"Hard skills (programming, data analytics, technical skills)",5,1,2,Sometimes,6-7 hours,AI / ML,"Yes, currently enrolled in one or more courses/certifications","Yes, actively working on projects/internship",Strong foundation in core concepts,Occasionally participate in events,Always,66% - 75%,"Soft Skills (Communication, Leadership, Teamwork)",Poor Time Management / Over-scheduling,Rarely (Passive),High Impact (Frequent disruption),Moderate Risk,2,2
STU0102,4/6/2026 9:15,Second Year (SY),BCom,20,Female,9.5 - 10.0,Satisfied,More than 2 hours,4,Few times a week,1-2 hours,4-6 hours,Social media,Sometimes,Often,Thinking about it,Somewhat clear,"Hard skills (programming, data analytics, technical skills)",4,2,3,Often,More than 8 hours,Cyber Security Analyst,"Not currently, but intend to in the future","Not currently, but intend to in the future","Limited knowledge, theoretical only",Occasionally participate in events,Always,76% - 85%,"Technical/Hard Skills (Coding, Math, Logic)",Difficulty with Focus / Concentration,Occasionally (When needed),No Impact (Fully supportive environment),Low Risk,1,3
STU0103,3/24/2026 16:24,First Year (FY),BCA,18,Male,5.0 - 6.9,Very unsatisfied,Less than 1 hour,2,Rarely,30-60 minutes,2-4 hours,Video content (YouTube/OTT),Mostly consistent,Sometimes,Planning to start soon,Very clear,Both hard and soft skills,3,3,2,Often,6-7 hours,AI / ML,Planning to enroll soon,"Not currently, but intend to in the future","Limited knowledge, theoretical only",Never participate in such events,Always,50% - 65%,"Soft Skills (Communication, Leadership, Teamwork)",Poor Time Management / Over-scheduling,Occasionally (When needed),Moderate Impact (Occasional disruption),High Risk,3,1
STU0104,4/1/2026 15:19,First Year (FY),BSc Cyber Security,18,Male,9.5 - 10.0,Very satisfied,1-2 hours,3,Never,1-2 hours,More than 6 hours,Social media,Mostly consistent,Often,Planning to start soon,Very clear,Both hard and soft skills,4,3,3,Often,6-7 hours,Software Developer,"No, not interested",Planning to start a project/internship soon,"Limited knowledge, theoretical only",Unknown,Often,76% - 85%,"Management/Execution (Planning, Organizing, Discipline)",Lack of Consistency or Determination (Difficulty sticking to a plan),Rarely (Passive),Moderate Impact (Occasional disruption),Low Risk,1,2
STU0105,4/14/2026 13:21,Second Year (PG),BCA,26,Male,5.0 - 6.9,Unsatisfied,1-2 hours,2,Never,1-2 hours,2-4 hours,Video content (YouTube/OTT),Mostly consistent,Often,Thinking about it,Very clear,Both hard and soft skills,5,1,2,Often,6-7 hours,Software Developer,"Yes, currently enrolled in one or more courses/certifications","Not currently, but intend to in the future","Limited knowledge, theoretical only","Rarely participate, mostly observe",Sometimes,76% - 85%,"Technical/Hard Skills (Coding, Math, Logic)",Difficulty with Focus / Concentration,Occasionally (When needed),High Impact (Frequent disruption),Moderate Risk,2,2
STU0106,3/20/2026 15:09,Final Year,BCA,21,Female,8.5 - 9.4,Neutral,More than 2 hours,1,Few times a week,30-60 minutes,More than 6 hours,Social media,Sometimes,Sometimes,Planning to start soon,Somewhat clear,Both hard and soft skills,1,5,1,Often,6-7 hours,Automation Engineer,Planning to enroll soon,"Yes, actively working on projects/internship","Basic knowledge, learning while practicing",Never participate in such events,Often,76% - 85%,"Creative/Design Skills (Innovation, UI/UX, Content)",Procrastination / Low Motivation,Rarely (Passive),High Impact (Frequent disruption),High Risk,3,3
STU0107,4/14/2026 7:19,Second Year (SY),BCA,20,Male,9.5 - 10.0,Very satisfied,1-2 hours,2,Daily,30-60 minutes,More than 6 hours,Video content (YouTube/OTT),Mostly consistent,Often,Planning to start soon,Somewhat clear,"Hard skills (programming, data analytics, technical skills)",3,3,1,Often,6-7 hours,Other,"Not currently, but intend to in the future","Yes, actively working on projects/internship","Basic knowledge, learning while practicing",Never participate in such events,Often,50% - 65%,"Soft Skills (Communication, Leadership, Teamwork)",Poor Time Management / Over-scheduling,Rarely (Passive),Low Impact (Rarely affects study),Moderate Risk,2,2
STU0108,4/4/2026 1:03,Second Year (PG),BCA,26,Female,8.5 - 9.4,Neutral,1-2 hours,2,Rarely,1-2 hours,More than 6 hours,Social media,Sometimes,Always,Actively preparing for a goal (placements/exams),Very clear,"Hard skills (programming, data analytics, technical skills)",4,3,2,Never,6-7 hours,Cyber Security Analyst,Planning to enroll soon,Planning to start a project/internship soon,Strong foundation in core concepts,"Rarely participate, mostly observe",Often,66% - 75%,"Creative/Design Skills (Innovation, UI/UX, Content)",Lack of Consistency or Determination (Difficulty sticking to a plan),Occasionally (When needed),No Impact (Fully supportive environment),Moderate Risk,2,2
STU0109,4/12/2026 11:28,First Year (FY),BSc IT,18,Female,7.0 - 8.4,Satisfied,Less than 1 hour,3,Never,1-2 hours,More than 6 hours,Video content (YouTube/OTT),Rarely,Often,Thinking about it,Not clear,Both hard and soft skills,1,3,1,Often,6-7 hours,Data Analyst,"Yes, currently enrolled in one or more courses/certifications",Planning to start a project/internship soon,"Limited knowledge, theoretical only","Rarely participate, mostly observe",Often,Less than 50%,"Management/Execution (Planning, Organizing, Discipline)",Lack of Consistency or Determination (Difficulty sticking to a plan),Never (Unaware or Not interested),High Impact (Frequent disruption),High Risk,3,1
STU0110,4/10/2026 20:58,Third Year (TY),BCA,21,Female,8.5 - 9.4,Neutral,1-2 hours,1,Rarely,More than 2 hours,More than 6 hours,Gaming,Sometimes,Sometimes,Actively preparing for a goal (placements/exams),Somewhat clear,Both hard and soft skills,Unknown,2,2,Sometimes,6-7 hours,Data Analyst,"Not currently, but intend to in the future","Not currently, but intend to in the future","Basic knowledge, learning while practicing",Never participate in such events,Sometimes,76% - 85%,"Technical/Hard Skills (Coding, Math, Logic)",Difficulty with Focus / Concentration,Rarely (Passive),No Impact (Fully supportive environment),Moderate Risk,2,2
STU0111,3/18/2026 12:19,Second Year (PG),BCA,23,Female,7.0 - 8.4,Neutral,Less than 1 hour,1,Never,30-60 minutes,4-6 hours,Video content (YouTube/OTT),Mostly consistent,Always,Planning to start soon,Not clear,"Hard skills (programming, data analytics, technical skills)",2,4,2,Often,6-7 hours,Data Analyst,"No, not interested","Not currently, but intend to in the future","Basic knowledge, learning while practicing",Never participate in such events,Always,50% - 65%,"Soft Skills (Communication, Leadership, Teamwork)",Difficulty with Focus / Concentration,Unknown,High Impact (Frequent disruption),High Risk,3,1
STU0112,3/28/2026 7:36,Second Year (SY),BCA,19,Male,5.0 - 6.9,Very unsatisfied,1-2 hours,4,Few times a week,More than 2 hours,4-6 hours,Video content (YouTube/OTT),Rarely,Often,Thinking about it,Somewhat clear,"Hard skills (programming, data analytics, technical skills)",1,1,2,Always,4-5 hours,Cyber Security Analyst,"Yes, currently enrolled in one or more courses/certifications","Yes, actively working on projects/internship","Basic knowledge, learning while practicing",Occasionally participate in events,Always,50% - 65%,"Soft Skills (Communication, Leadership, Teamwork)",Procrastination / Low Motivation,Occasionally (When needed),Moderate Impact (Occasional disruption),High Risk,3,2
STU0113,3/26/2026 13:01,Second Year (SY),BCA,19,Male,7.0 - 8.4,Satisfied,More than 2 hours,3,Few times a week,1-2 hours,More than 6 hours,Gaming,Sometimes,Often,Thinking about it,Somewhat clear,"Soft skills (communication, teamwork, leadership, financial literacy)",4,3,2,Often,More than 8 hours,AI / ML,Planning to enroll soon,"Yes, actively working on projects/internship","Limited knowledge, theoretical only",Occasionally participate in events,Sometimes,76% - 85%,"Technical/Hard Skills (Coding, Math, Logic)",Difficulty with Focus / Concentration,Rarely (Passive),No Impact (Fully supportive environment),Moderate Risk,2,3
STU0114,3/20/2026 17:40,First Year (FY),BCA,17,Male,8.5 - 9.4,Neutral,1-2 hours,1,Few times a week,1-2 hours,More than 6 hours,Social interactions,Mostly consistent,Often,Planning to start soon,Very clear,"Soft skills (communication, teamwork, leadership, financial literacy)",4,4,2,Never,6-7 hours,Data Analyst,"No, not interested","Not currently, but intend to in the future","Basic knowledge, learning while practicing",Occasionally participate in events,Always,76% - 85%,"Soft Skills (Communication, Leadership, Teamwork)",Lack of Consistency or Determination (Difficulty sticking to a plan),Occasionally (When needed),Moderate Impact (Occasional disruption),Moderate Risk,2,2
STU0115,3/24/2026 7:12,Second Year (SY),BSc Cyber Security,20,Male,9.5 - 10.0,Satisfied,1-2 hours,2,Rarely,30-60 minutes,2-4 hours,Gaming,Sometimes,Often,Planning to start soon,Very clear,"Hard skills (programming, data analytics, technical skills)",4,3,1,Often,6-7 hours,Software Developer,"Not currently, but intend to in the future","Yes, actively working on projects/internship","Limited knowledge, theoretical only","Rarely participate, mostly observe",Often,Above 85%,"Management/Execution (Planning, Organizing, Discipline)",Difficulty with Focus / Concentration,Occasionally (When needed),Moderate Impact (Occasional disruption),Low Risk,1,2
STU0116,3/31/2026 14:51,Final Year,BCA,22,Male,9.5 - 10.0,Neutral,More than 2 hours,4,Few times a week,More than 2 hours,More than 6 hours,Video content (YouTube/OTT),Mostly consistent,Sometimes,Planning to start soon,Very clear,"Hard skills (programming, data analytics, technical skills)",3,2,2,Sometimes,6-7 hours,Software Developer,"Not currently, but intend to in the future","Yes, actively working on projects/internship","Basic knowledge, learning while practicing","Rarely participate, mostly observe",Often,Above 85%,"Creative/Design Skills (Innovation, UI/UX, Content)",Lack of Consistency or Determination (Difficulty sticking to a plan),Occasionally (When needed),Moderate Impact (Occasional disruption),Low Risk,1,3
STU0117,3/29/2026 9:22,Second Year (PG),BSc Computer Science,23,Male,7.0 - 8.4,Satisfied,1-2 hours,2,Rarely,30-60 minutes,More than 6 hours,Social interactions,Sometimes,Often,Thinking about it,Not clear,Both hard and soft skills,3,1,1,Never,6-7 hours,Other,Planning to enroll soon,Planning to start a project/internship soon,"Basic knowledge, learning while practicing","Rarely participate, mostly observe",Sometimes,76% - 85%,"Management/Execution (Planning, Organizing, Discipline)",Difficulty with Focus / Concentration,Never (Unaware or Not interested),Unknown,Moderate Risk,2,2
STU0118,4/3/2026 17:54,First Year (PG),BCA,25,Male,5.0 - 6.9,Satisfied,More than 2 hours,Unknown,Few times a week,1-2 hours,More than 6 hours,Other,Rarely,Rarely,Planning to start soon,Not clear,"Hard skills (programming, data analytics, technical skills)",4,3,1,Often,6-7 hours,AI / ML,"Yes, currently enrolled in one or more courses/certifications","Not currently, but intend to in the future","Limited knowledge, theoretical only",Never participate in such events,Rarely,76% - 85%,"Soft Skills (Communication, Leadership, Teamwork)",Poor Time Management / Over-scheduling,Rarely (Passive),High Impact (Frequent disruption),High Risk,3,3
STU0119,3/25/2026 13:25,Third Year (TY),BBA,22,Female,7.0 - 8.4,Neutral,Less than 1 hour,1,Rarely,Unknown,More than 6 hours,Social media,Sometimes,Rarely,Actively preparing for a goal (placements/exams),Very clear,Both hard and soft skills,4,3,1,Sometimes,More than 8 hours,Software Developer,"Not currently, but intend to in the future",Planning to start a project/internship soon,Strong foundation in core concepts,Occasionally participate in events,Sometimes,66% - 75%,"Creative/Design Skills (Innovation, UI/UX, Content)",Poor Time Management / Over-scheduling,Occasionally (When needed),Low Impact (Rarely affects study),Moderate Risk,2,1
STU0120,3/18/2026 14:12,Third Year (TY),BCA,20,Female,7.0 - 8.4,Neutral,1-2 hours,2,Never,1-2 hours,More than 6 hours,Video content (YouTube/OTT),Mostly consistent,Always,Actively preparing for a goal (placements/exams),Somewhat clear,"Soft skills (communication, teamwork, leadership, financial literacy)",2,4,1,Always,6-7 hours,Cyber Security Analyst,"Not currently, but intend to in the future",Planning to start a project/internship soon,"Basic knowledge, learning while practicing",Occasionally participate in events,Often,Less than 50%,"Soft Skills (Communication, Leadership, Teamwork)",Lack of Consistency or Determination (Difficulty sticking to a plan),Never (Unaware or Not interested),Moderate Impact (Occasional disruption),High Risk,3,2
STU0121,4/6/2026 9:45,First Year (PG),BCom,23,Male,8.5 - 9.4,Satisfied,More than 2 hours,5,Never,More than 2 hours,More than 6 hours,Other,Sometimes,Often,Thinking about it,Somewhat clear,"Hard skills (programming, data analytics, technical skills)",5,4,Unknown,Never,More than 8 hours,Cyber Security Analyst,"Yes, currently enrolled in one or more courses/certifications","Yes, actively working on projects/internship","Basic knowledge, learning while practicing","Rarely participate, mostly observe",Sometimes,50% - 65%,"Technical/Hard Skills (Coding, Math, Logic)",Procrastination / Low Motivation,Never (Unaware or Not interested),High Impact (Frequent disruption),High Risk,3,3
STU0122,3/27/2026 21:19,Second Year (SY),BCA,21,Female,7.0 - 8.4,Satisfied,Less than 1 hour,1,Never,30-60 minutes,More than 6 hours,Social media,Rarely,Often,Thinking about it,Somewhat clear,Both hard and soft skills,2,4,1,Often,6-7 hours,Digital Marketing Specialist,"Yes, currently enrolled in one or more courses/certifications",Planning to start a project/internship soon,"Limited knowledge, theoretical only",Occasionally participate in events,Often,50% - 65%,"Soft Skills (Communication, Leadership, Teamwork)",Procrastination / Low Motivation,Rarely (Passive),Low Impact (Rarely affects study),High Risk,3,1
STU0123,4/8/2026 17:11,First Year (FY),BCA,17,Male,8.5 - 9.4,Satisfied,1-2 hours,4,Few times a week,1-2 hours,4-6 hours,Social interactions,Mostly consistent,Always,Planning to start soon,Not clear,"Soft skills (communication, teamwork, leadership, financial literacy)",3,3,3,Sometimes,6-7 hours,Software Developer,Planning to enroll soon,Planning to start a project/internship soon,"Basic knowledge, learning while practicing",Never participate in such events,Sometimes,66% - 75%,"Management/Execution (Planning, Organizing, Discipline)",Procrastination / Low Motivation,Rarely (Passive),Moderate Impact (Occasional disruption),Moderate Risk,2,2
STU0124,4/14/2026 12:40,Third Year (TY),BCA,22,Male,7.0 - 8.4,Neutral,Less than 1 hour,3,Never,30-60 minutes,4-6 hours,Social media,Mostly consistent,Often,Actively preparing for a goal (placements/exams),Very clear,Both hard and soft skills,2,5,2,Sometimes,4-5 hours,Cyber Security Analyst,"No, not interested","Not currently, but intend to in the future","Basic knowledge, learning while practicing","Rarely participate, mostly observe",Often,50% - 65%,"Management/Execution (Planning, Organizing, Discipline)",Procrastination / Low Motivation,Occasionally (When needed),No Impact (Fully supportive environment),High Risk,3,1
STU0125,3/15/2026 18:55,Final Year,BSc Computer Science,21,Female,5.0 - 6.9,Neutral,Less than 1 hour,1,Rarely,More than 2 hours,2-4 hours,Social media,Rarely,Rarely,Actively preparing for a goal (placements/exams),Somewhat clear,"Soft skills (communication, teamwork, leadership, financial literacy)",3,3,2,Sometimes,More than 8 hours,Other,"Not currently, but intend to in the future",Planning to start a project/internship soon,"Limited knowledge, theoretical only",Occasionally participate in events,Rarely,50% - 65%,"Technical/Hard Skills (Coding, Math, Logic)",Difficulty with Focus / Concentration,Rarely (Passive),High Impact (Frequent disruption),High Risk,3,1
STU0126,3/27/2026 12:43,Third Year (TY),BCA,21,Male,8.5 - 9.4,Satisfied,More than 2 hours,3,Never,1-2 hours,4-6 hours,Social media,Mostly consistent,Sometimes,Planning to start soon,Somewhat clear,"Hard skills (programming, data analytics, technical skills)",4,2,3,Never,6-7 hours,Digital Marketing Specialist,Planning to enroll soon,"Not currently, but intend to in the future","Limited knowledge, theoretical only",Never participate in such events,Often,50% - 65%,"Technical/Hard Skills (Coding, Math, Logic)",Lack of Consistency or Determination (Difficulty sticking to a plan),Rarely (Passive),High Impact (Frequent disruption),Moderate Risk,2,3
STU0127,4/1/2026 9:32,Second Year (SY),BCA,19,Female,8.5 - 9.4,Unsatisfied,1-2 hours,3,Rarely,1-2 hours,More than 6 hours,Other,Mostly consistent,Always,Planning to start soon,Somewhat clear,Both hard and soft skills,3,4,3,Always,4-5 hours,Data Analyst,Planning to enroll soon,"Yes, actively working on projects/internship","Basic knowledge, learning while practicing",Occasionally participate in events,Often,Above 85%,"Management/Execution (Planning, Organizing, Discipline)",Procrastination / Low Motivation,Occasionally (When needed),High Impact (Frequent disruption),Moderate Risk,2,2
STU0128,3/21/2026 6:20,First Year (FY),BCA,17,Male,5.0 - 6.9,Very unsatisfied,Less than 1 hour,2,Never,1-2 hours,More than 6 hours,Video content (YouTube/OTT),Sometimes,Sometimes,Actively preparing for a goal (placements/exams),Very clear,Both hard and soft skills,Unknown,3,2,Often,4-5 hours,Data Analyst,"No, not interested","Not currently, but intend to in the future",Strong foundation in core concepts,"Rarely participate, mostly observe",Often,50% - 65%,"Technical/Hard Skills (Coding, Math, Logic)",Procrastination / Low Motivation,Occasionally (When needed),Moderate Impact (Occasional disruption),High Risk,3,1
STU0129,4/5/2026 17:41,First Year (FY),BSc IT,18,Male,7.0 - 8.4,Neutral,Less than 1 hour,3,Unknown,30-60 minutes,4-6 hours,Gaming,Mostly consistent,Often,Actively preparing for a goal (placements/exams),Somewhat clear,Both hard and soft skills,4,3,3,Sometimes,More than 8 hours,Cyber Security Analyst,"Yes, currently enrolled in one or more courses/certifications","Not currently, but intend to in the future","Limited knowledge, theoretical only",Occasionally participate in events,Often,66% - 75%,"Technical/Hard Skills (Coding, Math, Logic)",Lack of Consistency or Determination (Difficulty sticking to a plan),Occasionally (When needed),No Impact (Fully supportive environment),Moderate Risk,2,1
STU0130,4/8/2026 13:28,Final Year,BCA,23,Female,7.0 - 8.4,Satisfied,Less than 1 hour,3,Never,More than 2 hours,More than 6 hours,Other,Rarely,Always,Planning to start soon,Somewhat clear,"Hard skills (programming, data analytics, technical skills)",3,3,1,Often,4-5 hours,AI / ML,"Not currently, but intend to in the future",Planning to start a project/internship soon,"Limited knowledge, theoretical only",Never participate in such events,Sometimes,50% - 65%,"Soft Skills (Communication, Leadership, Teamwork)",Lack of Consistency or Determination (Difficulty sticking to a plan),Occasionally (When needed),Low Impact (Rarely affects study),High Risk,3,1
STU0131,3/16/2026 7:02,Second Year (SY),BCA,19,Female,7.0 - 8.4,Neutral,1-2 hours,4,Rarely,1-2 hours,4-6 hours,Other,Rarely,Always,Planning to start soon,Somewhat clear,"Hard skills (programming, data analytics, technical skills)",3,2,2,Always,6-7 hours,Cyber Security Analyst,"Not currently, but intend to in the future","Yes, actively working on projects/internship","Basic knowledge, learning while practicing",Occasionally participate in events,Often,Above 85%,"Creative/Design Skills (Innovation, UI/UX, Content)",Procrastination / Low Motivation,Occasionally (When needed),Moderate Impact (Occasional disruption),Moderate Risk,2,2
STU0132,4/1/2026 10:32,First Year (PG),BSc Cyber Security,25,Female,7.0 - 8.4,Satisfied,Less than 1 hour,2,Rarely,1-2 hours,More than 6 hours,Social media,Sometimes,Rarely,Thinking about it,Very clear,"Hard skills (programming, data analytics, technical skills)",2,5,2,Sometimes,6-7 hours,Digital Marketing Specialist,"Not currently, but intend to in the future","Not currently, but intend to in the future","Basic knowledge, learning while practicing",Unknown,Always,Above 85%,"Creative/Design Skills (Innovation, UI/UX, Content)",Poor Time Management / Over-scheduling,Rarely (Passive),High Impact (Frequent disruption),High Risk,3,1
STU0133,4/8/2026 12:50,Third Year (TY),BCA,22,Female,8.5 - 9.4,Very satisfied,More than 2 hours,4,Daily,1-2 hours,4-6 hours,Social interactions,Sometimes,Often,Planning to start soon,Somewhat clear,"Soft skills (communication, teamwork, leadership, financial literacy)",3,1,2,Never,6-7 hours,Other,"No, not interested",Planning to start a project/internship soon,Unknown,"Rarely participate, mostly observe",Often,Above 85%,"Management/Execution (Planning, Organizing, Discipline)",Difficulty with Focus / Concentration,Never (Unaware or Not interested),Unknown,Low Risk,1,3
STU0134,3/28/2026 23:20,First Year (FY),BSc Computer Science,17,Female,8.5 - 9.4,Very satisfied,More than 2 hours,3,Few times a week,30-60 minutes,4-6 hours,Gaming,Sometimes,Rarely,Thinking about it,Somewhat clear,Both hard and soft skills,2,4,2,Never,More than 8 hours,Software Developer,"Not currently, but intend to in the future","Yes, actively working on projects/internship","Basic knowledge, learning while practicing",Occasionally participate in events,Often,Above 85%,"Technical/Hard Skills (Coding, Math, Logic)",Procrastination / Low Motivation,Never (Unaware or Not interested),High Impact (Frequent disruption),Moderate Risk,2,3
STU0135,3/29/2026 11:11,First Year (FY),BCA,19,Male,7.0 - 8.4,Very satisfied,1-2 hours,1,Few times a week,30-60 minutes,2-4 hours,Video content (YouTube/OTT),Sometimes,Always,Planning to start soon,Somewhat clear,Both hard and soft skills,5,2,2,Never,6-7 hours,Data Analyst,"No, not interested","Not currently, but intend to in the future","Basic knowledge, learning while practicing",Occasionally participate in events,Often,Above 85%,"Technical/Hard Skills (Coding, Math, Logic)",Difficulty with Focus / Concentration,Occasionally (When needed),High Impact (Frequent disruption),Moderate Risk,2,2
STU0136,4/6/2026 7:18,Second Year (SY),BSc IT,19,Male,7.0 - 8.4,Neutral,Less than 1 hour,2,Rarely,30-60 minutes,More than 6 hours,Social interactions,Sometimes,Rarely,Thinking about it,Somewhat clear,"Soft skills (communication, teamwork, leadership, financial literacy)",4,1,1,Sometimes,6-7 hours,Software Developer,"Yes, currently enrolled in one or more courses/certifications","Not currently, but intend to in the future","Basic knowledge, learning while practicing",Never participate in such events,Always,50% - 65%,"Technical/Hard Skills (Coding, Math, Logic)",Difficulty with Focus / Concentration,Occasionally (When needed),Moderate Impact (Occasional disruption),Moderate Risk,2,1
STU0137,3/24/2026 17:09,Third Year (TY),BSc Cyber Security,20,Male,5.0 - 6.9,Unsatisfied,Less than 1 hour,3,Never,30-60 minutes,More than 6 hours,Social media,Mostly consistent,Always,Actively preparing for a goal (placements/exams),Somewhat clear,Both hard and soft skills,3,3,3,Sometimes,More than 8 hours,Automation Engineer,Planning to enroll soon,Planning to start a project/internship soon,Strong foundation in core concepts,Occasionally participate in events,Always,66% - 75%,"Management/Execution (Planning, Organizing, Discipline)",Poor Time Management / Over-scheduling,Never (Unaware or Not interested),No Impact (Fully supportive environment),Moderate Risk,2,1
STU0138,3/16/2026 17:15,First Year (FY),BCom,19,Other,7.0 - 8.4,Satisfied,1-2 hours,2,Few times a week,30-60 minutes,4-6 hours,Other,Sometimes,Often,Planning to start soon,Somewhat clear,Both hard and soft skills,4,3,2,Sometimes,6-7 hours,Software Developer,Planning to enroll soon,"Not currently, but intend to in the future","Basic knowledge, learning while practicing","Rarely participate, mostly observe",Often,50% - 65%,"Technical/Hard Skills (Coding, Math, Logic)",Procrastination / Low Motivation,Rarely (Passive),High Impact (Frequent disruption),High Risk,3,2
STU0139,3/30/2026 5:30,Final Year,BCA,23,Male,9.5 - 10.0,Satisfied,1-2 hours,1,Never,30-60 minutes,2-4 hours,Video content (YouTube/OTT),Sometimes,Sometimes,Thinking about it,Somewhat clear,Both hard and soft skills,2,5,2,Often,More than 8 hours,Cyber Security Analyst,"Yes, currently enrolled in one or more courses/certifications","Yes, actively working on projects/internship","Limited knowledge, theoretical only","Rarely participate, mostly observe",Always,76% - 85%,"Technical/Hard Skills (Coding, Math, Logic)",Poor Time Management / Over-scheduling,Occasionally (When needed),Moderate Impact (Occasional disruption),Moderate Risk,2,2
STU0140,4/13/2026 15:11,First Year (PG),BSc Cyber Security,22,Female,8.5 - 9.4,Unsatisfied,1-2 hours,1,Never,30-60 minutes,More than 6 hours,Video content (YouTube/OTT),Mostly consistent,Rarely,Actively preparing for a goal (placements/exams),Somewhat clear,Both hard and soft skills,3,2,1,Often,Unknown,Other,"Not currently, but intend to in the future","Yes, actively working on projects/internship","Basic knowledge, learning while practicing",Never participate in such events,Always,50% - 65%,"Technical/Hard Skills (Coding, Math, Logic)",Poor Time Management / Over-scheduling,Occasionally (When needed),Low Impact (Rarely affects study),Moderate Risk,2,2
STU0141,3/31/2026 1:34,Third Year (TY),BCom,21,Female,8.5 - 9.4,Satisfied,Less than 1 hour,2,Rarely,1-2 hours,4-6 hours,Social media,Rarely,Sometimes,Thinking about it,Not clear,Both hard and soft skills,3,5,3,Sometimes,6-7 hours,Software Developer,Planning to enroll soon,Planning to start a project/internship soon,Unknown,"Rarely participate, mostly observe",Often,66% - 75%,"Technical/Hard Skills (Coding, Math, Logic)",Poor Time Management / Over-scheduling,Occasionally (When needed),Moderate Impact (Occasional disruption),High Risk,3,1
STU0142,3/20/2026 15:12,Final Year,BSc IT,23,Female,7.0 - 8.4,Neutral,1-2 hours,2,Never,30-60 minutes,More than 6 hours,Video content (YouTube/OTT),Mostly consistent,Sometimes,Thinking about it,Very clear,"Hard skills (programming, data analytics, technical skills)",3,3,1,Never,6-7 hours,AI / ML,"Not currently, but intend to in the future",Planning to start a project/internship soon,"Basic knowledge, learning while practicing","Rarely participate, mostly observe",Always,Less than 50%,"Soft Skills (Communication, Leadership, Teamwork)",Poor Time Management / Over-scheduling,Occasionally (When needed),Low Impact (Rarely affects study),Moderate Risk,2,2
STU0143,3/24/2026 14:21,First Year (PG),BSc Cyber Security,22,Male,8.5 - 9.4,Satisfied,1-2 hours,3,Never,1-2 hours,More than 6 hours,Gaming,Mostly consistent,Rarely,Planning to start soon,Not clear,Both hard and soft skills,3,4,2,Often,6-7 hours,Automation Engineer,Planning to enroll soon,"Not currently, but intend to in the future","Basic knowledge, learning while practicing",Occasionally participate in events,Often,Above 85%,"Soft Skills (Communication, Leadership, Teamwork)",Procrastination / Low Motivation,Occasionally (When needed),Moderate Impact (Occasional disruption),Moderate Risk,2,2
STU0144,4/3/2026 8:23,Third Year (TY),BBA,20,Male,7.0 - 8.4,Neutral,Less than 1 hour,4,Rarely,1-2 hours,More than 6 hours,Gaming,Sometimes,Rarely,Actively preparing for a goal (placements/exams),Very clear,Both hard and soft skills,3,3,3,Sometimes,More than 8 hours,Automation Engineer,Planning to enroll soon,"Yes, actively working on projects/internship","Basic knowledge, learning while practicing",Occasionally participate in events,Often,50% - 65%,"Technical/Hard Skills (Coding, Math, Logic)",Poor Time Management / Over-scheduling,Rarely (Passive),High Impact (Frequent disruption),High Risk,3,1
STU0145,4/9/2026 13:55,Second Year (SY),BSc Cyber Security,19,Male,5.0 - 6.9,Unsatisfied,More than 2 hours,2,Rarely,30-60 minutes,4-6 hours,Gaming,Sometimes,Rarely,Actively preparing for a goal (placements/exams),Very clear,Both hard and soft skills,2,4,2,Always,More than 8 hours,Software Developer,Planning to enroll soon,"Not currently, but intend to in the future","Basic knowledge, learning while practicing",Never participate in such events,Always,50% - 65%,"Creative/Design Skills (Innovation, UI/UX, Content)",Procrastination / Low Motivation,Rarely (Passive),Moderate Impact (Occasional disruption),High Risk,3,3
STU0146,4/2/2026 13:45,Second Year (PG),BSc Computer Science,26,Male,8.5 - 9.4,Unsatisfied,Less than 1 hour,5,Never,More than 2 hours,4-6 hours,Social media,Sometimes,Sometimes,Planning to start soon,Not clear,Both hard and soft skills,4,2,3,Never,More than 8 hours,Software Developer,"No, not interested",Planning to start a project/internship soon,"Basic knowledge, learning while practicing",Never participate in such events,Often,Above 85%,"Creative/Design Skills (Innovation, UI/UX, Content)",Lack of Consistency or Determination (Difficulty sticking to a plan),Rarely (Passive),Moderate Impact (Occasional disruption),Low Risk,1,1
STU0147,3/17/2026 21:37,Third Year (TY),BSc Computer Science,20,Male,8.5 - 9.4,Satisfied,Less than 1 hour,1,Rarely,1-2 hours,More than 6 hours,Social media,Mostly consistent,Sometimes,Planning to start soon,Not clear,"Hard skills (programming, data analytics, technical skills)",3,1,1,Sometimes,6-7 hours,Automation Engineer,Planning to enroll soon,"Not currently, but intend to in the future","Basic knowledge, learning while practicing","Rarely participate, mostly observe",Sometimes,50% - 65%,"Soft Skills (Communication, Leadership, Teamwork)",Poor Time Management / Over-scheduling,Never (Unaware or Not interested),Moderate Impact (Occasional disruption),Low Risk,1,1
STU0148,4/12/2026 21:23,First Year (FY),BCA,18,Male,5.0 - 6.9,Unsatisfied,1-2 hours,1,Few times a week,1-2 hours,4-6 hours,Social media,Rarely,Rarely,Thinking about it,Somewhat clear,"Hard skills (programming, data analytics, technical skills)",5,3,3,Never,6-7 hours,Data Analyst,"Not currently, but intend to in the future","Yes, actively working on projects/internship","Basic knowledge, learning while practicing","Rarely participate, mostly observe",Often,66% - 75%,"Soft Skills (Communication, Leadership, Teamwork)",Difficulty with Focus / Concentration,Occasionally (When needed),Low Impact (Rarely affects study),High Risk,3,2
STU0149,3/15/2026 8:53,First Year (FY),BBA,17,Male,8.5 - 9.4,Satisfied,1-2 hours,2,Never,30-60 minutes,More than 6 hours,Video content (YouTube/OTT),Mostly consistent,Often,Actively preparing for a goal (placements/exams),Not clear,"Hard skills (programming, data analytics, technical skills)",4,5,1,Often,6-7 hours,Software Developer,Planning to enroll soon,Planning to start a project/internship soon,"Basic knowledge, learning while practicing",Never participate in such events,Sometimes,Above 85%,"Technical/Hard Skills (Coding, Math, Logic)",Poor Time Management / Over-scheduling,Unknown,Moderate Impact (Occasional disruption),Moderate Risk,2,2
STU0150,4/8/2026 17:39,First Year (PG),BCom,22,Male,8.5 - 9.4,Very satisfied,1-2 hours,3,Rarely,1-2 hours,More than 6 hours,Social media,Mostly consistent,Often,Thinking about it,Not clear,Both hard and soft skills,5,5,2,Sometimes,More than 8 hours,Software Developer,Planning to enroll soon,Planning to start a project/internship soon,"Basic knowledge, learning while practicing","Rarely participate, mostly observe",Often,66% - 75%,"Soft Skills (Communication, Leadership, Teamwork)",Poor Time Management / Over-scheduling,Rarely (Passive),Low Impact (Rarely affects study),Moderate Risk,2,2
STU0151,3/22/2026 16:18,First Year (FY),BCA,19,Female,8.5 - 9.4,Satisfied,1-2 hours,3,Few times a week,1-2 hours,More than 6 hours,Gaming,Sometimes,Sometimes,Planning to start soon,Somewhat clear,"Soft skills (communication, teamwork, leadership, financial literacy)",1,4,2,Always,6-7 hours,AI / ML,"Not currently, but intend to in the future","Not currently, but intend to in the future","Basic knowledge, learning while practicing","Rarely participate, mostly observe",Rarely,76% - 85%,"Soft Skills (Communication, Leadership, Teamwork)",Difficulty with Focus / Concentration,Rarely (Passive),High Impact (Frequent disruption),Moderate Risk,2,2
STU0152,4/4/2026 8:11,First Year (FY),BCom,19,Male,9.5 - 10.0,Satisfied,More than 2 hours,3,Few times a week,More than 2 hours,More than 6 hours,Social media,Sometimes,Rarely,Thinking about it,Somewhat clear,Both hard and soft skills,3,4,1,Never,6-7 hours,Data Analyst,"Not currently, but intend to in the future","Yes, actively working on projects/internship","Basic knowledge, learning while practicing","Rarely participate, mostly observe",Often,Less than 50%,"Creative/Design Skills (Innovation, UI/UX, Content)",Poor Time Management / Over-scheduling,Never (Unaware or Not interested),High Impact (Frequent disruption),Moderate Risk,2,3
STU0153,4/11/2026 1:19,First Year (FY),BCom,19,Male,8.5 - 9.4,Neutral,1-2 hours,5,Daily,More than 2 hours,4-6 hours,Social interactions,Rarely,Rarely,Actively preparing for a goal (placements/exams),Somewhat clear,"Hard skills (programming, data analytics, technical skills)",4,3,2,Sometimes,4-5 hours,Software Developer,"Not currently, but intend to in the future",Planning to start a project/internship soon,"Basic knowledge, learning while practicing",Occasionally participate in events,Always,76% - 85%,"Management/Execution (Planning, Organizing, Discipline)",Difficulty with Focus / Concentration,Never (Unaware or Not interested),High Impact (Frequent disruption),Moderate Risk,2,2
STU0154,3/21/2026 15:53,Second Year (PG),BCA,23,Male,8.5 - 9.4,Neutral,1-2 hours,2,Rarely,30-60 minutes,More than 6 hours,Video content (YouTube/OTT),Mostly consistent,Sometimes,Planning to start soon,Somewhat clear,"Hard skills (programming, data analytics, technical skills)",5,2,2,Often,More than 8 hours,Digital Marketing Specialist,"Yes, currently enrolled in one or more courses/certifications","Not currently, but intend to in the future","Basic knowledge, learning while practicing","Rarely participate, mostly observe",Sometimes,76% - 85%,"Technical/Hard Skills (Coding, Math, Logic)",Procrastination / Low Motivation,Occasionally (When needed),Unknown,Low Risk,1,2
STU0155,3/21/2026 18:59,Second Year (SY),BCom,21,Female,8.5 - 9.4,Very satisfied,1-2 hours,5,Rarely,1-2 hours,4-6 hours,Video content (YouTube/OTT),Mostly consistent,Sometimes,Planning to start soon,Very clear,Both hard and soft skills,5,2,3,Always,4-5 hours,Software Developer,"No, not interested",Planning to start a project/internship soon,Strong foundation in core concepts,Occasionally participate in events,Always,Above 85%,"Creative/Design Skills (Innovation, UI/UX, Content)",Procrastination / Low Motivation,Never (Unaware or Not interested),Low Impact (Rarely affects study),Low Risk,1,2
STU0156,4/12/2026 6:32,Final Year,BCA,22,Female,7.0 - 8.4,Satisfied,1-2 hours,3,Never,1-2 hours,More than 6 hours,Video content (YouTube/OTT),Sometimes,Often,Actively preparing for a goal (placements/exams),Very clear,"Hard skills (programming, data analytics, technical skills)",4,3,2,Often,More than 8 hours,Automation Engineer,"Yes, currently enrolled in one or more courses/certifications",Planning to start a project/internship soon,Strong foundation in core concepts,Unknown,Always,66% - 75%,"Creative/Design Skills (Innovation, UI/UX, Content)",Procrastination / Low Motivation,Occasionally (When needed),High Impact (Frequent disruption),Moderate Risk,2,2
STU0157,3/28/2026 9:46,Final Year,BCA,22,Male,5.0 - 6.9,Unsatisfied,More than 2 hours,2,Few times a week,30-60 minutes,More than 6 hours,Gaming,Mostly consistent,Often,Planning to start soon,Not clear,Both hard and soft skills,1,5,2,Often,6-7 hours,Data Analyst,"Not currently, but intend to in the future","Yes, actively working on projects/internship","Limited knowledge, theoretical only","Rarely participate, mostly observe",Often,66% - 75%,"Technical/Hard Skills (Coding, Math, Logic)",Poor Time Management / Over-scheduling,Rarely (Passive),Low Impact (Rarely affects study),High Risk,3,3
STU0158,3/26/2026 13:50,Second Year (PG),BCA,24,Female,7.0 - 8.4,Very satisfied,Less than 1 hour,2,Never,30-60 minutes,More than 6 hours,Social interactions,Sometimes,Rarely,Thinking about it,Not clear,Both hard and soft skills,4,1,2,Sometimes,More than 8 hours,Data Analyst,"Not currently, but intend to in the future","Not currently, but intend to in the future","Basic knowledge, learning while practicing",Occasionally participate in events,Always,50% - 65%,"Technical/Hard Skills (Coding, Math, Logic)",Procrastination / Low Motivation,Unknown,Low Impact (Rarely affects study),Moderate Risk,2,1
STU0159,3/22/2026 17:40,Second Year (SY),BCA,19,Female,7.0 - 8.4,Unsatisfied,1-2 hours,1,Unknown,1-2 hours,More than 6 hours,Gaming,Mostly consistent,Always,Thinking about it,Somewhat clear,Both hard and soft skills,2,5,1,Never,More than 8 hours,Data Analyst,Planning to enroll soon,"Not currently, but intend to in the future",Unknown,Never participate in such events,Rarely,50% - 65%,"Technical/Hard Skills (Coding, Math, Logic)",Procrastination / Low Motivation,Unknown,Low Impact (Rarely affects study),High Risk,3,2
STU0160,4/1/2026 13:17,Second Year (SY),BCA,20,Male,9.5 - 10.0,Unsatisfied,1-2 hours,Unknown,Never,More than 2 hours,2-4 hours,Social media,Sometimes,Sometimes,Thinking about it,Very clear,"Hard skills (programming, data analytics, technical skills)",2,2,3,Sometimes,6-7 hours,Digital Marketing Specialist,"Not currently, but intend to in the future","Yes, actively working on projects/internship",Strong foundation in core concepts,Occasionally participate in events,Always,66% - 75%,"Management/Execution (Planning, Organizing, Discipline)",Procrastination / Low Motivation,Rarely (Passive),High Impact (Frequent disruption),Low Risk,1,2
STU0161,4/14/2026 20:23,First Year (PG),BSc Cyber Security,25,Female,5.0 - 6.9,Neutral,Less than 1 hour,2,Rarely,1-2 hours,4-6 hours,Video content (YouTube/OTT),Rarely,Sometimes,Planning to start soon,Very clear,Both hard and soft skills,2,4,1,Often,6-7 hours,Automation Engineer,Unknown,Planning to start a project/internship soon,Strong foundation in core concepts,Never participate in such events,Sometimes,Less than 50%,"Technical/Hard Skills (Coding, Math, Logic)",Difficulty with Focus / Concentration,Never (Unaware or Not interested),No Impact (Fully supportive environment),High Risk,3,1
STU0162,3/20/2026 16:44,First Year (FY),BBA,17,Male,8.5 - 9.4,Satisfied,1-2 hours,2,Never,More than 2 hours,More than 6 hours,Social interactions,Mostly consistent,Always,Thinking about it,Somewhat clear,"Soft skills (communication, teamwork, leadership, financial literacy)",3,2,2,Often,6-7 hours,Cyber Security Analyst,"Yes, currently enrolled in one or more courses/certifications","Yes, actively working on projects/internship","Basic knowledge, learning while practicing",Occasionally participate in events,Often,76% - 85%,"Creative/Design Skills (Innovation, UI/UX, Content)",Difficulty with Focus / Concentration,Never (Unaware or Not interested),Low Impact (Rarely affects study),Low Risk,1,2
STU0163,4/5/2026 11:04,First Year (PG),BCA,24,Male,9.5 - 10.0,Satisfied,1-2 hours,1,Rarely,Unknown,2-4 hours,Video content (YouTube/OTT),Sometimes,Sometimes,Thinking about it,Somewhat clear,"Hard skills (programming, data analytics, technical skills)",4,1,2,Sometimes,4-5 hours,Data Analyst,"No, not interested","Yes, actively working on projects/internship",Strong foundation in core concepts,Occasionally participate in events,Often,76% - 85%,"Management/Execution (Planning, Organizing, Discipline)",Poor Time Management / Over-scheduling,Rarely (Passive),Low Impact (Rarely affects study),Low Risk,1,2
STU0164,4/11/2026 8:53,First Year (PG),BCA,25,Male,8.5 - 9.4,Satisfied,More than 2 hours,4,Few times a week,More than 2 hours,2-4 hours,Social media,Sometimes,Rarely,Actively preparing for a goal (placements/exams),Very clear,"Soft skills (communication, teamwork, leadership, financial literacy)",5,2,3,Sometimes,6-7 hours,Software Developer,"Not currently, but intend to in the future","Not currently, but intend to in the future","Limited knowledge, theoretical only","Rarely participate, mostly observe",Sometimes,Above 85%,"Soft Skills (Communication, Leadership, Teamwork)",Lack of Consistency or Determination (Difficulty sticking to a plan),Never (Unaware or Not interested),Moderate Impact (Occasional disruption),Low Risk,1,3
STU0165,4/14/2026 16:39,First Year (PG),BCom,25,Male,5.0 - 6.9,Neutral,1-2 hours,3,Few times a week,1-2 hours,More than 6 hours,Social media,Sometimes,Sometimes,Thinking about it,Somewhat clear,Both hard and soft skills,2,5,3,Always,6-7 hours,Automation Engineer,Planning to enroll soon,"Not currently, but intend to in the future","Limited knowledge, theoretical only",Never participate in such events,Sometimes,66% - 75%,"Technical/Hard Skills (Coding, Math, Logic)",Procrastination / Low Motivation,Occasionally (When needed),No Impact (Fully supportive environment),High Risk,3,2
STU0166,4/6/2026 22:15,Second Year (SY),BSc Computer Science,19,Female,8.5 - 9.4,Very satisfied,More than 2 hours,4,Few times a week,More than 2 hours,More than 6 hours,Video content (YouTube/OTT),Sometimes,Sometimes,Thinking about it,Very clear,"Hard skills (programming, data analytics, technical skills)",4,3,2,Sometimes,Unknown,Other,Planning to enroll soon,"Not currently, but intend to in the future","Basic knowledge, learning while practicing",Never participate in such events,Often,66% - 75%,"Soft Skills (Communication, Leadership, Teamwork)",Procrastination / Low Motivation,Rarely (Passive),Moderate Impact (Occasional disruption),Moderate Risk,2,3
STU0167,4/1/2026 14:28,First Year (FY),BCA,19,Male,7.0 - 8.4,Neutral,1-2 hours,3,Rarely,More than 2 hours,More than 6 hours,Other,Sometimes,Sometimes,Thinking about it,Very clear,"Hard skills (programming, data analytics, technical skills)",3,3,3,Sometimes,Unknown,Data Analyst,"Not currently, but intend to in the future","Not currently, but intend to in the future","Limited knowledge, theoretical only",Never participate in such events,Often,66% - 75%,"Technical/Hard Skills (Coding, Math, Logic)",Poor Time Management / Over-scheduling,Rarely (Passive),Moderate Impact (Occasional disruption),Moderate Risk,2,2
STU0168,4/2/2026 12:15,Third Year (TY),BCA,22,Male,5.0 - 6.9,Unsatisfied,Less than 1 hour,1,Rarely,1-2 hours,More than 6 hours,Social media,Sometimes,Sometimes,Actively preparing for a goal (placements/exams),Very clear,"Soft skills (communication, teamwork, leadership, financial literacy)",4,1,2,Sometimes,6-7 hours,Software Developer,"Yes, currently enrolled in one or more courses/certifications",Planning to start a project/internship soon,"Limited knowledge, theoretical only","Rarely participate, mostly observe",Rarely,Above 85%,"Soft Skills (Communication, Leadership, Teamwork)",Poor Time Management / Over-scheduling,Occasionally (When needed),Moderate Impact (Occasional disruption),Moderate Risk,2,1
STU0169,4/3/2026 11:38,First Year (FY),BCA,17,Female,7.0 - 8.4,Satisfied,1-2 hours,4,Never,Unknown,2-4 hours,Social media,Rarely,Often,Thinking about it,Not clear,"Soft skills (communication, teamwork, leadership, financial literacy)",3,3,1,Sometimes,More than 8 hours,Cyber Security Analyst,"Not currently, but intend to in the future",Planning to start a project/internship soon,"Basic knowledge, learning while practicing",Occasionally participate in events,Sometimes,Less than 50%,"Creative/Design Skills (Innovation, UI/UX, Content)",Lack of Consistency or Determination (Difficulty sticking to a plan),Never (Unaware or Not interested),High Impact (Frequent disruption),High Risk,3,2
STU0170,4/14/2026 13:38,Final Year,BCA,23,Female,7.0 - 8.4,Neutral,1-2 hours,2,Rarely,More than 2 hours,2-4 hours,Gaming,Mostly consistent,Often,Planning to start soon,Somewhat clear,"Soft skills (communication, teamwork, leadership, financial literacy)",4,3,1,Never,More than 8 hours,Other,Planning to enroll soon,"Not currently, but intend to in the future","Basic knowledge, learning while practicing","Rarely participate, mostly observe",Always,66% - 75%,"Technical/Hard Skills (Coding, Math, Logic)",Poor Time Management / Over-scheduling,Never (Unaware or Not interested),Moderate Impact (Occasional disruption),Moderate Risk,2,2
STU0171,3/21/2026 19:36,Third Year (TY),BCom,22,Female,5.0 - 6.9,Neutral,Less than 1 hour,4,Few times a week,More than 2 hours,Unknown,Social media,Sometimes,Sometimes,Thinking about it,Somewhat clear,"Hard skills (programming, data analytics, technical skills)",3,2,3,Sometimes,6-7 hours,AI / ML,Planning to enroll soon,"Not currently, but intend to in the future","Basic knowledge, learning while practicing","Rarely participate, mostly observe",Rarely,Less than 50%,"Soft Skills (Communication, Leadership, Teamwork)",Lack of Consistency or Determination (Difficulty sticking to a plan),Never (Unaware or Not interested),No Impact (Fully supportive environment),High Risk,3,1
STU0172,4/4/2026 12:08,First Year (PG),BCA,24,Female,5.0 - 6.9,Very unsatisfied,1-2 hours,5,Rarely,1-2 hours,More than 6 hours,Social media,Rarely,Often,Actively preparing for a goal (placements/exams),Very clear,"Hard skills (programming, data analytics, technical skills)",4,1,1,Sometimes,More than 8 hours,Data Analyst,"No, not interested","Not currently, but intend to in the future","Limited knowledge, theoretical only",Never participate in such events,Sometimes,76% - 85%,"Soft Skills (Communication, Leadership, Teamwork)",Lack of Consistency or Determination (Difficulty sticking to a plan),Occasionally (When needed),High Impact (Frequent disruption),Moderate Risk,2,2
STU0173,4/6/2026 9:23,Second Year (SY),BSc IT,21,Male,8.5 - 9.4,Satisfied,More than 2 hours,3,Never,30-60 minutes,More than 6 hours,Social media,Sometimes,Sometimes,Thinking about it,Somewhat clear,Both hard and soft skills,3,4,3,Often,6-7 hours,Automation Engineer,"Not currently, but intend to in the future","Yes, actively working on projects/internship","Limited knowledge, theoretical only","Rarely participate, mostly observe",Rarely,76% - 85%,"Management/Execution (Planning, Organizing, Discipline)",Difficulty with Focus / Concentration,Rarely (Passive),High Impact (Frequent disruption),Moderate Risk,2,3
STU0174,3/15/2026 15:06,Third Year (TY),BSc Cyber Security,20,Female,7.0 - 8.4,Neutral,Less than 1 hour,5,Rarely,30-60 minutes,More than 6 hours,Gaming,Rarely,Sometimes,Planning to start soon,Very clear,"Hard skills (programming, data analytics, technical skills)",4,1,3,Sometimes,More than 8 hours,Data Analyst,Planning to enroll soon,"Not currently, but intend to in the future","Basic knowledge, learning while practicing",Occasionally participate in events,Rarely,50% - 65%,"Creative/Design Skills (Innovation, UI/UX, Content)",Difficulty with Focus / Concentration,Unknown,Low Impact (Rarely affects study),Moderate Risk,2,1
STU0175,4/13/2026 10:26,Second Year (PG),BCA,23,Other,7.0 - 8.4,Satisfied,1-2 hours,3,Few times a week,More than 2 hours,2-4 hours,Social media,Sometimes,Sometimes,Thinking about it,Not clear,"Hard skills (programming, data analytics, technical skills)",3,3,3,Sometimes,More than 8 hours,AI / ML,"Not currently, but intend to in the future","Yes, actively working on projects/internship","Limited knowledge, theoretical only",Never participate in such events,Sometimes,66% - 75%,"Soft Skills (Communication, Leadership, Teamwork)",Difficulty with Focus / Concentration,Never (Unaware or Not interested),High Impact (Frequent disruption),Moderate Risk,2,2
STU0176,3/15/2026 10:07,Third Year (TY),BA,21,Female,7.0 - 8.4,Neutral,Less than 1 hour,5,Never,1-2 hours,4-6 hours,Social media,Sometimes,Always,Thinking about it,Somewhat clear,"Hard skills (programming, data analytics, technical skills)",3,3,2,Sometimes,6-7 hours,AI / ML,Planning to enroll soon,"Not currently, but intend to in the future",Strong foundation in core concepts,"Rarely participate, mostly observe",Often,Above 85%,"Technical/Hard Skills (Coding, Math, Logic)",Lack of Consistency or Determination (Difficulty sticking to a plan),Never (Unaware or Not interested),No Impact (Fully supportive environment),Moderate Risk,2,1
STU0177,3/27/2026 8:27,Second Year (PG),BCA,23,Male,7.0 - 8.4,Neutral,1-2 hours,3,Daily,30-60 minutes,More than 6 hours,Gaming,Sometimes,Rarely,Actively preparing for a goal (placements/exams),Very clear,"Soft skills (communication, teamwork, leadership, financial literacy)",Unknown,4,3,Often,6-7 hours,Other,"Not currently, but intend to in the future",Planning to start a project/internship soon,"Limited knowledge, theoretical only",Occasionally participate in events,Sometimes,50% - 65%,"Soft Skills (Communication, Leadership, Teamwork)",Lack of Consistency or Determination (Difficulty sticking to a plan),Rarely (Passive),High Impact (Frequent disruption),High Risk,3,2
STU0178,3/29/2026 13:12,Second Year (SY),BSc Cyber Security,19,Male,7.0 - 8.4,Neutral,Less than 1 hour,1,Rarely,1-2 hours,More than 6 hours,Other,Sometimes,Often,Thinking about it,Somewhat clear,Both hard and soft skills,4,2,1,Sometimes,6-7 hours,Cyber Security Analyst,"No, not interested","Yes, actively working on projects/internship",Strong foundation in core concepts,Never participate in such events,Sometimes,50% - 65%,"Management/Execution (Planning, Organizing, Discipline)",Lack of Consistency or Determination (Difficulty sticking to a plan),Rarely (Passive),Low Impact (Rarely affects study),Moderate Risk,2,1
STU0179,4/2/2026 12:39,Third Year (TY),BCA,20,Female,5.0 - 6.9,Satisfied,Less than 1 hour,2,Rarely,1-2 hours,4-6 hours,Social media,Rarely,Always,Planning to start soon,Somewhat clear,Both hard and soft skills,3,4,2,Often,More than 8 hours,AI / ML,"Not currently, but intend to in the future","Yes, actively working on projects/internship","Limited knowledge, theoretical only",Never participate in such events,Sometimes,76% - 85%,"Technical/Hard Skills (Coding, Math, Logic)",Lack of Consistency or Determination (Difficulty sticking to a plan),Rarely (Passive),Low Impact (Rarely affects study),High Risk,3,1
STU0180,3/20/2026 8:59,Second Year (PG),BCA,24,Male,7.0 - 8.4,Neutral,1-2 hours,1,Never,30-60 minutes,4-6 hours,Gaming,Sometimes,Rarely,Planning to start soon,Somewhat clear,Both hard and soft skills,5,2,Unknown,Sometimes,More than 8 hours,AI / ML,"Not currently, but intend to in the future","Not currently, but intend to in the future",Strong foundation in core concepts,Never participate in such events,Sometimes,66% - 75%,"Technical/Hard Skills (Coding, Math, Logic)",Procrastination / Low Motivation,Rarely (Passive),No Impact (Fully supportive environment),Moderate Risk,2,2
STU0181,4/6/2026 11:26,Second Year (SY),BSc Computer Science,20,Female,7.0 - 8.4,Unsatisfied,Less than 1 hour,2,Few times a week,Unknown,More than 6 hours,Social media,Sometimes,Sometimes,Actively preparing for a goal (placements/exams),Not clear,Both hard and soft skills,3,3,1,Sometimes,6-7 hours,Other,"Not currently, but intend to in the future","Not currently, but intend to in the future","Limited knowledge, theoretical only",Occasionally participate in events,Sometimes,66% - 75%,"Technical/Hard Skills (Coding, Math, Logic)",Procrastination / Low Motivation,Rarely (Passive),Low Impact (Rarely affects study),Moderate Risk,2,1
STU0182,3/23/2026 9:07,Second Year (SY),BCA,21,Female,9.5 - 10.0,Neutral,Less than 1 hour,3,Few times a week,More than 2 hours,4-6 hours,Video content (YouTube/OTT),Mostly consistent,Often,Planning to start soon,Very clear,"Soft skills (communication, teamwork, leadership, financial literacy)",3,2,3,Often,4-5 hours,Cyber Security Analyst,"Yes, currently enrolled in one or more courses/certifications","Not currently, but intend to in the future","Limited knowledge, theoretical only",Occasionally participate in events,Sometimes,66% - 75%,"Management/Execution (Planning, Organizing, Discipline)",Difficulty with Focus / Concentration,Rarely (Passive),No Impact (Fully supportive environment),Low Risk,1,1
STU0183,4/11/2026 14:22,First Year (PG),BSc Cyber Security,22,Female,5.0 - 6.9,Satisfied,Less than 1 hour,2,Never,30-60 minutes,4-6 hours,Other,Sometimes,Often,Actively preparing for a goal (placements/exams),Not clear,Both hard and soft skills,4,2,3,Sometimes,6-7 hours,Data Analyst,"No, not interested","Yes, actively working on projects/internship","Limited knowledge, theoretical only",Never participate in such events,Often,Above 85%,"Management/Execution (Planning, Organizing, Discipline)",Procrastination / Low Motivation,Never (Unaware or Not interested),Moderate Impact (Occasional disruption),Moderate Risk,2,1
STU0184,4/2/2026 14:03,First Year (FY),BSc Computer Science,18,Other,9.5 - 10.0,Satisfied,Less than 1 hour,2,Few times a week,1-2 hours,More than 6 hours,Social media,Sometimes,Sometimes,Actively preparing for a goal (placements/exams),Very clear,"Soft skills (communication, teamwork, leadership, financial literacy)",1,5,1,Often,6-7 hours,Cyber Security Analyst,"Not currently, but intend to in the future","Not currently, but intend to in the future","Limited knowledge, theoretical only",Occasionally participate in events,Sometimes,50% - 65%,"Creative/Design Skills (Innovation, UI/UX, Content)",Procrastination / Low Motivation,Rarely (Passive),High Impact (Frequent disruption),High Risk,3,1
STU0185,3/23/2026 19:03,Second Year (SY),BCA,21,Male,8.5 - 9.4,Neutral,1-2 hours,3,Few times a week,More than 2 hours,4-6 hours,Video content (YouTube/OTT),Sometimes,Rarely,Actively preparing for a goal (placements/exams),Very clear,Both hard and soft skills,4,2,2,Often,4-5 hours,AI / ML,"Not currently, but intend to in the future",Planning to start a project/internship soon,"Basic knowledge, learning while practicing",Occasionally participate in events,Rarely,50% - 65%,"Soft Skills (Communication, Leadership, Teamwork)",Lack of Consistency or Determination (Difficulty sticking to a plan),Occasionally (When needed),No Impact (Fully supportive environment),Moderate Risk,2,2
STU0186,4/8/2026 13:56,First Year (PG),BCA,22,Male,8.5 - 9.4,Satisfied,Less than 1 hour,3,Rarely,1-2 hours,More than 6 hours,Video content (YouTube/OTT),Sometimes,Sometimes,Thinking about it,Not clear,Both hard and soft skills,5,3,2,Never,More than 8 hours,Digital Marketing Specialist,"Not currently, but intend to in the future","Not currently, but intend to in the future","Limited knowledge, theoretical only",Never participate in such events,Often,50% - 65%,"Creative/Design Skills (Innovation, UI/UX, Content)",Lack of Consistency or Determination (Difficulty sticking to a plan),Occasionally (When needed),Moderate Impact (Occasional disruption),Moderate Risk,2,1
STU0187,3/17/2026 10:54,Second Year (PG),BCA,26,Male,5.0 - 6.9,Unsatisfied,Less than 1 hour,1,Rarely,More than 2 hours,4-6 hours,Social media,Sometimes,Sometimes,Actively preparing for a goal (placements/exams),Not clear,Both hard and soft skills,2,5,2,Always,6-7 hours,Data Analyst,Planning to enroll soon,Planning to start a project/internship soon,Strong foundation in core concepts,Occasionally participate in events,Sometimes,50% - 65%,"Soft Skills (Communication, Leadership, Teamwork)",Procrastination / Low Motivation,Never (Unaware or Not interested),Low Impact (Rarely affects study),High Risk,3,1
STU0188,4/10/2026 19:50,First Year (FY),BSc Computer Science,18,Female,5.0 - 6.9,Very unsatisfied,1-2 hours,Unknown,Rarely,1-2 hours,2-4 hours,Social media,Rarely,Rarely,Thinking about it,Somewhat clear,Both hard and soft skills,1,4,1,Sometimes,4-5 hours,Data Analyst,"No, not interested","Not currently, but intend to in the future","Basic knowledge, learning while practicing","Rarely participate, mostly observe",Sometimes,66% - 75%,"Creative/Design Skills (Innovation, UI/UX, Content)",Poor Time Management / Over-scheduling,Occasionally (When needed),No Impact (Fully supportive environment),High Risk,3,2
STU0189,3/23/2026 11:23,First Year (PG),BCA,22,Female,9.5 - 10.0,Very satisfied,1-2 hours,3,Daily,More than 2 hours,More than 6 hours,Social media,Mostly consistent,Sometimes,Actively preparing for a goal (placements/exams),Very clear,"Soft skills (communication, teamwork, leadership, financial literacy)",3,3,2,Often,6-7 hours,Software Developer,"No, not interested","Yes, actively working on projects/internship",Unknown,Never participate in such events,Often,50% - 65%,"Technical/Hard Skills (Coding, Math, Logic)",Lack of Consistency or Determination (Difficulty sticking to a plan),Rarely (Passive),Moderate Impact (Occasional disruption),Moderate Risk,2,2
STU0190,3/29/2026 9:43,Final Year,BCA,21,Male,8.5 - 9.4,Very satisfied,More than 2 hours,Unknown,Few times a week,1-2 hours,More than 6 hours,Social media,Rarely,Always,Planning to start soon,Very clear,Both hard and soft skills,3,4,3,Always,6-7 hours,Cyber Security Analyst,"Not currently, but intend to in the future","Yes, actively working on projects/internship",Strong foundation in core concepts,Never participate in such events,Rarely,66% - 75%,"Technical/Hard Skills (Coding, Math, Logic)",Procrastination / Low Motivation,Never (Unaware or Not interested),Low Impact (Rarely affects study),High Risk,3,3
STU0191,4/8/2026 7:52,Second Year (SY),BBA,19,Female,7.0 - 8.4,Satisfied,More than 2 hours,4,Rarely,30-60 minutes,2-4 hours,Social media,Sometimes,Always,Planning to start soon,Very clear,"Soft skills (communication, teamwork, leadership, financial literacy)",4,2,2,Often,6-7 hours,AI / ML,Planning to enroll soon,Planning to start a project/internship soon,Strong foundation in core concepts,"Rarely participate, mostly observe",Often,66% - 75%,"Creative/Design Skills (Innovation, UI/UX, Content)",Poor Time Management / Over-scheduling,Never (Unaware or Not interested),Moderate Impact (Occasional disruption),Moderate Risk,2,3
STU0192,3/18/2026 13:57,Third Year (TY),BCA,20,Male,5.0 - 6.9,Very satisfied,1-2 hours,2,Never,1-2 hours,4-6 hours,Gaming,Rarely,Always,Actively preparing for a goal (placements/exams),Very clear,"Soft skills (communication, teamwork, leadership, financial literacy)",3,1,1,Sometimes,More than 8 hours,Data Analyst,"Not currently, but intend to in the future","Yes, actively working on projects/internship","Basic knowledge, learning while practicing",Never participate in such events,Sometimes,76% - 85%,"Technical/Hard Skills (Coding, Math, Logic)",Lack of Consistency or Determination (Difficulty sticking to a plan),Rarely (Passive),Low Impact (Rarely affects study),Moderate Risk,2,2
STU0193,4/11/2026 9:54,Third Year (TY),BSc Cyber Security,22,Male,7.0 - 8.4,Unsatisfied,1-2 hours,3,Rarely,30-60 minutes,More than 6 hours,Gaming,Mostly consistent,Often,Planning to start soon,Somewhat clear,Both hard and soft skills,4,3,3,Sometimes,More than 8 hours,Data Analyst,Planning to enroll soon,"Yes, actively working on projects/internship",Strong foundation in core concepts,"Rarely participate, mostly observe",Always,66% - 75%,"Creative/Design Skills (Innovation, UI/UX, Content)",Difficulty with Focus / Concentration,Occasionally (When needed),Low Impact (Rarely affects study),Moderate Risk,2,2
STU0194,3/15/2026 7:56,Third Year (TY),BCA,21,Female,7.0 - 8.4,Satisfied,Less than 1 hour,4,Few times a week,1-2 hours,4-6 hours,Social media,Mostly consistent,Often,Planning to start soon,Somewhat clear,"Hard skills (programming, data analytics, technical skills)",3,4,2,Often,More than 8 hours,Digital Marketing Specialist,"Not currently, but intend to in the future","Not currently, but intend to in the future",Unknown,Occasionally participate in events,Often,50% - 65%,"Management/Execution (Planning, Organizing, Discipline)",Difficulty with Focus / Concentration,Rarely (Passive),Moderate Impact (Occasional disruption),High Risk,3,1
STU0195,4/14/2026 9:03,Second Year (SY),BCA,20,Male,7.0 - 8.4,Very satisfied,1-2 hours,5,Rarely,1-2 hours,2-4 hours,Video content (YouTube/OTT),Mostly consistent,Sometimes,Thinking about it,Very clear,Both hard and soft skills,3,3,2,Always,4-5 hours,Digital Marketing Specialist,Planning to enroll soon,"Not currently, but intend to in the future","Basic knowledge, learning while practicing",Never participate in such events,Often,76% - 85%,"Management/Execution (Planning, Organizing, Discipline)",Procrastination / Low Motivation,Never (Unaware or Not interested),High Impact (Frequent disruption),Moderate Risk,2,2
STU0196,3/25/2026 17:34,Second Year (SY),BSc Cyber Security,20,Female,7.0 - 8.4,Very unsatisfied,Less than 1 hour,1,Rarely,1-2 hours,More than 6 hours,Social media,Mostly consistent,Rarely,Thinking about it,Not clear,Both hard and soft skills,4,4,1,Sometimes,More than 8 hours,Automation Engineer,Planning to enroll soon,"Yes, actively working on projects/internship","Limited knowledge, theoretical only","Rarely participate, mostly observe",Always,66% - 75%,"Technical/Hard Skills (Coding, Math, Logic)",Poor Time Management / Over-scheduling,Occasionally (When needed),High Impact (Frequent disruption),Moderate Risk,2,1
STU0197,4/7/2026 14:42,First Year (FY),BBA,19,Male,5.0 - 6.9,Unsatisfied,Less than 1 hour,3,Few times a week,More than 2 hours,More than 6 hours,Gaming,Sometimes,Rarely,Planning to start soon,Somewhat clear,"Hard skills (programming, data analytics, technical skills)",4,4,1,Never,6-7 hours,Data Analyst,"No, not interested","Yes, actively working on projects/internship","Limited knowledge, theoretical only",Occasionally participate in events,Often,50% - 65%,"Creative/Design Skills (Innovation, UI/UX, Content)",Procrastination / Low Motivation,Rarely (Passive),Low Impact (Rarely affects study),High Risk,3,1
STU0198,3/18/2026 15:56,First Year (PG),BCA,22,Female,8.5 - 9.4,Very satisfied,1-2 hours,2,Few times a week,1-2 hours,4-6 hours,Gaming,Mostly consistent,Always,Planning to start soon,Very clear,"Soft skills (communication, teamwork, leadership, financial literacy)",4,3,2,Sometimes,6-7 hours,Digital Marketing Specialist,"No, not interested",Planning to start a project/internship soon,"Basic knowledge, learning while practicing","Rarely participate, mostly observe",Often,66% - 75%,"Creative/Design Skills (Innovation, UI/UX, Content)",Difficulty with Focus / Concentration,Occasionally (When needed),No Impact (Fully supportive environment),Moderate Risk,2,2
STU0199,4/2/2026 9:57,Second Year (PG),BCA,23,Male,7.0 - 8.4,Satisfied,Less than 1 hour,2,Rarely,1-2 hours,4-6 hours,Gaming,Mostly consistent,Often,Planning to start soon,Somewhat clear,"Soft skills (communication, teamwork, leadership, financial literacy)",3,4,1,Sometimes,More than 8 hours,Digital Marketing Specialist,Planning to enroll soon,Planning to start a project/internship soon,"Basic knowledge, learning while practicing",Never participate in such events,Sometimes,76% - 85%,"Technical/Hard Skills (Coding, Math, Logic)",Lack of Consistency or Determination (Difficulty sticking to a plan),Occasionally (When needed),Moderate Impact (Occasional disruption),Moderate Risk,2,1
STU0200,3/22/2026 10:26,First Year (PG),BCA,24,Male,7.0 - 8.4,Satisfied,Less than 1 hour,4,Daily,1-2 hours,More than 6 hours,Gaming,Rarely,Often,Planning to start soon,Very clear,"Hard skills (programming, data analytics, technical skills)",1,3,1,Always,6-7 hours,Digital Marketing Specialist,"Not currently, but intend to in the future",Planning to start a project/internship soon,"Basic knowledge, learning while practicing",Occasionally participate in events,Sometimes,50% - 65%,"Creative/Design Skills (Innovation, UI/UX, Content)",Difficulty with Focus / Concentration,Occasionally (When needed),No Impact (Fully supportive environment),High Risk,3,1
STU0201,3/24/2026 7:55,Second Year (SY),BA,20,Female,8.5 - 9.4,Satisfied,1-2 hours,1,Few times a week,Unknown,4-6 hours,Gaming,Sometimes,Sometimes,Actively preparing for a goal (placements/exams),Somewhat clear,"Soft skills (communication, teamwork, leadership, financial literacy)",1,3,1,Always,4-5 hours,Software Developer,"Yes, currently enrolled in one or more courses/certifications","Not currently, but intend to in the future","Basic knowledge, learning while practicing","Rarely participate, mostly observe",Sometimes,76% - 85%,"Technical/Hard Skills (Coding, Math, Logic)",Difficulty with Focus / Concentration,Rarely (Passive),High Impact (Frequent disruption),Moderate Risk,2,2
STU0202,4/9/2026 6:48,First Year (FY),BCA,17,Female,5.0 - 6.9,Unsatisfied,1-2 hours,3,Rarely,Unknown,4-6 hours,Social media,Sometimes,Rarely,Thinking about it,Very clear,"Hard skills (programming, data analytics, technical skills)",5,2,Unknown,Never,More than 8 hours,Automation Engineer,"Not currently, but intend to in the future","Not currently, but intend to in the future",Strong foundation in core concepts,"Rarely participate, mostly observe",Rarely,50% - 65%,"Management/Execution (Planning, Organizing, Discipline)",Procrastination / Low Motivation,Occasionally (When needed),Moderate Impact (Occasional disruption),High Risk,3,2
STU0203,3/28/2026 10:15,Second Year (PG),BSc Computer Science,26,Male,9.5 - 10.0,Satisfied,1-2 hours,3,Never,1-2 hours,4-6 hours,Gaming,Sometimes,Often,Actively preparing for a goal (placements/exams),Somewhat clear,"Soft skills (communication, teamwork, leadership, financial literacy)",2,5,3,Sometimes,6-7 hours,Cyber Security Analyst,"Yes, currently enrolled in one or more courses/certifications","Not currently, but intend to in the future","Basic knowledge, learning while practicing",Never participate in such events,Often,76% - 85%,"Soft Skills (Communication, Leadership, Teamwork)",Lack of Consistency or Determination (Difficulty sticking to a plan),Rarely (Passive),Low Impact (Rarely affects study),Moderate Risk,2,2
STU0204,4/10/2026 10:40,First Year (PG),BSc Computer Science,25,Female,9.5 - 10.0,Neutral,More than 2 hours,2,Few times a week,1-2 hours,More than 6 hours,Video content (YouTube/OTT),Sometimes,Often,Actively preparing for a goal (placements/exams),Somewhat clear,"Soft skills (communication, teamwork, leadership, financial literacy)",3,1,2,Sometimes,6-7 hours,Digital Marketing Specialist,"Not currently, but intend to in the future","Not currently, but intend to in the future","Basic knowledge, learning while practicing",Occasionally participate in events,Always,66% - 75%,"Management/Execution (Planning, Organizing, Discipline)",Lack of Consistency or Determination (Difficulty sticking to a plan),Rarely (Passive),High Impact (Frequent disruption),Low Risk,1,3
STU0205,3/19/2026 7:12,Second Year (SY),BSc Computer Science,21,Male,9.5 - 10.0,Very satisfied,1-2 hours,3,Rarely,30-60 minutes,4-6 hours,Social interactions,Sometimes,Often,Planning to start soon,Very clear,Both hard and soft skills,3,5,3,Always,6-7 hours,Automation Engineer,"Yes, currently enrolled in one or more courses/certifications",Planning to start a project/internship soon,Strong foundation in core concepts,"Rarely participate, mostly observe",Always,Above 85%,"Soft Skills (Communication, Leadership, Teamwork)",Procrastination / Low Motivation,Rarely (Passive),Low Impact (Rarely affects study),Moderate Risk,2,2
STU0206,4/6/2026 16:45,Second Year (SY),BCA,21,Female,7.0 - 8.4,Neutral,Less than 1 hour,2,Rarely,1-2 hours,4-6 hours,Gaming,Sometimes,Sometimes,Planning to start soon,Very clear,Both hard and soft skills,4,1,2,Sometimes,6-7 hours,Cyber Security Analyst,Planning to enroll soon,"Yes, actively working on projects/internship","Basic knowledge, learning while practicing",Unknown,Sometimes,66% - 75%,"Technical/Hard Skills (Coding, Math, Logic)",Procrastination / Low Motivation,Rarely (Passive),Moderate Impact (Occasional disruption),Moderate Risk,2,1
STU0207,4/1/2026 12:47,Second Year (SY),BSc IT,19,Male,5.0 - 6.9,Neutral,Less than 1 hour,1,Rarely,1-2 hours,More than 6 hours,Gaming,Rarely,Sometimes,Actively preparing for a goal (placements/exams),Somewhat clear,Both hard and soft skills,3,1,2,Always,4-5 hours,Other,"Not currently, but intend to in the future",Planning to start a project/internship soon,Strong foundation in core concepts,"Rarely participate, mostly observe",Rarely,66% - 75%,"Technical/Hard Skills (Coding, Math, Logic)",Difficulty with Focus / Concentration,Rarely (Passive),Moderate Impact (Occasional disruption),Moderate Risk,2,1
STU0208,4/10/2026 10:58,First Year (FY),BCA,17,Female,8.5 - 9.4,Satisfied,More than 2 hours,Unknown,Rarely,30-60 minutes,More than 6 hours,Social interactions,Mostly consistent,Always,Planning to start soon,Somewhat clear,"Hard skills (programming, data analytics, technical skills)",3,4,3,Often,6-7 hours,AI / ML,"Not currently, but intend to in the future","Yes, actively working on projects/internship","Basic knowledge, learning while practicing",Never participate in such events,Always,Above 85%,"Technical/Hard Skills (Coding, Math, Logic)",Difficulty with Focus / Concentration,Occasionally (When needed),Moderate Impact (Occasional disruption),Moderate Risk,2,3
STU0209,3/30/2026 18:25,Third Year (TY),BCom,20,Male,9.5 - 10.0,Very satisfied,More than 2 hours,3,Rarely,1-2 hours,More than 6 hours,Social media,Sometimes,Often,Planning to start soon,Somewhat clear,"Soft skills (communication, teamwork, leadership, financial literacy)",5,3,3,Always,6-7 hours,Automation Engineer,"Yes, currently enrolled in one or more courses/certifications",Planning to start a project/internship soon,"Basic knowledge, learning while practicing",Occasionally participate in events,Always,Above 85%,"Technical/Hard Skills (Coding, Math, Logic)",Poor Time Management / Over-scheduling,Rarely (Passive),High Impact (Frequent disruption),Low Risk,1,3
STU0210,3/23/2026 19:05,Third Year (TY),BSc IT,21,Male,8.5 - 9.4,Very satisfied,Less than 1 hour,2,Never,30-60 minutes,More than 6 hours,Social media,Mostly consistent,Often,Actively preparing for a goal (placements/exams),Somewhat clear,"Hard skills (programming, data analytics, technical skills)",4,5,2,Sometimes,6-7 hours,Other,"Yes, currently enrolled in one or more courses/certifications","Not currently, but intend to in the future","Basic knowledge, learning while practicing",Occasionally participate in events,Often,66% - 75%,"Creative/Design Skills (Innovation, UI/UX, Content)",Lack of Consistency or Determination (Difficulty sticking to a plan),Occasionally (When needed),High Impact (Frequent disruption),Moderate Risk,2,1
STU0211,3/25/2026 6:32,Third Year (TY),BCA,21,Female,8.5 - 9.4,Neutral,More than 2 hours,4,Unknown,More than 2 hours,Unknown,Gaming,Sometimes,Sometimes,Thinking about it,Somewhat clear,"Soft skills (communication, teamwork, leadership, financial literacy)",1,3,3,Always,6-7 hours,Data Analyst,Planning to enroll soon,"Not currently, but intend to in the future","Limited knowledge, theoretical only",Occasionally participate in events,Sometimes,66% - 75%,"Management/Execution (Planning, Organizing, Discipline)",Procrastination / Low Motivation,Occasionally (When needed),No Impact (Fully supportive environment),Moderate Risk,2,3
STU0212,3/23/2026 9:15,Final Year,BCA,23,Male,7.0 - 8.4,Very satisfied,Less than 1 hour,3,Few times a week,More than 2 hours,More than 6 hours,Video content (YouTube/OTT),Rarely,Often,Actively preparing for a goal (placements/exams),Very clear,"Soft skills (communication, teamwork, leadership, financial literacy)",4,3,3,Sometimes,6-7 hours,AI / ML,Planning to enroll soon,"Not currently, but intend to in the future","Basic knowledge, learning while practicing",Occasionally participate in events,Always,Less than 50%,"Management/Execution (Planning, Organizing, Discipline)",Difficulty with Focus / Concentration,Never (Unaware or Not interested),Moderate Impact (Occasional disruption),High Risk,3,1
STU0213,3/26/2026 19:44,Second Year (PG),BCA,23,Male,7.0 - 8.4,Neutral,1-2 hours,3,Rarely,30-60 minutes,More than 6 hours,Other,Rarely,Sometimes,Thinking about it,Somewhat clear,"Soft skills (communication, teamwork, leadership, financial literacy)",2,4,2,Often,4-5 hours,AI / ML,"Not currently, but intend to in the future","Not currently, but intend to in the future","Basic knowledge, learning while practicing",Occasionally participate in events,Often,Above 85%,"Technical/Hard Skills (Coding, Math, Logic)",Difficulty with Focus / Concentration,Occasionally (When needed),Moderate Impact (Occasional disruption),High Risk,3,2
STU0214,3/31/2026 8:01,Second Year (SY),BSc Computer Science,20,Male,7.0 - 8.4,Neutral,1-2 hours,Unknown,Never,1-2 hours,2-4 hours,Video content (YouTube/OTT),Mostly consistent,Often,Planning to start soon,Somewhat clear,Both hard and soft skills,4,1,2,Sometimes,More than 8 hours,Automation Engineer,Unknown,"Yes, actively working on projects/internship","Limited knowledge, theoretical only","Rarely participate, mostly observe",Often,50% - 65%,"Management/Execution (Planning, Organizing, Discipline)",Poor Time Management / Over-scheduling,Occasionally (When needed),No Impact (Fully supportive environment),Moderate Risk,2,2
STU0215,3/26/2026 9:55,Second Year (PG),BCA,23,Male,8.5 - 9.4,Satisfied,More than 2 hours,4,Rarely,30-60 minutes,4-6 hours,Other,Sometimes,Often,Actively preparing for a goal (placements/exams),Somewhat clear,"Hard skills (programming, data analytics, technical skills)",3,2,2,Often,4-5 hours,Automation Engineer,"Yes, currently enrolled in one or more courses/certifications",Planning to start a project/internship soon,"Basic knowledge, learning while practicing","Rarely participate, mostly observe",Often,66% - 75%,"Management/Execution (Planning, Organizing, Discipline)",Poor Time Management / Over-scheduling,Rarely (Passive),Moderate Impact (Occasional disruption),Moderate Risk,2,3
STU0216,4/12/2026 11:44,First Year (FY),BSc Computer Science,19,Male,8.5 - 9.4,Satisfied,More than 2 hours,4,Never,1-2 hours,More than 6 hours,Video content (YouTube/OTT),Sometimes,Often,Planning to start soon,Somewhat clear,Both hard and soft skills,4,4,1,Often,More than 8 hours,Cyber Security Analyst,"Yes, currently enrolled in one or more courses/certifications","Yes, actively working on projects/internship","Basic knowledge, learning while practicing",Occasionally participate in events,Sometimes,66% - 75%,"Technical/Hard Skills (Coding, Math, Logic)",Poor Time Management / Over-scheduling,Rarely (Passive),Low Impact (Rarely affects study),Moderate Risk,2,3
STU0217,3/20/2026 16:02,First Year (PG),BSc IT,24,Male,8.5 - 9.4,Very satisfied,Less than 1 hour,2,Few times a week,30-60 minutes,2-4 hours,Social media,Mostly consistent,Often,Planning to start soon,Somewhat clear,"Soft skills (communication, teamwork, leadership, financial literacy)",2,5,1,Always,6-7 hours,AI / ML,Planning to enroll soon,Planning to start a project/internship soon,"Limited knowledge, theoretical only",Occasionally participate in events,Always,66% - 75%,"Creative/Design Skills (Innovation, UI/UX, Content)",Lack of Consistency or Determination (Difficulty sticking to a plan),Rarely (Passive),Moderate Impact (Occasional disruption),Moderate Risk,2,1
STU0218,4/7/2026 15:40,Second Year (SY),BSc Cyber Security,20,Male,8.5 - 9.4,Neutral,1-2 hours,2,Rarely,1-2 hours,More than 6 hours,Gaming,Mostly consistent,Always,Thinking about it,Somewhat clear,Both hard and soft skills,5,2,Unknown,Sometimes,More than 8 hours,Data Analyst,Planning to enroll soon,"Not currently, but intend to in the future","Basic knowledge, learning while practicing",Never participate in such events,Often,76% - 85%,"Technical/Hard Skills (Coding, Math, Logic)",Difficulty with Focus / Concentration,Occasionally (When needed),High Impact (Frequent disruption),Low Risk,1,2
STU0219,3/27/2026 17:34,Second Year (SY),BCA,19,Female,7.0 - 8.4,Satisfied,1-2 hours,5,Never,1-2 hours,More than 6 hours,Social media,Rarely,Sometimes,Actively preparing for a goal (placements/exams),Somewhat clear,Both hard and soft skills,1,5,2,Often,Unknown,Cyber Security Analyst,Unknown,"Yes, actively working on projects/internship","Basic knowledge, learning while practicing","Rarely participate, mostly observe",Often,66% - 75%,"Management/Execution (Planning, Organizing, Discipline)",Procrastination / Low Motivation,Occasionally (When needed),Low Impact (Rarely affects study),High Risk,3,2
STU0220,4/7/2026 8:10,Second Year (SY),BSc Cyber Security,19,Female,9.5 - 10.0,Very satisfied,More than 2 hours,3,Rarely,More than 2 hours,More than 6 hours,Social media,Sometimes,Sometimes,Actively preparing for a goal (placements/exams),Very clear,Both hard and soft skills,2,4,Unknown,Often,4-5 hours,Software Developer,"No, not interested","Not currently, but intend to in the future","Limited knowledge, theoretical only",Never participate in such events,Often,Above 85%,"Technical/Hard Skills (Coding, Math, Logic)",Difficulty with Focus / Concentration,Occasionally (When needed),Moderate Impact (Occasional disruption),Moderate Risk,2,3
STU0221,3/28/2026 9:12,Second Year (PG),BCA,25,Male,7.0 - 8.4,Very satisfied,Less than 1 hour,1,Rarely,30-60 minutes,More than 6 hours,Video content (YouTube/OTT),Sometimes,Sometimes,Planning to start soon,Very clear,"Hard skills (programming, data analytics, technical skills)",3,3,1,Sometimes,Unknown,Software Developer,"No, not interested","Not currently, but intend to in the future","Basic knowledge, learning while practicing","Rarely participate, mostly observe",Always,Above 85%,"Technical/Hard Skills (Coding, Math, Logic)",Lack of Consistency or Determination (Difficulty sticking to a plan),Occasionally (When needed),Low Impact (Rarely affects study),Moderate Risk,2,1
STU0222,3/20/2026 15:13,Second Year (SY),BA,21,Male,7.0 - 8.4,Unsatisfied,More than 2 hours,2,Few times a week,1-2 hours,4-6 hours,Other,Mostly consistent,Sometimes,Thinking about it,Not clear,Both hard and soft skills,3,3,2,Never,6-7 hours,Data Analyst,"No, not interested","Not currently, but intend to in the future","Limited knowledge, theoretical only",Occasionally participate in events,Often,66% - 75%,"Technical/Hard Skills (Coding, Math, Logic)",Lack of Consistency or Determination (Difficulty sticking to a plan),Rarely (Passive),No Impact (Fully supportive environment),Moderate Risk,2,3
STU0223,3/29/2026 19:16,Second Year (PG),BCA,26,Male,7.0 - 8.4,Neutral,Less than 1 hour,3,Daily,1-2 hours,2-4 hours,Video content (YouTube/OTT),Rarely,Often,Planning to start soon,Not clear,"Hard skills (programming, data analytics, technical skills)",3,4,1,Sometimes,More than 8 hours,Data Analyst,"No, not interested","Not currently, but intend to in the future","Basic knowledge, learning while practicing","Rarely participate, mostly observe",Rarely,66% - 75%,"Soft Skills (Communication, Leadership, Teamwork)",Lack of Consistency or Determination (Difficulty sticking to a plan),Never (Unaware or Not interested),Low Impact (Rarely affects study),High Risk,3,1
STU0224,3/28/2026 12:33,First Year (PG),BSc Cyber Security,25,Male,7.0 - 8.4,Neutral,Less than 1 hour,1,Never,1-2 hours,4-6 hours,Social media,Rarely,Often,Actively preparing for a goal (placements/exams),Somewhat clear,"Soft skills (communication, teamwork, leadership, financial literacy)",3,Unknown,1,Sometimes,More than 8 hours,Cyber Security Analyst,"No, not interested","Not currently, but intend to in the future","Basic knowledge, learning while practicing",Never participate in such events,Rarely,50% - 65%,"Soft Skills (Communication, Leadership, Teamwork)",Poor Time Management / Over-scheduling,Occasionally (When needed),Moderate Impact (Occasional disruption),High Risk,3,1
STU0225,3/21/2026 14:10,Third Year (TY),BSc Computer Science,20,Male,5.0 - 6.9,Neutral,Less than 1 hour,4,Rarely,1-2 hours,More than 6 hours,Gaming,Rarely,Often,Actively preparing for a goal (placements/exams),Somewhat clear,"Hard skills (programming, data analytics, technical skills)",4,1,1,Often,6-7 hours,AI / ML,"Not currently, but intend to in the future",Planning to start a project/internship soon,"Basic knowledge, learning while practicing",Occasionally participate in events,Often,50% - 65%,"Soft Skills (Communication, Leadership, Teamwork)",Poor Time Management / Over-scheduling,Rarely (Passive),High Impact (Frequent disruption),High Risk,3,1
STU0226,4/11/2026 12:20,Second Year (SY),BBA,20,Female,7.0 - 8.4,Satisfied,1-2 hours,2,Rarely,Unknown,4-6 hours,Video content (YouTube/OTT),Rarely,Sometimes,Planning to start soon,Somewhat clear,Both hard and soft skills,5,1,1,Sometimes,More than 8 hours,Other,"No, not interested","Not currently, but intend to in the future","Basic knowledge, learning while practicing","Rarely participate, mostly observe",Sometimes,50% - 65%,"Technical/Hard Skills (Coding, Math, Logic)",Lack of Consistency or Determination (Difficulty sticking to a plan),Occasionally (When needed),Low Impact (Rarely affects study),Moderate Risk,2,2
STU0227,3/18/2026 7:49,Second Year (PG),BCA,25,Female,9.5 - 10.0,Satisfied,1-2 hours,1,Never,1-2 hours,More than 6 hours,Gaming,Sometimes,Sometimes,Thinking about it,Somewhat clear,"Hard skills (programming, data analytics, technical skills)",4,2,1,Sometimes,6-7 hours,Software Developer,Planning to enroll soon,"Yes, actively working on projects/internship","Basic knowledge, learning while practicing",Never participate in such events,Often,Above 85%,"Management/Execution (Planning, Organizing, Discipline)",Lack of Consistency or Determination (Difficulty sticking to a plan),Rarely (Passive),Moderate Impact (Occasional disruption),Low Risk,1,2
STU0228,3/25/2026 5:56,Second Year (PG),BCA,24,Male,8.5 - 9.4,Satisfied,1-2 hours,3,Rarely,More than 2 hours,4-6 hours,Gaming,Mostly consistent,Often,Actively preparing for a goal (placements/exams),Somewhat clear,Both hard and soft skills,5,2,3,Never,6-7 hours,AI / ML,Planning to enroll soon,"Not currently, but intend to in the future","Limited knowledge, theoretical only",Never participate in such events,Often,76% - 85%,"Technical/Hard Skills (Coding, Math, Logic)",Lack of Consistency or Determination (Difficulty sticking to a plan),Occasionally (When needed),High Impact (Frequent disruption),Low Risk,1,2
STU0229,3/29/2026 19:47,Second Year (PG),BCA,25,Female,8.5 - 9.4,Very satisfied,1-2 hours,1,Rarely,30-60 minutes,4-6 hours,Gaming,Sometimes,Sometimes,Thinking about it,Somewhat clear,"Hard skills (programming, data analytics, technical skills)",4,3,2,Sometimes,6-7 hours,Automation Engineer,Planning to enroll soon,Planning to start a project/internship soon,"Limited knowledge, theoretical only",Occasionally participate in events,Often,76% - 85%,"Technical/Hard Skills (Coding, Math, Logic)",Procrastination / Low Motivation,Occasionally (When needed),High Impact (Frequent disruption),Moderate Risk,2,2
STU0230,3/27/2026 15:32,First Year (FY),BCA,17,Male,8.5 - 9.4,Very satisfied,1-2 hours,4,Never,1-2 hours,More than 6 hours,Video content (YouTube/OTT),Sometimes,Rarely,Thinking about it,Somewhat clear,Both hard and soft skills,4,4,3,Sometimes,Unknown,Cyber Security Analyst,"No, not interested","Not currently, but intend to in the future","Basic knowledge, learning while practicing","Rarely participate, mostly observe",Often,Above 85%,"Technical/Hard Skills (Coding, Math, Logic)",Difficulty with Focus / Concentration,Never (Unaware or Not interested),Moderate Impact (Occasional disruption),Moderate Risk,2,2
STU0231,4/4/2026 11:25,First Year (FY),BCA,17,Male,9.5 - 10.0,Satisfied,1-2 hours,3,Never,1-2 hours,More than 6 hours,Social interactions,Mostly consistent,Often,Thinking about it,Very clear,"Hard skills (programming, data analytics, technical skills)",3,5,3,Often,More than 8 hours,AI / ML,Planning to enroll soon,"Not currently, but intend to in the future","Limited knowledge, theoretical only",Occasionally participate in events,Always,Above 85%,"Technical/Hard Skills (Coding, Math, Logic)",Lack of Consistency or Determination (Difficulty sticking to a plan),Rarely (Passive),Unknown,Moderate Risk,2,2
STU0232,3/20/2026 10:03,Third Year (TY),BSc IT,22,Male,8.5 - 9.4,Neutral,More than 2 hours,2,Daily,1-2 hours,4-6 hours,Social media,Sometimes,Often,Planning to start soon,Very clear,"Hard skills (programming, data analytics, technical skills)",5,3,1,Sometimes,6-7 hours,Data Analyst,Planning to enroll soon,"Not currently, but intend to in the future","Limited knowledge, theoretical only",Occasionally participate in events,Always,76% - 85%,"Soft Skills (Communication, Leadership, Teamwork)",Difficulty with Focus / Concentration,Rarely (Passive),Moderate Impact (Occasional disruption),Moderate Risk,2,3
STU0233,3/15/2026 11:51,Third Year (TY),BCA,20,Female,7.0 - 8.4,Satisfied,1-2 hours,5,Few times a week,1-2 hours,2-4 hours,Gaming,Rarely,Always,Thinking about it,Somewhat clear,"Soft skills (communication, teamwork, leadership, financial literacy)",4,3,1,Sometimes,6-7 hours,Cyber Security Analyst,"Yes, currently enrolled in one or more courses/certifications","Not currently, but intend to in the future","Limited knowledge, theoretical only",Never participate in such events,Always,Above 85%,"Management/Execution (Planning, Organizing, Discipline)",Procrastination / Low Motivation,Occasionally (When needed),Low Impact (Rarely affects study),Moderate Risk,2,2
STU0234,3/15/2026 19:06,Second Year (PG),BCom,25,Male,9.5 - 10.0,Satisfied,Less than 1 hour,2,Never,1-2 hours,4-6 hours,Gaming,Mostly consistent,Always,Planning to start soon,Very clear,Both hard and soft skills,3,3,1,Never,More than 8 hours,Software Developer,"No, not interested","Yes, actively working on projects/internship","Limited knowledge, theoretical only",Never participate in such events,Always,66% - 75%,"Management/Execution (Planning, Organizing, Discipline)",Difficulty with Focus / Concentration,Rarely (Passive),No Impact (Fully supportive environment),Low Risk,1,1
STU0235,4/8/2026 5:33,Final Year,BCA,21,Male,5.0 - 6.9,Unsatisfied,Less than 1 hour,3,Never,30-60 minutes,4-6 hours,Gaming,Sometimes,Sometimes,Actively preparing for a goal (placements/exams),Somewhat clear,"Hard skills (programming, data analytics, technical skills)",4,2,1,Often,6-7 hours,Cyber Security Analyst,"Not currently, but intend to in the future","Yes, actively working on projects/internship","Basic knowledge, learning while practicing","Rarely participate, mostly observe",Sometimes,66% - 75%,"Soft Skills (Communication, Leadership, Teamwork)",Procrastination / Low Motivation,Never (Unaware or Not interested),High Impact (Frequent disruption),Moderate Risk,2,1
STU0236,4/2/2026 15:45,First Year (FY),BCA,17,Male,5.0 - 6.9,Very unsatisfied,Less than 1 hour,2,Rarely,1-2 hours,4-6 hours,Gaming,Rarely,Often,Thinking about it,Very clear,Both hard and soft skills,4,1,3,Sometimes,6-7 hours,Data Analyst,Planning to enroll soon,"Yes, actively working on projects/internship",Strong foundation in core concepts,Occasionally participate in events,Often,66% - 75%,"Management/Execution (Planning, Organizing, Discipline)",Procrastination / Low Motivation,Rarely (Passive),Moderate Impact (Occasional disruption),Moderate Risk,2,1
STU0237,3/23/2026 15:47,First Year (FY),BCA,19,Male,8.5 - 9.4,Very satisfied,1-2 hours,2,Few times a week,More than 2 hours,More than 6 hours,Gaming,Sometimes,Rarely,Planning to start soon,Somewhat clear,"Soft skills (communication, teamwork, leadership, financial literacy)",4,3,2,Sometimes,More than 8 hours,AI / ML,Planning to enroll soon,Planning to start a project/internship soon,"Limited knowledge, theoretical only",Never participate in such events,Sometimes,50% - 65%,"Soft Skills (Communication, Leadership, Teamwork)",Difficulty with Focus / Concentration,Occasionally (When needed),High Impact (Frequent disruption),Moderate Risk,2,2
STU0238,3/18/2026 22:54,Second Year (PG),BCA,26,Female,8.5 - 9.4,Satisfied,1-2 hours,4,Rarely,1-2 hours,4-6 hours,Video content (YouTube/OTT),Sometimes,Always,Planning to start soon,Somewhat clear,"Hard skills (programming, data analytics, technical skills)",2,2,3,Often,6-7 hours,Cyber Security Analyst,"Yes, currently enrolled in one or more courses/certifications",Planning to start a project/internship soon,"Basic knowledge, learning while practicing",Never participate in such events,Often,Above 85%,"Technical/Hard Skills (Coding, Math, Logic)",Procrastination / Low Motivation,Never (Unaware or Not interested),Low Impact (Rarely affects study),Low Risk,1,2
STU0239,3/28/2026 11:21,Third Year (TY),BCA,22,Female,7.0 - 8.4,Satisfied,Less than 1 hour,1,Few times a week,1-2 hours,4-6 hours,Social media,Sometimes,Sometimes,Planning to start soon,Somewhat clear,"Hard skills (programming, data analytics, technical skills)",5,2,2,Sometimes,6-7 hours,Data Analyst,Planning to enroll soon,"Not currently, but intend to in the future","Basic knowledge, learning while practicing","Rarely participate, mostly observe",Sometimes,50% - 65%,"Technical/Hard Skills (Coding, Math, Logic)",Poor Time Management / Over-scheduling,Occasionally (When needed),Moderate Impact (Occasional disruption),Moderate Risk,2,1
STU0240,4/8/2026 10:36,Second Year (SY),BCA,19,Male,5.0 - 6.9,Neutral,1-2 hours,3,Never,1-2 hours,4-6 hours,Social media,Rarely,Often,Thinking about it,Somewhat clear,"Hard skills (programming, data analytics, technical skills)",3,1,1,Often,4-5 hours,Data Analyst,"Not currently, but intend to in the future",Planning to start a project/internship soon,"Basic knowledge, learning while practicing","Rarely participate, mostly observe",Rarely,66% - 75%,"Soft Skills (Communication, Leadership, Teamwork)",Procrastination / Low Motivation,Unknown,High Impact (Frequent disruption),Moderate Risk,2,2
STU0241,3/31/2026 23:53,Third Year (TY),BCA,20,Male,7.0 - 8.4,Neutral,Less than 1 hour,Unknown,Unknown,1-2 hours,4-6 hours,Social interactions,Sometimes,Sometimes,Planning to start soon,Very clear,"Hard skills (programming, data analytics, technical skills)",4,2,3,Often,More than 8 hours,AI / ML,"No, not interested",Planning to start a project/internship soon,"Basic knowledge, learning while practicing",Occasionally participate in events,Sometimes,66% - 75%,"Soft Skills (Communication, Leadership, Teamwork)",Poor Time Management / Over-scheduling,Rarely (Passive),High Impact (Frequent disruption),Moderate Risk,2,1
STU0242,4/3/2026 13:33,First Year (PG),BCA,24,Male,7.0 - 8.4,Neutral,1-2 hours,1,Never,1-2 hours,4-6 hours,Video content (YouTube/OTT),Sometimes,Often,Thinking about it,Not clear,Both hard and soft skills,4,2,2,Always,More than 8 hours,Digital Marketing Specialist,"No, not interested","Yes, actively working on projects/internship",Unknown,"Rarely participate, mostly observe",Often,50% - 65%,"Technical/Hard Skills (Coding, Math, Logic)",Lack of Consistency or Determination (Difficulty sticking to a plan),Occasionally (When needed),Low Impact (Rarely affects study),Moderate Risk,2,2
STU0243,4/2/2026 12:01,Third Year (TY),BSc IT,22,Male,8.5 - 9.4,Satisfied,1-2 hours,3,Never,30-60 minutes,4-6 hours,Social media,Mostly consistent,Always,Actively preparing for a goal (placements/exams),Very clear,"Soft skills (communication, teamwork, leadership, financial literacy)",3,2,1,Sometimes,6-7 hours,Other,"Yes, currently enrolled in one or more courses/certifications","Yes, actively working on projects/internship","Limited knowledge, theoretical only",Occasionally participate in events,Always,Above 85%,"Management/Execution (Planning, Organizing, Discipline)",Difficulty with Focus / Concentration,Unknown,Moderate Impact (Occasional disruption),Low Risk,1,2
STU0244,3/29/2026 14:26,Second Year (SY),BCA,20,Male,7.0 - 8.4,Unsatisfied,1-2 hours,3,Never,1-2 hours,More than 6 hours,Social interactions,Mostly consistent,Sometimes,Actively preparing for a goal (placements/exams),Not clear,"Soft skills (communication, teamwork, leadership, financial literacy)",2,Unknown,1,Sometimes,6-7 hours,Cyber Security Analyst,"Not currently, but intend to in the future","Not currently, but intend to in the future","Limited knowledge, theoretical only","Rarely participate, mostly observe",Often,Less than 50%,"Technical/Hard Skills (Coding, Math, Logic)",Difficulty with Focus / Concentration,Rarely (Passive),Moderate Impact (Occasional disruption),High Risk,3,2
STU0245,4/7/2026 16:32,Third Year (TY),BCA,22,Male,8.5 - 9.4,Neutral,More than 2 hours,2,Daily,30-60 minutes,2-4 hours,Other,Sometimes,Often,Thinking about it,Somewhat clear,Both hard and soft skills,4,2,2,Sometimes,6-7 hours,AI / ML,Planning to enroll soon,"Yes, actively working on projects/internship",Strong foundation in core concepts,"Rarely participate, mostly observe",Sometimes,76% - 85%,"Technical/Hard Skills (Coding, Math, Logic)",Poor Time Management / Over-scheduling,Never (Unaware or Not interested),Moderate Impact (Occasional disruption),Moderate Risk,2,3
STU0246,3/30/2026 18:59,Third Year (TY),BCA,21,Female,7.0 - 8.4,Neutral,1-2 hours,3,Unknown,More than 2 hours,More than 6 hours,Video content (YouTube/OTT),Rarely,Always,Planning to start soon,Not clear,"Soft skills (communication, teamwork, leadership, financial literacy)",1,1,2,Often,6-7 hours,Data Analyst,Planning to enroll soon,"Yes, actively working on projects/internship","Limited knowledge, theoretical only","Rarely participate, mostly observe",Sometimes,50% - 65%,"Soft Skills (Communication, Leadership, Teamwork)",Procrastination / Low Motivation,Occasionally (When needed),No Impact (Fully supportive environment),Moderate Risk,2,2
STU0247,3/23/2026 17:18,Final Year,BSc IT,22,Female,8.5 - 9.4,Satisfied,1-2 hours,1,Rarely,1-2 hours,More than 6 hours,Gaming,Sometimes,Sometimes,Planning to start soon,Very clear,"Soft skills (communication, teamwork, leadership, financial literacy)",4,4,2,Sometimes,More than 8 hours,Digital Marketing Specialist,"Not currently, but intend to in the future","Not currently, but intend to in the future","Basic knowledge, learning while practicing",Unknown,Always,76% - 85%,"Soft Skills (Communication, Leadership, Teamwork)",Difficulty with Focus / Concentration,Occasionally (When needed),High Impact (Frequent disruption),Moderate Risk,2,2
STU0248,3/26/2026 16:21,Second Year (SY),BCA,20,Female,5.0 - 6.9,Very unsatisfied,Less than 1 hour,3,Few times a week,1-2 hours,More than 6 hours,Video content (YouTube/OTT),Rarely,Sometimes,Actively preparing for a goal (placements/exams),Very clear,Both hard and soft skills,1,2,2,Always,6-7 hours,Cyber Security Analyst,"No, not interested","Yes, actively working on projects/internship","Basic knowledge, learning while practicing",Occasionally participate in events,Sometimes,Less than 50%,"Management/Execution (Planning, Organizing, Discipline)",Procrastination / Low Motivation,Never (Unaware or Not interested),Moderate Impact (Occasional disruption),High Risk,3,1
STU0249,3/18/2026 22:10,Third Year (TY),BA,20,Male,8.5 - 9.4,Unsatisfied,Less than 1 hour,1,Rarely,More than 2 hours,More than 6 hours,Gaming,Sometimes,Rarely,Actively preparing for a goal (placements/exams),Not clear,Both hard and soft skills,3,4,1,Often,More than 8 hours,Data Analyst,"Not currently, but intend to in the future",Planning to start a project/internship soon,"Basic knowledge, learning while practicing","Rarely participate, mostly observe",Rarely,Above 85%,"Technical/Hard Skills (Coding, Math, Logic)",Poor Time Management / Over-scheduling,Unknown,Moderate Impact (Occasional disruption),Moderate Risk,2,1
STU0250,4/7/2026 8:53,Second Year (SY),BCA,19,Female,7.0 - 8.4,Unsatisfied,1-2 hours,2,Rarely,30-60 minutes,4-6 hours,Video content (YouTube/OTT),Sometimes,Sometimes,Planning to start soon,Somewhat clear,"Hard skills (programming, data analytics, technical skills)",3,4,Unknown,Sometimes,6-7 hours,Data Analyst,"Yes, currently enrolled in one or more courses/certifications",Planning to start a project/internship soon,"Limited knowledge, theoretical only",Never participate in such events,Sometimes,66% - 75%,"Technical/Hard Skills (Coding, Math, Logic)",Lack of Consistency or Determination (Difficulty sticking to a plan),Occasionally (When needed),High Impact (Frequent disruption),High Risk,3,2
STU0251,3/25/2026 12:55,Second Year (SY),BA,21,Male,8.5 - 9.4,Satisfied,1-2 hours,3,Rarely,1-2 hours,2-4 hours,Other,Sometimes,Rarely,Planning to start soon,Not clear,"Hard skills (programming, data analytics, technical skills)",3,2,2,Often,More than 8 hours,Other,Planning to enroll soon,"Yes, actively working on projects/internship","Basic knowledge, learning while practicing",Occasionally participate in events,Rarely,76% - 85%,"Technical/Hard Skills (Coding, Math, Logic)",Difficulty with Focus / Concentration,Occasionally (When needed),High Impact (Frequent disruption),Moderate Risk,2,2
STU0252,3/31/2026 19:10,Third Year (TY),BCA,21,Male,7.0 - 8.4,Neutral,1-2 hours,4,Few times a week,1-2 hours,4-6 hours,Social media,Rarely,Sometimes,Thinking about it,Very clear,"Hard skills (programming, data analytics, technical skills)",3,4,1,Often,6-7 hours,Cyber Security Analyst,Planning to enroll soon,"Yes, actively working on projects/internship","Basic knowledge, learning while practicing",Never participate in such events,Often,76% - 85%,"Soft Skills (Communication, Leadership, Teamwork)",Procrastination / Low Motivation,Occasionally (When needed),Low Impact (Rarely affects study),High Risk,3,2
STU0253,3/17/2026 15:28,Final Year,BCA,22,Male,7.0 - 8.4,Neutral,Less than 1 hour,1,Never,30-60 minutes,4-6 hours,Social media,Sometimes,Sometimes,Actively preparing for a goal (placements/exams),Not clear,"Soft skills (communication, teamwork, leadership, financial literacy)",1,5,1,Always,Unknown,Software Developer,"Not currently, but intend to in the future",Planning to start a project/internship soon,"Limited knowledge, theoretical only","Rarely participate, mostly observe",Often,Less than 50%,"Technical/Hard Skills (Coding, Math, Logic)",Difficulty with Focus / Concentration,Rarely (Passive),High Impact (Frequent disruption),High Risk,3,1
STU0254,4/4/2026 7:13,First Year (PG),BCA,25,Male,7.0 - 8.4,Neutral,Less than 1 hour,2,Few times a week,30-60 minutes,More than 6 hours,Social interactions,Sometimes,Sometimes,Planning to start soon,Very clear,Both hard and soft skills,3,4,1,Always,6-7 hours,AI / ML,"Not currently, but intend to in the future",Planning to start a project/internship soon,"Basic knowledge, learning while practicing",Never participate in such events,Sometimes,66% - 75%,"Technical/Hard Skills (Coding, Math, Logic)",Procrastination / Low Motivation,Occasionally (When needed),Moderate Impact (Occasional disruption),High Risk,3,1
STU0255,3/26/2026 8:21,First Year (FY),BCA,19,Female,8.5 - 9.4,Very satisfied,Less than 1 hour,4,Never,More than 2 hours,More than 6 hours,Video content (YouTube/OTT),Sometimes,Often,Actively preparing for a goal (placements/exams),Somewhat clear,"Soft skills (communication, teamwork, leadership, financial literacy)",2,4,3,Often,6-7 hours,Data Analyst,Planning to enroll soon,"Not currently, but intend to in the future",Strong foundation in core concepts,Occasionally participate in events,Sometimes,66% - 75%,"Soft Skills (Communication, Leadership, Teamwork)",Poor Time Management / Over-scheduling,Never (Unaware or Not interested),Low Impact (Rarely affects study),Moderate Risk,2,1
STU0256,3/21/2026 21:25,First Year (FY),BSc Computer Science,18,Male,9.5 - 10.0,Satisfied,1-2 hours,4,Never,30-60 minutes,More than 6 hours,Social media,Sometimes,Sometimes,Planning to start soon,Not clear,"Hard skills (programming, data analytics, technical skills)",2,5,3,Often,4-5 hours,Data Analyst,"No, not interested",Planning to start a project/internship soon,"Basic knowledge, learning while practicing",Never participate in such events,Often,Above 85%,"Creative/Design Skills (Innovation, UI/UX, Content)",Procrastination / Low Motivation,Occasionally (When needed),Moderate Impact (Occasional disruption),Moderate Risk,2,2
STU0257,3/31/2026 9:00,Second Year (SY),BSc Cyber Security,21,Female,7.0 - 8.4,Unsatisfied,1-2 hours,3,Never,30-60 minutes,4-6 hours,Social media,Rarely,Rarely,Planning to start soon,Very clear,"Hard skills (programming, data analytics, technical skills)",4,1,3,Sometimes,6-7 hours,Cyber Security Analyst,"Not currently, but intend to in the future",Planning to start a project/internship soon,"Limited knowledge, theoretical only",Occasionally participate in events,Often,66% - 75%,"Creative/Design Skills (Innovation, UI/UX, Content)",Procrastination / Low Motivation,Rarely (Passive),High Impact (Frequent disruption),Moderate Risk,2,2
STU0258,4/12/2026 11:32,Third Year (TY),BCA,21,Female,7.0 - 8.4,Unsatisfied,1-2 hours,3,Never,1-2 hours,More than 6 hours,Social media,Sometimes,Often,Planning to start soon,Somewhat clear,"Hard skills (programming, data analytics, technical skills)",3,2,2,Always,4-5 hours,Data Analyst,"No, not interested","Not currently, but intend to in the future","Basic knowledge, learning while practicing",Occasionally participate in events,Often,66% - 75%,"Technical/Hard Skills (Coding, Math, Logic)",Poor Time Management / Over-scheduling,Occasionally (When needed),High Impact (Frequent disruption),Moderate Risk,2,2
STU0259,4/11/2026 8:35,First Year (FY),BCA,18,Female,8.5 - 9.4,Neutral,1-2 hours,2,Never,1-2 hours,More than 6 hours,Video content (YouTube/OTT),Sometimes,Always,Thinking about it,Very clear,"Hard skills (programming, data analytics, technical skills)",3,3,2,Sometimes,6-7 hours,Data Analyst,"Not currently, but intend to in the future","Not currently, but intend to in the future","Limited knowledge, theoretical only",Occasionally participate in events,Often,76% - 85%,"Soft Skills (Communication, Leadership, Teamwork)",Difficulty with Focus / Concentration,Occasionally (When needed),No Impact (Fully supportive environment),Moderate Risk,2,2
STU0260,4/6/2026 9:20,First Year (FY),BSc Computer Science,17,Female,9.5 - 10.0,Neutral,Less than 1 hour,4,Few times a week,1-2 hours,4-6 hours,Other,Mostly consistent,Always,Thinking about it,Somewhat clear,"Soft skills (communication, teamwork, leadership, financial literacy)",4,5,2,Never,6-7 hours,Software Developer,"Not currently, but intend to in the future","Yes, actively working on projects/internship","Basic knowledge, learning while practicing",Unknown,Always,76% - 85%,"Technical/Hard Skills (Coding, Math, Logic)",Lack of Consistency or Determination (Difficulty sticking to a plan),Rarely (Passive),Moderate Impact (Occasional disruption),Moderate Risk,2,1
STU0261,4/5/2026 9:03,Final Year,BCA,21,Male,7.0 - 8.4,Satisfied,1-2 hours,1,Rarely,30-60 minutes,2-4 hours,Social media,Mostly consistent,Always,Thinking about it,Very clear,Both hard and soft skills,4,3,1,Sometimes,More than 8 hours,Other,"Not currently, but intend to in the future",Planning to start a project/internship soon,Unknown,Never participate in such events,Often,50% - 65%,"Management/Execution (Planning, Organizing, Discipline)",Procrastination / Low Motivation,Occasionally (When needed),High Impact (Frequent disruption),Moderate Risk,2,2
STU0262,4/1/2026 10:47,Second Year (SY),BCA,19,Female,5.0 - 6.9,Very unsatisfied,1-2 hours,2,Few times a week,30-60 minutes,More than 6 hours,Video content (YouTube/OTT),Mostly consistent,Sometimes,Planning to start soon,Somewhat clear,"Soft skills (communication, teamwork, leadership, financial literacy)",1,5,2,Sometimes,6-7 hours,Digital Marketing Specialist,"No, not interested",Planning to start a project/internship soon,"Basic knowledge, learning while practicing","Rarely participate, mostly observe",Often,50% - 65%,"Creative/Design Skills (Innovation, UI/UX, Content)",Procrastination / Low Motivation,Occasionally (When needed),No Impact (Fully supportive environment),High Risk,3,2
STU0263,4/7/2026 8:00,First Year (FY),BBA,18,Male,5.0 - 6.9,Neutral,More than 2 hours,3,Few times a week,More than 2 hours,4-6 hours,Social media,Rarely,Sometimes,Planning to start soon,Somewhat clear,"Hard skills (programming, data analytics, technical skills)",1,3,2,Always,6-7 hours,Cyber Security Analyst,"Not currently, but intend to in the future",Planning to start a project/internship soon,"Basic knowledge, learning while practicing",Occasionally participate in events,Sometimes,50% - 65%,"Technical/Hard Skills (Coding, Math, Logic)",Poor Time Management / Over-scheduling,Occasionally (When needed),Moderate Impact (Occasional disruption),High Risk,3,3
STU0264,3/20/2026 10:28,Third Year (TY),BCA,22,Male,7.0 - 8.4,Neutral,1-2 hours,2,Never,1-2 hours,4-6 hours,Video content (YouTube/OTT),Sometimes,Rarely,Planning to start soon,Somewhat clear,"Hard skills (programming, data analytics, technical skills)",4,3,1,Sometimes,6-7 hours,Automation Engineer,"Not currently, but intend to in the future","Not currently, but intend to in the future",Unknown,Never participate in such events,Often,Less than 50%,"Soft Skills (Communication, Leadership, Teamwork)",Difficulty with Focus / Concentration,Rarely (Passive),Low Impact (Rarely affects study),High Risk,3,2
STU0265,3/25/2026 13:59,First Year (PG),BSc Cyber Security,22,Female,9.5 - 10.0,Very satisfied,1-2 hours,3,Few times a week,30-60 minutes,More than 6 hours,Video content (YouTube/OTT),Mostly consistent,Sometimes,Thinking about it,Very clear,"Hard skills (programming, data analytics, technical skills)",1,5,2,Often,More than 8 hours,Software Developer,Planning to enroll soon,"Yes, actively working on projects/internship","Basic knowledge, learning while practicing","Rarely participate, mostly observe",Often,Above 85%,"Soft Skills (Communication, Leadership, Teamwork)",Difficulty with Focus / Concentration,Occasionally (When needed),No Impact (Fully supportive environment),Moderate Risk,2,2
STU0266,4/1/2026 10:34,Second Year (PG),BCom,26,Male,8.5 - 9.4,Neutral,1-2 hours,1,Never,1-2 hours,More than 6 hours,Video content (YouTube/OTT),Rarely,Rarely,Actively preparing for a goal (placements/exams),Very clear,Both hard and soft skills,1,5,2,Often,6-7 hours,Software Developer,Planning to enroll soon,"Yes, actively working on projects/internship","Basic knowledge, learning while practicing",Occasionally participate in events,Sometimes,76% - 85%,"Soft Skills (Communication, Leadership, Teamwork)",Difficulty with Focus / Concentration,Unknown,No Impact (Fully supportive environment),High Risk,3,2
STU0267,3/22/2026 13:28,Second Year (SY),BCA,21,Female,8.5 - 9.4,Neutral,1-2 hours,1,Rarely,30-60 minutes,More than 6 hours,Social media,Mostly consistent,Sometimes,Actively preparing for a goal (placements/exams),Very clear,"Soft skills (communication, teamwork, leadership, financial literacy)",4,4,2,Often,6-7 hours,Data Analyst,"No, not interested",Planning to start a project/internship soon,"Basic knowledge, learning while practicing",Never participate in such events,Always,76% - 85%,"Technical/Hard Skills (Coding, Math, Logic)",Difficulty with Focus / Concentration,Never (Unaware or Not interested),High Impact (Frequent disruption),Moderate Risk,2,2
STU0268,3/31/2026 17:51,First Year (FY),BCA,18,Female,8.5 - 9.4,Very satisfied,More than 2 hours,4,Rarely,1-2 hours,4-6 hours,Gaming,Rarely,Rarely,Actively preparing for a goal (placements/exams),Not clear,"Hard skills (programming, data analytics, technical skills)",3,4,2,Often,6-7 hours,Cyber Security Analyst,"Yes, currently enrolled in one or more courses/certifications","Yes, actively working on projects/internship","Basic knowledge, learning while practicing","Rarely participate, mostly observe",Often,76% - 85%,"Soft Skills (Communication, Leadership, Teamwork)",Procrastination / Low Motivation,Occasionally (When needed),Moderate Impact (Occasional disruption),High Risk,3,3
STU0269,3/28/2026 11:43,Third Year (TY),BCA,20,Female,9.5 - 10.0,Satisfied,1-2 hours,5,Rarely,1-2 hours,2-4 hours,Video content (YouTube/OTT),Rarely,Always,Actively preparing for a goal (placements/exams),Very clear,Both hard and soft skills,3,4,3,Sometimes,6-7 hours,Software Developer,Unknown,Planning to start a project/internship soon,"Basic knowledge, learning while practicing",Occasionally participate in events,Rarely,66% - 75%,"Soft Skills (Communication, Leadership, Teamwork)",Difficulty with Focus / Concentration,Rarely (Passive),High Impact (Frequent disruption),Moderate Risk,2,2
STU0270,4/1/2026 10:16,Second Year (SY),BCA,19,Male,8.5 - 9.4,Satisfied,More than 2 hours,2,Few times a week,30-60 minutes,4-6 hours,Social media,Sometimes,Sometimes,Thinking about it,Very clear,"Soft skills (communication, teamwork, leadership, financial literacy)",1,4,Unknown,Always,4-5 hours,Other,Planning to enroll soon,Planning to start a project/internship soon,"Basic knowledge, learning while practicing","Rarely participate, mostly observe",Sometimes,66% - 75%,"Technical/Hard Skills (Coding, Math, Logic)",Poor Time Management / Over-scheduling,Rarely (Passive),Low Impact (Rarely affects study),Moderate Risk,2,3
STU0271,4/11/2026 15:44,Third Year (TY),BCom,20,Male,8.5 - 9.4,Neutral,Less than 1 hour,3,Rarely,More than 2 hours,4-6 hours,Video content (YouTube/OTT),Sometimes,Always,Planning to start soon,Very clear,Both hard and soft skills,4,5,2,Sometimes,6-7 hours,Digital Marketing Specialist,Planning to enroll soon,"Yes, actively working on projects/internship",Unknown,Occasionally participate in events,Sometimes,66% - 75%,"Management/Execution (Planning, Organizing, Discipline)",Poor Time Management / Over-scheduling,Occasionally (When needed),Moderate Impact (Occasional disruption),High Risk,3,1
STU0272,4/9/2026 14:50,Second Year (PG),BCA,25,Male,9.5 - 10.0,Unsatisfied,More than 2 hours,4,Never,1-2 hours,4-6 hours,Social media,Mostly consistent,Sometimes,Planning to start soon,Very clear,"Hard skills (programming, data analytics, technical skills)",5,3,2,Sometimes,More than 8 hours,Data Analyst,Planning to enroll soon,Planning to start a project/internship soon,Strong foundation in core concepts,Occasionally participate in events,Always,Less than 50%,"Soft Skills (Communication, Leadership, Teamwork)",Lack of Consistency or Determination (Difficulty sticking to a plan),Unknown,Low Impact (Rarely affects study),Moderate Risk,2,3
STU0273,4/1/2026 14:34,Final Year,BSc Computer Science,21,Male,7.0 - 8.4,Very unsatisfied,More than 2 hours,3,Daily,1-2 hours,More than 6 hours,Social media,Sometimes,Sometimes,Thinking about it,Somewhat clear,Both hard and soft skills,4,4,1,Sometimes,6-7 hours,Software Developer,"Not currently, but intend to in the future",Planning to start a project/internship soon,"Basic knowledge, learning while practicing",Never participate in such events,Sometimes,76% - 85%,"Soft Skills (Communication, Leadership, Teamwork)",Poor Time Management / Over-scheduling,Never (Unaware or Not interested),Moderate Impact (Occasional disruption),High Risk,3,3
STU0274,3/16/2026 10:54,Third Year (TY),BSc Cyber Security,22,Male,7.0 - 8.4,Satisfied,More than 2 hours,1,Few times a week,30-60 minutes,More than 6 hours,Video content (YouTube/OTT),Rarely,Sometimes,Actively preparing for a goal (placements/exams),Very clear,"Hard skills (programming, data analytics, technical skills)",4,4,2,Sometimes,More than 8 hours,Other,"No, not interested",Planning to start a project/internship soon,"Basic knowledge, learning while practicing","Rarely participate, mostly observe",Sometimes,50% - 65%,"Technical/Hard Skills (Coding, Math, Logic)",Lack of Consistency or Determination (Difficulty sticking to a plan),Occasionally (When needed),Moderate Impact (Occasional disruption),High Risk,3,3
STU0275,3/30/2026 8:20,Second Year (SY),BCA,20,Male,8.5 - 9.4,Neutral,1-2 hours,3,Rarely,More than 2 hours,More than 6 hours,Gaming,Mostly consistent,Always,Thinking about it,Somewhat clear,Both hard and soft skills,3,3,2,Sometimes,6-7 hours,Automation Engineer,Planning to enroll soon,"Not currently, but intend to in the future",Strong foundation in core concepts,Occasionally participate in events,Often,76% - 85%,"Creative/Design Skills (Innovation, UI/UX, Content)",Procrastination / Low Motivation,Rarely (Passive),High Impact (Frequent disruption),Moderate Risk,2,2
STU0276,3/19/2026 11:23,First Year (PG),BBA,24,Male,7.0 - 8.4,Very unsatisfied,More than 2 hours,1,Never,30-60 minutes,More than 6 hours,Social media,Sometimes,Often,Thinking about it,Somewhat clear,"Hard skills (programming, data analytics, technical skills)",3,4,2,Sometimes,More than 8 hours,AI / ML,Planning to enroll soon,Planning to start a project/internship soon,"Limited knowledge, theoretical only",Never participate in such events,Sometimes,66% - 75%,"Soft Skills (Communication, Leadership, Teamwork)",Lack of Consistency or Determination (Difficulty sticking to a plan),Rarely (Passive),Low Impact (Rarely affects study),High Risk,3,3
STU0277,4/7/2026 9:04,Third Year (TY),BCA,20,Male,5.0 - 6.9,Unsatisfied,Less than 1 hour,1,Rarely,30-60 minutes,More than 6 hours,Gaming,Sometimes,Sometimes,Thinking about it,Not clear,Both hard and soft skills,3,1,2,Sometimes,6-7 hours,Cyber Security Analyst,"Not currently, but intend to in the future","Yes, actively working on projects/internship","Basic knowledge, learning while practicing",Never participate in such events,Always,Less than 50%,"Soft Skills (Communication, Leadership, Teamwork)",Procrastination / Low Motivation,Occasionally (When needed),Low Impact (Rarely affects study),Moderate Risk,2,1
STU0278,3/22/2026 8:25,Final Year,BCA,23,Male,5.0 - 6.9,Unsatisfied,Less than 1 hour,3,Rarely,1-2 hours,4-6 hours,Social media,Rarely,Rarely,Planning to start soon,Somewhat clear,"Hard skills (programming, data analytics, technical skills)",3,3,3,Often,4-5 hours,Data Analyst,"Not currently, but intend to in the future","Not currently, but intend to in the future","Limited knowledge, theoretical only","Rarely participate, mostly observe",Sometimes,50% - 65%,"Soft Skills (Communication, Leadership, Teamwork)",Poor Time Management / Over-scheduling,Rarely (Passive),No Impact (Fully supportive environment),High Risk,3,1
STU0279,4/2/2026 16:11,First Year (PG),BCA,23,Female,7.0 - 8.4,Unsatisfied,1-2 hours,3,Rarely,More than 2 hours,More than 6 hours,Social media,Sometimes,Rarely,Planning to start soon,Very clear,Both hard and soft skills,2,4,2,Sometimes,6-7 hours,Automation Engineer,Planning to enroll soon,Planning to start a project/internship soon,"Basic knowledge, learning while practicing",Never participate in such events,Sometimes,Less than 50%,"Technical/Hard Skills (Coding, Math, Logic)",Poor Time Management / Over-scheduling,Rarely (Passive),Moderate Impact (Occasional disruption),High Risk,3,2
STU0280,3/16/2026 11:02,First Year (FY),BCA,19,Male,5.0 - 6.9,Satisfied,Less than 1 hour,1,Rarely,30-60 minutes,4-6 hours,Social media,Mostly consistent,Always,Thinking about it,Somewhat clear,"Hard skills (programming, data analytics, technical skills)",1,5,2,Always,6-7 hours,AI / ML,"No, not interested","Not currently, but intend to in the future","Basic knowledge, learning while practicing","Rarely participate, mostly observe",Sometimes,50% - 65%,"Technical/Hard Skills (Coding, Math, Logic)",Poor Time Management / Over-scheduling,Rarely (Passive),High Impact (Frequent disruption),High Risk,3,1
STU0281,4/13/2026 8:24,Second Year (PG),BCA,24,Female,7.0 - 8.4,Satisfied,1-2 hours,2,Rarely,1-2 hours,More than 6 hours,Gaming,Sometimes,Rarely,Planning to start soon,Very clear,"Hard skills (programming, data analytics, technical skills)",3,3,2,Sometimes,4-5 hours,Cyber Security Analyst,"Yes, currently enrolled in one or more courses/certifications",Planning to start a project/internship soon,"Limited knowledge, theoretical only",Occasionally participate in events,Sometimes,Above 85%,"Creative/Design Skills (Innovation, UI/UX, Content)",Lack of Consistency or Determination (Difficulty sticking to a plan),Rarely (Passive),High Impact (Frequent disruption),Moderate Risk,2,2
STU0282,4/3/2026 5:23,First Year (FY),BCA,19,Male,8.5 - 9.4,Satisfied,1-2 hours,3,Rarely,1-2 hours,More than 6 hours,Social media,Rarely,Always,Thinking about it,Not clear,Both hard and soft skills,4,2,1,Sometimes,6-7 hours,Data Analyst,Planning to enroll soon,"Not currently, but intend to in the future","Limited knowledge, theoretical only",Never participate in such events,Rarely,76% - 85%,"Soft Skills (Communication, Leadership, Teamwork)",Lack of Consistency or Determination (Difficulty sticking to a plan),Occasionally (When needed),Moderate Impact (Occasional disruption),Moderate Risk,2,2
STU0283,4/4/2026 18:08,Second Year (SY),BCom,21,Male,8.5 - 9.4,Unsatisfied,1-2 hours,3,Never,More than 2 hours,More than 6 hours,Social media,Mostly consistent,Often,Thinking about it,Somewhat clear,"Hard skills (programming, data analytics, technical skills)",4,3,3,Often,6-7 hours,Digital Marketing Specialist,Unknown,"Not currently, but intend to in the future","Basic knowledge, learning while practicing","Rarely participate, mostly observe",Often,76% - 85%,"Management/Execution (Planning, Organizing, Discipline)",Procrastination / Low Motivation,Rarely (Passive),No Impact (Fully supportive environment),Moderate Risk,2,2
STU0284,4/3/2026 20:28,First Year (FY),BCA,18,Male,7.0 - 8.4,Satisfied,1-2 hours,3,Never,1-2 hours,More than 6 hours,Video content (YouTube/OTT),Sometimes,Often,Planning to start soon,Not clear,"Hard skills (programming, data analytics, technical skills)",5,3,1,Never,More than 8 hours,Data Analyst,"Not currently, but intend to in the future","Yes, actively working on projects/internship",Strong foundation in core concepts,"Rarely participate, mostly observe",Always,76% - 85%,"Creative/Design Skills (Innovation, UI/UX, Content)",Poor Time Management / Over-scheduling,Rarely (Passive),Moderate Impact (Occasional disruption),Moderate Risk,2,2
STU0285,3/27/2026 14:14,Third Year (TY),BBA,21,Female,8.5 - 9.4,Neutral,1-2 hours,1,Unknown,1-2 hours,More than 6 hours,Gaming,Mostly consistent,Often,Thinking about it,Somewhat clear,Both hard and soft skills,3,3,1,Never,6-7 hours,Other,Planning to enroll soon,"Yes, actively working on projects/internship","Basic knowledge, learning while practicing","Rarely participate, mostly observe",Often,76% - 85%,"Technical/Hard Skills (Coding, Math, Logic)",Lack of Consistency or Determination (Difficulty sticking to a plan),Occasionally (When needed),Low Impact (Rarely affects study),Moderate Risk,2,2
STU0286,3/30/2026 11:05,Second Year (SY),BCom,21,Female,7.0 - 8.4,Unsatisfied,1-2 hours,5,Never,1-2 hours,4-6 hours,Social interactions,Rarely,Sometimes,Planning to start soon,Somewhat clear,Both hard and soft skills,4,4,1,Sometimes,More than 8 hours,Automation Engineer,"Yes, currently enrolled in one or more courses/certifications",Planning to start a project/internship soon,"Limited knowledge, theoretical only","Rarely participate, mostly observe",Often,66% - 75%,"Technical/Hard Skills (Coding, Math, Logic)",Procrastination / Low Motivation,Rarely (Passive),Low Impact (Rarely affects study),High Risk,3,2
STU0287,3/26/2026 7:24,Second Year (SY),BCA,21,Male,8.5 - 9.4,Neutral,1-2 hours,4,Rarely,More than 2 hours,4-6 hours,Social media,Mostly consistent,Often,Actively preparing for a goal (placements/exams),Very clear,Both hard and soft skills,2,4,3,Often,6-7 hours,Cyber Security Analyst,"Yes, currently enrolled in one or more courses/certifications","Not currently, but intend to in the future","Basic knowledge, learning while practicing",Never participate in such events,Always,76% - 85%,"Creative/Design Skills (Innovation, UI/UX, Content)",Difficulty with Focus / Concentration,Rarely (Passive),Unknown,Moderate Risk,2,2
STU0288,4/9/2026 9:47,Third Year (TY),BCA,20,Male,7.0 - 8.4,Neutral,Less than 1 hour,1,Never,Unknown,4-6 hours,Social interactions,Rarely,Often,Planning to start soon,Very clear,"Soft skills (communication, teamwork, leadership, financial literacy)",3,3,2,Never,6-7 hours,Other,Planning to enroll soon,Planning to start a project/internship soon,"Limited knowledge, theoretical only","Rarely participate, mostly observe",Often,66% - 75%,"Creative/Design Skills (Innovation, UI/UX, Content)",Procrastination / Low Motivation,Never (Unaware or Not interested),Moderate Impact (Occasional disruption),High Risk,3,1
STU0289,4/5/2026 9:17,First Year (FY),BCA,18,Other,7.0 - 8.4,Neutral,Less than 1 hour,2,Rarely,More than 2 hours,More than 6 hours,Social interactions,Sometimes,Rarely,Planning to start soon,Somewhat clear,Both hard and soft skills,3,2,1,Always,More than 8 hours,Software Developer,"Not currently, but intend to in the future",Planning to start a project/internship soon,"Limited knowledge, theoretical only","Rarely participate, mostly observe",Sometimes,66% - 75%,"Technical/Hard Skills (Coding, Math, Logic)",Procrastination / Low Motivation,Never (Unaware or Not interested),High Impact (Frequent disruption),Moderate Risk,2,1
STU0290,3/22/2026 11:47,Third Year (TY),BCA,21,Female,8.5 - 9.4,Neutral,More than 2 hours,3,Rarely,1-2 hours,4-6 hours,Video content (YouTube/OTT),Sometimes,Rarely,Planning to start soon,Very clear,"Hard skills (programming, data analytics, technical skills)",3,1,3,Often,6-7 hours,Cyber Security Analyst,"No, not interested",Planning to start a project/internship soon,"Basic knowledge, learning while practicing",Never participate in such events,Sometimes,76% - 85%,"Creative/Design Skills (Innovation, UI/UX, Content)",Difficulty with Focus / Concentration,Rarely (Passive),No Impact (Fully supportive environment),Low Risk,1,3
STU0291,4/13/2026 9:30,First Year (FY),BSc Cyber Security,19,Male,8.5 - 9.4,Unsatisfied,1-2 hours,3,Rarely,1-2 hours,More than 6 hours,Video content (YouTube/OTT),Mostly consistent,Always,Actively preparing for a goal (placements/exams),Very clear,"Soft skills (communication, teamwork, leadership, financial literacy)",5,2,3,Sometimes,6-7 hours,Digital Marketing Specialist,"Not currently, but intend to in the future","Not currently, but intend to in the future","Basic knowledge, learning while practicing",Never participate in such events,Often,66% - 75%,"Creative/Design Skills (Innovation, UI/UX, Content)",Poor Time Management / Over-scheduling,Rarely (Passive),Low Impact (Rarely affects study),Low Risk,1,2
STU0292,3/30/2026 11:40,Third Year (TY),BCA,21,Male,9.5 - 10.0,Satisfied,More than 2 hours,Unknown,Few times a week,1-2 hours,More than 6 hours,Gaming,Mostly consistent,Often,Thinking about it,Very clear,"Hard skills (programming, data analytics, technical skills)",4,3,3,Often,4-5 hours,Software Developer,"Not currently, but intend to in the future","Not currently, but intend to in the future","Basic knowledge, learning while practicing",Never participate in such events,Always,Above 85%,"Technical/Hard Skills (Coding, Math, Logic)",Procrastination / Low Motivation,Occasionally (When needed),Low Impact (Rarely affects study),Low Risk,1,3
STU0293,3/23/2026 18:05,First Year (FY),BCA,18,Male,5.0 - 6.9,Neutral,1-2 hours,3,Never,1-2 hours,More than 6 hours,Social media,Sometimes,Often,Actively preparing for a goal (placements/exams),Very clear,"Hard skills (programming, data analytics, technical skills)",5,4,1,Always,More than 8 hours,Digital Marketing Specialist,"No, not interested","Yes, actively working on projects/internship","Limited knowledge, theoretical only",Never participate in such events,Often,66% - 75%,"Management/Execution (Planning, Organizing, Discipline)",Difficulty with Focus / Concentration,Rarely (Passive),Moderate Impact (Occasional disruption),High Risk,3,2
STU0294,4/14/2026 20:38,First Year (FY),BCA,17,Female,8.5 - 9.4,Satisfied,More than 2 hours,5,Never,Unknown,2-4 hours,Social media,Mostly consistent,Always,Actively preparing for a goal (placements/exams),Not clear,"Hard skills (programming, data analytics, technical skills)",3,3,3,Always,6-7 hours,Data Analyst,"No, not interested",Planning to start a project/internship soon,"Limited knowledge, theoretical only","Rarely participate, mostly observe",Sometimes,Above 85%,"Soft Skills (Communication, Leadership, Teamwork)",Poor Time Management / Over-scheduling,Occasionally (When needed),No Impact (Fully supportive environment),Low Risk,1,3
STU0295,4/6/2026 7:16,Second Year (SY),BSc Computer Science,20,Male,8.5 - 9.4,Neutral,More than 2 hours,4,Daily,1-2 hours,4-6 hours,Social media,Sometimes,Rarely,Planning to start soon,Somewhat clear,"Soft skills (communication, teamwork, leadership, financial literacy)",3,2,2,Often,More than 8 hours,AI / ML,Unknown,Planning to start a project/internship soon,"Limited knowledge, theoretical only","Rarely participate, mostly observe",Often,50% - 65%,"Technical/Hard Skills (Coding, Math, Logic)",Procrastination / Low Motivation,Occasionally (When needed),Low Impact (Rarely affects study),Moderate Risk,2,3
STU0296,4/6/2026 10:43,Third Year (TY),BSc Computer Science,20,Male,8.5 - 9.4,Satisfied,1-2 hours,3,Never,30-60 minutes,More than 6 hours,Other,Mostly consistent,Sometimes,Actively preparing for a goal (placements/exams),Very clear,Both hard and soft skills,4,2,3,Sometimes,More than 8 hours,Digital Marketing Specialist,"Not currently, but intend to in the future","Not currently, but intend to in the future",Strong foundation in core concepts,Never participate in such events,Always,Above 85%,"Technical/Hard Skills (Coding, Math, Logic)",Procrastination / Low Motivation,Rarely (Passive),High Impact (Frequent disruption),Low Risk,1,2
STU0297,4/12/2026 12:13,Final Year,BCA,23,Male,8.5 - 9.4,Very satisfied,1-2 hours,2,Rarely,1-2 hours,4-6 hours,Video content (YouTube/OTT),Rarely,Often,Planning to start soon,Somewhat clear,Both hard and soft skills,4,3,2,Sometimes,6-7 hours,Software Developer,"Not currently, but intend to in the future","Yes, actively working on projects/internship","Basic knowledge, learning while practicing",Never participate in such events,Often,Above 85%,"Soft Skills (Communication, Leadership, Teamwork)",Poor Time Management / Over-scheduling,Occasionally (When needed),Low Impact (Rarely affects study),Moderate Risk,2,2
STU0298,3/18/2026 14:06,Second Year (PG),BCA,23,Male,8.5 - 9.4,Satisfied,More than 2 hours,4,Never,More than 2 hours,More than 6 hours,Social interactions,Mostly consistent,Always,Thinking about it,Somewhat clear,Both hard and soft skills,1,5,3,Sometimes,6-7 hours,Software Developer,"Not currently, but intend to in the future",Planning to start a project/internship soon,"Limited knowledge, theoretical only","Rarely participate, mostly observe",Sometimes,66% - 75%,"Soft Skills (Communication, Leadership, Teamwork)",Difficulty with Focus / Concentration,Never (Unaware or Not interested),High Impact (Frequent disruption),Moderate Risk,2,3
STU0299,4/13/2026 13:48,Final Year,BCA,23,Male,9.5 - 10.0,Very satisfied,1-2 hours,3,Rarely,More than 2 hours,4-6 hours,Social media,Sometimes,Sometimes,Planning to start soon,Very clear,Both hard and soft skills,3,3,3,Always,More than 8 hours,Other,Planning to enroll soon,"Not currently, but intend to in the future","Basic knowledge, learning while practicing",Occasionally participate in events,Rarely,76% - 85%,"Soft Skills (Communication, Leadership, Teamwork)",Procrastination / Low Motivation,Rarely (Passive),Low Impact (Rarely affects study),Moderate Risk,2,2
STU0300,3/25/2026 13:29,Second Year (SY),BCA,21,Male,7.0 - 8.4,Neutral,Less than 1 hour,Unknown,Never,1-2 hours,More than 6 hours,Social media,Sometimes,Rarely,Planning to start soon,Somewhat clear,"Soft skills (communication, teamwork, leadership, financial literacy)",5,3,2,Sometimes,6-7 hours,Software Developer,"Not currently, but intend to in the future",Planning to start a project/internship soon,"Limited knowledge, theoretical only","Rarely participate, mostly observe",Often,76% - 85%,"Technical/Hard Skills (Coding, Math, Logic)",Poor Time Management / Over-scheduling,Occasionally (When needed),Low Impact (Rarely affects study),Moderate Risk,2,1
STU0301,4/6/2026 9:26,Final Year,BCA,22,Male,8.5 - 9.4,Very satisfied,Less than 1 hour,1,Rarely,1-2 hours,2-4 hours,Other,Mostly consistent,Often,Planning to start soon,Somewhat clear,Both hard and soft skills,1,5,1,Often,4-5 hours,Software Developer,"Not currently, but intend to in the future",Planning to start a project/internship soon,"Limited knowledge, theoretical only",Occasionally participate in events,Always,76% - 85%,"Management/Execution (Planning, Organizing, Discipline)",Lack of Consistency or Determination (Difficulty sticking to a plan),Never (Unaware or Not interested),High Impact (Frequent disruption),Moderate Risk,2,1
STU0302,3/19/2026 12:47,Second Year (SY),BCA,20,Female,9.5 - 10.0,Very satisfied,More than 2 hours,5,Daily,More than 2 hours,4-6 hours,Social media,Sometimes,Sometimes,Planning to start soon,Very clear,Both hard and soft skills,1,3,1,Often,6-7 hours,Cyber Security Analyst,"Yes, currently enrolled in one or more courses/certifications",Planning to start a project/internship soon,"Basic knowledge, learning while practicing","Rarely participate, mostly observe",Sometimes,76% - 85%,"Soft Skills (Communication, Leadership, Teamwork)",Lack of Consistency or Determination (Difficulty sticking to a plan),Occasionally (When needed),Moderate Impact (Occasional disruption),Moderate Risk,2,3
STU0303,3/21/2026 16:03,Third Year (TY),BA,21,Male,7.0 - 8.4,Satisfied,1-2 hours,2,Never,1-2 hours,More than 6 hours,Social media,Sometimes,Sometimes,Thinking about it,Somewhat clear,Both hard and soft skills,3,3,2,Always,6-7 hours,Software Developer,Unknown,Planning to start a project/internship soon,Strong foundation in core concepts,Occasionally participate in events,Always,Above 85%,"Technical/Hard Skills (Coding, Math, Logic)",Lack of Consistency or Determination (Difficulty sticking to a plan),Occasionally (When needed),High Impact (Frequent disruption),Moderate Risk,2,2
STU0304,4/4/2026 11:36,Second Year (SY),BSc Computer Science,21,Female,5.0 - 6.9,Unsatisfied,Less than 1 hour,2,Rarely,1-2 hours,4-6 hours,Social media,Rarely,Rarely,Planning to start soon,Very clear,"Hard skills (programming, data analytics, technical skills)",4,3,2,Often,More than 8 hours,AI / ML,"Not currently, but intend to in the future","Not currently, but intend to in the future","Limited knowledge, theoretical only",Never participate in such events,Rarely,66% - 75%,"Soft Skills (Communication, Leadership, Teamwork)",Difficulty with Focus / Concentration,Occasionally (When needed),Moderate Impact (Occasional disruption),High Risk,3,1
STU0305,3/25/2026 19:59,Second Year (SY),BSc Cyber Security,20,Male,5.0 - 6.9,Satisfied,Less than 1 hour,2,Rarely,1-2 hours,More than 6 hours,Social media,Rarely,Sometimes,Planning to start soon,Not clear,"Hard skills (programming, data analytics, technical skills)",5,2,2,Sometimes,More than 8 hours,Software Developer,"Not currently, but intend to in the future","Yes, actively working on projects/internship","Limited knowledge, theoretical only","Rarely participate, mostly observe",Sometimes,50% - 65%,"Soft Skills (Communication, Leadership, Teamwork)",Difficulty with Focus / Concentration,Occasionally (When needed),Low Impact (Rarely affects study),High Risk,3,1
STU0306,4/7/2026 1:23,Final Year,BCA,23,Male,8.5 - 9.4,Neutral,More than 2 hours,4,Rarely,More than 2 hours,More than 6 hours,Social media,Mostly consistent,Sometimes,Actively preparing for a goal (placements/exams),Very clear,Both hard and soft skills,4,2,3,Never,More than 8 hours,Data Analyst,"Not currently, but intend to in the future",Planning to start a project/internship soon,"Basic knowledge, learning while practicing","Rarely participate, mostly observe",Always,50% - 65%,"Soft Skills (Communication, Leadership, Teamwork)",Procrastination / Low Motivation,Rarely (Passive),No Impact (Fully supportive environment),Moderate Risk,2,3
STU0307,4/1/2026 15:30,Second Year (SY),BCA,19,Female,5.0 - 6.9,Neutral,Less than 1 hour,Unknown,Rarely,30-60 minutes,4-6 hours,Gaming,Sometimes,Often,Planning to start soon,Somewhat clear,"Hard skills (programming, data analytics, technical skills)",2,3,1,Often,6-7 hours,Cyber Security Analyst,"No, not interested","Yes, actively working on projects/internship","Limited knowledge, theoretical only",Never participate in such events,Often,50% - 65%,"Technical/Hard Skills (Coding, Math, Logic)",Procrastination / Low Motivation,Occasionally (When needed),Moderate Impact (Occasional disruption),High Risk,3,1
STU0308,3/20/2026 6:53,Second Year (SY),BSc IT,19,Female,7.0 - 8.4,Neutral,Less than 1 hour,1,Rarely,1-2 hours,More than 6 hours,Social media,Sometimes,Sometimes,Planning to start soon,Not clear,"Soft skills (communication, teamwork, leadership, financial literacy)",4,3,1,Sometimes,More than 8 hours,Cyber Security Analyst,"No, not interested","Not currently, but intend to in the future","Basic knowledge, learning while practicing","Rarely participate, mostly observe",Often,66% - 75%,"Soft Skills (Communication, Leadership, Teamwork)",Procrastination / Low Motivation,Rarely (Passive),Moderate Impact (Occasional disruption),Moderate Risk,2,1
STU0309,4/4/2026 17:47,Final Year,BCA,23,Female,8.5 - 9.4,Satisfied,Less than 1 hour,1,Rarely,30-60 minutes,More than 6 hours,Social media,Mostly consistent,Often,Thinking about it,Somewhat clear,"Soft skills (communication, teamwork, leadership, financial literacy)",3,2,2,Often,6-7 hours,Data Analyst,"Not currently, but intend to in the future","Not currently, but intend to in the future","Basic knowledge, learning while practicing",Unknown,Always,66% - 75%,"Technical/Hard Skills (Coding, Math, Logic)",Procrastination / Low Motivation,Occasionally (When needed),Moderate Impact (Occasional disruption),Low Risk,1,1
STU0310,3/26/2026 11:08,Final Year,BSc IT,22,Female,8.5 - 9.4,Very satisfied,1-2 hours,3,Unknown,30-60 minutes,More than 6 hours,Video content (YouTube/OTT),Sometimes,Often,Actively preparing for a goal (placements/exams),Somewhat clear,"Hard skills (programming, data analytics, technical skills)",3,Unknown,3,Often,More than 8 hours,Data Analyst,Planning to enroll soon,"Yes, actively working on projects/internship",Unknown,Occasionally participate in events,Often,Above 85%,"Technical/Hard Skills (Coding, Math, Logic)",Lack of Consistency or Determination (Difficulty sticking to a plan),Never (Unaware or Not interested),High Impact (Frequent disruption),Low Risk,1,2
STU0311,3/22/2026 9:25,Third Year (TY),BSc IT,20,Other,5.0 - 6.9,Unsatisfied,Less than 1 hour,1,Rarely,1-2 hours,More than 6 hours,Gaming,Mostly consistent,Often,Planning to start soon,Somewhat clear,"Soft skills (communication, teamwork, leadership, financial literacy)",5,3,2,Never,6-7 hours,Data Analyst,"Not currently, but intend to in the future","Yes, actively working on projects/internship","Basic knowledge, learning while practicing","Rarely participate, mostly observe",Rarely,50% - 65%,"Soft Skills (Communication, Leadership, Teamwork)",Poor Time Management / Over-scheduling,Never (Unaware or Not interested),Moderate Impact (Occasional disruption),High Risk,3,1
STU0312,3/28/2026 11:17,Second Year (PG),BSc Cyber Security,24,Male,5.0 - 6.9,Unsatisfied,1-2 hours,4,Few times a week,More than 2 hours,More than 6 hours,Gaming,Rarely,Often,Planning to start soon,Very clear,Both hard and soft skills,3,3,1,Sometimes,6-7 hours,Digital Marketing Specialist,Unknown,"Not currently, but intend to in the future","Basic knowledge, learning while practicing","Rarely participate, mostly observe",Often,66% - 75%,"Soft Skills (Communication, Leadership, Teamwork)",Lack of Consistency or Determination (Difficulty sticking to a plan),Rarely (Passive),Moderate Impact (Occasional disruption),High Risk,3,2
STU0313,3/19/2026 19:17,First Year (FY),BBA,19,Male,5.0 - 6.9,Very unsatisfied,Less than 1 hour,3,Unknown,More than 2 hours,Unknown,Social media,Sometimes,Rarely,Planning to start soon,Very clear,"Soft skills (communication, teamwork, leadership, financial literacy)",3,4,3,Never,6-7 hours,Digital Marketing Specialist,"No, not interested",Planning to start a project/internship soon,"Basic knowledge, learning while practicing",Unknown,Sometimes,50% - 65%,"Management/Execution (Planning, Organizing, Discipline)",Difficulty with Focus / Concentration,Never (Unaware or Not interested),High Impact (Frequent disruption),High Risk,3,1
STU0314,3/16/2026 15:09,First Year (FY),BCA,18,Male,9.5 - 10.0,Very satisfied,1-2 hours,3,Never,30-60 minutes,More than 6 hours,Social media,Rarely,Sometimes,Actively preparing for a goal (placements/exams),Very clear,"Soft skills (communication, teamwork, leadership, financial literacy)",3,5,1,Often,6-7 hours,Software Developer,"No, not interested","Yes, actively working on projects/internship","Basic knowledge, learning while practicing",Never participate in such events,Rarely,Above 85%,"Creative/Design Skills (Innovation, UI/UX, Content)",Poor Time Management / Over-scheduling,Occasionally (When needed),Moderate Impact (Occasional disruption),Moderate Risk,2,2
STU0315,3/21/2026 15:02,First Year (PG),BCA,25,Male,7.0 - 8.4,Satisfied,1-2 hours,4,Rarely,More than 2 hours,2-4 hours,Social media,Rarely,Sometimes,Actively preparing for a goal (placements/exams),Not clear,Both hard and soft skills,5,1,1,Never,6-7 hours,Data Analyst,Planning to enroll soon,"Not currently, but intend to in the future","Limited knowledge, theoretical only","Rarely participate, mostly observe",Sometimes,Less than 50%,"Soft Skills (Communication, Leadership, Teamwork)",Lack of Consistency or Determination (Difficulty sticking to a plan),Never (Unaware or Not interested),High Impact (Frequent disruption),Moderate Risk,2,2
STU0316,3/21/2026 17:19,First Year (FY),BCA,18,Male,7.0 - 8.4,Satisfied,1-2 hours,3,Few times a week,1-2 hours,More than 6 hours,Social media,Rarely,Often,Planning to start soon,Somewhat clear,"Soft skills (communication, teamwork, leadership, financial literacy)",3,3,2,Often,6-7 hours,Data Analyst,Planning to enroll soon,"Yes, actively working on projects/internship","Basic knowledge, learning while practicing",Unknown,Often,66% - 75%,"Technical/Hard Skills (Coding, Math, Logic)",Poor Time Management / Over-scheduling,Rarely (Passive),Moderate Impact (Occasional disruption),High Risk,3,2
STU0317,4/6/2026 13:30,Second Year (SY),BCA,21,Female,5.0 - 6.9,Unsatisfied,Less than 1 hour,1,Daily,More than 2 hours,2-4 hours,Gaming,Rarely,Sometimes,Actively preparing for a goal (placements/exams),Very clear,Both hard and soft skills,3,3,3,Often,6-7 hours,Cyber Security Analyst,Planning to enroll soon,Planning to start a project/internship soon,"Basic knowledge, learning while practicing",Never participate in such events,Sometimes,50% - 65%,"Soft Skills (Communication, Leadership, Teamwork)",Lack of Consistency or Determination (Difficulty sticking to a plan),Occasionally (When needed),High Impact (Frequent disruption),High Risk,3,1
STU0318,3/22/2026 19:31,Second Year (PG),BCA,25,Male,7.0 - 8.4,Neutral,Less than 1 hour,3,Rarely,More than 2 hours,2-4 hours,Video content (YouTube/OTT),Sometimes,Often,Actively preparing for a goal (placements/exams),Very clear,Both hard and soft skills,3,1,1,Sometimes,6-7 hours,AI / ML,Planning to enroll soon,"Yes, actively working on projects/internship","Basic knowledge, learning while practicing",Never participate in such events,Rarely,76% - 85%,"Technical/Hard Skills (Coding, Math, Logic)",Lack of Consistency or Determination (Difficulty sticking to a plan),Never (Unaware or Not interested),Moderate Impact (Occasional disruption),Moderate Risk,2,1
STU0319,3/30/2026 15:44,First Year (FY),BBA,17,Female,9.5 - 10.0,Neutral,1-2 hours,4,Never,1-2 hours,2-4 hours,Other,Sometimes,Rarely,Planning to start soon,Very clear,Both hard and soft skills,1,5,3,Always,6-7 hours,Automation Engineer,"No, not interested",Planning to start a project/internship soon,"Limited knowledge, theoretical only","Rarely participate, mostly observe",Sometimes,Above 85%,"Soft Skills (Communication, Leadership, Teamwork)",Difficulty with Focus / Concentration,Occasionally (When needed),No Impact (Fully supportive environment),Moderate Risk,2,2
STU0320,4/4/2026 13:49,Second Year (SY),BCA,21,Female,8.5 - 9.4,Neutral,1-2 hours,4,Few times a week,Unknown,More than 6 hours,Social media,Mostly consistent,Often,Thinking about it,Somewhat clear,"Hard skills (programming, data analytics, technical skills)",4,3,3,Sometimes,More than 8 hours,AI / ML,"Not currently, but intend to in the future","Not currently, but intend to in the future","Basic knowledge, learning while practicing",Never participate in such events,Often,66% - 75%,"Technical/Hard Skills (Coding, Math, Logic)",Difficulty with Focus / Concentration,Never (Unaware or Not interested),High Impact (Frequent disruption),Moderate Risk,2,2
STU0321,3/24/2026 10:39,Third Year (TY),BSc IT,21,Male,5.0 - 6.9,Very unsatisfied,1-2 hours,5,Rarely,More than 2 hours,4-6 hours,Social media,Sometimes,Sometimes,Thinking about it,Somewhat clear,"Hard skills (programming, data analytics, technical skills)",3,2,2,Never,Unknown,Digital Marketing Specialist,"Yes, currently enrolled in one or more courses/certifications","Not currently, but intend to in the future","Basic knowledge, learning while practicing",Unknown,Always,76% - 85%,"Technical/Hard Skills (Coding, Math, Logic)",Lack of Consistency or Determination (Difficulty sticking to a plan),Rarely (Passive),High Impact (Frequent disruption),Moderate Risk,2,2
STU0322,3/31/2026 13:31,Third Year (TY),BBA,22,Male,8.5 - 9.4,Satisfied,Less than 1 hour,1,Never,1-2 hours,More than 6 hours,Video content (YouTube/OTT),Rarely,Sometimes,Actively preparing for a goal (placements/exams),Somewhat clear,Both hard and soft skills,5,3,3,Sometimes,More than 8 hours,Other,Planning to enroll soon,Planning to start a project/internship soon,"Basic knowledge, learning while practicing",Never participate in such events,Sometimes,66% - 75%,"Technical/Hard Skills (Coding, Math, Logic)",Lack of Consistency or Determination (Difficulty sticking to a plan),Never (Unaware or Not interested),Moderate Impact (Occasional disruption),Moderate Risk,2,1
STU0323,3/28/2026 14:56,Second Year (SY),BCA,20,Female,5.0 - 6.9,Neutral,Less than 1 hour,2,Rarely,1-2 hours,4-6 hours,Gaming,Rarely,Rarely,Thinking about it,Very clear,"Soft skills (communication, teamwork, leadership, financial literacy)",4,3,2,Sometimes,6-7 hours,Data Analyst,"Not currently, but intend to in the future",Planning to start a project/internship soon,"Limited knowledge, theoretical only",Never participate in such events,Rarely,Less than 50%,"Creative/Design Skills (Innovation, UI/UX, Content)",Difficulty with Focus / Concentration,Occasionally (When needed),High Impact (Frequent disruption),High Risk,3,1
STU0324,3/22/2026 9:42,Second Year (PG),BSc IT,24,Female,7.0 - 8.4,Satisfied,1-2 hours,2,Rarely,30-60 minutes,4-6 hours,Social media,Sometimes,Rarely,Thinking about it,Somewhat clear,Both hard and soft skills,2,4,3,Always,6-7 hours,Digital Marketing Specialist,Planning to enroll soon,Planning to start a project/internship soon,"Basic knowledge, learning while practicing","Rarely participate, mostly observe",Often,Above 85%,"Technical/Hard Skills (Coding, Math, Logic)",Procrastination / Low Motivation,Rarely (Passive),Moderate Impact (Occasional disruption),Moderate Risk,2,2
STU0325,4/3/2026 17:34,First Year (FY),BCA,18,Male,7.0 - 8.4,Unsatisfied,1-2 hours,4,Rarely,More than 2 hours,4-6 hours,Social interactions,Rarely,Sometimes,Thinking about it,Somewhat clear,"Soft skills (communication, teamwork, leadership, financial literacy)",5,2,2,Always,6-7 hours,AI / ML,"Not currently, but intend to in the future",Planning to start a project/internship soon,"Basic knowledge, learning while practicing","Rarely participate, mostly observe",Always,Less than 50%,"Soft Skills (Communication, Leadership, Teamwork)",Difficulty with Focus / Concentration,Never (Unaware or Not interested),No Impact (Fully supportive environment),High Risk,3,2
STU0326,3/23/2026 15:47,Third Year (TY),BSc Computer Science,21,Female,8.5 - 9.4,Very satisfied,1-2 hours,2,Rarely,1-2 hours,4-6 hours,Gaming,Mostly consistent,Sometimes,Actively preparing for a goal (placements/exams),Somewhat clear,Both hard and soft skills,4,2,2,Sometimes,More than 8 hours,Other,"No, not interested","Yes, actively working on projects/internship","Basic knowledge, learning while practicing","Rarely participate, mostly observe",Sometimes,76% - 85%,"Technical/Hard Skills (Coding, Math, Logic)",Difficulty with Focus / Concentration,Occasionally (When needed),Unknown,Low Risk,1,2
STU0327,4/14/2026 15:52,Second Year (SY),BBA,21,Female,7.0 - 8.4,Very satisfied,1-2 hours,4,Few times a week,30-60 minutes,More than 6 hours,Social media,Sometimes,Always,Thinking about it,Very clear,"Soft skills (communication, teamwork, leadership, financial literacy)",3,5,1,Often,More than 8 hours,Digital Marketing Specialist,Planning to enroll soon,"Yes, actively working on projects/internship","Limited knowledge, theoretical only",Occasionally participate in events,Often,50% - 65%,"Management/Execution (Planning, Organizing, Discipline)",Procrastination / Low Motivation,Occasionally (When needed),Low Impact (Rarely affects study),High Risk,3,2
STU0328,3/27/2026 11:36,Second Year (SY),BCA,21,Female,8.5 - 9.4,Satisfied,Less than 1 hour,3,Never,More than 2 hours,4-6 hours,Gaming,Sometimes,Often,Thinking about it,Somewhat clear,"Hard skills (programming, data analytics, technical skills)",5,2,3,Always,6-7 hours,Cyber Security Analyst,Planning to enroll soon,Planning to start a project/internship soon,"Limited knowledge, theoretical only",Occasionally participate in events,Often,76% - 85%,"Technical/Hard Skills (Coding, Math, Logic)",Lack of Consistency or Determination (Difficulty sticking to a plan),Occasionally (When needed),No Impact (Fully supportive environment),Moderate Risk,2,1
STU0329,4/8/2026 14:05,First Year (PG),BCom,22,Female,9.5 - 10.0,Very satisfied,1-2 hours,4,Rarely,More than 2 hours,More than 6 hours,Gaming,Mostly consistent,Often,Planning to start soon,Very clear,"Soft skills (communication, teamwork, leadership, financial literacy)",3,4,3,Often,6-7 hours,Software Developer,Planning to enroll soon,"Not currently, but intend to in the future",Strong foundation in core concepts,Occasionally participate in events,Sometimes,Above 85%,"Management/Execution (Planning, Organizing, Discipline)",Lack of Consistency or Determination (Difficulty sticking to a plan),Never (Unaware or Not interested),Moderate Impact (Occasional disruption),Low Risk,1,2
STU0330,3/16/2026 14:33,Third Year (TY),BCA,21,Female,7.0 - 8.4,Neutral,1-2 hours,3,Never,30-60 minutes,4-6 hours,Social media,Mostly consistent,Sometimes,Planning to start soon,Somewhat clear,Both hard and soft skills,4,3,2,Sometimes,6-7 hours,Software Developer,"No, not interested","Not currently, but intend to in the future","Basic knowledge, learning while practicing","Rarely participate, mostly observe",Often,50% - 65%,"Soft Skills (Communication, Leadership, Teamwork)",Poor Time Management / Over-scheduling,Occasionally (When needed),High Impact (Frequent disruption),Moderate Risk,2,2
STU0331,3/25/2026 18:08,Second Year (SY),BCom,19,Male,8.5 - 9.4,Very satisfied,Less than 1 hour,3,Rarely,More than 2 hours,4-6 hours,Social media,Mostly consistent,Often,Planning to start soon,Somewhat clear,Both hard and soft skills,5,2,3,Sometimes,More than 8 hours,Software Developer,Planning to enroll soon,"Not currently, but intend to in the future","Limited knowledge, theoretical only",Never participate in such events,Always,Above 85%,"Management/Execution (Planning, Organizing, Discipline)",Difficulty with Focus / Concentration,Occasionally (When needed),Low Impact (Rarely affects study),Low Risk,1,1
STU0332,3/31/2026 1:47,Third Year (TY),BCA,20,Male,9.5 - 10.0,Unsatisfied,Less than 1 hour,2,Rarely,30-60 minutes,More than 6 hours,Gaming,Mostly consistent,Always,Actively preparing for a goal (placements/exams),Somewhat clear,Both hard and soft skills,3,1,2,Sometimes,6-7 hours,AI / ML,"Not currently, but intend to in the future","Not currently, but intend to in the future","Basic knowledge, learning while practicing",Occasionally participate in events,Always,Less than 50%,"Management/Execution (Planning, Organizing, Discipline)",Poor Time Management / Over-scheduling,Occasionally (When needed),Low Impact (Rarely affects study),Low Risk,1,1
STU0333,4/3/2026 0:22,Second Year (SY),BCA,20,Female,5.0 - 6.9,Unsatisfied,1-2 hours,2,Never,30-60 minutes,2-4 hours,Video content (YouTube/OTT),Rarely,Often,Planning to start soon,Somewhat clear,"Soft skills (communication, teamwork, leadership, financial literacy)",3,2,2,Sometimes,6-7 hours,Data Analyst,"Not currently, but intend to in the future",Planning to start a project/internship soon,"Limited knowledge, theoretical only","Rarely participate, mostly observe",Often,76% - 85%,"Soft Skills (Communication, Leadership, Teamwork)",Poor Time Management / Over-scheduling,Never (Unaware or Not interested),Moderate Impact (Occasional disruption),High Risk,3,2
STU0334,3/15/2026 11:18,Final Year,BCA,22,Male,9.5 - 10.0,Very satisfied,More than 2 hours,4,Daily,30-60 minutes,Unknown,Gaming,Sometimes,Rarely,Planning to start soon,Very clear,"Hard skills (programming, data analytics, technical skills)",4,3,3,Sometimes,6-7 hours,Other,"No, not interested",Planning to start a project/internship soon,"Basic knowledge, learning while practicing","Rarely participate, mostly observe",Sometimes,76% - 85%,"Soft Skills (Communication, Leadership, Teamwork)",Poor Time Management / Over-scheduling,Rarely (Passive),No Impact (Fully supportive environment),Moderate Risk,2,3
STU0335,3/27/2026 18:01,Second Year (SY),BBA,21,Male,9.5 - 10.0,Very satisfied,1-2 hours,1,Few times a week,1-2 hours,More than 6 hours,Other,Mostly consistent,Often,Actively preparing for a goal (placements/exams),Somewhat clear,"Soft skills (communication, teamwork, leadership, financial literacy)",5,5,3,Never,More than 8 hours,Software Developer,Planning to enroll soon,"Not currently, but intend to in the future","Basic knowledge, learning while practicing","Rarely participate, mostly observe",Often,66% - 75%,"Technical/Hard Skills (Coding, Math, Logic)",Lack of Consistency or Determination (Difficulty sticking to a plan),Never (Unaware or Not interested),No Impact (Fully supportive environment),Moderate Risk,2,2
STU0336,4/11/2026 16:23,Third Year (TY),BCA,20,Male,9.5 - 10.0,Neutral,1-2 hours,Unknown,Never,1-2 hours,4-6 hours,Social media,Mostly consistent,Always,Planning to start soon,Somewhat clear,Both hard and soft skills,4,4,3,Often,More than 8 hours,AI / ML,Planning to enroll soon,Planning to start a project/internship soon,"Limited knowledge, theoretical only",Never participate in such events,Always,66% - 75%,"Technical/Hard Skills (Coding, Math, Logic)",Difficulty with Focus / Concentration,Occasionally (When needed),Moderate Impact (Occasional disruption),Moderate Risk,2,2
STU0337,4/6/2026 19:59,Second Year (PG),BSc Computer Science,23,Female,7.0 - 8.4,Satisfied,1-2 hours,3,Few times a week,30-60 minutes,4-6 hours,Gaming,Mostly consistent,Often,Actively preparing for a goal (placements/exams),Very clear,"Hard skills (programming, data analytics, technical skills)",5,Unknown,3,Sometimes,6-7 hours,AI / ML,"No, not interested","Not currently, but intend to in the future",Strong foundation in core concepts,"Rarely participate, mostly observe",Always,76% - 85%,"Management/Execution (Planning, Organizing, Discipline)",Poor Time Management / Over-scheduling,Occasionally (When needed),High Impact (Frequent disruption),Moderate Risk,2,2
STU0338,4/12/2026 11:16,Third Year (TY),BCA,21,Male,7.0 - 8.4,Very satisfied,1-2 hours,3,Rarely,Unknown,2-4 hours,Social media,Sometimes,Rarely,Actively preparing for a goal (placements/exams),Somewhat clear,"Hard skills (programming, data analytics, technical skills)",1,5,3,Often,6-7 hours,AI / ML,Planning to enroll soon,Planning to start a project/internship soon,Strong foundation in core concepts,Occasionally participate in events,Often,66% - 75%,"Technical/Hard Skills (Coding, Math, Logic)",Difficulty with Focus / Concentration,Occasionally (When needed),High Impact (Frequent disruption),High Risk,3,2
STU0339,3/28/2026 9:14,Final Year,BCA,21,Female,5.0 - 6.9,Very unsatisfied,1-2 hours,5,Rarely,More than 2 hours,4-6 hours,Social media,Sometimes,Rarely,Actively preparing for a goal (placements/exams),Not clear,Both hard and soft skills,3,4,2,Sometimes,6-7 hours,AI / ML,"No, not interested","Not currently, but intend to in the future",Strong foundation in core concepts,Occasionally participate in events,Sometimes,50% - 65%,"Technical/Hard Skills (Coding, Math, Logic)",Procrastination / Low Motivation,Rarely (Passive),Low Impact (Rarely affects study),High Risk,3,2
STU0340,3/19/2026 12:58,First Year (PG),BSc Computer Science,25,Male,7.0 - 8.4,Neutral,Less than 1 hour,3,Rarely,More than 2 hours,More than 6 hours,Video content (YouTube/OTT),Sometimes,Rarely,Actively preparing for a goal (placements/exams),Somewhat clear,"Hard skills (programming, data analytics, technical skills)",2,5,2,Often,6-7 hours,Automation Engineer,"Not currently, but intend to in the future","Not currently, but intend to in the future",Strong foundation in core concepts,"Rarely participate, mostly observe",Rarely,66% - 75%,"Soft Skills (Communication, Leadership, Teamwork)",Poor Time Management / Over-scheduling,Rarely (Passive),Low Impact (Rarely affects study),High Risk,3,1
STU0341,3/28/2026 14:56,First Year (FY),BSc IT,18,Male,8.5 - 9.4,Very satisfied,1-2 hours,3,Never,More than 2 hours,More than 6 hours,Video content (YouTube/OTT),Sometimes,Sometimes,Planning to start soon,Somewhat clear,Both hard and soft skills,2,3,1,Often,6-7 hours,Software Developer,Unknown,"Yes, actively working on projects/internship",Strong foundation in core concepts,"Rarely participate, mostly observe",Always,Above 85%,"Creative/Design Skills (Innovation, UI/UX, Content)",Procrastination / Low Motivation,Occasionally (When needed),No Impact (Fully supportive environment),Moderate Risk,2,2
STU0342,3/22/2026 15:38,Second Year (SY),BSc Cyber Security,19,Male,8.5 - 9.4,Very satisfied,Less than 1 hour,2,Rarely,30-60 minutes,More than 6 hours,Social media,Sometimes,Often,Thinking about it,Very clear,Both hard and soft skills,2,4,2,Often,4-5 hours,Digital Marketing Specialist,"Not currently, but intend to in the future","Yes, actively working on projects/internship","Limited knowledge, theoretical only",Never participate in such events,Often,Above 85%,"Creative/Design Skills (Innovation, UI/UX, Content)",Procrastination / Low Motivation,Rarely (Passive),Unknown,Moderate Risk,2,1
STU0343,3/15/2026 6:48,Second Year (PG),BCA,25,Female,7.0 - 8.4,Very satisfied,More than 2 hours,4,Few times a week,1-2 hours,2-4 hours,Gaming,Rarely,Sometimes,Actively preparing for a goal (placements/exams),Somewhat clear,Both hard and soft skills,3,4,2,Often,6-7 hours,AI / ML,"Yes, currently enrolled in one or more courses/certifications","Not currently, but intend to in the future","Limited knowledge, theoretical only",Never participate in such events,Always,Less than 50%,"Soft Skills (Communication, Leadership, Teamwork)",Difficulty with Focus / Concentration,Rarely (Passive),High Impact (Frequent disruption),High Risk,3,3
STU0344,3/16/2026 9:49,Third Year (TY),BSc IT,22,Male,8.5 - 9.4,Neutral,More than 2 hours,3,Rarely,1-2 hours,2-4 hours,Other,Rarely,Often,Planning to start soon,Somewhat clear,"Hard skills (programming, data analytics, technical skills)",3,3,3,Sometimes,6-7 hours,Automation Engineer,"Not currently, but intend to in the future","Yes, actively working on projects/internship",Strong foundation in core concepts,"Rarely participate, mostly observe",Rarely,76% - 85%,"Soft Skills (Communication, Leadership, Teamwork)",Difficulty with Focus / Concentration,Rarely (Passive),No Impact (Fully supportive environment),Moderate Risk,2,3
STU0345,3/31/2026 9:15,First Year (PG),BCA,25,Female,5.0 - 6.9,Unsatisfied,Less than 1 hour,3,Never,30-60 minutes,4-6 hours,Social media,Rarely,Sometimes,Planning to start soon,Very clear,Both hard and soft skills,3,3,2,Often,6-7 hours,AI / ML,"Yes, currently enrolled in one or more courses/certifications","Not currently, but intend to in the future","Basic knowledge, learning while practicing",Never participate in such events,Always,Less than 50%,"Technical/Hard Skills (Coding, Math, Logic)",Difficulty with Focus / Concentration,Rarely (Passive),Low Impact (Rarely affects study),High Risk,3,1
STU0346,3/31/2026 15:44,Third Year (TY),BCA,20,Male,8.5 - 9.4,Very satisfied,More than 2 hours,3,Few times a week,More than 2 hours,More than 6 hours,Gaming,Sometimes,Often,Planning to start soon,Not clear,Both hard and soft skills,1,1,3,Always,6-7 hours,Data Analyst,Planning to enroll soon,Planning to start a project/internship soon,"Limited knowledge, theoretical only",Unknown,Always,66% - 75%,"Management/Execution (Planning, Organizing, Discipline)",Procrastination / Low Motivation,Never (Unaware or Not interested),Low Impact (Rarely affects study),Low Risk,1,3
STU0347,3/21/2026 7:57,First Year (PG),BCom,25,Male,8.5 - 9.4,Satisfied,More than 2 hours,3,Few times a week,1-2 hours,4-6 hours,Social interactions,Sometimes,Rarely,Planning to start soon,Somewhat clear,"Hard skills (programming, data analytics, technical skills)",5,2,3,Often,6-7 hours,Automation Engineer,"No, not interested","Not currently, but intend to in the future","Basic knowledge, learning while practicing","Rarely participate, mostly observe",Often,76% - 85%,"Management/Execution (Planning, Organizing, Discipline)",Difficulty with Focus / Concentration,Occasionally (When needed),Low Impact (Rarely affects study),Moderate Risk,2,3
STU0348,4/14/2026 5:39,First Year (FY),BCom,17,Female,8.5 - 9.4,Neutral,More than 2 hours,4,Daily,1-2 hours,More than 6 hours,Video content (YouTube/OTT),Sometimes,Sometimes,Planning to start soon,Not clear,Both hard and soft skills,1,5,3,Always,6-7 hours,Software Developer,Planning to enroll soon,Planning to start a project/internship soon,"Limited knowledge, theoretical only",Never participate in such events,Sometimes,Above 85%,"Management/Execution (Planning, Organizing, Discipline)",Poor Time Management / Over-scheduling,Never (Unaware or Not interested),Low Impact (Rarely affects study),Moderate Risk,2,3
STU0349,3/24/2026 21:28,Final Year,BCA,23,Female,7.0 - 8.4,Neutral,1-2 hours,1,Rarely,1-2 hours,Unknown,Social media,Rarely,Sometimes,Actively preparing for a goal (placements/exams),Very clear,Both hard and soft skills,2,Unknown,2,Often,6-7 hours,Automation Engineer,"No, not interested","Not currently, but intend to in the future","Basic knowledge, learning while practicing",Never participate in such events,Rarely,50% - 65%,"Soft Skills (Communication, Leadership, Teamwork)",Procrastination / Low Motivation,Occasionally (When needed),No Impact (Fully supportive environment),High Risk,3,2
STU0350,3/28/2026 14:29,First Year (PG),BBA,25,Male,8.5 - 9.4,Unsatisfied,Less than 1 hour,3,Few times a week,30-60 minutes,More than 6 hours,Social interactions,Rarely,Rarely,Thinking about it,Somewhat clear,"Soft skills (communication, teamwork, leadership, financial literacy)",3,5,1,Never,6-7 hours,Cyber Security Analyst,"Not currently, but intend to in the future",Planning to start a project/internship soon,"Basic knowledge, learning while practicing",Occasionally participate in events,Often,Above 85%,"Technical/Hard Skills (Coding, Math, Logic)",Difficulty with Focus / Concentration,Rarely (Passive),Moderate Impact (Occasional disruption),High Risk,3,1
STU0351,4/3/2026 10:53,First Year (PG),BCA,24,Male,8.5 - 9.4,Unsatisfied,More than 2 hours,1,Rarely,1-2 hours,4-6 hours,Video content (YouTube/OTT),Mostly consistent,Always,Actively preparing for a goal (placements/exams),Somewhat clear,Both hard and soft skills,4,3,1,Often,More than 8 hours,Cyber Security Analyst,Planning to enroll soon,"Not currently, but intend to in the future","Limited knowledge, theoretical only",Occasionally participate in events,Rarely,76% - 85%,"Soft Skills (Communication, Leadership, Teamwork)",Lack of Consistency or Determination (Difficulty sticking to a plan),Never (Unaware or Not interested),Moderate Impact (Occasional disruption),Moderate Risk,2,3
STU0352,3/17/2026 16:02,Second Year (SY),BSc IT,20,Male,7.0 - 8.4,Neutral,Less than 1 hour,3,Few times a week,1-2 hours,More than 6 hours,Social interactions,Sometimes,Sometimes,Planning to start soon,Somewhat clear,Both hard and soft skills,3,5,3,Always,6-7 hours,Software Developer,"No, not interested","Yes, actively working on projects/internship","Limited knowledge, theoretical only",Occasionally participate in events,Often,66% - 75%,"Technical/Hard Skills (Coding, Math, Logic)",Lack of Consistency or Determination (Difficulty sticking to a plan),Never (Unaware or Not interested),No Impact (Fully supportive environment),High Risk,3,1
STU0353,3/18/2026 13:03,Second Year (SY),BCA,21,Female,7.0 - 8.4,Unsatisfied,Less than 1 hour,3,Rarely,30-60 minutes,4-6 hours,Social interactions,Sometimes,Sometimes,Planning to start soon,Not clear,"Hard skills (programming, data analytics, technical skills)",2,5,3,Always,6-7 hours,Automation Engineer,"No, not interested",Planning to start a project/internship soon,"Limited knowledge, theoretical only",Never participate in such events,Often,Less than 50%,"Creative/Design Skills (Innovation, UI/UX, Content)",Lack of Consistency or Determination (Difficulty sticking to a plan),Never (Unaware or Not interested),Moderate Impact (Occasional disruption),High Risk,3,1
STU0354,4/3/2026 15:08,Second Year (PG),BCA,26,Female,7.0 - 8.4,Neutral,1-2 hours,2,Never,1-2 hours,4-6 hours,Social media,Mostly consistent,Often,Planning to start soon,Very clear,"Hard skills (programming, data analytics, technical skills)",3,4,3,Always,Unknown,Digital Marketing Specialist,Unknown,"Yes, actively working on projects/internship","Basic knowledge, learning while practicing",Occasionally participate in events,Always,66% - 75%,"Technical/Hard Skills (Coding, Math, Logic)",Lack of Consistency or Determination (Difficulty sticking to a plan),Occasionally (When needed),Moderate Impact (Occasional disruption),Moderate Risk,2,2
STU0355,3/28/2026 15:26,Second Year (SY),BCA,19,Male,7.0 - 8.4,Unsatisfied,More than 2 hours,3,Few times a week,1-2 hours,Unknown,Social media,Sometimes,Often,Planning to start soon,Not clear,Both hard and soft skills,3,3,3,Sometimes,6-7 hours,AI / ML,Planning to enroll soon,"Not currently, but intend to in the future","Basic knowledge, learning while practicing",Unknown,Rarely,76% - 85%,"Soft Skills (Communication, Leadership, Teamwork)",Difficulty with Focus / Concentration,Occasionally (When needed),High Impact (Frequent disruption),Moderate Risk,2,3
STU0356,4/2/2026 13:46,Final Year,BCom,23,Female,7.0 - 8.4,Very unsatisfied,Less than 1 hour,2,Few times a week,30-60 minutes,4-6 hours,Social media,Sometimes,Sometimes,Actively preparing for a goal (placements/exams),Very clear,Both hard and soft skills,5,2,1,Never,6-7 hours,Digital Marketing Specialist,"Yes, currently enrolled in one or more courses/certifications","Yes, actively working on projects/internship","Basic knowledge, learning while practicing",Occasionally participate in events,Often,76% - 85%,"Creative/Design Skills (Innovation, UI/UX, Content)",Procrastination / Low Motivation,Occasionally (When needed),High Impact (Frequent disruption),Moderate Risk,2,1
STU0357,4/9/2026 0:29,First Year (PG),BCA,25,Female,7.0 - 8.4,Neutral,1-2 hours,3,Rarely,1-2 hours,More than 6 hours,Social media,Rarely,Sometimes,Thinking about it,Somewhat clear,"Hard skills (programming, data analytics, technical skills)",2,4,Unknown,Never,6-7 hours,AI / ML,"No, not interested","Yes, actively working on projects/internship","Limited knowledge, theoretical only",Occasionally participate in events,Rarely,66% - 75%,"Soft Skills (Communication, Leadership, Teamwork)",Lack of Consistency or Determination (Difficulty sticking to a plan),Never (Unaware or Not interested),High Impact (Frequent disruption),High Risk,3,2
STU0358,3/15/2026 13:53,Second Year (SY),BCA,20,Female,8.5 - 9.4,Satisfied,1-2 hours,1,Few times a week,30-60 minutes,More than 6 hours,Social media,Mostly consistent,Rarely,Actively preparing for a goal (placements/exams),Not clear,Both hard and soft skills,2,4,1,Sometimes,6-7 hours,Software Developer,Planning to enroll soon,Planning to start a project/internship soon,"Basic knowledge, learning while practicing",Unknown,Always,76% - 85%,"Management/Execution (Planning, Organizing, Discipline)",Lack of Consistency or Determination (Difficulty sticking to a plan),Occasionally (When needed),Low Impact (Rarely affects study),Moderate Risk,2,2
STU0359,3/26/2026 18:15,Second Year (SY),BCA,20,Male,8.5 - 9.4,Neutral,Less than 1 hour,1,Few times a week,1-2 hours,More than 6 hours,Video content (YouTube/OTT),Sometimes,Often,Planning to start soon,Somewhat clear,Both hard and soft skills,5,2,3,Always,6-7 hours,AI / ML,"Not currently, but intend to in the future",Planning to start a project/internship soon,Strong foundation in core concepts,"Rarely participate, mostly observe",Often,76% - 85%,"Technical/Hard Skills (Coding, Math, Logic)",Procrastination / Low Motivation,Rarely (Passive),High Impact (Frequent disruption),Moderate Risk,2,1
STU0360,4/7/2026 13:30,Third Year (TY),BCA,22,Male,5.0 - 6.9,Unsatisfied,More than 2 hours,3,Never,30-60 minutes,More than 6 hours,Video content (YouTube/OTT),Sometimes,Sometimes,Actively preparing for a goal (placements/exams),Somewhat clear,"Soft skills (communication, teamwork, leadership, financial literacy)",2,4,3,Often,6-7 hours,Digital Marketing Specialist,"Not currently, but intend to in the future","Yes, actively working on projects/internship","Limited knowledge, theoretical only","Rarely participate, mostly observe",Sometimes,Less than 50%,"Soft Skills (Communication, Leadership, Teamwork)",Procrastination / Low Motivation,Occasionally (When needed),Moderate Impact (Occasional disruption),High Risk,3,3
STU0361,4/5/2026 10:02,Second Year (PG),BCA,23,Female,7.0 - 8.4,Neutral,Less than 1 hour,4,Rarely,More than 2 hours,4-6 hours,Social media,Sometimes,Rarely,Planning to start soon,Not clear,Both hard and soft skills,4,Unknown,3,Sometimes,More than 8 hours,Software Developer,"No, not interested","Not currently, but intend to in the future","Basic knowledge, learning while practicing","Rarely participate, mostly observe",Sometimes,66% - 75%,"Soft Skills (Communication, Leadership, Teamwork)",Lack of Consistency or Determination (Difficulty sticking to a plan),Never (Unaware or Not interested),Moderate Impact (Occasional disruption),High Risk,3,1
STU0362,3/18/2026 1:42,First Year (PG),BCA,24,Female,5.0 - 6.9,Neutral,More than 2 hours,1,Few times a week,Unknown,More than 6 hours,Social interactions,Rarely,Rarely,Planning to start soon,Somewhat clear,Both hard and soft skills,1,5,1,Always,4-5 hours,AI / ML,Planning to enroll soon,"Not currently, but intend to in the future","Basic knowledge, learning while practicing",Never participate in such events,Rarely,66% - 75%,"Creative/Design Skills (Innovation, UI/UX, Content)",Difficulty with Focus / Concentration,Never (Unaware or Not interested),Moderate Impact (Occasional disruption),High Risk,3,3
STU0363,4/12/2026 10:39,Third Year (TY),BCA,21,Male,7.0 - 8.4,Neutral,Less than 1 hour,3,Rarely,Unknown,4-6 hours,Gaming,Sometimes,Sometimes,Planning to start soon,Not clear,"Soft skills (communication, teamwork, leadership, financial literacy)",5,2,3,Often,6-7 hours,Data Analyst,"Not currently, but intend to in the future","Not currently, but intend to in the future",Strong foundation in core concepts,Occasionally participate in events,Sometimes,50% - 65%,"Technical/Hard Skills (Coding, Math, Logic)",Poor Time Management / Over-scheduling,Never (Unaware or Not interested),Low Impact (Rarely affects study),Moderate Risk,2,1
STU0364,3/24/2026 16:22,Third Year (TY),BCA,21,Male,8.5 - 9.4,Neutral,1-2 hours,1,Never,30-60 minutes,More than 6 hours,Video content (YouTube/OTT),Sometimes,Often,Planning to start soon,Somewhat clear,Both hard and soft skills,4,1,1,Always,4-5 hours,Software Developer,"Not currently, but intend to in the future",Planning to start a project/internship soon,"Limited knowledge, theoretical only",Never participate in such events,Rarely,Above 85%,"Soft Skills (Communication, Leadership, Teamwork)",Difficulty with Focus / Concentration,Rarely (Passive),Moderate Impact (Occasional disruption),Low Risk,1,2
STU0365,4/8/2026 20:45,Third Year (TY),BBA,21,Male,8.5 - 9.4,Neutral,1-2 hours,3,Rarely,More than 2 hours,More than 6 hours,Social media,Mostly consistent,Often,Planning to start soon,Very clear,"Soft skills (communication, teamwork, leadership, financial literacy)",3,1,3,Never,More than 8 hours,Software Developer,Planning to enroll soon,Planning to start a project/internship soon,"Basic knowledge, learning while practicing",Occasionally participate in events,Always,66% - 75%,"Creative/Design Skills (Innovation, UI/UX, Content)",Lack of Consistency or Determination (Difficulty sticking to a plan),Rarely (Passive),High Impact (Frequent disruption),Low Risk,1,2
STU0366,3/26/2026 7:07,Second Year (SY),BCom,20,Female,8.5 - 9.4,Neutral,1-2 hours,1,Few times a week,1-2 hours,More than 6 hours,Social interactions,Sometimes,Sometimes,Actively preparing for a goal (placements/exams),Very clear,"Soft skills (communication, teamwork, leadership, financial literacy)",2,5,1,Always,4-5 hours,Other,"No, not interested",Planning to start a project/internship soon,"Limited knowledge, theoretical only","Rarely participate, mostly observe",Rarely,50% - 65%,"Soft Skills (Communication, Leadership, Teamwork)",Lack of Consistency or Determination (Difficulty sticking to a plan),Occasionally (When needed),Low Impact (Rarely affects study),High Risk,3,2
STU0367,3/22/2026 22:26,First Year (FY),BSc Cyber Security,19,Male,5.0 - 6.9,Very unsatisfied,Less than 1 hour,3,Never,30-60 minutes,2-4 hours,Social media,Rarely,Often,Planning to start soon,Somewhat clear,"Soft skills (communication, teamwork, leadership, financial literacy)",5,3,3,Sometimes,More than 8 hours,Cyber Security Analyst,"Not currently, but intend to in the future","Not currently, but intend to in the future","Basic knowledge, learning while practicing","Rarely participate, mostly observe",Always,76% - 85%,"Soft Skills (Communication, Leadership, Teamwork)",Poor Time Management / Over-scheduling,Occasionally (When needed),No Impact (Fully supportive environment),High Risk,3,1
STU0368,4/13/2026 10:47,Second Year (SY),BCA,21,Female,7.0 - 8.4,Neutral,Less than 1 hour,1,Few times a week,1-2 hours,More than 6 hours,Other,Sometimes,Sometimes,Actively preparing for a goal (placements/exams),Very clear,Both hard and soft skills,5,2,2,Often,More than 8 hours,Automation Engineer,"Yes, currently enrolled in one or more courses/certifications",Planning to start a project/internship soon,"Basic knowledge, learning while practicing",Occasionally participate in events,Always,Less than 50%,"Technical/Hard Skills (Coding, Math, Logic)",Difficulty with Focus / Concentration,Rarely (Passive),Moderate Impact (Occasional disruption),Moderate Risk,2,1
STU0369,4/4/2026 9:31,First Year (FY),BCA,19,Male,7.0 - 8.4,Unsatisfied,1-2 hours,1,Few times a week,30-60 minutes,More than 6 hours,Social media,Sometimes,Often,Actively preparing for a goal (placements/exams),Somewhat clear,"Soft skills (communication, teamwork, leadership, financial literacy)",5,4,1,Never,6-7 hours,Data Analyst,"Yes, currently enrolled in one or more courses/certifications",Planning to start a project/internship soon,"Basic knowledge, learning while practicing","Rarely participate, mostly observe",Always,Above 85%,"Soft Skills (Communication, Leadership, Teamwork)",Poor Time Management / Over-scheduling,Never (Unaware or Not interested),No Impact (Fully supportive environment),Moderate Risk,2,2
STU0370,3/25/2026 15:56,Second Year (SY),BCA,20,Male,5.0 - 6.9,Unsatisfied,Less than 1 hour,2,Never,1-2 hours,More than 6 hours,Video content (YouTube/OTT),Sometimes,Sometimes,Thinking about it,Very clear,"Hard skills (programming, data analytics, technical skills)",3,2,1,Often,4-5 hours,Data Analyst,Unknown,"Not currently, but intend to in the future","Limited knowledge, theoretical only",Never participate in such events,Sometimes,50% - 65%,"Soft Skills (Communication, Leadership, Teamwork)",Difficulty with Focus / Concentration,Never (Unaware or Not interested),High Impact (Frequent disruption),High Risk,3,1
STU0371,4/12/2026 8:23,First Year (FY),BCA,19,Male,5.0 - 6.9,Unsatisfied,1-2 hours,3,Unknown,1-2 hours,More than 6 hours,Social interactions,Mostly consistent,Always,Planning to start soon,Somewhat clear,"Hard skills (programming, data analytics, technical skills)",2,4,Unknown,Often,6-7 hours,AI / ML,"Yes, currently enrolled in one or more courses/certifications","Yes, actively working on projects/internship","Basic knowledge, learning while practicing",Occasionally participate in events,Often,50% - 65%,"Management/Execution (Planning, Organizing, Discipline)",Difficulty with Focus / Concentration,Occasionally (When needed),Moderate Impact (Occasional disruption),High Risk,3,2
STU0372,4/5/2026 18:13,Third Year (TY),BCA,20,Male,8.5 - 9.4,Neutral,1-2 hours,4,Few times a week,1-2 hours,4-6 hours,Video content (YouTube/OTT),Mostly consistent,Rarely,Actively preparing for a goal (placements/exams),Not clear,"Soft skills (communication, teamwork, leadership, financial literacy)",3,3,2,Sometimes,More than 8 hours,AI / ML,Planning to enroll soon,Planning to start a project/internship soon,Strong foundation in core concepts,Unknown,Sometimes,Above 85%,"Technical/Hard Skills (Coding, Math, Logic)",Procrastination / Low Motivation,Occasionally (When needed),High Impact (Frequent disruption),Low Risk,1,2
STU0373,3/19/2026 20:27,First Year (FY),BCA,17,Male,7.0 - 8.4,Neutral,Less than 1 hour,3,Rarely,More than 2 hours,More than 6 hours,Gaming,Sometimes,Often,Planning to start soon,Somewhat clear,Both hard and soft skills,1,4,3,Always,6-7 hours,Software Developer,"Not currently, but intend to in the future","Yes, actively working on projects/internship","Limited knowledge, theoretical only",Never participate in such events,Rarely,50% - 65%,"Technical/Hard Skills (Coding, Math, Logic)",Poor Time Management / Over-scheduling,Never (Unaware or Not interested),Moderate Impact (Occasional disruption),High Risk,3,1
STU0374,4/2/2026 22:00,First Year (FY),BA,18,Female,7.0 - 8.4,Very unsatisfied,Less than 1 hour,4,Few times a week,More than 2 hours,4-6 hours,Social media,Sometimes,Sometimes,Actively preparing for a goal (placements/exams),Very clear,Both hard and soft skills,4,4,3,Sometimes,4-5 hours,AI / ML,"Yes, currently enrolled in one or more courses/certifications","Not currently, but intend to in the future","Limited knowledge, theoretical only",Never participate in such events,Sometimes,50% - 65%,"Soft Skills (Communication, Leadership, Teamwork)",Lack of Consistency or Determination (Difficulty sticking to a plan),Never (Unaware or Not interested),High Impact (Frequent disruption),High Risk,3,1
STU0375,3/31/2026 11:46,Third Year (TY),BCom,21,Male,7.0 - 8.4,Satisfied,Less than 1 hour,3,Never,30-60 minutes,4-6 hours,Video content (YouTube/OTT),Sometimes,Often,Thinking about it,Not clear,"Soft skills (communication, teamwork, leadership, financial literacy)",3,1,3,Often,6-7 hours,AI / ML,"Yes, currently enrolled in one or more courses/certifications","Not currently, but intend to in the future","Limited knowledge, theoretical only","Rarely participate, mostly observe",Often,76% - 85%,"Creative/Design Skills (Innovation, UI/UX, Content)",Difficulty with Focus / Concentration,Rarely (Passive),No Impact (Fully supportive environment),Moderate Risk,2,1
STU0376,3/15/2026 20:49,Third Year (TY),BCA,21,Female,9.5 - 10.0,Very unsatisfied,More than 2 hours,5,Rarely,More than 2 hours,More than 6 hours,Social media,Rarely,Always,Planning to start soon,Very clear,"Hard skills (programming, data analytics, technical skills)",2,3,2,Often,4-5 hours,AI / ML,"Yes, currently enrolled in one or more courses/certifications",Planning to start a project/internship soon,"Basic knowledge, learning while practicing",Never participate in such events,Sometimes,50% - 65%,"Soft Skills (Communication, Leadership, Teamwork)",Procrastination / Low Motivation,Occasionally (When needed),Low Impact (Rarely affects study),Moderate Risk,2,3
STU0377,3/30/2026 18:40,Second Year (PG),BSc Cyber Security,24,Male,7.0 - 8.4,Neutral,1-2 hours,5,Never,30-60 minutes,More than 6 hours,Social interactions,Mostly consistent,Often,Actively preparing for a goal (placements/exams),Somewhat clear,Both hard and soft skills,Unknown,2,2,Sometimes,More than 8 hours,Automation Engineer,"No, not interested","Yes, actively working on projects/internship","Basic knowledge, learning while practicing",Never participate in such events,Sometimes,50% - 65%,"Soft Skills (Communication, Leadership, Teamwork)",Poor Time Management / Over-scheduling,Occasionally (When needed),High Impact (Frequent disruption),Moderate Risk,2,2
STU0378,3/18/2026 11:47,First Year (PG),BCA,23,Male,5.0 - 6.9,Very satisfied,1-2 hours,1,Rarely,1-2 hours,4-6 hours,Social media,Sometimes,Always,Thinking about it,Not clear,Both hard and soft skills,5,1,3,Often,4-5 hours,Software Developer,Planning to enroll soon,"Not currently, but intend to in the future",Unknown,Occasionally participate in events,Often,66% - 75%,"Management/Execution (Planning, Organizing, Discipline)",Difficulty with Focus / Concentration,Never (Unaware or Not interested),Moderate Impact (Occasional disruption),Moderate Risk,2,2
STU0379,3/19/2026 22:52,Second Year (PG),BCA,26,Female,8.5 - 9.4,Very satisfied,1-2 hours,1,Few times a week,30-60 minutes,2-4 hours,Gaming,Mostly consistent,Always,Actively preparing for a goal (placements/exams),Somewhat clear,"Hard skills (programming, data analytics, technical skills)",3,3,1,Sometimes,6-7 hours,Data Analyst,"Not currently, but intend to in the future",Planning to start a project/internship soon,Strong foundation in core concepts,"Rarely participate, mostly observe",Often,Above 85%,"Soft Skills (Communication, Leadership, Teamwork)",Procrastination / Low Motivation,Rarely (Passive),Low Impact (Rarely affects study),Low Risk,1,2
STU0380,3/24/2026 18:30,Second Year (SY),BSc IT,20,Male,7.0 - 8.4,Very unsatisfied,1-2 hours,2,Never,30-60 minutes,More than 6 hours,Video content (YouTube/OTT),Sometimes,Sometimes,Actively preparing for a goal (placements/exams),Somewhat clear,"Hard skills (programming, data analytics, technical skills)",5,3,2,Often,6-7 hours,Other,Unknown,Planning to start a project/internship soon,Strong foundation in core concepts,Never participate in such events,Sometimes,66% - 75%,"Soft Skills (Communication, Leadership, Teamwork)",Procrastination / Low Motivation,Never (Unaware or Not interested),Moderate Impact (Occasional disruption),Moderate Risk,2,2
STU0381,4/14/2026 18:43,First Year (FY),BCA,17,Male,8.5 - 9.4,Satisfied,1-2 hours,1,Never,30-60 minutes,4-6 hours,Video content (YouTube/OTT),Mostly consistent,Often,Planning to start soon,Somewhat clear,"Hard skills (programming, data analytics, technical skills)",4,3,1,Sometimes,4-5 hours,Software Developer,"Not currently, but intend to in the future","Not currently, but intend to in the future","Basic knowledge, learning while practicing",Occasionally participate in events,Always,Above 85%,"Technical/Hard Skills (Coding, Math, Logic)",Lack of Consistency or Determination (Difficulty sticking to a plan),Never (Unaware or Not interested),Low Impact (Rarely affects study),Low Risk,1,2
STU0382,4/7/2026 11:15,First Year (FY),BCA,19,Female,7.0 - 8.4,Unsatisfied,More than 2 hours,1,Few times a week,1-2 hours,More than 6 hours,Video content (YouTube/OTT),Rarely,Sometimes,Planning to start soon,Very clear,"Soft skills (communication, teamwork, leadership, financial literacy)",3,5,2,Sometimes,More than 8 hours,Cyber Security Analyst,Unknown,Planning to start a project/internship soon,"Basic knowledge, learning while practicing",Occasionally participate in events,Sometimes,76% - 85%,"Soft Skills (Communication, Leadership, Teamwork)",Procrastination / Low Motivation,Never (Unaware or Not interested),Moderate Impact (Occasional disruption),High Risk,3,3
STU0383,3/23/2026 21:18,Third Year (TY),BCA,20,Male,8.5 - 9.4,Very satisfied,Less than 1 hour,Unknown,Never,30-60 minutes,More than 6 hours,Social media,Mostly consistent,Often,Planning to start soon,Not clear,"Hard skills (programming, data analytics, technical skills)",2,4,2,Often,6-7 hours,AI / ML,Planning to enroll soon,"Not currently, but intend to in the future",Strong foundation in core concepts,Never participate in such events,Often,76% - 85%,"Soft Skills (Communication, Leadership, Teamwork)",Lack of Consistency or Determination (Difficulty sticking to a plan),Occasionally (When needed),High Impact (Frequent disruption),Moderate Risk,2,1
STU0384,4/2/2026 15:41,Third Year (TY),BCA,20,Female,7.0 - 8.4,Satisfied,Less than 1 hour,4,Rarely,1-2 hours,2-4 hours,Video content (YouTube/OTT),Sometimes,Sometimes,Planning to start soon,Somewhat clear,Both hard and soft skills,5,3,2,Sometimes,6-7 hours,Digital Marketing Specialist,"Yes, currently enrolled in one or more courses/certifications",Planning to start a project/internship soon,"Limited knowledge, theoretical only","Rarely participate, mostly observe",Often,Less than 50%,"Creative/Design Skills (Innovation, UI/UX, Content)",Procrastination / Low Motivation,Occasionally (When needed),High Impact (Frequent disruption),High Risk,3,1
STU0385,3/23/2026 13:04,Second Year (SY),BCA,19,Female,7.0 - 8.4,Very unsatisfied,More than 2 hours,3,Few times a week,1-2 hours,More than 6 hours,Social media,Rarely,Rarely,Thinking about it,Not clear,"Soft skills (communication, teamwork, leadership, financial literacy)",4,2,1,Sometimes,More than 8 hours,AI / ML,"Not currently, but intend to in the future","Not currently, but intend to in the future","Basic knowledge, learning while practicing",Occasionally participate in events,Sometimes,Above 85%,"Creative/Design Skills (Innovation, UI/UX, Content)",Lack of Consistency or Determination (Difficulty sticking to a plan),Occasionally (When needed),High Impact (Frequent disruption),Moderate Risk,2,3
STU0386,4/3/2026 7:13,First Year (FY),BCom,19,Female,5.0 - 6.9,Satisfied,Less than 1 hour,1,Never,More than 2 hours,Unknown,Video content (YouTube/OTT),Sometimes,Sometimes,Actively preparing for a goal (placements/exams),Somewhat clear,"Soft skills (communication, teamwork, leadership, financial literacy)",3,4,3,Sometimes,Unknown,Software Developer,"Yes, currently enrolled in one or more courses/certifications","Not currently, but intend to in the future","Basic knowledge, learning while practicing",Unknown,Sometimes,66% - 75%,"Technical/Hard Skills (Coding, Math, Logic)",Lack of Consistency or Determination (Difficulty sticking to a plan),Occasionally (When needed),High Impact (Frequent disruption),High Risk,3,1
STU0387,4/6/2026 15:09,Second Year (SY),BCA,20,Female,8.5 - 9.4,Neutral,1-2 hours,3,Daily,30-60 minutes,More than 6 hours,Social media,Mostly consistent,Always,Planning to start soon,Not clear,"Hard skills (programming, data analytics, technical skills)",3,5,3,Sometimes,6-7 hours,Software Developer,Planning to enroll soon,Planning to start a project/internship soon,"Basic knowledge, learning while practicing",Unknown,Always,76% - 85%,"Technical/Hard Skills (Coding, Math, Logic)",Poor Time Management / Over-scheduling,Never (Unaware or Not interested),Low Impact (Rarely affects study),Moderate Risk,2,2
STU0388,3/18/2026 12:30,Second Year (PG),BCA,25,Female,8.5 - 9.4,Neutral,1-2 hours,2,Rarely,30-60 minutes,More than 6 hours,Social media,Rarely,Always,Planning to start soon,Very clear,"Hard skills (programming, data analytics, technical skills)",2,5,2,Sometimes,6-7 hours,Software Developer,"Yes, currently enrolled in one or more courses/certifications","Not currently, but intend to in the future",Strong foundation in core concepts,Never participate in such events,Always,76% - 85%,"Technical/Hard Skills (Coding, Math, Logic)",Procrastination / Low Motivation,Rarely (Passive),High Impact (Frequent disruption),High Risk,3,2
STU0389,4/5/2026 8:24,Third Year (TY),BCA,20,Male,8.5 - 9.4,Satisfied,More than 2 hours,3,Few times a week,30-60 minutes,4-6 hours,Video content (YouTube/OTT),Mostly consistent,Often,Planning to start soon,Somewhat clear,"Hard skills (programming, data analytics, technical skills)",5,1,3,Often,More than 8 hours,Data Analyst,"Not currently, but intend to in the future","Yes, actively working on projects/internship",Unknown,Occasionally participate in events,Always,76% - 85%,"Technical/Hard Skills (Coding, Math, Logic)",Lack of Consistency or Determination (Difficulty sticking to a plan),Occasionally (When needed),Low Impact (Rarely affects study),Low Risk,1,3
STU0390,4/1/2026 10:50,Second Year (SY),BA,21,Female,5.0 - 6.9,Unsatisfied,1-2 hours,4,Rarely,1-2 hours,4-6 hours,Gaming,Sometimes,Rarely,Actively preparing for a goal (placements/exams),Somewhat clear,Both hard and soft skills,4,4,3,Often,6-7 hours,Software Developer,Planning to enroll soon,"Not currently, but intend to in the future","Basic knowledge, learning while practicing","Rarely participate, mostly observe",Sometimes,76% - 85%,"Soft Skills (Communication, Leadership, Teamwork)",Difficulty with Focus / Concentration,Occasionally (When needed),High Impact (Frequent disruption),High Risk,3,2
STU0391,4/11/2026 7:43,First Year (FY),BCA,19,Other,9.5 - 10.0,Neutral,More than 2 hours,3,Daily,30-60 minutes,4-6 hours,Social media,Mostly consistent,Always,Planning to start soon,Very clear,"Soft skills (communication, teamwork, leadership, financial literacy)",3,4,3,Sometimes,6-7 hours,Cyber Security Analyst,Planning to enroll soon,"Not currently, but intend to in the future",Strong foundation in core concepts,Occasionally participate in events,Always,76% - 85%,"Technical/Hard Skills (Coding, Math, Logic)",Lack of Consistency or Determination (Difficulty sticking to a plan),Rarely (Passive),Low Impact (Rarely affects study),Moderate Risk,2,3
STU0392,4/10/2026 8:19,Second Year (SY),BCom,19,Female,9.5 - 10.0,Very satisfied,Less than 1 hour,1,Rarely,More than 2 hours,More than 6 hours,Social media,Mostly consistent,Always,Thinking about it,Very clear,"Soft skills (communication, teamwork, leadership, financial literacy)",2,4,2,Often,4-5 hours,Data Analyst,"Not currently, but intend to in the future","Not currently, but intend to in the future","Limited knowledge, theoretical only",Occasionally participate in events,Often,66% - 75%,"Technical/Hard Skills (Coding, Math, Logic)",Poor Time Management / Over-scheduling,Rarely (Passive),Moderate Impact (Occasional disruption),Moderate Risk,2,1
STU0393,3/18/2026 15:20,Second Year (SY),BCA,21,Female,7.0 - 8.4,Satisfied,Less than 1 hour,2,Never,1-2 hours,More than 6 hours,Social media,Rarely,Often,Thinking about it,Somewhat clear,"Hard skills (programming, data analytics, technical skills)",4,4,1,Sometimes,6-7 hours,AI / ML,"Yes, currently enrolled in one or more courses/certifications","Not currently, but intend to in the future","Limited knowledge, theoretical only","Rarely participate, mostly observe",Often,76% - 85%,"Management/Execution (Planning, Organizing, Discipline)",Procrastination / Low Motivation,Occasionally (When needed),Moderate Impact (Occasional disruption),High Risk,3,1
STU0394,4/2/2026 10:59,Second Year (PG),BSc Computer Science,23,Female,7.0 - 8.4,Unsatisfied,Less than 1 hour,5,Never,1-2 hours,More than 6 hours,Gaming,Sometimes,Always,Planning to start soon,Somewhat clear,"Hard skills (programming, data analytics, technical skills)",4,2,1,Sometimes,Unknown,AI / ML,"Yes, currently enrolled in one or more courses/certifications","Not currently, but intend to in the future","Basic knowledge, learning while practicing",Occasionally participate in events,Often,Less than 50%,"Technical/Hard Skills (Coding, Math, Logic)",Procrastination / Low Motivation,Rarely (Passive),Moderate Impact (Occasional disruption),Moderate Risk,2,1
STU0395,4/8/2026 15:50,Second Year (SY),BCA,20,Male,7.0 - 8.4,Unsatisfied,Less than 1 hour,2,Never,1-2 hours,More than 6 hours,Video content (YouTube/OTT),Mostly consistent,Often,Thinking about it,Somewhat clear,Both hard and soft skills,3,4,2,Often,6-7 hours,Cyber Security Analyst,"Not currently, but intend to in the future","Yes, actively working on projects/internship","Limited knowledge, theoretical only",Never participate in such events,Often,76% - 85%,"Creative/Design Skills (Innovation, UI/UX, Content)",Procrastination / Low Motivation,Rarely (Passive),No Impact (Fully supportive environment),Moderate Risk,2,1
STU0396,3/28/2026 21:22,First Year (PG),BCA,22,Male,8.5 - 9.4,Satisfied,Less than 1 hour,2,Rarely,30-60 minutes,More than 6 hours,Social interactions,Mostly consistent,Always,Thinking about it,Somewhat clear,"Hard skills (programming, data analytics, technical skills)",5,3,3,Often,More than 8 hours,Data Analyst,Planning to enroll soon,"Yes, actively working on projects/internship","Basic knowledge, learning while practicing","Rarely participate, mostly observe",Often,76% - 85%,"Soft Skills (Communication, Leadership, Teamwork)",Procrastination / Low Motivation,Rarely (Passive),Moderate Impact (Occasional disruption),Moderate Risk,2,1
STU0397,4/5/2026 10:09,First Year (PG),BCA,25,Female,9.5 - 10.0,Neutral,More than 2 hours,3,Never,30-60 minutes,4-6 hours,Social interactions,Mostly consistent,Sometimes,Thinking about it,Somewhat clear,Both hard and soft skills,4,4,2,Sometimes,6-7 hours,AI / ML,Planning to enroll soon,"Not currently, but intend to in the future","Limited knowledge, theoretical only",Never participate in such events,Often,Less than 50%,"Technical/Hard Skills (Coding, Math, Logic)",Difficulty with Focus / Concentration,Rarely (Passive),Low Impact (Rarely affects study),Moderate Risk,2,3
STU0398,4/9/2026 15:10,First Year (PG),BCA,22,Female,7.0 - 8.4,Neutral,1-2 hours,5,Rarely,1-2 hours,2-4 hours,Social media,Sometimes,Always,Planning to start soon,Not clear,"Hard skills (programming, data analytics, technical skills)",3,2,3,Never,6-7 hours,Cyber Security Analyst,"Not currently, but intend to in the future",Planning to start a project/internship soon,"Limited knowledge, theoretical only","Rarely participate, mostly observe",Often,66% - 75%,"Technical/Hard Skills (Coding, Math, Logic)",Lack of Consistency or Determination (Difficulty sticking to a plan),Never (Unaware or Not interested),Low Impact (Rarely affects study),Moderate Risk,2,2
STU0399,3/21/2026 7:55,First Year (FY),BCA,18,Male,5.0 - 6.9,Neutral,1-2 hours,2,Few times a week,1-2 hours,4-6 hours,Video content (YouTube/OTT),Sometimes,Sometimes,Thinking about it,Somewhat clear,Both hard and soft skills,2,5,2,Often,6-7 hours,Automation Engineer,"Not currently, but intend to in the future","Not currently, but intend to in the future","Limited knowledge, theoretical only","Rarely participate, mostly observe",Rarely,76% - 85%,"Management/Execution (Planning, Organizing, Discipline)",Procrastination / Low Motivation,Rarely (Passive),Low Impact (Rarely affects study),High Risk,3,2
STU0400,3/19/2026 16:21,Final Year,BCA,21,Female,5.0 - 6.9,Unsatisfied,1-2 hours,2,Never,30-60 minutes,More than 6 hours,Video content (YouTube/OTT),Rarely,Rarely,Thinking about it,Very clear,Both hard and soft skills,3,2,3,Always,4-5 hours,Automation Engineer,"No, not interested","Not currently, but intend to in the future","Limited knowledge, theoretical only","Rarely participate, mostly observe",Sometimes,50% - 65%,"Technical/Hard Skills (Coding, Math, Logic)",Poor Time Management / Over-scheduling,Occasionally (When needed),Low Impact (Rarely affects study),High Risk,3,2
STU0401,4/11/2026 11:35,Second Year (SY),BCA,19,Female,8.5 - 9.4,Neutral,1-2 hours,3,Never,More than 2 hours,4-6 hours,Social media,Mostly consistent,Sometimes,Planning to start soon,Not clear,"Hard skills (programming, data analytics, technical skills)",1,5,3,Often,6-7 hours,Software Developer,Planning to enroll soon,Planning to start a project/internship soon,"Basic knowledge, learning while practicing","Rarely participate, mostly observe",Often,76% - 85%,"Creative/Design Skills (Innovation, UI/UX, Content)",Difficulty with Focus / Concentration,Rarely (Passive),High Impact (Frequent disruption),Moderate Risk,2,2
STU0402,4/14/2026 9:37,Second Year (SY),BSc IT,19,Female,5.0 - 6.9,Neutral,1-2 hours,3,Never,More than 2 hours,More than 6 hours,Gaming,Sometimes,Often,Thinking about it,Somewhat clear,"Soft skills (communication, teamwork, leadership, financial literacy)",2,5,3,Often,More than 8 hours,Data Analyst,"Yes, currently enrolled in one or more courses/certifications","Not currently, but intend to in the future",Strong foundation in core concepts,"Rarely participate, mostly observe",Always,76% - 85%,"Soft Skills (Communication, Leadership, Teamwork)",Poor Time Management / Over-scheduling,Rarely (Passive),Moderate Impact (Occasional disruption),High Risk,3,2
STU0403,4/1/2026 6:05,Third Year (TY),BCA,20,Female,8.5 - 9.4,Very satisfied,1-2 hours,3,Rarely,30-60 minutes,More than 6 hours,Social media,Rarely,Rarely,Thinking about it,Very clear,Both hard and soft skills,3,2,Unknown,Never,6-7 hours,Cyber Security Analyst,"No, not interested","Yes, actively working on projects/internship","Limited knowledge, theoretical only",Occasionally participate in events,Sometimes,50% - 65%,"Soft Skills (Communication, Leadership, Teamwork)",Procrastination / Low Motivation,Occasionally (When needed),Moderate Impact (Occasional disruption),Moderate Risk,2,2
STU0404,4/8/2026 9:29,Third Year (TY),BA,20,Male,5.0 - 6.9,Neutral,1-2 hours,3,Rarely,30-60 minutes,More than 6 hours,Social media,Mostly consistent,Always,Thinking about it,Somewhat clear,"Hard skills (programming, data analytics, technical skills)",4,3,2,Sometimes,6-7 hours,Software Developer,"Not currently, but intend to in the future",Planning to start a project/internship soon,"Basic knowledge, learning while practicing",Unknown,Always,66% - 75%,"Soft Skills (Communication, Leadership, Teamwork)",Difficulty with Focus / Concentration,Never (Unaware or Not interested),Low Impact (Rarely affects study),Moderate Risk,2,2
STU0405,4/1/2026 8:39,Third Year (TY),BSc Computer Science,22,Female,9.5 - 10.0,Satisfied,Less than 1 hour,5,Rarely,More than 2 hours,More than 6 hours,Gaming,Sometimes,Often,Actively preparing for a goal (placements/exams),Very clear,"Soft skills (communication, teamwork, leadership, financial literacy)",1,4,2,Always,4-5 hours,Software Developer,"Not currently, but intend to in the future",Planning to start a project/internship soon,"Basic knowledge, learning while practicing",Never participate in such events,Sometimes,50% - 65%,"Soft Skills (Communication, Leadership, Teamwork)",Lack of Consistency or Determination (Difficulty sticking to a plan),Never (Unaware or Not interested),No Impact (Fully supportive environment),Moderate Risk,2,1
STU0406,4/4/2026 19:11,Second Year (SY),BCA,21,Female,9.5 - 10.0,Satisfied,1-2 hours,4,Few times a week,More than 2 hours,4-6 hours,Other,Mostly consistent,Sometimes,Actively preparing for a goal (placements/exams),Very clear,"Soft skills (communication, teamwork, leadership, financial literacy)",1,4,3,Sometimes,6-7 hours,Data Analyst,"No, not interested",Planning to start a project/internship soon,"Basic knowledge, learning while practicing","Rarely participate, mostly observe",Often,76% - 85%,"Management/Execution (Planning, Organizing, Discipline)",Difficulty with Focus / Concentration,Never (Unaware or Not interested),Moderate Impact (Occasional disruption),Moderate Risk,2,2
STU0407,3/26/2026 10:20,Third Year (TY),BSc IT,21,Male,5.0 - 6.9,Neutral,Less than 1 hour,2,Rarely,30-60 minutes,More than 6 hours,Social media,Rarely,Sometimes,Thinking about it,Very clear,"Hard skills (programming, data analytics, technical skills)",4,3,1,Sometimes,6-7 hours,Software Developer,"No, not interested","Not currently, but intend to in the future","Basic knowledge, learning while practicing",Never participate in such events,Rarely,Less than 50%,"Management/Execution (Planning, Organizing, Discipline)",Procrastination / Low Motivation,Occasionally (When needed),Low Impact (Rarely affects study),High Risk,3,1
STU0408,4/14/2026 11:43,Final Year,BSc Computer Science,23,Male,7.0 - 8.4,Unsatisfied,1-2 hours,2,Daily,1-2 hours,2-4 hours,Social media,Rarely,Often,Thinking about it,Somewhat clear,"Hard skills (programming, data analytics, technical skills)",3,5,3,Never,More than 8 hours,Automation Engineer,"Yes, currently enrolled in one or more courses/certifications","Not currently, but intend to in the future","Limited knowledge, theoretical only",Occasionally participate in events,Rarely,50% - 65%,"Management/Execution (Planning, Organizing, Discipline)",Poor Time Management / Over-scheduling,Never (Unaware or Not interested),Low Impact (Rarely affects study),High Risk,3,2
STU0409,3/21/2026 5:55,Second Year (PG),BCA,23,Female,7.0 - 8.4,Very satisfied,1-2 hours,5,Daily,1-2 hours,2-4 hours,Video content (YouTube/OTT),Sometimes,Often,Thinking about it,Very clear,Both hard and soft skills,4,2,3,Sometimes,More than 8 hours,Software Developer,"No, not interested","Not currently, but intend to in the future","Limited knowledge, theoretical only",Occasionally participate in events,Rarely,50% - 65%,"Technical/Hard Skills (Coding, Math, Logic)",Procrastination / Low Motivation,Occasionally (When needed),Low Impact (Rarely affects study),Moderate Risk,2,2
STU0410,4/2/2026 11:26,First Year (FY),BCA,18,Female,7.0 - 8.4,Neutral,1-2 hours,4,Rarely,More than 2 hours,More than 6 hours,Social interactions,Sometimes,Sometimes,Thinking about it,Somewhat clear,Both hard and soft skills,5,2,3,Sometimes,6-7 hours,AI / ML,"Not currently, but intend to in the future",Planning to start a project/internship soon,"Basic knowledge, learning while practicing",Never participate in such events,Sometimes,76% - 85%,"Technical/Hard Skills (Coding, Math, Logic)",Procrastination / Low Motivation,Never (Unaware or Not interested),Low Impact (Rarely affects study),Moderate Risk,2,2
STU0411,4/8/2026 13:18,Third Year (TY),BCA,20,Female,8.5 - 9.4,Satisfied,More than 2 hours,3,Few times a week,More than 2 hours,More than 6 hours,Social interactions,Mostly consistent,Always,Actively preparing for a goal (placements/exams),Somewhat clear,"Hard skills (programming, data analytics, technical skills)",4,2,1,Sometimes,6-7 hours,Other,"Not currently, but intend to in the future",Planning to start a project/internship soon,"Basic knowledge, learning while practicing","Rarely participate, mostly observe",Sometimes,50% - 65%,"Management/Execution (Planning, Organizing, Discipline)",Lack of Consistency or Determination (Difficulty sticking to a plan),Occasionally (When needed),No Impact (Fully supportive environment),Moderate Risk,2,3
STU0412,4/2/2026 10:20,Second Year (SY),BCA,19,Male,7.0 - 8.4,Unsatisfied,1-2 hours,3,Rarely,More than 2 hours,More than 6 hours,Social media,Rarely,Sometimes,Thinking about it,Somewhat clear,Both hard and soft skills,3,3,3,Sometimes,6-7 hours,Automation Engineer,"Yes, currently enrolled in one or more courses/certifications","Yes, actively working on projects/internship","Limited knowledge, theoretical only",Occasionally participate in events,Rarely,50% - 65%,"Soft Skills (Communication, Leadership, Teamwork)",Poor Time Management / Over-scheduling,Unknown,Moderate Impact (Occasional disruption),High Risk,3,2
STU0413,3/19/2026 8:49,Third Year (TY),BCA,21,Female,9.5 - 10.0,Unsatisfied,Less than 1 hour,4,Never,More than 2 hours,4-6 hours,Gaming,Rarely,Rarely,Actively preparing for a goal (placements/exams),Very clear,Both hard and soft skills,4,2,1,Never,6-7 hours,Data Analyst,Planning to enroll soon,"Yes, actively working on projects/internship","Basic knowledge, learning while practicing",Occasionally participate in events,Always,66% - 75%,"Soft Skills (Communication, Leadership, Teamwork)",Poor Time Management / Over-scheduling,Rarely (Passive),No Impact (Fully supportive environment),Moderate Risk,2,1
STU0414,4/13/2026 10:46,First Year (FY),BCA,18,Male,8.5 - 9.4,Neutral,1-2 hours,3,Rarely,More than 2 hours,4-6 hours,Video content (YouTube/OTT),Mostly consistent,Often,Planning to start soon,Somewhat clear,"Hard skills (programming, data analytics, technical skills)",1,3,Unknown,Always,4-5 hours,AI / ML,"No, not interested","Not currently, but intend to in the future",Strong foundation in core concepts,Never participate in such events,Often,50% - 65%,"Soft Skills (Communication, Leadership, Teamwork)",Poor Time Management / Over-scheduling,Never (Unaware or Not interested),High Impact (Frequent disruption),Moderate Risk,2,2
STU0415,3/22/2026 12:33,Second Year (SY),BCA,20,Male,7.0 - 8.4,Neutral,1-2 hours,3,Few times a week,1-2 hours,More than 6 hours,Social media,Mostly consistent,Often,Thinking about it,Not clear,Both hard and soft skills,2,4,3,Always,4-5 hours,Data Analyst,Planning to enroll soon,"Not currently, but intend to in the future","Limited knowledge, theoretical only",Never participate in such events,Often,50% - 65%,"Soft Skills (Communication, Leadership, Teamwork)",Poor Time Management / Over-scheduling,Occasionally (When needed),Low Impact (Rarely affects study),High Risk,3,2
STU0416,4/11/2026 6:45,Second Year (SY),BSc Cyber Security,20,Male,8.5 - 9.4,Unsatisfied,1-2 hours,3,Daily,More than 2 hours,4-6 hours,Social media,Sometimes,Often,Actively preparing for a goal (placements/exams),Somewhat clear,"Soft skills (communication, teamwork, leadership, financial literacy)",3,3,3,Sometimes,6-7 hours,Cyber Security Analyst,Planning to enroll soon,"Yes, actively working on projects/internship","Basic knowledge, learning while practicing",Occasionally participate in events,Sometimes,50% - 65%,"Technical/Hard Skills (Coding, Math, Logic)",Poor Time Management / Over-scheduling,Occasionally (When needed),Moderate Impact (Occasional disruption),Moderate Risk,2,2
STU0417,3/28/2026 15:57,Third Year (TY),BBA,22,Male,8.5 - 9.4,Unsatisfied,More than 2 hours,3,Rarely,30-60 minutes,More than 6 hours,Video content (YouTube/OTT),Sometimes,Sometimes,Planning to start soon,Somewhat clear,Both hard and soft skills,2,4,2,Often,More than 8 hours,Other,"No, not interested",Planning to start a project/internship soon,"Basic knowledge, learning while practicing",Occasionally participate in events,Sometimes,50% - 65%,"Soft Skills (Communication, Leadership, Teamwork)",Procrastination / Low Motivation,Occasionally (When needed),Low Impact (Rarely affects study),High Risk,3,3
STU0418,3/23/2026 22:58,Final Year,BCA,22,Male,7.0 - 8.4,Satisfied,1-2 hours,4,Rarely,More than 2 hours,4-6 hours,Other,Mostly consistent,Often,Planning to start soon,Somewhat clear,"Hard skills (programming, data analytics, technical skills)",3,2,2,Sometimes,6-7 hours,Software Developer,"Not currently, but intend to in the future","Not currently, but intend to in the future","Basic knowledge, learning while practicing","Rarely participate, mostly observe",Often,66% - 75%,"Technical/Hard Skills (Coding, Math, Logic)",Difficulty with Focus / Concentration,Occasionally (When needed),Low Impact (Rarely affects study),Moderate Risk,2,2
STU0419,3/15/2026 21:14,First Year (FY),BCA,17,Male,9.5 - 10.0,Satisfied,More than 2 hours,5,Rarely,1-2 hours,4-6 hours,Social interactions,Rarely,Sometimes,Planning to start soon,Very clear,"Soft skills (communication, teamwork, leadership, financial literacy)",2,4,2,Always,6-7 hours,AI / ML,"No, not interested","Not currently, but intend to in the future","Basic knowledge, learning while practicing",Unknown,Rarely,Above 85%,"Management/Execution (Planning, Organizing, Discipline)",Procrastination / Low Motivation,Occasionally (When needed),Low Impact (Rarely affects study),Moderate Risk,2,3
STU0420,4/3/2026 10:04,Second Year (SY),BCA,21,Female,5.0 - 6.9,Unsatisfied,1-2 hours,3,Few times a week,30-60 minutes,2-4 hours,Video content (YouTube/OTT),Sometimes,Sometimes,Actively preparing for a goal (placements/exams),Very clear,Both hard and soft skills,2,3,3,Often,More than 8 hours,Data Analyst,Planning to enroll soon,"Not currently, but intend to in the future",Unknown,"Rarely participate, mostly observe",Rarely,Less than 50%,"Technical/Hard Skills (Coding, Math, Logic)",Procrastination / Low Motivation,Never (Unaware or Not interested),No Impact (Fully supportive environment),High Risk,3,2
STU0421,4/12/2026 8:29,Third Year (TY),BCA,22,Male,5.0 - 6.9,Very unsatisfied,1-2 hours,2,Rarely,30-60 minutes,4-6 hours,Video content (YouTube/OTT),Mostly consistent,Sometimes,Actively preparing for a goal (placements/exams),Not clear,"Hard skills (programming, data analytics, technical skills)",1,5,2,Sometimes,4-5 hours,Other,"No, not interested","Not currently, but intend to in the future",Strong foundation in core concepts,Occasionally participate in events,Always,66% - 75%,"Management/Execution (Planning, Organizing, Discipline)",Lack of Consistency or Determination (Difficulty sticking to a plan),Occasionally (When needed),High Impact (Frequent disruption),High Risk,3,2
STU0422,3/20/2026 9:48,Second Year (SY),BCA,21,Female,7.0 - 8.4,Neutral,Less than 1 hour,5,Rarely,More than 2 hours,More than 6 hours,Gaming,Sometimes,Often,Actively preparing for a goal (placements/exams),Very clear,"Hard skills (programming, data analytics, technical skills)",4,3,3,Sometimes,More than 8 hours,Digital Marketing Specialist,"Not currently, but intend to in the future","Not currently, but intend to in the future","Basic knowledge, learning while practicing","Rarely participate, mostly observe",Often,Less than 50%,"Technical/Hard Skills (Coding, Math, Logic)",Lack of Consistency or Determination (Difficulty sticking to a plan),Occasionally (When needed),High Impact (Frequent disruption),High Risk,3,1
STU0423,3/25/2026 8:26,Second Year (SY),BSc IT,19,Female,8.5 - 9.4,Satisfied,More than 2 hours,3,Few times a week,30-60 minutes,More than 6 hours,Social media,Sometimes,Sometimes,Thinking about it,Not clear,Both hard and soft skills,4,3,1,Often,6-7 hours,AI / ML,"Not currently, but intend to in the future","Not currently, but intend to in the future","Limited knowledge, theoretical only","Rarely participate, mostly observe",Sometimes,76% - 85%,"Management/Execution (Planning, Organizing, Discipline)",Procrastination / Low Motivation,Occasionally (When needed),Moderate Impact (Occasional disruption),Moderate Risk,2,3
STU0424,3/18/2026 15:04,Second Year (SY),BA,19,Male,7.0 - 8.4,Neutral,Less than 1 hour,3,Never,30-60 minutes,4-6 hours,Other,Sometimes,Often,Planning to start soon,Somewhat clear,"Soft skills (communication, teamwork, leadership, financial literacy)",4,3,1,Sometimes,More than 8 hours,Automation Engineer,"No, not interested",Planning to start a project/internship soon,"Basic knowledge, learning while practicing",Unknown,Sometimes,Less than 50%,"Management/Execution (Planning, Organizing, Discipline)",Poor Time Management / Over-scheduling,Never (Unaware or Not interested),High Impact (Frequent disruption),High Risk,3,1
STU0425,4/6/2026 9:54,Third Year (TY),BCA,20,Female,7.0 - 8.4,Neutral,Less than 1 hour,2,Never,30-60 minutes,More than 6 hours,Social interactions,Rarely,Sometimes,Actively preparing for a goal (placements/exams),Not clear,Both hard and soft skills,4,3,2,Often,Unknown,AI / ML,Planning to enroll soon,Planning to start a project/internship soon,"Limited knowledge, theoretical only",Occasionally participate in events,Often,50% - 65%,"Technical/Hard Skills (Coding, Math, Logic)",Poor Time Management / Over-scheduling,Unknown,Moderate Impact (Occasional disruption),High Risk,3,1
STU0426,3/16/2026 6:37,Second Year (SY),BSc Computer Science,20,Male,7.0 - 8.4,Neutral,Less than 1 hour,2,Daily,1-2 hours,4-6 hours,Social media,Mostly consistent,Often,Planning to start soon,Very clear,"Soft skills (communication, teamwork, leadership, financial literacy)",5,3,1,Never,6-7 hours,Data Analyst,"Not currently, but intend to in the future",Planning to start a project/internship soon,"Basic knowledge, learning while practicing",Never participate in such events,Sometimes,Less than 50%,"Technical/Hard Skills (Coding, Math, Logic)",Procrastination / Low Motivation,Rarely (Passive),High Impact (Frequent disruption),Moderate Risk,2,1
STU0427,4/14/2026 19:17,Second Year (SY),BCA,21,Male,7.0 - 8.4,Very satisfied,More than 2 hours,2,Rarely,1-2 hours,More than 6 hours,Social media,Rarely,Sometimes,Planning to start soon,Somewhat clear,"Soft skills (communication, teamwork, leadership, financial literacy)",4,2,1,Sometimes,6-7 hours,Automation Engineer,Unknown,Planning to start a project/internship soon,"Basic knowledge, learning while practicing",Occasionally participate in events,Sometimes,50% - 65%,"Management/Execution (Planning, Organizing, Discipline)",Poor Time Management / Over-scheduling,Rarely (Passive),Moderate Impact (Occasional disruption),High Risk,3,3
STU0428,3/15/2026 12:34,First Year (FY),BCom,19,Other,5.0 - 6.9,Neutral,Less than 1 hour,3,Rarely,More than 2 hours,More than 6 hours,Gaming,Sometimes,Often,Planning to start soon,Somewhat clear,Both hard and soft skills,4,3,3,Often,6-7 hours,Digital Marketing Specialist,"Not currently, but intend to in the future",Planning to start a project/internship soon,"Basic knowledge, learning while practicing",Occasionally participate in events,Often,66% - 75%,"Management/Execution (Planning, Organizing, Discipline)",Difficulty with Focus / Concentration,Occasionally (When needed),Low Impact (Rarely affects study),High Risk,3,1
STU0429,4/8/2026 7:07,Final Year,BCA,22,Female,8.5 - 9.4,Satisfied,More than 2 hours,3,Rarely,More than 2 hours,More than 6 hours,Social media,Rarely,Rarely,Planning to start soon,Very clear,Both hard and soft skills,4,3,1,Always,6-7 hours,Digital Marketing Specialist,"No, not interested",Planning to start a project/internship soon,"Limited knowledge, theoretical only",Occasionally participate in events,Often,Above 85%,"Technical/Hard Skills (Coding, Math, Logic)",Lack of Consistency or Determination (Difficulty sticking to a plan),Rarely (Passive),No Impact (Fully supportive environment),Moderate Risk,2,3
STU0430,3/22/2026 16:28,First Year (FY),BSc Computer Science,19,Male,9.5 - 10.0,Satisfied,1-2 hours,1,Few times a week,1-2 hours,More than 6 hours,Gaming,Sometimes,Rarely,Planning to start soon,Somewhat clear,Both hard and soft skills,4,2,2,Never,More than 8 hours,Data Analyst,Unknown,Planning to start a project/internship soon,"Limited knowledge, theoretical only","Rarely participate, mostly observe",Rarely,76% - 85%,"Creative/Design Skills (Innovation, UI/UX, Content)",Procrastination / Low Motivation,Occasionally (When needed),High Impact (Frequent disruption),Low Risk,1,2
STU0431,3/17/2026 21:43,Second Year (PG),BSc Cyber Security,23,Male,7.0 - 8.4,Neutral,Less than 1 hour,5,Few times a week,More than 2 hours,2-4 hours,Social interactions,Mostly consistent,Sometimes,Actively preparing for a goal (placements/exams),Somewhat clear,"Hard skills (programming, data analytics, technical skills)",4,1,2,Always,6-7 hours,Software Developer,"Not currently, but intend to in the future","Yes, actively working on projects/internship","Basic knowledge, learning while practicing",Occasionally participate in events,Often,50% - 65%,"Technical/Hard Skills (Coding, Math, Logic)",Poor Time Management / Over-scheduling,Occasionally (When needed),High Impact (Frequent disruption),Moderate Risk,2,1
STU0432,3/30/2026 8:46,Second Year (SY),BCA,20,Male,5.0 - 6.9,Very unsatisfied,1-2 hours,3,Never,1-2 hours,More than 6 hours,Social media,Sometimes,Often,Actively preparing for a goal (placements/exams),Very clear,Both hard and soft skills,4,3,3,Often,More than 8 hours,Other,"Yes, currently enrolled in one or more courses/certifications",Planning to start a project/internship soon,"Basic knowledge, learning while practicing",Occasionally participate in events,Sometimes,76% - 85%,"Technical/Hard Skills (Coding, Math, Logic)",Poor Time Management / Over-scheduling,Rarely (Passive),Low Impact (Rarely affects study),High Risk,3,2
STU0433,3/23/2026 9:07,Third Year (TY),BSc IT,21,Female,9.5 - 10.0,Unsatisfied,1-2 hours,4,Few times a week,More than 2 hours,2-4 hours,Other,Sometimes,Often,Thinking about it,Somewhat clear,"Hard skills (programming, data analytics, technical skills)",2,5,1,Often,6-7 hours,Data Analyst,"Not currently, but intend to in the future",Planning to start a project/internship soon,"Basic knowledge, learning while practicing","Rarely participate, mostly observe",Often,50% - 65%,"Technical/Hard Skills (Coding, Math, Logic)",Procrastination / Low Motivation,Never (Unaware or Not interested),Low Impact (Rarely affects study),High Risk,3,2
STU0434,4/5/2026 13:04,Second Year (SY),BCA,21,Male,5.0 - 6.9,Neutral,Less than 1 hour,1,Rarely,More than 2 hours,4-6 hours,Video content (YouTube/OTT),Mostly consistent,Always,Planning to start soon,Very clear,"Hard skills (programming, data analytics, technical skills)",3,2,2,Never,6-7 hours,Automation Engineer,Planning to enroll soon,Planning to start a project/internship soon,"Basic knowledge, learning while practicing",Unknown,Often,Above 85%,"Technical/Hard Skills (Coding, Math, Logic)",Procrastination / Low Motivation,Never (Unaware or Not interested),No Impact (Fully supportive environment),Moderate Risk,2,1
STU0435,3/29/2026 18:24,Third Year (TY),BCA,21,Male,7.0 - 8.4,Satisfied,1-2 hours,3,Rarely,More than 2 hours,4-6 hours,Video content (YouTube/OTT),Sometimes,Often,Planning to start soon,Somewhat clear,Both hard and soft skills,1,4,2,Always,6-7 hours,Other,Planning to enroll soon,Planning to start a project/internship soon,"Limited knowledge, theoretical only",Occasionally participate in events,Sometimes,Above 85%,"Creative/Design Skills (Innovation, UI/UX, Content)",Procrastination / Low Motivation,Occasionally (When needed),Moderate Impact (Occasional disruption),Moderate Risk,2,2
STU0436,4/5/2026 16:31,First Year (PG),BCA,25,Female,8.5 - 9.4,Neutral,1-2 hours,1,Daily,30-60 minutes,4-6 hours,Social interactions,Mostly consistent,Always,Planning to start soon,Somewhat clear,Both hard and soft skills,4,2,3,Sometimes,4-5 hours,Cyber Security Analyst,"No, not interested",Planning to start a project/internship soon,"Limited knowledge, theoretical only",Unknown,Always,Above 85%,"Soft Skills (Communication, Leadership, Teamwork)",Procrastination / Low Motivation,Occasionally (When needed),Low Impact (Rarely affects study),Low Risk,1,2
STU0437,4/9/2026 8:22,Third Year (TY),BCA,22,Male,5.0 - 6.9,Unsatisfied,1-2 hours,2,Few times a week,30-60 minutes,More than 6 hours,Video content (YouTube/OTT),Rarely,Often,Actively preparing for a goal (placements/exams),Somewhat clear,Both hard and soft skills,3,2,1,Sometimes,6-7 hours,Software Developer,"Yes, currently enrolled in one or more courses/certifications",Planning to start a project/internship soon,"Limited knowledge, theoretical only",Never participate in such events,Always,76% - 85%,"Management/Execution (Planning, Organizing, Discipline)",Lack of Consistency or Determination (Difficulty sticking to a plan),Never (Unaware or Not interested),Moderate Impact (Occasional disruption),High Risk,3,2
STU0438,3/24/2026 7:55,Second Year (SY),BSc Computer Science,19,Male,7.0 - 8.4,Neutral,More than 2 hours,1,Unknown,1-2 hours,More than 6 hours,Other,Sometimes,Sometimes,Thinking about it,Somewhat clear,Both hard and soft skills,5,2,2,Sometimes,More than 8 hours,AI / ML,Planning to enroll soon,"Yes, actively working on projects/internship","Limited knowledge, theoretical only",Occasionally participate in events,Sometimes,Above 85%,"Soft Skills (Communication, Leadership, Teamwork)",Procrastination / Low Motivation,Occasionally (When needed),No Impact (Fully supportive environment),Moderate Risk,2,3
STU0439,3/18/2026 7:36,First Year (FY),BCA,18,Male,7.0 - 8.4,Unsatisfied,Less than 1 hour,4,Rarely,1-2 hours,More than 6 hours,Social media,Rarely,Often,Planning to start soon,Very clear,Both hard and soft skills,3,3,3,Often,6-7 hours,Software Developer,Planning to enroll soon,"Not currently, but intend to in the future","Basic knowledge, learning while practicing",Occasionally participate in events,Always,Less than 50%,"Management/Execution (Planning, Organizing, Discipline)",Procrastination / Low Motivation,Never (Unaware or Not interested),Low Impact (Rarely affects study),High Risk,3,1
STU0440,3/21/2026 10:34,Second Year (SY),BCA,20,Male,8.5 - 9.4,Very satisfied,Less than 1 hour,1,Rarely,1-2 hours,More than 6 hours,Social media,Mostly consistent,Always,Planning to start soon,Somewhat clear,"Soft skills (communication, teamwork, leadership, financial literacy)",1,3,2,Sometimes,4-5 hours,AI / ML,Planning to enroll soon,"Yes, actively working on projects/internship","Basic knowledge, learning while practicing",Never participate in such events,Rarely,76% - 85%,"Soft Skills (Communication, Leadership, Teamwork)",Poor Time Management / Over-scheduling,Rarely (Passive),Low Impact (Rarely affects study),Moderate Risk,2,1
STU0441,4/9/2026 18:22,Second Year (SY),BSc Cyber Security,19,Male,9.5 - 10.0,Neutral,More than 2 hours,4,Few times a week,More than 2 hours,More than 6 hours,Other,Sometimes,Often,Thinking about it,Very clear,"Hard skills (programming, data analytics, technical skills)",5,1,3,Sometimes,6-7 hours,AI / ML,Planning to enroll soon,Planning to start a project/internship soon,"Basic knowledge, learning while practicing",Never participate in such events,Always,66% - 75%,"Technical/Hard Skills (Coding, Math, Logic)",Difficulty with Focus / Concentration,Unknown,Low Impact (Rarely affects study),Low Risk,1,3
STU0442,3/20/2026 1:55,Third Year (TY),BBA,22,Male,7.0 - 8.4,Very unsatisfied,1-2 hours,3,Rarely,More than 2 hours,More than 6 hours,Social interactions,Sometimes,Often,Planning to start soon,Somewhat clear,Both hard and soft skills,3,2,3,Never,6-7 hours,Software Developer,"Not currently, but intend to in the future","Yes, actively working on projects/internship","Limited knowledge, theoretical only",Occasionally participate in events,Sometimes,50% - 65%,"Technical/Hard Skills (Coding, Math, Logic)",Lack of Consistency or Determination (Difficulty sticking to a plan),Occasionally (When needed),Moderate Impact (Occasional disruption),Moderate Risk,2,2
STU0443,3/19/2026 10:29,Third Year (TY),BCA,20,Female,8.5 - 9.4,Neutral,Less than 1 hour,3,Never,30-60 minutes,More than 6 hours,Gaming,Sometimes,Often,Planning to start soon,Somewhat clear,"Hard skills (programming, data analytics, technical skills)",3,3,3,Sometimes,6-7 hours,Data Analyst,"Not currently, but intend to in the future","Not currently, but intend to in the future","Limited knowledge, theoretical only",Occasionally participate in events,Rarely,66% - 75%,"Creative/Design Skills (Innovation, UI/UX, Content)",Lack of Consistency or Determination (Difficulty sticking to a plan),Rarely (Passive),Low Impact (Rarely affects study),Moderate Risk,2,1
STU0444,3/22/2026 16:25,First Year (PG),BCom,22,Female,9.5 - 10.0,Very satisfied,Less than 1 hour,1,Unknown,30-60 minutes,More than 6 hours,Gaming,Sometimes,Often,Thinking about it,Somewhat clear,Both hard and soft skills,3,4,3,Always,4-5 hours,Cyber Security Analyst,"Not currently, but intend to in the future","Yes, actively working on projects/internship","Basic knowledge, learning while practicing",Unknown,Sometimes,Above 85%,"Technical/Hard Skills (Coding, Math, Logic)",Poor Time Management / Over-scheduling,Rarely (Passive),Moderate Impact (Occasional disruption),Moderate Risk,2,1
STU0445,3/20/2026 22:35,Second Year (SY),BSc Computer Science,21,Male,5.0 - 6.9,Neutral,1-2 hours,1,Never,30-60 minutes,Unknown,Video content (YouTube/OTT),Sometimes,Sometimes,Actively preparing for a goal (placements/exams),Very clear,Both hard and soft skills,4,3,3,Always,More than 8 hours,AI / ML,"Yes, currently enrolled in one or more courses/certifications","Not currently, but intend to in the future","Basic knowledge, learning while practicing",Never participate in such events,Sometimes,Less than 50%,"Technical/Hard Skills (Coding, Math, Logic)",Procrastination / Low Motivation,Occasionally (When needed),Moderate Impact (Occasional disruption),High Risk,3,2
STU0446,4/7/2026 15:53,Second Year (PG),BCA,24,Male,7.0 - 8.4,Neutral,1-2 hours,1,Never,30-60 minutes,4-6 hours,Video content (YouTube/OTT),Rarely,Often,Actively preparing for a goal (placements/exams),Very clear,Both hard and soft skills,3,2,3,Often,6-7 hours,Software Developer,Planning to enroll soon,"Not currently, but intend to in the future","Basic knowledge, learning while practicing",Occasionally participate in events,Often,66% - 75%,"Management/Execution (Planning, Organizing, Discipline)",Procrastination / Low Motivation,Never (Unaware or Not interested),Moderate Impact (Occasional disruption),Moderate Risk,2,2
STU0447,4/2/2026 17:53,First Year (PG),BA,25,Male,9.5 - 10.0,Very satisfied,Less than 1 hour,2,Few times a week,1-2 hours,More than 6 hours,Video content (YouTube/OTT),Sometimes,Always,Thinking about it,Very clear,"Soft skills (communication, teamwork, leadership, financial literacy)",3,2,1,Sometimes,6-7 hours,Data Analyst,"Yes, currently enrolled in one or more courses/certifications",Planning to start a project/internship soon,"Limited knowledge, theoretical only","Rarely participate, mostly observe",Always,76% - 85%,"Creative/Design Skills (Innovation, UI/UX, Content)",Poor Time Management / Over-scheduling,Rarely (Passive),Moderate Impact (Occasional disruption),Low Risk,1,1
STU0448,3/28/2026 7:34,First Year (PG),BSc IT,25,Male,8.5 - 9.4,Very satisfied,1-2 hours,1,Few times a week,1-2 hours,More than 6 hours,Social media,Mostly consistent,Always,Thinking about it,Somewhat clear,"Hard skills (programming, data analytics, technical skills)",3,4,1,Sometimes,Unknown,Data Analyst,Planning to enroll soon,"Yes, actively working on projects/internship","Basic knowledge, learning while practicing","Rarely participate, mostly observe",Often,Above 85%,"Creative/Design Skills (Innovation, UI/UX, Content)",Procrastination / Low Motivation,Occasionally (When needed),High Impact (Frequent disruption),Moderate Risk,2,2
STU0449,4/13/2026 7:44,First Year (FY),BCA,19,Female,8.5 - 9.4,Very unsatisfied,More than 2 hours,3,Few times a week,30-60 minutes,4-6 hours,Social media,Sometimes,Rarely,Thinking about it,Somewhat clear,Both hard and soft skills,5,2,3,Sometimes,6-7 hours,AI / ML,"Yes, currently enrolled in one or more courses/certifications","Not currently, but intend to in the future",Strong foundation in core concepts,Occasionally participate in events,Rarely,76% - 85%,"Technical/Hard Skills (Coding, Math, Logic)",Difficulty with Focus / Concentration,Occasionally (When needed),Moderate Impact (Occasional disruption),Moderate Risk,2,3
STU0450,3/24/2026 9:16,Second Year (SY),BCA,19,Male,9.5 - 10.0,Satisfied,More than 2 hours,5,Daily,More than 2 hours,More than 6 hours,Social interactions,Rarely,Sometimes,Actively preparing for a goal (placements/exams),Very clear,Both hard and soft skills,5,3,2,Sometimes,More than 8 hours,Software Developer,"No, not interested","Not currently, but intend to in the future","Limited knowledge, theoretical only","Rarely participate, mostly observe",Rarely,Above 85%,"Soft Skills (Communication, Leadership, Teamwork)",Procrastination / Low Motivation,Occasionally (When needed),High Impact (Frequent disruption),Moderate Risk,2,3
STU0451,3/30/2026 18:31,First Year (PG),BSc Computer Science,25,Male,7.0 - 8.4,Very satisfied,1-2 hours,1,Rarely,1-2 hours,More than 6 hours,Other,Rarely,Often,Thinking about it,Not clear,"Soft skills (communication, teamwork, leadership, financial literacy)",3,3,1,Never,4-5 hours,Digital Marketing Specialist,"No, not interested",Planning to start a project/internship soon,"Limited knowledge, theoretical only",Never participate in such events,Often,50% - 65%,"Soft Skills (Communication, Leadership, Teamwork)",Poor Time Management / Over-scheduling,Rarely (Passive),Moderate Impact (Occasional disruption),High Risk,3,2
STU0452,3/16/2026 22:48,First Year (FY),BBA,19,Male,8.5 - 9.4,Very satisfied,1-2 hours,4,Few times a week,30-60 minutes,4-6 hours,Social media,Mostly consistent,Always,Thinking about it,Very clear,Both hard and soft skills,4,2,3,Sometimes,6-7 hours,Cyber Security Analyst,Planning to enroll soon,"Yes, actively working on projects/internship","Limited knowledge, theoretical only","Rarely participate, mostly observe",Often,Above 85%,"Soft Skills (Communication, Leadership, Teamwork)",Difficulty with Focus / Concentration,Never (Unaware or Not interested),High Impact (Frequent disruption),Low Risk,1,2
STU0453,4/3/2026 8:54,Second Year (SY),BBA,21,Male,7.0 - 8.4,Satisfied,Less than 1 hour,3,Few times a week,More than 2 hours,More than 6 hours,Social media,Rarely,Always,Planning to start soon,Somewhat clear,Both hard and soft skills,2,5,3,Sometimes,6-7 hours,Other,Planning to enroll soon,Planning to start a project/internship soon,Strong foundation in core concepts,Never participate in such events,Sometimes,50% - 65%,"Technical/Hard Skills (Coding, Math, Logic)",Poor Time Management / Over-scheduling,Occasionally (When needed),Moderate Impact (Occasional disruption),High Risk,3,1
STU0454,4/12/2026 7:53,Second Year (SY),BCA,21,Female,7.0 - 8.4,Satisfied,1-2 hours,3,Never,30-60 minutes,More than 6 hours,Gaming,Sometimes,Sometimes,Planning to start soon,Somewhat clear,Both hard and soft skills,2,4,1,Often,More than 8 hours,Software Developer,Planning to enroll soon,"Not currently, but intend to in the future","Limited knowledge, theoretical only",Never participate in such events,Often,Less than 50%,"Technical/Hard Skills (Coding, Math, Logic)",Difficulty with Focus / Concentration,Occasionally (When needed),Moderate Impact (Occasional disruption),High Risk,3,2
STU0455,4/14/2026 11:05,Second Year (PG),BCA,25,Female,9.5 - 10.0,Neutral,1-2 hours,3,Rarely,Unknown,4-6 hours,Social interactions,Sometimes,Sometimes,Actively preparing for a goal (placements/exams),Somewhat clear,"Soft skills (communication, teamwork, leadership, financial literacy)",3,4,2,Often,More than 8 hours,Data Analyst,Planning to enroll soon,Planning to start a project/internship soon,"Basic knowledge, learning while practicing",Occasionally participate in events,Sometimes,76% - 85%,"Soft Skills (Communication, Leadership, Teamwork)",Poor Time Management / Over-scheduling,Rarely (Passive),Moderate Impact (Occasional disruption),Moderate Risk,2,2
STU0456,3/30/2026 10:47,First Year (FY),BSc IT,18,Female,7.0 - 8.4,Neutral,1-2 hours,3,Rarely,30-60 minutes,More than 6 hours,Social media,Sometimes,Often,Planning to start soon,Not clear,Both hard and soft skills,5,2,2,Always,More than 8 hours,Digital Marketing Specialist,"No, not interested",Planning to start a project/internship soon,"Basic knowledge, learning while practicing",Never participate in such events,Sometimes,Less than 50%,"Technical/Hard Skills (Coding, Math, Logic)",Difficulty with Focus / Concentration,Occasionally (When needed),Moderate Impact (Occasional disruption),Moderate Risk,2,2
STU0457,4/2/2026 11:23,Final Year,BCA,23,Other,5.0 - 6.9,Unsatisfied,Less than 1 hour,3,Daily,More than 2 hours,More than 6 hours,Gaming,Mostly consistent,Always,Actively preparing for a goal (placements/exams),Somewhat clear,Both hard and soft skills,2,2,2,Always,6-7 hours,Software Developer,"Not currently, but intend to in the future","Not currently, but intend to in the future","Limited knowledge, theoretical only",Never participate in such events,Often,76% - 85%,"Creative/Design Skills (Innovation, UI/UX, Content)",Poor Time Management / Over-scheduling,Rarely (Passive),High Impact (Frequent disruption),Moderate Risk,2,1
STU0458,3/22/2026 9:59,Second Year (SY),BSc IT,20,Male,9.5 - 10.0,Satisfied,1-2 hours,4,Rarely,1-2 hours,4-6 hours,Social media,Mostly consistent,Sometimes,Actively preparing for a goal (placements/exams),Very clear,"Hard skills (programming, data analytics, technical skills)",3,2,2,Sometimes,6-7 hours,Software Developer,"Not currently, but intend to in the future",Planning to start a project/internship soon,"Limited knowledge, theoretical only",Never participate in such events,Often,Above 85%,"Technical/Hard Skills (Coding, Math, Logic)",Lack of Consistency or Determination (Difficulty sticking to a plan),Rarely (Passive),High Impact (Frequent disruption),Low Risk,1,2
STU0459,3/16/2026 12:35,Second Year (SY),BCA,21,Male,8.5 - 9.4,Satisfied,More than 2 hours,4,Few times a week,1-2 hours,More than 6 hours,Social interactions,Mostly consistent,Often,Planning to start soon,Not clear,"Soft skills (communication, teamwork, leadership, financial literacy)",3,4,2,Often,4-5 hours,Software Developer,"Yes, currently enrolled in one or more courses/certifications","Not currently, but intend to in the future","Basic knowledge, learning while practicing",Occasionally participate in events,Sometimes,Above 85%,"Soft Skills (Communication, Leadership, Teamwork)",Lack of Consistency or Determination (Difficulty sticking to a plan),Rarely (Passive),No Impact (Fully supportive environment),Moderate Risk,2,3
STU0460,4/7/2026 15:17,First Year (FY),BSc Cyber Security,18,Male,7.0 - 8.4,Unsatisfied,More than 2 hours,2,Daily,30-60 minutes,More than 6 hours,Video content (YouTube/OTT),Rarely,Sometimes,Thinking about it,Somewhat clear,"Hard skills (programming, data analytics, technical skills)",5,1,2,Sometimes,6-7 hours,Other,"Not currently, but intend to in the future",Planning to start a project/internship soon,"Basic knowledge, learning while practicing",Occasionally participate in events,Rarely,66% - 75%,"Technical/Hard Skills (Coding, Math, Logic)",Poor Time Management / Over-scheduling,Occasionally (When needed),Moderate Impact (Occasional disruption),Moderate Risk,2,3
STU0461,4/4/2026 8:42,Second Year (PG),BCom,26,Male,7.0 - 8.4,Neutral,Less than 1 hour,2,Never,More than 2 hours,More than 6 hours,Video content (YouTube/OTT),Sometimes,Always,Actively preparing for a goal (placements/exams),Very clear,"Hard skills (programming, data analytics, technical skills)",4,3,1,Never,6-7 hours,Other,"No, not interested",Planning to start a project/internship soon,Strong foundation in core concepts,"Rarely participate, mostly observe",Often,66% - 75%,"Technical/Hard Skills (Coding, Math, Logic)",Difficulty with Focus / Concentration,Rarely (Passive),Moderate Impact (Occasional disruption),Moderate Risk,2,1
STU0462,3/18/2026 7:31,Second Year (PG),BCA,24,Male,7.0 - 8.4,Neutral,Less than 1 hour,3,Rarely,1-2 hours,More than 6 hours,Social media,Sometimes,Often,Thinking about it,Somewhat clear,Both hard and soft skills,3,5,2,Never,6-7 hours,Software Developer,"No, not interested",Planning to start a project/internship soon,"Limited knowledge, theoretical only",Never participate in such events,Often,50% - 65%,"Technical/Hard Skills (Coding, Math, Logic)",Difficulty with Focus / Concentration,Never (Unaware or Not interested),High Impact (Frequent disruption),High Risk,3,1
STU0463,4/13/2026 21:26,First Year (PG),BCA,22,Male,8.5 - 9.4,Neutral,1-2 hours,1,Few times a week,1-2 hours,4-6 hours,Video content (YouTube/OTT),Mostly consistent,Sometimes,Actively preparing for a goal (placements/exams),Somewhat clear,"Hard skills (programming, data analytics, technical skills)",4,5,3,Always,6-7 hours,AI / ML,"Yes, currently enrolled in one or more courses/certifications",Planning to start a project/internship soon,"Basic knowledge, learning while practicing",Never participate in such events,Always,Above 85%,"Technical/Hard Skills (Coding, Math, Logic)",Difficulty with Focus / Concentration,Unknown,Low Impact (Rarely affects study),Moderate Risk,2,2
STU0464,4/5/2026 13:45,Second Year (SY),BCA,20,Male,5.0 - 6.9,Unsatisfied,Less than 1 hour,1,Rarely,30-60 minutes,Unknown,Social media,Sometimes,Often,Planning to start soon,Very clear,"Soft skills (communication, teamwork, leadership, financial literacy)",4,2,2,Sometimes,6-7 hours,Data Analyst,"Not currently, but intend to in the future","Yes, actively working on projects/internship","Basic knowledge, learning while practicing",Occasionally participate in events,Sometimes,50% - 65%,"Soft Skills (Communication, Leadership, Teamwork)",Lack of Consistency or Determination (Difficulty sticking to a plan),Never (Unaware or Not interested),Low Impact (Rarely affects study),High Risk,3,1
STU0465,4/9/2026 22:03,Third Year (TY),BCA,22,Female,8.5 - 9.4,Neutral,Less than 1 hour,2,Few times a week,1-2 hours,More than 6 hours,Video content (YouTube/OTT),Mostly consistent,Often,Planning to start soon,Not clear,Both hard and soft skills,1,5,2,Sometimes,6-7 hours,Data Analyst,"Yes, currently enrolled in one or more courses/certifications",Planning to start a project/internship soon,"Basic knowledge, learning while practicing",Unknown,Always,76% - 85%,"Technical/Hard Skills (Coding, Math, Logic)",Lack of Consistency or Determination (Difficulty sticking to a plan),Rarely (Passive),No Impact (Fully supportive environment),Moderate Risk,2,1
STU0466,3/24/2026 17:25,Second Year (SY),BCA,21,Male,7.0 - 8.4,Unsatisfied,Less than 1 hour,1,Few times a week,More than 2 hours,More than 6 hours,Gaming,Rarely,Often,Thinking about it,Not clear,"Soft skills (communication, teamwork, leadership, financial literacy)",1,4,1,Sometimes,6-7 hours,AI / ML,Planning to enroll soon,"Not currently, but intend to in the future","Limited knowledge, theoretical only","Rarely participate, mostly observe",Sometimes,Less than 50%,"Technical/Hard Skills (Coding, Math, Logic)",Procrastination / Low Motivation,Rarely (Passive),Moderate Impact (Occasional disruption),High Risk,3,1
STU0467,3/27/2026 13:56,Second Year (SY),BCA,20,Female,7.0 - 8.4,Neutral,1-2 hours,3,Few times a week,More than 2 hours,More than 6 hours,Gaming,Rarely,Always,Planning to start soon,Not clear,"Soft skills (communication, teamwork, leadership, financial literacy)",3,3,1,Sometimes,4-5 hours,Software Developer,"Not currently, but intend to in the future","Not currently, but intend to in the future","Basic knowledge, learning while practicing",Never participate in such events,Sometimes,50% - 65%,"Technical/Hard Skills (Coding, Math, Logic)",Difficulty with Focus / Concentration,Occasionally (When needed),High Impact (Frequent disruption),High Risk,3,2
STU0468,3/30/2026 6:59,Second Year (SY),BCA,21,Male,8.5 - 9.4,Very satisfied,More than 2 hours,3,Few times a week,1-2 hours,More than 6 hours,Social interactions,Mostly consistent,Often,Planning to start soon,Very clear,Both hard and soft skills,2,5,3,Often,4-5 hours,Data Analyst,"Not currently, but intend to in the future","Not currently, but intend to in the future","Basic knowledge, learning while practicing",Occasionally participate in events,Sometimes,50% - 65%,"Soft Skills (Communication, Leadership, Teamwork)",Difficulty with Focus / Concentration,Occasionally (When needed),Moderate Impact (Occasional disruption),High Risk,3,3
STU0469,4/13/2026 16:04,Second Year (SY),BCA,19,Other,7.0 - 8.4,Unsatisfied,1-2 hours,4,Few times a week,More than 2 hours,More than 6 hours,Other,Sometimes,Rarely,Planning to start soon,Very clear,Both hard and soft skills,1,5,2,Often,6-7 hours,Automation Engineer,"Not currently, but intend to in the future","Yes, actively working on projects/internship",Unknown,Occasionally participate in events,Sometimes,66% - 75%,"Soft Skills (Communication, Leadership, Teamwork)",Procrastination / Low Motivation,Occasionally (When needed),Low Impact (Rarely affects study),High Risk,3,2
STU0470,3/27/2026 22:53,Second Year (SY),BCom,19,Female,7.0 - 8.4,Neutral,Less than 1 hour,3,Never,More than 2 hours,2-4 hours,Video content (YouTube/OTT),Rarely,Often,Planning to start soon,Somewhat clear,"Soft skills (communication, teamwork, leadership, financial literacy)",4,4,1,Always,6-7 hours,Digital Marketing Specialist,"No, not interested",Planning to start a project/internship soon,"Basic knowledge, learning while practicing",Never participate in such events,Sometimes,66% - 75%,"Technical/Hard Skills (Coding, Math, Logic)",Procrastination / Low Motivation,Rarely (Passive),Moderate Impact (Occasional disruption),High Risk,3,1
STU0471,3/23/2026 13:38,First Year (FY),BCA,19,Male,7.0 - 8.4,Unsatisfied,1-2 hours,1,Few times a week,Unknown,More than 6 hours,Social media,Sometimes,Rarely,Planning to start soon,Not clear,"Hard skills (programming, data analytics, technical skills)",2,3,2,Never,4-5 hours,Cyber Security Analyst,"Yes, currently enrolled in one or more courses/certifications","Not currently, but intend to in the future",Strong foundation in core concepts,Occasionally participate in events,Often,Less than 50%,"Management/Execution (Planning, Organizing, Discipline)",Difficulty with Focus / Concentration,Occasionally (When needed),Low Impact (Rarely affects study),High Risk,3,2
STU0472,4/6/2026 7:23,Second Year (SY),BSc Computer Science,21,Male,7.0 - 8.4,Satisfied,Less than 1 hour,1,Few times a week,30-60 minutes,More than 6 hours,Social media,Rarely,Sometimes,Planning to start soon,Somewhat clear,Both hard and soft skills,3,3,2,Never,6-7 hours,Automation Engineer,"Yes, currently enrolled in one or more courses/certifications","Yes, actively working on projects/internship",Unknown,Never participate in such events,Always,Less than 50%,"Soft Skills (Communication, Leadership, Teamwork)",Poor Time Management / Over-scheduling,Occasionally (When needed),High Impact (Frequent disruption),High Risk,3,1
STU0473,4/4/2026 16:53,First Year (PG),BCA,23,Male,8.5 - 9.4,Neutral,More than 2 hours,2,Few times a week,1-2 hours,2-4 hours,Gaming,Mostly consistent,Sometimes,Planning to start soon,Somewhat clear,"Soft skills (communication, teamwork, leadership, financial literacy)",3,3,3,Always,More than 8 hours,AI / ML,"Not currently, but intend to in the future","Yes, actively working on projects/internship",Unknown,Occasionally participate in events,Often,Above 85%,"Creative/Design Skills (Innovation, UI/UX, Content)",Lack of Consistency or Determination (Difficulty sticking to a plan),Rarely (Passive),Moderate Impact (Occasional disruption),Low Risk,1,3
STU0474,4/10/2026 15:53,Second Year (PG),BSc IT,26,Female,9.5 - 10.0,Very satisfied,More than 2 hours,5,Unknown,1-2 hours,4-6 hours,Video content (YouTube/OTT),Sometimes,Sometimes,Planning to start soon,Somewhat clear,"Soft skills (communication, teamwork, leadership, financial literacy)",3,3,2,Sometimes,6-7 hours,AI / ML,"Yes, currently enrolled in one or more courses/certifications",Planning to start a project/internship soon,"Limited knowledge, theoretical only",Occasionally participate in events,Rarely,Above 85%,"Technical/Hard Skills (Coding, Math, Logic)",Lack of Consistency or Determination (Difficulty sticking to a plan),Rarely (Passive),Low Impact (Rarely affects study),Low Risk,1,3
STU0475,4/13/2026 9:39,Third Year (TY),BCA,22,Male,5.0 - 6.9,Unsatisfied,1-2 hours,1,Rarely,30-60 minutes,More than 6 hours,Social media,Sometimes,Always,Thinking about it,Somewhat clear,"Hard skills (programming, data analytics, technical skills)",Unknown,4,3,Sometimes,6-7 hours,Cyber Security Analyst,"Not currently, but intend to in the future",Planning to start a project/internship soon,"Basic knowledge, learning while practicing",Occasionally participate in events,Sometimes,66% - 75%,"Creative/Design Skills (Innovation, UI/UX, Content)",Poor Time Management / Over-scheduling,Occasionally (When needed),No Impact (Fully supportive environment),High Risk,3,2
STU0476,4/6/2026 19:28,Third Year (TY),BCom,21,Male,7.0 - 8.4,Neutral,1-2 hours,Unknown,Never,30-60 minutes,More than 6 hours,Other,Mostly consistent,Always,Thinking about it,Not clear,"Hard skills (programming, data analytics, technical skills)",4,4,1,Often,6-7 hours,Other,Planning to enroll soon,"Yes, actively working on projects/internship","Basic knowledge, learning while practicing","Rarely participate, mostly observe",Often,66% - 75%,"Technical/Hard Skills (Coding, Math, Logic)",Lack of Consistency or Determination (Difficulty sticking to a plan),Rarely (Passive),Moderate Impact (Occasional disruption),Moderate Risk,2,2
STU0477,3/27/2026 21:45,First Year (FY),BCA,18,Female,7.0 - 8.4,Unsatisfied,Less than 1 hour,1,Rarely,30-60 minutes,More than 6 hours,Video content (YouTube/OTT),Mostly consistent,Always,Thinking about it,Very clear,Both hard and soft skills,4,3,2,Often,6-7 hours,AI / ML,"Yes, currently enrolled in one or more courses/certifications","Not currently, but intend to in the future","Basic knowledge, learning while practicing",Occasionally participate in events,Rarely,66% - 75%,"Soft Skills (Communication, Leadership, Teamwork)",Poor Time Management / Over-scheduling,Occasionally (When needed),Moderate Impact (Occasional disruption),Moderate Risk,2,1
STU0478,4/9/2026 11:06,Third Year (TY),BCA,21,Female,9.5 - 10.0,Neutral,More than 2 hours,3,Few times a week,1-2 hours,More than 6 hours,Social interactions,Mostly consistent,Always,Planning to start soon,Very clear,Both hard and soft skills,3,4,3,Sometimes,6-7 hours,Cyber Security Analyst,Planning to enroll soon,"Not currently, but intend to in the future","Basic knowledge, learning while practicing",Occasionally participate in events,Often,76% - 85%,"Technical/Hard Skills (Coding, Math, Logic)",Poor Time Management / Over-scheduling,Never (Unaware or Not interested),High Impact (Frequent disruption),Moderate Risk,2,3
STU0479,4/3/2026 7:07,Second Year (PG),BSc Computer Science,24,Male,5.0 - 6.9,Neutral,1-2 hours,1,Never,1-2 hours,More than 6 hours,Video content (YouTube/OTT),Sometimes,Rarely,Actively preparing for a goal (placements/exams),Somewhat clear,Both hard and soft skills,2,5,2,Sometimes,6-7 hours,Other,"Not currently, but intend to in the future","Not currently, but intend to in the future","Limited knowledge, theoretical only",Never participate in such events,Rarely,50% - 65%,"Soft Skills (Communication, Leadership, Teamwork)",Procrastination / Low Motivation,Rarely (Passive),Low Impact (Rarely affects study),High Risk,3,2
STU0480,4/14/2026 9:59,First Year (FY),BSc IT,18,Female,7.0 - 8.4,Neutral,Less than 1 hour,3,Never,1-2 hours,More than 6 hours,Social interactions,Sometimes,Often,Planning to start soon,Very clear,"Soft skills (communication, teamwork, leadership, financial literacy)",4,1,2,Never,6-7 hours,Software Developer,"Yes, currently enrolled in one or more courses/certifications","Not currently, but intend to in the future","Basic knowledge, learning while practicing",Occasionally participate in events,Sometimes,50% - 65%,"Soft Skills (Communication, Leadership, Teamwork)",Poor Time Management / Over-scheduling,Rarely (Passive),No Impact (Fully supportive environment),Moderate Risk,2,1
STU0481,3/20/2026 14:23,First Year (PG),BSc IT,24,Female,7.0 - 8.4,Unsatisfied,Less than 1 hour,1,Few times a week,More than 2 hours,More than 6 hours,Social media,Rarely,Sometimes,Actively preparing for a goal (placements/exams),Not clear,Both hard and soft skills,4,4,2,Sometimes,6-7 hours,Software Developer,"Not currently, but intend to in the future","Not currently, but intend to in the future","Limited knowledge, theoretical only",Occasionally participate in events,Often,50% - 65%,"Management/Execution (Planning, Organizing, Discipline)",Procrastination / Low Motivation,Unknown,Low Impact (Rarely affects study),High Risk,3,1
STU0482,3/25/2026 10:30,Second Year (SY),BSc IT,20,Male,9.5 - 10.0,Satisfied,1-2 hours,4,Never,1-2 hours,4-6 hours,Gaming,Sometimes,Often,Thinking about it,Very clear,Both hard and soft skills,4,1,3,Sometimes,6-7 hours,Digital Marketing Specialist,"No, not interested",Planning to start a project/internship soon,"Limited knowledge, theoretical only","Rarely participate, mostly observe",Rarely,Above 85%,"Technical/Hard Skills (Coding, Math, Logic)",Poor Time Management / Over-scheduling,Occasionally (When needed),High Impact (Frequent disruption),Low Risk,1,2
STU0483,4/14/2026 8:29,Third Year (TY),BCA,22,Male,7.0 - 8.4,Neutral,Less than 1 hour,2,Rarely,Unknown,4-6 hours,Other,Sometimes,Rarely,Planning to start soon,Very clear,"Hard skills (programming, data analytics, technical skills)",Unknown,2,3,Sometimes,6-7 hours,AI / ML,"No, not interested","Not currently, but intend to in the future",Strong foundation in core concepts,"Rarely participate, mostly observe",Often,76% - 85%,"Technical/Hard Skills (Coding, Math, Logic)",Lack of Consistency or Determination (Difficulty sticking to a plan),Rarely (Passive),No Impact (Fully supportive environment),Moderate Risk,2,1
STU0484,4/13/2026 12:42,First Year (FY),BSc IT,19,Male,9.5 - 10.0,Very satisfied,1-2 hours,2,Rarely,1-2 hours,More than 6 hours,Social interactions,Mostly consistent,Sometimes,Planning to start soon,Very clear,"Soft skills (communication, teamwork, leadership, financial literacy)",3,3,1,Often,6-7 hours,Automation Engineer,"Yes, currently enrolled in one or more courses/certifications","Yes, actively working on projects/internship",Strong foundation in core concepts,Never participate in such events,Always,76% - 85%,"Management/Execution (Planning, Organizing, Discipline)",Poor Time Management / Over-scheduling,Never (Unaware or Not interested),High Impact (Frequent disruption),Low Risk,1,2
STU0485,3/15/2026 10:22,Second Year (SY),BCA,20,Male,8.5 - 9.4,Neutral,More than 2 hours,4,Never,30-60 minutes,4-6 hours,Gaming,Mostly consistent,Rarely,Actively preparing for a goal (placements/exams),Somewhat clear,Both hard and soft skills,2,5,3,Often,6-7 hours,Cyber Security Analyst,"Yes, currently enrolled in one or more courses/certifications","Not currently, but intend to in the future",Strong foundation in core concepts,Occasionally participate in events,Often,Above 85%,"Technical/Hard Skills (Coding, Math, Logic)",Poor Time Management / Over-scheduling,Rarely (Passive),Moderate Impact (Occasional disruption),Moderate Risk,2,3
STU0486,3/24/2026 11:56,Second Year (SY),BCA,19,Female,8.5 - 9.4,Neutral,1-2 hours,2,Never,1-2 hours,More than 6 hours,Social media,Sometimes,Rarely,Planning to start soon,Very clear,Both hard and soft skills,5,4,2,Sometimes,More than 8 hours,Digital Marketing Specialist,Planning to enroll soon,Planning to start a project/internship soon,"Basic knowledge, learning while practicing","Rarely participate, mostly observe",Sometimes,66% - 75%,"Soft Skills (Communication, Leadership, Teamwork)",Lack of Consistency or Determination (Difficulty sticking to a plan),Rarely (Passive),Unknown,Moderate Risk,2,2
STU0487,4/1/2026 8:50,First Year (FY),BCA,19,Male,8.5 - 9.4,Neutral,More than 2 hours,5,Few times a week,1-2 hours,4-6 hours,Social media,Sometimes,Rarely,Planning to start soon,Not clear,"Hard skills (programming, data analytics, technical skills)",4,3,3,Never,6-7 hours,AI / ML,"Yes, currently enrolled in one or more courses/certifications","Not currently, but intend to in the future","Limited knowledge, theoretical only",Occasionally participate in events,Sometimes,Above 85%,"Soft Skills (Communication, Leadership, Teamwork)",Lack of Consistency or Determination (Difficulty sticking to a plan),Occasionally (When needed),Low Impact (Rarely affects study),Moderate Risk,2,3
STU0488,4/7/2026 16:36,Third Year (TY),BSc Computer Science,20,Male,8.5 - 9.4,Neutral,1-2 hours,2,Few times a week,30-60 minutes,More than 6 hours,Video content (YouTube/OTT),Mostly consistent,Often,Planning to start soon,Very clear,Both hard and soft skills,3,3,2,Often,6-7 hours,Other,"Yes, currently enrolled in one or more courses/certifications",Planning to start a project/internship soon,"Basic knowledge, learning while practicing",Never participate in such events,Always,76% - 85%,"Technical/Hard Skills (Coding, Math, Logic)",Poor Time Management / Over-scheduling,Occasionally (When needed),High Impact (Frequent disruption),Moderate Risk,2,2
STU0489,3/19/2026 16:43,Second Year (SY),BCA,21,Female,7.0 - 8.4,Satisfied,More than 2 hours,4,Daily,1-2 hours,2-4 hours,Social media,Rarely,Often,Thinking about it,Very clear,"Hard skills (programming, data analytics, technical skills)",5,2,1,Sometimes,6-7 hours,AI / ML,Planning to enroll soon,Planning to start a project/internship soon,"Limited knowledge, theoretical only",Never participate in such events,Sometimes,Less than 50%,"Soft Skills (Communication, Leadership, Teamwork)",Procrastination / Low Motivation,Rarely (Passive),Moderate Impact (Occasional disruption),High Risk,3,3
STU0490,3/29/2026 8:13,First Year (PG),BA,22,Female,7.0 - 8.4,Neutral,More than 2 hours,2,Daily,30-60 minutes,2-4 hours,Video content (YouTube/OTT),Sometimes,Often,Actively preparing for a goal (placements/exams),Not clear,"Hard skills (programming, data analytics, technical skills)",3,4,2,Never,More than 8 hours,Data Analyst,"Not currently, but intend to in the future","Not currently, but intend to in the future","Limited knowledge, theoretical only","Rarely participate, mostly observe",Sometimes,50% - 65%,"Technical/Hard Skills (Coding, Math, Logic)",Difficulty with Focus / Concentration,Occasionally (When needed),Low Impact (Rarely affects study),High Risk,3,3
STU0491,3/31/2026 11:09,Second Year (SY),BCA,19,Male,7.0 - 8.4,Very satisfied,More than 2 hours,1,Daily,30-60 minutes,More than 6 hours,Social media,Sometimes,Sometimes,Actively preparing for a goal (placements/exams),Somewhat clear,"Hard skills (programming, data analytics, technical skills)",2,5,1,Often,Unknown,Automation Engineer,Planning to enroll soon,"Yes, actively working on projects/internship","Limited knowledge, theoretical only",Never participate in such events,Always,50% - 65%,"Soft Skills (Communication, Leadership, Teamwork)",Difficulty with Focus / Concentration,Occasionally (When needed),High Impact (Frequent disruption),High Risk,3,3
STU0492,3/18/2026 10:07,Second Year (SY),BCA,20,Female,9.5 - 10.0,Neutral,1-2 hours,4,Rarely,30-60 minutes,2-4 hours,Social media,Sometimes,Often,Planning to start soon,Somewhat clear,Both hard and soft skills,4,2,2,Never,More than 8 hours,AI / ML,Planning to enroll soon,Planning to start a project/internship soon,"Basic knowledge, learning while practicing",Occasionally participate in events,Rarely,76% - 85%,"Soft Skills (Communication, Leadership, Teamwork)",Poor Time Management / Over-scheduling,Occasionally (When needed),Low Impact (Rarely affects study),Low Risk,1,2
STU0493,3/20/2026 7:13,Second Year (SY),BCom,21,Other,8.5 - 9.4,Unsatisfied,1-2 hours,1,Daily,30-60 minutes,More than 6 hours,Social media,Sometimes,Sometimes,Planning to start soon,Somewhat clear,"Soft skills (communication, teamwork, leadership, financial literacy)",5,3,2,Sometimes,6-7 hours,Software Developer,"Yes, currently enrolled in one or more courses/certifications","Yes, actively working on projects/internship","Basic knowledge, learning while practicing",Never participate in such events,Rarely,50% - 65%,"Soft Skills (Communication, Leadership, Teamwork)",Procrastination / Low Motivation,Rarely (Passive),Moderate Impact (Occasional disruption),Moderate Risk,2,2
STU0494,4/4/2026 11:32,First Year (FY),BCA,18,Female,9.5 - 10.0,Very satisfied,Less than 1 hour,1,Rarely,1-2 hours,4-6 hours,Video content (YouTube/OTT),Mostly consistent,Always,Thinking about it,Somewhat clear,"Hard skills (programming, data analytics, technical skills)",5,3,1,Sometimes,More than 8 hours,AI / ML,"Not currently, but intend to in the future",Planning to start a project/internship soon,"Basic knowledge, learning while practicing",Never participate in such events,Often,76% - 85%,"Technical/Hard Skills (Coding, Math, Logic)",Lack of Consistency or Determination (Difficulty sticking to a plan),Rarely (Passive),High Impact (Frequent disruption),Low Risk,1,1
STU0495,4/4/2026 12:17,Second Year (PG),BCom,23,Male,9.5 - 10.0,Satisfied,1-2 hours,1,Rarely,1-2 hours,More than 6 hours,Social media,Sometimes,Rarely,Planning to start soon,Somewhat clear,Both hard and soft skills,3,4,2,Never,6-7 hours,Automation Engineer,"Yes, currently enrolled in one or more courses/certifications","Not currently, but intend to in the future","Limited knowledge, theoretical only",Occasionally participate in events,Often,50% - 65%,"Creative/Design Skills (Innovation, UI/UX, Content)",Lack of Consistency or Determination (Difficulty sticking to a plan),Never (Unaware or Not interested),Low Impact (Rarely affects study),Moderate Risk,2,2
STU0496,4/8/2026 10:12,First Year (FY),BSc Computer Science,18,Male,7.0 - 8.4,Unsatisfied,Less than 1 hour,1,Unknown,30-60 minutes,2-4 hours,Gaming,Rarely,Rarely,Actively preparing for a goal (placements/exams),Somewhat clear,Both hard and soft skills,3,5,1,Sometimes,6-7 hours,Other,"Not currently, but intend to in the future",Planning to start a project/internship soon,"Basic knowledge, learning while practicing","Rarely participate, mostly observe",Always,Less than 50%,"Technical/Hard Skills (Coding, Math, Logic)",Difficulty with Focus / Concentration,Occasionally (When needed),Low Impact (Rarely affects study),High Risk,3,1
STU0497,3/16/2026 9:37,First Year (FY),BCA,18,Female,5.0 - 6.9,Neutral,Less than 1 hour,4,Unknown,More than 2 hours,2-4 hours,Social interactions,Sometimes,Sometimes,Planning to start soon,Very clear,Both hard and soft skills,5,2,3,Never,More than 8 hours,Software Developer,"Yes, currently enrolled in one or more courses/certifications","Not currently, but intend to in the future","Basic knowledge, learning while practicing","Rarely participate, mostly observe",Rarely,50% - 65%,"Management/Execution (Planning, Organizing, Discipline)",Procrastination / Low Motivation,Rarely (Passive),No Impact (Fully supportive environment),High Risk,3,1
STU0498,4/14/2026 10:19,First Year (FY),BCA,18,Female,7.0 - 8.4,Satisfied,1-2 hours,1,Never,1-2 hours,4-6 hours,Video content (YouTube/OTT),Sometimes,Often,Actively preparing for a goal (placements/exams),Not clear,"Soft skills (communication, teamwork, leadership, financial literacy)",2,5,2,Often,6-7 hours,Cyber Security Analyst,"Yes, currently enrolled in one or more courses/certifications",Planning to start a project/internship soon,"Limited knowledge, theoretical only","Rarely participate, mostly observe",Sometimes,66% - 75%,"Soft Skills (Communication, Leadership, Teamwork)",Difficulty with Focus / Concentration,Rarely (Passive),Low Impact (Rarely affects study),High Risk,3,2
STU0499,4/8/2026 15:15,First Year (PG),BCA,23,Female,7.0 - 8.4,Neutral,1-2 hours,3,Few times a week,30-60 minutes,4-6 hours,Video content (YouTube/OTT),Mostly consistent,Always,Planning to start soon,Somewhat clear,"Soft skills (communication, teamwork, leadership, financial literacy)",3,4,3,Often,More than 8 hours,Data Analyst,"No, not interested",Planning to start a project/internship soon,Strong foundation in core concepts,Occasionally participate in events,Often,76% - 85%,"Creative/Design Skills (Innovation, UI/UX, Content)",Lack of Consistency or Determination (Difficulty sticking to a plan),Occasionally (When needed),No Impact (Fully supportive environment),Moderate Risk,2,2
STU0500,3/18/2026 11:43,First Year (FY),BBA,17,Male,7.0 - 8.4,Very satisfied,1-2 hours,2,Never,30-60 minutes,4-6 hours,Other,Rarely,Sometimes,Actively preparing for a goal (placements/exams),Very clear,Both hard and soft skills,4,3,1,Sometimes,More than 8 hours,Software Developer,"Not currently, but intend to in the future","Not currently, but intend to in the future","Limited knowledge, theoretical only",Occasionally participate in events,Always,66% - 75%,"Technical/Hard Skills (Coding, Math, Logic)",Lack of Consistency or Determination (Difficulty sticking to a plan),Rarely (Passive),High Impact (Frequent disruption),High Risk,3,2
STU0501,4/1/2026 12:58,Second Year (SY),BSc Cyber Security,20,Male,7.0 - 8.4,Satisfied,1-2 hours,1,Few times a week,30-60 minutes,More than 6 hours,Other,Rarely,Sometimes,Actively preparing for a goal (placements/exams),Very clear,"Soft skills (communication, teamwork, leadership, financial literacy)",4,4,2,Sometimes,6-7 hours,Other,Planning to enroll soon,"Yes, actively working on projects/internship","Basic knowledge, learning while practicing",Occasionally participate in events,Rarely,50% - 65%,"Technical/Hard Skills (Coding, Math, Logic)",Poor Time Management / Over-scheduling,Occasionally (When needed),Low Impact (Rarely affects study),High Risk,3,2
STU0502,4/2/2026 7:13,First Year (FY),BCA,19,Male,9.5 - 10.0,Neutral,More than 2 hours,3,Rarely,30-60 minutes,More than 6 hours,Social media,Mostly consistent,Sometimes,Thinking about it,Very clear,Both hard and soft skills,4,4,3,Always,More than 8 hours,AI / ML,"Not currently, but intend to in the future","Not currently, but intend to in the future","Basic knowledge, learning while practicing",Never participate in such events,Always,76% - 85%,"Soft Skills (Communication, Leadership, Teamwork)",Difficulty with Focus / Concentration,Never (Unaware or Not interested),Moderate Impact (Occasional disruption),Moderate Risk,2,3
STU0503,4/5/2026 5:56,Third Year (TY),BCA,21,Female,7.0 - 8.4,Neutral,1-2 hours,1,Never,30-60 minutes,4-6 hours,Social media,Mostly consistent,Always,Actively preparing for a goal (placements/exams),Very clear,"Soft skills (communication, teamwork, leadership, financial literacy)",2,5,2,Sometimes,6-7 hours,Data Analyst,"Not currently, but intend to in the future",Planning to start a project/internship soon,Strong foundation in core concepts,"Rarely participate, mostly observe",Always,66% - 75%,"Creative/Design Skills (Innovation, UI/UX, Content)",Lack of Consistency or Determination (Difficulty sticking to a plan),Never (Unaware or Not interested),No Impact (Fully supportive environment),High Risk,3,2
STU0504,4/12/2026 9:00,Second Year (SY),BCA,19,Female,9.5 - 10.0,Very satisfied,1-2 hours,2,Few times a week,More than 2 hours,More than 6 hours,Social media,Mostly consistent,Often,Planning to start soon,Very clear,Both hard and soft skills,3,3,2,Sometimes,6-7 hours,Data Analyst,"Yes, currently enrolled in one or more courses/certifications",Planning to start a project/internship soon,Unknown,"Rarely participate, mostly observe",Often,76% - 85%,"Soft Skills (Communication, Leadership, Teamwork)",Difficulty with Focus / Concentration,Never (Unaware or Not interested),Moderate Impact (Occasional disruption),Low Risk,1,2
STU0505,4/10/2026 22:22,Second Year (SY),BSc Computer Science,20,Male,8.5 - 9.4,Neutral,More than 2 hours,5,Rarely,1-2 hours,4-6 hours,Video content (YouTube/OTT),Sometimes,Often,Actively preparing for a goal (placements/exams),Somewhat clear,"Hard skills (programming, data analytics, technical skills)",3,Unknown,3,Always,4-5 hours,Digital Marketing Specialist,"Not currently, but intend to in the future","Yes, actively working on projects/internship",Strong foundation in core concepts,Unknown,Always,76% - 85%,"Creative/Design Skills (Innovation, UI/UX, Content)",Procrastination / Low Motivation,Rarely (Passive),High Impact (Frequent disruption),Moderate Risk,2,3
STU0506,3/21/2026 16:22,Final Year,BCA,21,Other,9.5 - 10.0,Very satisfied,More than 2 hours,3,Few times a week,1-2 hours,More than 6 hours,Social media,Sometimes,Sometimes,Planning to start soon,Very clear,"Hard skills (programming, data analytics, technical skills)",5,4,3,Sometimes,6-7 hours,Data Analyst,"Not currently, but intend to in the future","Yes, actively working on projects/internship",Strong foundation in core concepts,Unknown,Always,50% - 65%,"Management/Execution (Planning, Organizing, Discipline)",Procrastination / Low Motivation,Occasionally (When needed),Moderate Impact (Occasional disruption),Moderate Risk,2,3
STU0507,4/11/2026 9:07,Final Year,BCA,22,Male,9.5 - 10.0,Satisfied,More than 2 hours,4,Few times a week,1-2 hours,4-6 hours,Gaming,Sometimes,Sometimes,Planning to start soon,Very clear,"Hard skills (programming, data analytics, technical skills)",3,2,2,Never,6-7 hours,Other,"Not currently, but intend to in the future","Yes, actively working on projects/internship","Basic knowledge, learning while practicing",Never participate in such events,Sometimes,Above 85%,"Management/Execution (Planning, Organizing, Discipline)",Poor Time Management / Over-scheduling,Occasionally (When needed),High Impact (Frequent disruption),Low Risk,1,3
STU0508,4/7/2026 21:33,Third Year (TY),BSc Computer Science,21,Male,7.0 - 8.4,Neutral,More than 2 hours,3,Few times a week,30-60 minutes,4-6 hours,Gaming,Rarely,Sometimes,Planning to start soon,Very clear,Both hard and soft skills,2,4,3,Often,6-7 hours,AI / ML,"Yes, currently enrolled in one or more courses/certifications",Planning to start a project/internship soon,"Basic knowledge, learning while practicing",Never participate in such events,Often,50% - 65%,"Technical/Hard Skills (Coding, Math, Logic)",Procrastination / Low Motivation,Never (Unaware or Not interested),Moderate Impact (Occasional disruption),High Risk,3,3
STU0509,4/11/2026 14:27,Second Year (SY),BSc Computer Science,20,Male,7.0 - 8.4,Neutral,1-2 hours,2,Never,30-60 minutes,More than 6 hours,Video content (YouTube/OTT),Mostly consistent,Rarely,Thinking about it,Not clear,"Soft skills (communication, teamwork, leadership, financial literacy)",4,2,2,Often,6-7 hours,Other,"No, not interested","Not currently, but intend to in the future",Strong foundation in core concepts,Unknown,Sometimes,Less than 50%,"Creative/Design Skills (Innovation, UI/UX, Content)",Lack of Consistency or Determination (Difficulty sticking to a plan),Occasionally (When needed),Moderate Impact (Occasional disruption),Moderate Risk,2,2
STU0510,4/9/2026 16:36,Second Year (PG),BSc Computer Science,23,Other,7.0 - 8.4,Neutral,1-2 hours,2,Never,1-2 hours,More than 6 hours,Video content (YouTube/OTT),Rarely,Sometimes,Planning to start soon,Not clear,Both hard and soft skills,1,5,1,Always,4-5 hours,Digital Marketing Specialist,"No, not interested","Yes, actively working on projects/internship",Unknown,"Rarely participate, mostly observe",Often,50% - 65%,"Technical/Hard Skills (Coding, Math, Logic)",Lack of Consistency or Determination (Difficulty sticking to a plan),Unknown,No Impact (Fully supportive environment),High Risk,3,2
STU0511,3/25/2026 10:59,Third Year (TY),BCA,21,Male,5.0 - 6.9,Unsatisfied,1-2 hours,3,Rarely,30-60 minutes,4-6 hours,Social media,Sometimes,Sometimes,Actively preparing for a goal (placements/exams),Not clear,Both hard and soft skills,3,5,2,Never,6-7 hours,Automation Engineer,Planning to enroll soon,"Yes, actively working on projects/internship","Basic knowledge, learning while practicing","Rarely participate, mostly observe",Often,50% - 65%,"Soft Skills (Communication, Leadership, Teamwork)",Difficulty with Focus / Concentration,Rarely (Passive),High Impact (Frequent disruption),High Risk,3,2
STU0512,4/13/2026 5:03,Second Year (PG),BCA,23,Female,7.0 - 8.4,Neutral,1-2 hours,4,Never,1-2 hours,4-6 hours,Social interactions,Rarely,Often,Actively preparing for a goal (placements/exams),Very clear,Both hard and soft skills,5,3,2,Sometimes,6-7 hours,Automation Engineer,Planning to enroll soon,"Yes, actively working on projects/internship","Limited knowledge, theoretical only","Rarely participate, mostly observe",Often,50% - 65%,"Soft Skills (Communication, Leadership, Teamwork)",Difficulty with Focus / Concentration,Rarely (Passive),Low Impact (Rarely affects study),High Risk,3,2
STU0513,3/18/2026 15:25,First Year (PG),BCA,25,Male,8.5 - 9.4,Neutral,More than 2 hours,4,Few times a week,1-2 hours,Unknown,Social media,Mostly consistent,Sometimes,Actively preparing for a goal (placements/exams),Very clear,Both hard and soft skills,4,4,2,Never,More than 8 hours,Digital Marketing Specialist,"Yes, currently enrolled in one or more courses/certifications","Not currently, but intend to in the future","Limited knowledge, theoretical only",Never participate in such events,Often,76% - 85%,"Technical/Hard Skills (Coding, Math, Logic)",Lack of Consistency or Determination (Difficulty sticking to a plan),Occasionally (When needed),Moderate Impact (Occasional disruption),Moderate Risk,2,3
STU0514,3/18/2026 9:12,First Year (FY),BCA,17,Male,8.5 - 9.4,Very satisfied,1-2 hours,Unknown,Never,1-2 hours,More than 6 hours,Social media,Rarely,Sometimes,Planning to start soon,Somewhat clear,"Soft skills (communication, teamwork, leadership, financial literacy)",2,4,1,Often,More than 8 hours,Other,"Not currently, but intend to in the future","Not currently, but intend to in the future","Basic knowledge, learning while practicing",Occasionally participate in events,Rarely,76% - 85%,"Technical/Hard Skills (Coding, Math, Logic)",Procrastination / Low Motivation,Rarely (Passive),Low Impact (Rarely affects study),High Risk,3,2
STU0515,3/24/2026 8:08,Second Year (SY),BCom,21,Male,8.5 - 9.4,Neutral,1-2 hours,2,Rarely,1-2 hours,4-6 hours,Social media,Sometimes,Often,Planning to start soon,Somewhat clear,"Soft skills (communication, teamwork, leadership, financial literacy)",4,3,3,Often,More than 8 hours,AI / ML,"Yes, currently enrolled in one or more courses/certifications","Not currently, but intend to in the future","Limited knowledge, theoretical only",Unknown,Often,76% - 85%,"Soft Skills (Communication, Leadership, Teamwork)",Poor Time Management / Over-scheduling,Occasionally (When needed),High Impact (Frequent disruption),Moderate Risk,2,2
STU0516,3/22/2026 16:03,Third Year (TY),BCA,22,Male,7.0 - 8.4,Neutral,1-2 hours,2,Rarely,1-2 hours,2-4 hours,Gaming,Sometimes,Sometimes,Planning to start soon,Somewhat clear,Both hard and soft skills,2,2,1,Often,4-5 hours,AI / ML,"No, not interested","Not currently, but intend to in the future","Basic knowledge, learning while practicing","Rarely participate, mostly observe",Sometimes,76% - 85%,"Soft Skills (Communication, Leadership, Teamwork)",Procrastination / Low Motivation,Never (Unaware or Not interested),Moderate Impact (Occasional disruption),Moderate Risk,2,2
STU0517,4/2/2026 12:54,First Year (PG),BA,24,Male,8.5 - 9.4,Very unsatisfied,1-2 hours,2,Never,1-2 hours,More than 6 hours,Social media,Mostly consistent,Always,Actively preparing for a goal (placements/exams),Not clear,"Soft skills (communication, teamwork, leadership, financial literacy)",3,4,3,Sometimes,Unknown,Software Developer,"Yes, currently enrolled in one or more courses/certifications",Planning to start a project/internship soon,"Basic knowledge, learning while practicing","Rarely participate, mostly observe",Often,Above 85%,"Creative/Design Skills (Innovation, UI/UX, Content)",Difficulty with Focus / Concentration,Rarely (Passive),No Impact (Fully supportive environment),Moderate Risk,2,2
STU0518,3/25/2026 8:52,Third Year (TY),BSc Computer Science,22,Female,7.0 - 8.4,Neutral,1-2 hours,5,Never,1-2 hours,Unknown,Other,Rarely,Sometimes,Planning to start soon,Somewhat clear,"Hard skills (programming, data analytics, technical skills)",Unknown,3,1,Often,4-5 hours,AI / ML,"No, not interested",Planning to start a project/internship soon,"Limited knowledge, theoretical only","Rarely participate, mostly observe",Always,66% - 75%,"Soft Skills (Communication, Leadership, Teamwork)",Difficulty with Focus / Concentration,Rarely (Passive),Moderate Impact (Occasional disruption),High Risk,3,2
STU0519,3/21/2026 9:12,First Year (FY),BSc Computer Science,18,Male,5.0 - 6.9,Neutral,1-2 hours,4,Never,1-2 hours,More than 6 hours,Video content (YouTube/OTT),Rarely,Often,Planning to start soon,Somewhat clear,Both hard and soft skills,4,1,Unknown,Never,More than 8 hours,AI / ML,Planning to enroll soon,"Not currently, but intend to in the future",Unknown,"Rarely participate, mostly observe",Often,Less than 50%,"Technical/Hard Skills (Coding, Math, Logic)",Procrastination / Low Motivation,Never (Unaware or Not interested),No Impact (Fully supportive environment),High Risk,3,2
STU0520,3/25/2026 18:07,Third Year (TY),BCA,20,Male,8.5 - 9.4,Unsatisfied,More than 2 hours,3,Few times a week,1-2 hours,More than 6 hours,Video content (YouTube/OTT),Mostly consistent,Often,Planning to start soon,Somewhat clear,"Hard skills (programming, data analytics, technical skills)",5,3,1,Often,6-7 hours,AI / ML,Planning to enroll soon,Planning to start a project/internship soon,"Limited knowledge, theoretical only","Rarely participate, mostly observe",Often,Above 85%,"Technical/Hard Skills (Coding, Math, Logic)",Lack of Consistency or Determination (Difficulty sticking to a plan),Occasionally (When needed),High Impact (Frequent disruption),Low Risk,1,3
STU0521,4/1/2026 15:12,Third Year (TY),BCA,21,Female,5.0 - 6.9,Very unsatisfied,Less than 1 hour,1,Rarely,1-2 hours,2-4 hours,Other,Mostly consistent,Often,Planning to start soon,Very clear,"Soft skills (communication, teamwork, leadership, financial literacy)",5,5,3,Sometimes,6-7 hours,AI / ML,Planning to enroll soon,Planning to start a project/internship soon,"Basic knowledge, learning while practicing","Rarely participate, mostly observe",Often,76% - 85%,"Creative/Design Skills (Innovation, UI/UX, Content)",Lack of Consistency or Determination (Difficulty sticking to a plan),Occasionally (When needed),No Impact (Fully supportive environment),High Risk,3,1
STU0522,4/11/2026 17:08,Third Year (TY),BCA,22,Male,7.0 - 8.4,Neutral,1-2 hours,4,Rarely,1-2 hours,More than 6 hours,Gaming,Sometimes,Always,Actively preparing for a goal (placements/exams),Very clear,"Hard skills (programming, data analytics, technical skills)",4,1,3,Sometimes,6-7 hours,Digital Marketing Specialist,"Not currently, but intend to in the future","Yes, actively working on projects/internship","Basic knowledge, learning while practicing","Rarely participate, mostly observe",Often,66% - 75%,"Management/Execution (Planning, Organizing, Discipline)",Difficulty with Focus / Concentration,Rarely (Passive),No Impact (Fully supportive environment),Moderate Risk,2,2
STU0523,4/6/2026 20:20,First Year (FY),BCA,18,Female,7.0 - 8.4,Neutral,Less than 1 hour,3,Rarely,More than 2 hours,More than 6 hours,Video content (YouTube/OTT),Sometimes,Sometimes,Planning to start soon,Somewhat clear,Both hard and soft skills,3,3,3,Never,6-7 hours,Data Analyst,Planning to enroll soon,Planning to start a project/internship soon,"Basic knowledge, learning while practicing","Rarely participate, mostly observe",Always,Above 85%,"Soft Skills (Communication, Leadership, Teamwork)",Procrastination / Low Motivation,Never (Unaware or Not interested),Moderate Impact (Occasional disruption),Moderate Risk,2,1
STU0524,4/12/2026 10:27,First Year (FY),BCA,18,Male,5.0 - 6.9,Very unsatisfied,1-2 hours,3,Few times a week,More than 2 hours,More than 6 hours,Other,Sometimes,Always,Actively preparing for a goal (placements/exams),Not clear,Both hard and soft skills,5,2,3,Never,6-7 hours,Data Analyst,"Yes, currently enrolled in one or more courses/certifications",Planning to start a project/internship soon,"Limited knowledge, theoretical only",Occasionally participate in events,Sometimes,50% - 65%,"Technical/Hard Skills (Coding, Math, Logic)",Difficulty with Focus / Concentration,Occasionally (When needed),Moderate Impact (Occasional disruption),High Risk,3,2
STU0525,3/26/2026 4:26,First Year (FY),BCA,18,Male,5.0 - 6.9,Unsatisfied,1-2 hours,3,Never,1-2 hours,More than 6 hours,Social media,Mostly consistent,Always,Actively preparing for a goal (placements/exams),Very clear,Both hard and soft skills,4,4,3,Sometimes,6-7 hours,Data Analyst,"No, not interested","Yes, actively working on projects/internship","Limited knowledge, theoretical only",Never participate in such events,Always,Above 85%,"Creative/Design Skills (Innovation, UI/UX, Content)",Procrastination / Low Motivation,Never (Unaware or Not interested),Low Impact (Rarely affects study),Moderate Risk,2,2
STU0526,3/26/2026 11:04,Second Year (SY),BCA,19,Male,7.0 - 8.4,Neutral,1-2 hours,2,Never,1-2 hours,More than 6 hours,Social interactions,Rarely,Often,Planning to start soon,Somewhat clear,"Hard skills (programming, data analytics, technical skills)",2,3,2,Always,6-7 hours,Automation Engineer,"Not currently, but intend to in the future",Planning to start a project/internship soon,"Basic knowledge, learning while practicing",Never participate in such events,Often,50% - 65%,"Technical/Hard Skills (Coding, Math, Logic)",Poor Time Management / Over-scheduling,Rarely (Passive),No Impact (Fully supportive environment),High Risk,3,2
STU0527,3/15/2026 17:16,Final Year,BSc Computer Science,22,Male,7.0 - 8.4,Unsatisfied,1-2 hours,2,Never,30-60 minutes,4-6 hours,Video content (YouTube/OTT),Mostly consistent,Often,Thinking about it,Very clear,"Hard skills (programming, data analytics, technical skills)",4,4,Unknown,Never,More than 8 hours,Automation Engineer,Planning to enroll soon,Planning to start a project/internship soon,Strong foundation in core concepts,Never participate in such events,Always,50% - 65%,"Creative/Design Skills (Innovation, UI/UX, Content)",Poor Time Management / Over-scheduling,Rarely (Passive),High Impact (Frequent disruption),High Risk,3,2
STU0528,3/30/2026 8:13,Second Year (SY),BCA,19,Female,8.5 - 9.4,Satisfied,Less than 1 hour,1,Never,1-2 hours,4-6 hours,Social media,Mostly consistent,Often,Actively preparing for a goal (placements/exams),Not clear,"Soft skills (communication, teamwork, leadership, financial literacy)",2,3,3,Always,6-7 hours,AI / ML,Planning to enroll soon,"Not currently, but intend to in the future","Basic knowledge, learning while practicing","Rarely participate, mostly observe",Always,Above 85%,"Soft Skills (Communication, Leadership, Teamwork)",Procrastination / Low Motivation,Occasionally (When needed),High Impact (Frequent disruption),Low Risk,1,1
STU0529,3/19/2026 19:23,Third Year (TY),BSc IT,22,Female,8.5 - 9.4,Neutral,1-2 hours,3,Never,1-2 hours,More than 6 hours,Social media,Mostly consistent,Often,Actively preparing for a goal (placements/exams),Not clear,Both hard and soft skills,5,1,3,Often,6-7 hours,Cyber Security Analyst,"No, not interested","Not currently, but intend to in the future","Basic knowledge, learning while practicing",Occasionally participate in events,Often,66% - 75%,"Management/Execution (Planning, Organizing, Discipline)",Lack of Consistency or Determination (Difficulty sticking to a plan),Occasionally (When needed),Moderate Impact (Occasional disruption),Low Risk,1,2
STU0530,4/9/2026 12:36,First Year (FY),BCA,17,Male,7.0 - 8.4,Neutral,1-2 hours,1,Few times a week,1-2 hours,More than 6 hours,Gaming,Mostly consistent,Always,Planning to start soon,Somewhat clear,Both hard and soft skills,5,3,2,Never,6-7 hours,AI / ML,"No, not interested",Planning to start a project/internship soon,"Basic knowledge, learning while practicing",Never participate in such events,Always,50% - 65%,"Technical/Hard Skills (Coding, Math, Logic)",Difficulty with Focus / Concentration,Occasionally (When needed),High Impact (Frequent disruption),Moderate Risk,2,2
STU0531,3/25/2026 10:06,First Year (PG),BSc Cyber Security,25,Female,7.0 - 8.4,Neutral,Less than 1 hour,2,Few times a week,1-2 hours,More than 6 hours,Social media,Rarely,Always,Planning to start soon,Somewhat clear,"Soft skills (communication, teamwork, leadership, financial literacy)",4,1,2,Sometimes,Unknown,Other,"Not currently, but intend to in the future","Yes, actively working on projects/internship","Limited knowledge, theoretical only",Occasionally participate in events,Sometimes,Less than 50%,"Soft Skills (Communication, Leadership, Teamwork)",Procrastination / Low Motivation,Rarely (Passive),High Impact (Frequent disruption),Moderate Risk,2,1
STU0532,3/17/2026 15:33,First Year (FY),BCA,18,Female,9.5 - 10.0,Very satisfied,More than 2 hours,4,Few times a week,More than 2 hours,More than 6 hours,Social interactions,Sometimes,Sometimes,Planning to start soon,Somewhat clear,Both hard and soft skills,2,4,3,Always,6-7 hours,Data Analyst,"Not currently, but intend to in the future","Yes, actively working on projects/internship",Strong foundation in core concepts,"Rarely participate, mostly observe",Often,Above 85%,"Technical/Hard Skills (Coding, Math, Logic)",Difficulty with Focus / Concentration,Never (Unaware or Not interested),No Impact (Fully supportive environment),Moderate Risk,2,3
STU0533,3/24/2026 15:13,Second Year (PG),BCA,26,Female,9.5 - 10.0,Neutral,1-2 hours,2,Never,1-2 hours,More than 6 hours,Video content (YouTube/OTT),Sometimes,Rarely,Actively preparing for a goal (placements/exams),Very clear,Both hard and soft skills,4,3,2,Sometimes,6-7 hours,Software Developer,"Not currently, but intend to in the future",Planning to start a project/internship soon,"Basic knowledge, learning while practicing",Occasionally participate in events,Sometimes,66% - 75%,"Technical/Hard Skills (Coding, Math, Logic)",Difficulty with Focus / Concentration,Occasionally (When needed),High Impact (Frequent disruption),Moderate Risk,2,2
STU0534,3/31/2026 11:15,Third Year (TY),BCA,21,Male,7.0 - 8.4,Unsatisfied,1-2 hours,2,Rarely,30-60 minutes,More than 6 hours,Other,Sometimes,Often,Actively preparing for a goal (placements/exams),Very clear,Both hard and soft skills,4,3,3,Often,More than 8 hours,Automation Engineer,Planning to enroll soon,Planning to start a project/internship soon,"Basic knowledge, learning while practicing","Rarely participate, mostly observe",Sometimes,Above 85%,"Soft Skills (Communication, Leadership, Teamwork)",Lack of Consistency or Determination (Difficulty sticking to a plan),Occasionally (When needed),High Impact (Frequent disruption),Moderate Risk,2,2
STU0535,3/28/2026 14:11,Third Year (TY),BCA,20,Male,8.5 - 9.4,Satisfied,More than 2 hours,5,Daily,More than 2 hours,More than 6 hours,Social interactions,Sometimes,Sometimes,Thinking about it,Not clear,"Hard skills (programming, data analytics, technical skills)",3,3,2,Always,4-5 hours,Digital Marketing Specialist,"No, not interested","Not currently, but intend to in the future","Basic knowledge, learning while practicing","Rarely participate, mostly observe",Sometimes,66% - 75%,"Soft Skills (Communication, Leadership, Teamwork)",Lack of Consistency or Determination (Difficulty sticking to a plan),Occasionally (When needed),Low Impact (Rarely affects study),Moderate Risk,2,3
STU0536,4/13/2026 8:42,Final Year,BCA,21,Male,5.0 - 6.9,Neutral,Less than 1 hour,2,Never,1-2 hours,More than 6 hours,Video content (YouTube/OTT),Sometimes,Sometimes,Thinking about it,Somewhat clear,"Soft skills (communication, teamwork, leadership, financial literacy)",4,4,2,Never,6-7 hours,Cyber Security Analyst,"Yes, currently enrolled in one or more courses/certifications","Not currently, but intend to in the future","Basic knowledge, learning while practicing",Occasionally participate in events,Always,66% - 75%,"Soft Skills (Communication, Leadership, Teamwork)",Procrastination / Low Motivation,Rarely (Passive),High Impact (Frequent disruption),High Risk,3,1
STU0537,3/16/2026 13:32,Second Year (PG),BCA,26,Male,8.5 - 9.4,Satisfied,Less than 1 hour,Unknown,Rarely,1-2 hours,More than 6 hours,Video content (YouTube/OTT),Mostly consistent,Sometimes,Planning to start soon,Very clear,Both hard and soft skills,3,3,2,Often,4-5 hours,Cyber Security Analyst,"Yes, currently enrolled in one or more courses/certifications","Not currently, but intend to in the future","Limited knowledge, theoretical only",Never participate in such events,Sometimes,76% - 85%,"Soft Skills (Communication, Leadership, Teamwork)",Difficulty with Focus / Concentration,Rarely (Passive),High Impact (Frequent disruption),Moderate Risk,2,1
STU0538,3/17/2026 2:29,Second Year (PG),BSc Cyber Security,23,Female,8.5 - 9.4,Satisfied,More than 2 hours,3,Daily,30-60 minutes,4-6 hours,Video content (YouTube/OTT),Sometimes,Sometimes,Planning to start soon,Very clear,"Soft skills (communication, teamwork, leadership, financial literacy)",2,4,3,Always,Unknown,AI / ML,Planning to enroll soon,Planning to start a project/internship soon,"Basic knowledge, learning while practicing","Rarely participate, mostly observe",Often,66% - 75%,"Soft Skills (Communication, Leadership, Teamwork)",Poor Time Management / Over-scheduling,Occasionally (When needed),Moderate Impact (Occasional disruption),Moderate Risk,2,3
STU0539,3/15/2026 12:48,Second Year (SY),BSc Cyber Security,21,Male,9.5 - 10.0,Satisfied,1-2 hours,4,Few times a week,More than 2 hours,More than 6 hours,Gaming,Mostly consistent,Sometimes,Thinking about it,Very clear,"Hard skills (programming, data analytics, technical skills)",4,1,2,Sometimes,6-7 hours,Digital Marketing Specialist,"Not currently, but intend to in the future",Planning to start a project/internship soon,"Limited knowledge, theoretical only",Never participate in such events,Often,76% - 85%,"Management/Execution (Planning, Organizing, Discipline)",Difficulty with Focus / Concentration,Occasionally (When needed),No Impact (Fully supportive environment),Low Risk,1,2
STU0540,3/24/2026 14:44,First Year (FY),BCA,18,Female,7.0 - 8.4,Satisfied,1-2 hours,2,Unknown,1-2 hours,4-6 hours,Social interactions,Rarely,Always,Thinking about it,Somewhat clear,"Hard skills (programming, data analytics, technical skills)",3,4,2,Often,4-5 hours,Data Analyst,"Not currently, but intend to in the future",Planning to start a project/internship soon,"Limited knowledge, theoretical only","Rarely participate, mostly observe",Rarely,76% - 85%,"Creative/Design Skills (Innovation, UI/UX, Content)",Poor Time Management / Over-scheduling,Occasionally (When needed),Low Impact (Rarely affects study),High Risk,3,2
STU0541,4/14/2026 10:14,Second Year (SY),BCA,19,Female,8.5 - 9.4,Satisfied,1-2 hours,4,Never,More than 2 hours,More than 6 hours,Video content (YouTube/OTT),Mostly consistent,Often,Thinking about it,Somewhat clear,"Soft skills (communication, teamwork, leadership, financial literacy)",3,3,3,Often,4-5 hours,Data Analyst,"No, not interested","Yes, actively working on projects/internship","Limited knowledge, theoretical only",Never participate in such events,Often,76% - 85%,"Soft Skills (Communication, Leadership, Teamwork)",Lack of Consistency or Determination (Difficulty sticking to a plan),Rarely (Passive),Moderate Impact (Occasional disruption),Moderate Risk,2,2
STU0542,3/18/2026 16:13,Second Year (SY),BSc IT,20,Female,9.5 - 10.0,Neutral,1-2 hours,5,Unknown,More than 2 hours,Unknown,Other,Mostly consistent,Always,Thinking about it,Very clear,Both hard and soft skills,3,3,2,Sometimes,6-7 hours,Data Analyst,Planning to enroll soon,"Yes, actively working on projects/internship","Basic knowledge, learning while practicing",Occasionally participate in events,Always,76% - 85%,"Soft Skills (Communication, Leadership, Teamwork)",Difficulty with Focus / Concentration,Rarely (Passive),High Impact (Frequent disruption),Low Risk,1,2
STU0543,3/18/2026 8:31,Second Year (SY),BBA,21,Male,5.0 - 6.9,Neutral,Less than 1 hour,5,Never,More than 2 hours,More than 6 hours,Video content (YouTube/OTT),Rarely,Rarely,Planning to start soon,Somewhat clear,Both hard and soft skills,5,3,2,Often,6-7 hours,AI / ML,Planning to enroll soon,"Yes, actively working on projects/internship","Basic knowledge, learning while practicing","Rarely participate, mostly observe",Sometimes,66% - 75%,"Management/Execution (Planning, Organizing, Discipline)",Procrastination / Low Motivation,Rarely (Passive),No Impact (Fully supportive environment),High Risk,3,1
STU0544,4/6/2026 10:56,Third Year (TY),BA,21,Male,5.0 - 6.9,Neutral,Less than 1 hour,1,Rarely,30-60 minutes,Unknown,Video content (YouTube/OTT),Sometimes,Rarely,Actively preparing for a goal (placements/exams),Somewhat clear,Both hard and soft skills,3,3,1,Never,6-7 hours,Cyber Security Analyst,"No, not interested","Not currently, but intend to in the future","Basic knowledge, learning while practicing",Unknown,Always,76% - 85%,"Technical/Hard Skills (Coding, Math, Logic)",Lack of Consistency or Determination (Difficulty sticking to a plan),Unknown,Moderate Impact (Occasional disruption),High Risk,3,1
STU0545,3/24/2026 12:07,First Year (PG),BA,23,Female,5.0 - 6.9,Very unsatisfied,Less than 1 hour,2,Rarely,1-2 hours,More than 6 hours,Gaming,Mostly consistent,Sometimes,Planning to start soon,Very clear,"Hard skills (programming, data analytics, technical skills)",4,3,2,Sometimes,6-7 hours,Other,"Yes, currently enrolled in one or more courses/certifications",Planning to start a project/internship soon,"Basic knowledge, learning while practicing","Rarely participate, mostly observe",Always,Above 85%,"Creative/Design Skills (Innovation, UI/UX, Content)",Difficulty with Focus / Concentration,Never (Unaware or Not interested),Moderate Impact (Occasional disruption),Moderate Risk,2,1
STU0546,3/19/2026 13:21,Third Year (TY),BCA,21,Female,5.0 - 6.9,Unsatisfied,1-2 hours,4,Few times a week,1-2 hours,More than 6 hours,Gaming,Sometimes,Always,Actively preparing for a goal (placements/exams),Very clear,"Hard skills (programming, data analytics, technical skills)",5,2,3,Often,More than 8 hours,Cyber Security Analyst,"No, not interested",Planning to start a project/internship soon,"Limited knowledge, theoretical only",Never participate in such events,Sometimes,76% - 85%,"Soft Skills (Communication, Leadership, Teamwork)",Difficulty with Focus / Concentration,Occasionally (When needed),Low Impact (Rarely affects study),Moderate Risk,2,2
STU0547,4/9/2026 16:15,Second Year (PG),BCA,24,Male,5.0 - 6.9,Unsatisfied,More than 2 hours,3,Few times a week,1-2 hours,2-4 hours,Video content (YouTube/OTT),Sometimes,Often,Actively preparing for a goal (placements/exams),Very clear,Both hard and soft skills,Unknown,3,2,Sometimes,More than 8 hours,Digital Marketing Specialist,"Yes, currently enrolled in one or more courses/certifications","Yes, actively working on projects/internship","Basic knowledge, learning while practicing",Never participate in such events,Sometimes,50% - 65%,"Technical/Hard Skills (Coding, Math, Logic)",Poor Time Management / Over-scheduling,Occasionally (When needed),Low Impact (Rarely affects study),High Risk,3,3
STU0548,4/9/2026 14:53,Third Year (TY),BCA,20,Female,7.0 - 8.4,Unsatisfied,Less than 1 hour,1,Few times a week,1-2 hours,4-6 hours,Social media,Mostly consistent,Always,Planning to start soon,Somewhat clear,"Hard skills (programming, data analytics, technical skills)",1,4,1,Often,6-7 hours,Data Analyst,Planning to enroll soon,"Yes, actively working on projects/internship","Basic knowledge, learning while practicing",Never participate in such events,Often,76% - 85%,"Soft Skills (Communication, Leadership, Teamwork)",Difficulty with Focus / Concentration,Rarely (Passive),High Impact (Frequent disruption),Moderate Risk,2,1
STU0549,4/14/2026 7:05,First Year (FY),BSc Computer Science,18,Female,9.5 - 10.0,Satisfied,1-2 hours,3,Rarely,1-2 hours,More than 6 hours,Video content (YouTube/OTT),Sometimes,Sometimes,Planning to start soon,Very clear,"Soft skills (communication, teamwork, leadership, financial literacy)",1,4,3,Often,4-5 hours,Digital Marketing Specialist,Unknown,"Yes, actively working on projects/internship",Strong foundation in core concepts,Never participate in such events,Rarely,Above 85%,"Technical/Hard Skills (Coding, Math, Logic)",Lack of Consistency or Determination (Difficulty sticking to a plan),Occasionally (When needed),Low Impact (Rarely affects study),Moderate Risk,2,2
STU0550,4/1/2026 13:38,First Year (PG),BCA,23,Female,5.0 - 6.9,Very unsatisfied,Less than 1 hour,4,Rarely,1-2 hours,More than 6 hours,Other,Sometimes,Rarely,Planning to start soon,Somewhat clear,"Soft skills (communication, teamwork, leadership, financial literacy)",1,5,3,Sometimes,6-7 hours,Cyber Security Analyst,"Not currently, but intend to in the future","Not currently, but intend to in the future","Basic knowledge, learning while practicing","Rarely participate, mostly observe",Sometimes,66% - 75%,"Creative/Design Skills (Innovation, UI/UX, Content)",Poor Time Management / Over-scheduling,Unknown,Moderate Impact (Occasional disruption),High Risk,3,1
STU0551,4/7/2026 21:46,First Year (FY),BCom,18,Female,8.5 - 9.4,Satisfied,1-2 hours,4,Rarely,30-60 minutes,More than 6 hours,Social media,Mostly consistent,Often,Actively preparing for a goal (placements/exams),Very clear,"Hard skills (programming, data analytics, technical skills)",4,2,3,Often,6-7 hours,AI / ML,"No, not interested","Yes, actively working on projects/internship","Basic knowledge, learning while practicing",Never participate in such events,Always,76% - 85%,"Technical/Hard Skills (Coding, Math, Logic)",Difficulty with Focus / Concentration,Occasionally (When needed),Low Impact (Rarely affects study),Low Risk,1,2
STU0552,4/8/2026 9:12,Third Year (TY),BA,21,Male,5.0 - 6.9,Unsatisfied,1-2 hours,5,Never,30-60 minutes,4-6 hours,Video content (YouTube/OTT),Sometimes,Sometimes,Thinking about it,Somewhat clear,Both hard and soft skills,4,3,2,Sometimes,6-7 hours,Automation Engineer,"Yes, currently enrolled in one or more courses/certifications","Not currently, but intend to in the future","Limited knowledge, theoretical only","Rarely participate, mostly observe",Rarely,Above 85%,"Technical/Hard Skills (Coding, Math, Logic)",Procrastination / Low Motivation,Occasionally (When needed),Moderate Impact (Occasional disruption),Moderate Risk,2,2
STU0553,4/4/2026 9:23,Third Year (TY),BCA,22,Male,7.0 - 8.4,Neutral,1-2 hours,1,Never,1-2 hours,More than 6 hours,Social media,Sometimes,Rarely,Planning to start soon,Not clear,Both hard and soft skills,4,3,3,Sometimes,6-7 hours,AI / ML,"No, not interested","Not currently, but intend to in the future","Limited knowledge, theoretical only",Unknown,Sometimes,76% - 85%,"Technical/Hard Skills (Coding, Math, Logic)",Poor Time Management / Over-scheduling,Rarely (Passive),No Impact (Fully supportive environment),Moderate Risk,2,2
STU0554,3/27/2026 9:58,Second Year (SY),BCA,20,Female,7.0 - 8.4,Satisfied,1-2 hours,3,Rarely,1-2 hours,More than 6 hours,Social media,Sometimes,Sometimes,Planning to start soon,Very clear,Both hard and soft skills,3,2,3,Sometimes,More than 8 hours,AI / ML,"Not currently, but intend to in the future",Planning to start a project/internship soon,"Basic knowledge, learning while practicing",Never participate in such events,Rarely,Less than 50%,"Technical/Hard Skills (Coding, Math, Logic)",Poor Time Management / Over-scheduling,Occasionally (When needed),Moderate Impact (Occasional disruption),Moderate Risk,2,2
STU0555,4/12/2026 14:48,First Year (PG),BCA,22,Female,7.0 - 8.4,Neutral,Less than 1 hour,1,Few times a week,30-60 minutes,4-6 hours,Gaming,Sometimes,Rarely,Thinking about it,Not clear,"Soft skills (communication, teamwork, leadership, financial literacy)",2,2,2,Always,6-7 hours,Automation Engineer,Unknown,"Yes, actively working on projects/internship",Strong foundation in core concepts,"Rarely participate, mostly observe",Always,50% - 65%,"Soft Skills (Communication, Leadership, Teamwork)",Difficulty with Focus / Concentration,Occasionally (When needed),High Impact (Frequent disruption),Moderate Risk,2,1
STU0556,3/31/2026 16:26,Second Year (PG),BSc Computer Science,26,Male,5.0 - 6.9,Very unsatisfied,1-2 hours,3,Rarely,1-2 hours,More than 6 hours,Social media,Rarely,Rarely,Actively preparing for a goal (placements/exams),Not clear,"Hard skills (programming, data analytics, technical skills)",3,3,1,Always,6-7 hours,Other,Planning to enroll soon,"Not currently, but intend to in the future","Limited knowledge, theoretical only",Occasionally participate in events,Sometimes,66% - 75%,"Soft Skills (Communication, Leadership, Teamwork)",Procrastination / Low Motivation,Never (Unaware or Not interested),Moderate Impact (Occasional disruption),High Risk,3,2
STU0557,3/21/2026 14:48,First Year (FY),BCA,18,Male,7.0 - 8.4,Unsatisfied,1-2 hours,2,Rarely,More than 2 hours,More than 6 hours,Social media,Sometimes,Rarely,Actively preparing for a goal (placements/exams),Somewhat clear,"Soft skills (communication, teamwork, leadership, financial literacy)",2,5,1,Often,4-5 hours,Software Developer,Planning to enroll soon,Planning to start a project/internship soon,"Limited knowledge, theoretical only",Unknown,Rarely,Less than 50%,"Soft Skills (Communication, Leadership, Teamwork)",Lack of Consistency or Determination (Difficulty sticking to a plan),Occasionally (When needed),Low Impact (Rarely affects study),High Risk,3,2
STU0558,3/18/2026 10:48,First Year (PG),BCA,22,Female,5.0 - 6.9,Very unsatisfied,1-2 hours,3,Rarely,Unknown,4-6 hours,Social media,Sometimes,Often,Actively preparing for a goal (placements/exams),Somewhat clear,Both hard and soft skills,4,3,3,Often,Unknown,Other,"No, not interested","Not currently, but intend to in the future","Basic knowledge, learning while practicing","Rarely participate, mostly observe",Often,50% - 65%,"Technical/Hard Skills (Coding, Math, Logic)",Difficulty with Focus / Concentration,Rarely (Passive),Moderate Impact (Occasional disruption),High Risk,3,2
STU0559,4/3/2026 9:21,Final Year,BCA,22,Male,7.0 - 8.4,Unsatisfied,1-2 hours,2,Few times a week,30-60 minutes,More than 6 hours,Social media,Rarely,Sometimes,Planning to start soon,Somewhat clear,Both hard and soft skills,4,2,1,Never,More than 8 hours,Cyber Security Analyst,"Yes, currently enrolled in one or more courses/certifications","Not currently, but intend to in the future","Limited knowledge, theoretical only",Occasionally participate in events,Sometimes,50% - 65%,"Soft Skills (Communication, Leadership, Teamwork)",Lack of Consistency or Determination (Difficulty sticking to a plan),Unknown,No Impact (Fully supportive environment),High Risk,3,2
STU0560,4/7/2026 16:25,First Year (FY),BSc IT,17,Male,7.0 - 8.4,Unsatisfied,1-2 hours,Unknown,Never,1-2 hours,2-4 hours,Gaming,Sometimes,Sometimes,Actively preparing for a goal (placements/exams),Very clear,Both hard and soft skills,4,2,2,Often,More than 8 hours,Other,Planning to enroll soon,Planning to start a project/internship soon,Strong foundation in core concepts,"Rarely participate, mostly observe",Rarely,66% - 75%,"Management/Execution (Planning, Organizing, Discipline)",Lack of Consistency or Determination (Difficulty sticking to a plan),Unknown,Low Impact (Rarely affects study),Moderate Risk,2,2
STU0561,3/25/2026 18:52,Third Year (TY),BCom,20,Male,5.0 - 6.9,Neutral,Less than 1 hour,3,Daily,1-2 hours,More than 6 hours,Gaming,Sometimes,Often,Actively preparing for a goal (placements/exams),Somewhat clear,Both hard and soft skills,2,5,3,Often,6-7 hours,Software Developer,"Not currently, but intend to in the future","Not currently, but intend to in the future","Limited knowledge, theoretical only",Never participate in such events,Sometimes,Less than 50%,"Management/Execution (Planning, Organizing, Discipline)",Poor Time Management / Over-scheduling,Never (Unaware or Not interested),No Impact (Fully supportive environment),High Risk,3,1
STU0562,4/11/2026 3:42,Second Year (PG),BCA,23,Female,8.5 - 9.4,Neutral,Less than 1 hour,3,Few times a week,1-2 hours,More than 6 hours,Gaming,Rarely,Often,Actively preparing for a goal (placements/exams),Very clear,Both hard and soft skills,3,4,2,Always,More than 8 hours,Digital Marketing Specialist,"No, not interested","Not currently, but intend to in the future",Strong foundation in core concepts,Occasionally participate in events,Often,76% - 85%,"Soft Skills (Communication, Leadership, Teamwork)",Procrastination / Low Motivation,Rarely (Passive),Low Impact (Rarely affects study),High Risk,3,1
STU0563,3/29/2026 11:55,Third Year (TY),BA,20,Female,7.0 - 8.4,Neutral,Less than 1 hour,2,Never,More than 2 hours,More than 6 hours,Social media,Sometimes,Sometimes,Planning to start soon,Not clear,Both hard and soft skills,1,2,2,Sometimes,6-7 hours,AI / ML,Planning to enroll soon,"Not currently, but intend to in the future","Basic knowledge, learning while practicing",Unknown,Sometimes,50% - 65%,"Soft Skills (Communication, Leadership, Teamwork)",Procrastination / Low Motivation,Occasionally (When needed),Moderate Impact (Occasional disruption),Moderate Risk,2,1
STU0564,4/8/2026 9:24,First Year (FY),BCA,18,Female,8.5 - 9.4,Neutral,More than 2 hours,5,Few times a week,More than 2 hours,4-6 hours,Social media,Mostly consistent,Always,Planning to start soon,Very clear,"Soft skills (communication, teamwork, leadership, financial literacy)",3,3,2,Often,6-7 hours,Software Developer,"No, not interested","Yes, actively working on projects/internship",Strong foundation in core concepts,"Rarely participate, mostly observe",Often,Above 85%,"Technical/Hard Skills (Coding, Math, Logic)",Procrastination / Low Motivation,Occasionally (When needed),Moderate Impact (Occasional disruption),Low Risk,1,3
STU0565,3/17/2026 10:38,Third Year (TY),BSc Computer Science,22,Female,9.5 - 10.0,Satisfied,Less than 1 hour,2,Rarely,1-2 hours,2-4 hours,Social media,Mostly consistent,Often,Actively preparing for a goal (placements/exams),Very clear,Both hard and soft skills,3,5,2,Sometimes,6-7 hours,Data Analyst,"Not currently, but intend to in the future","Not currently, but intend to in the future","Basic knowledge, learning while practicing",Occasionally participate in events,Always,Above 85%,"Technical/Hard Skills (Coding, Math, Logic)",Difficulty with Focus / Concentration,Rarely (Passive),Low Impact (Rarely affects study),Moderate Risk,2,1
STU0566,4/13/2026 19:37,First Year (FY),BCA,17,Male,7.0 - 8.4,Satisfied,Less than 1 hour,3,Never,More than 2 hours,4-6 hours,Video content (YouTube/OTT),Rarely,Rarely,Planning to start soon,Somewhat clear,Both hard and soft skills,4,2,Unknown,Often,More than 8 hours,Other,"No, not interested","Yes, actively working on projects/internship","Basic knowledge, learning while practicing","Rarely participate, mostly observe",Often,66% - 75%,"Creative/Design Skills (Innovation, UI/UX, Content)",Procrastination / Low Motivation,Occasionally (When needed),No Impact (Fully supportive environment),Moderate Risk,2,1
STU0567,4/13/2026 13:43,Third Year (TY),BCA,20,Female,5.0 - 6.9,Satisfied,1-2 hours,2,Rarely,1-2 hours,More than 6 hours,Social media,Sometimes,Often,Actively preparing for a goal (placements/exams),Very clear,"Hard skills (programming, data analytics, technical skills)",3,4,1,Never,6-7 hours,Automation Engineer,Planning to enroll soon,"Yes, actively working on projects/internship","Basic knowledge, learning while practicing","Rarely participate, mostly observe",Often,50% - 65%,"Technical/Hard Skills (Coding, Math, Logic)",Procrastination / Low Motivation,Occasionally (When needed),Moderate Impact (Occasional disruption),High Risk,3,2
STU0568,4/11/2026 7:42,Third Year (TY),BCA,22,Male,5.0 - 6.9,Satisfied,1-2 hours,Unknown,Few times a week,30-60 minutes,4-6 hours,Social media,Sometimes,Sometimes,Planning to start soon,Somewhat clear,"Hard skills (programming, data analytics, technical skills)",4,3,3,Sometimes,More than 8 hours,AI / ML,"Not currently, but intend to in the future","Yes, actively working on projects/internship","Basic knowledge, learning while practicing","Rarely participate, mostly observe",Often,66% - 75%,"Creative/Design Skills (Innovation, UI/UX, Content)",Procrastination / Low Motivation,Occasionally (When needed),No Impact (Fully supportive environment),High Risk,3,2
STU0569,4/10/2026 15:09,Second Year (PG),BCA,24,Male,7.0 - 8.4,Unsatisfied,1-2 hours,1,Daily,1-2 hours,4-6 hours,Other,Sometimes,Sometimes,Planning to start soon,Very clear,Both hard and soft skills,5,1,2,Often,4-5 hours,AI / ML,"Yes, currently enrolled in one or more courses/certifications","Not currently, but intend to in the future","Basic knowledge, learning while practicing","Rarely participate, mostly observe",Sometimes,76% - 85%,"Soft Skills (Communication, Leadership, Teamwork)",Procrastination / Low Motivation,Occasionally (When needed),Unknown,Moderate Risk,2,2
STU0570,3/25/2026 11:25,Second Year (SY),BA,20,Female,5.0 - 6.9,Very unsatisfied,1-2 hours,2,Never,1-2 hours,More than 6 hours,Social media,Rarely,Sometimes,Planning to start soon,Not clear,"Hard skills (programming, data analytics, technical skills)",4,3,1,Sometimes,6-7 hours,Cyber Security Analyst,"No, not interested","Not currently, but intend to in the future","Basic knowledge, learning while practicing","Rarely participate, mostly observe",Sometimes,66% - 75%,"Soft Skills (Communication, Leadership, Teamwork)",Lack of Consistency or Determination (Difficulty sticking to a plan),Never (Unaware or Not interested),Moderate Impact (Occasional disruption),High Risk,3,2
STU0571,3/16/2026 18:51,Final Year,BSc IT,23,Female,7.0 - 8.4,Satisfied,1-2 hours,4,Few times a week,30-60 minutes,More than 6 hours,Social media,Sometimes,Rarely,Thinking about it,Not clear,Both hard and soft skills,2,4,2,Always,6-7 hours,Cyber Security Analyst,Planning to enroll soon,"Not currently, but intend to in the future","Limited knowledge, theoretical only",Never participate in such events,Often,Above 85%,"Technical/Hard Skills (Coding, Math, Logic)",Lack of Consistency or Determination (Difficulty sticking to a plan),Never (Unaware or Not interested),Moderate Impact (Occasional disruption),Moderate Risk,2,2
STU0572,4/11/2026 15:50,Third Year (TY),BCA,20,Male,9.5 - 10.0,Satisfied,1-2 hours,4,Rarely,30-60 minutes,More than 6 hours,Video content (YouTube/OTT),Sometimes,Always,Thinking about it,Very clear,"Hard skills (programming, data analytics, technical skills)",3,3,3,Never,6-7 hours,Digital Marketing Specialist,"Not currently, but intend to in the future","Not currently, but intend to in the future","Limited knowledge, theoretical only",Occasionally participate in events,Rarely,Above 85%,"Management/Execution (Planning, Organizing, Discipline)",Difficulty with Focus / Concentration,Rarely (Passive),Moderate Impact (Occasional disruption),Low Risk,1,2
STU0573,3/27/2026 21:46,Second Year (PG),BBA,24,Female,9.5 - 10.0,Very satisfied,More than 2 hours,Unknown,Daily,1-2 hours,2-4 hours,Video content (YouTube/OTT),Mostly consistent,Sometimes,Planning to start soon,Very clear,"Soft skills (communication, teamwork, leadership, financial literacy)",2,5,3,Never,6-7 hours,Software Developer,"Not currently, but intend to in the future","Yes, actively working on projects/internship","Basic knowledge, learning while practicing","Rarely participate, mostly observe",Often,Above 85%,"Soft Skills (Communication, Leadership, Teamwork)",Procrastination / Low Motivation,Never (Unaware or Not interested),Low Impact (Rarely affects study),Moderate Risk,2,3
STU0574,4/4/2026 15:17,First Year (FY),BCA,19,Male,5.0 - 6.9,Neutral,Less than 1 hour,3,Unknown,30-60 minutes,More than 6 hours,Social media,Rarely,Often,Planning to start soon,Somewhat clear,"Hard skills (programming, data analytics, technical skills)",4,1,1,Often,More than 8 hours,Cyber Security Analyst,"Yes, currently enrolled in one or more courses/certifications",Planning to start a project/internship soon,"Basic knowledge, learning while practicing","Rarely participate, mostly observe",Often,66% - 75%,"Soft Skills (Communication, Leadership, Teamwork)",Lack of Consistency or Determination (Difficulty sticking to a plan),Rarely (Passive),Moderate Impact (Occasional disruption),Moderate Risk,2,1
STU0575,3/30/2026 9:24,Third Year (TY),BCA,22,Male,9.5 - 10.0,Neutral,More than 2 hours,4,Few times a week,1-2 hours,4-6 hours,Video content (YouTube/OTT),Sometimes,Often,Thinking about it,Very clear,Both hard and soft skills,4,5,2,Never,6-7 hours,AI / ML,"Not currently, but intend to in the future",Planning to start a project/internship soon,"Limited knowledge, theoretical only","Rarely participate, mostly observe",Often,Above 85%,"Soft Skills (Communication, Leadership, Teamwork)",Difficulty with Focus / Concentration,Occasionally (When needed),Moderate Impact (Occasional disruption),Moderate Risk,2,3
STU0576,3/31/2026 12:04,Second Year (SY),BA,21,Female,8.5 - 9.4,Satisfied,More than 2 hours,3,Rarely,1-2 hours,2-4 hours,Social media,Sometimes,Always,Planning to start soon,Very clear,"Hard skills (programming, data analytics, technical skills)",3,4,1,Sometimes,6-7 hours,Automation Engineer,Planning to enroll soon,"Not currently, but intend to in the future",Unknown,Occasionally participate in events,Always,66% - 75%,"Creative/Design Skills (Innovation, UI/UX, Content)",Lack of Consistency or Determination (Difficulty sticking to a plan),Never (Unaware or Not interested),Moderate Impact (Occasional disruption),Moderate Risk,2,3
STU0577,3/21/2026 14:36,Second Year (SY),BSc Computer Science,21,Male,7.0 - 8.4,Unsatisfied,Less than 1 hour,4,Few times a week,1-2 hours,4-6 hours,Gaming,Mostly consistent,Sometimes,Planning to start soon,Somewhat clear,Both hard and soft skills,4,1,2,Never,More than 8 hours,Other,"Not currently, but intend to in the future","Not currently, but intend to in the future","Limited knowledge, theoretical only",Unknown,Sometimes,50% - 65%,"Technical/Hard Skills (Coding, Math, Logic)",Poor Time Management / Over-scheduling,Occasionally (When needed),Moderate Impact (Occasional disruption),Moderate Risk,2,1
STU0578,4/12/2026 15:33,Second Year (SY),BCA,20,Male,7.0 - 8.4,Neutral,Less than 1 hour,3,Few times a week,30-60 minutes,More than 6 hours,Video content (YouTube/OTT),Sometimes,Rarely,Thinking about it,Somewhat clear,"Soft skills (communication, teamwork, leadership, financial literacy)",4,4,1,Never,More than 8 hours,Automation Engineer,Planning to enroll soon,Planning to start a project/internship soon,"Limited knowledge, theoretical only",Occasionally participate in events,Often,50% - 65%,"Creative/Design Skills (Innovation, UI/UX, Content)",Lack of Consistency or Determination (Difficulty sticking to a plan),Occasionally (When needed),High Impact (Frequent disruption),High Risk,3,1
STU0579,4/11/2026 12:19,Second Year (PG),BCA,24,Female,7.0 - 8.4,Unsatisfied,1-2 hours,3,Few times a week,1-2 hours,4-6 hours,Video content (YouTube/OTT),Sometimes,Sometimes,Planning to start soon,Very clear,Both hard and soft skills,2,5,3,Always,4-5 hours,Data Analyst,"Not currently, but intend to in the future","Not currently, but intend to in the future","Basic knowledge, learning while practicing","Rarely participate, mostly observe",Often,66% - 75%,"Management/Execution (Planning, Organizing, Discipline)",Lack of Consistency or Determination (Difficulty sticking to a plan),Never (Unaware or Not interested),High Impact (Frequent disruption),High Risk,3,2
STU0580,4/14/2026 12:27,Second Year (SY),BCom,21,Male,7.0 - 8.4,Neutral,Less than 1 hour,3,Rarely,30-60 minutes,More than 6 hours,Video content (YouTube/OTT),Sometimes,Sometimes,Actively preparing for a goal (placements/exams),Very clear,Both hard and soft skills,3,5,3,Sometimes,More than 8 hours,AI / ML,"Not currently, but intend to in the future","Not currently, but intend to in the future",Strong foundation in core concepts,Never participate in such events,Always,50% - 65%,"Management/Execution (Planning, Organizing, Discipline)",Difficulty with Focus / Concentration,Never (Unaware or Not interested),Low Impact (Rarely affects study),High Risk,3,1
STU0581,3/28/2026 12:50,Second Year (PG),BA,26,Female,8.5 - 9.4,Very satisfied,More than 2 hours,Unknown,Never,30-60 minutes,2-4 hours,Video content (YouTube/OTT),Sometimes,Sometimes,Planning to start soon,Somewhat clear,Both hard and soft skills,3,3,2,Often,6-7 hours,Cyber Security Analyst,Planning to enroll soon,"Not currently, but intend to in the future","Basic knowledge, learning while practicing",Never participate in such events,Sometimes,Above 85%,"Technical/Hard Skills (Coding, Math, Logic)",Difficulty with Focus / Concentration,Occasionally (When needed),High Impact (Frequent disruption),Moderate Risk,2,3
STU0582,3/18/2026 21:00,Second Year (SY),BSc Cyber Security,20,Female,9.5 - 10.0,Neutral,Less than 1 hour,3,Rarely,30-60 minutes,4-6 hours,Other,Mostly consistent,Always,Actively preparing for a goal (placements/exams),Very clear,"Hard skills (programming, data analytics, technical skills)",1,2,2,Often,6-7 hours,Software Developer,"No, not interested","Not currently, but intend to in the future",Strong foundation in core concepts,"Rarely participate, mostly observe",Always,76% - 85%,"Technical/Hard Skills (Coding, Math, Logic)",Lack of Consistency or Determination (Difficulty sticking to a plan),Occasionally (When needed),Moderate Impact (Occasional disruption),Low Risk,1,1
STU0583,4/3/2026 10:17,Third Year (TY),BBA,20,Male,9.5 - 10.0,Very satisfied,1-2 hours,2,Few times a week,30-60 minutes,More than 6 hours,Social media,Sometimes,Often,Thinking about it,Somewhat clear,"Hard skills (programming, data analytics, technical skills)",4,1,1,Sometimes,6-7 hours,Cyber Security Analyst,"No, not interested","Not currently, but intend to in the future","Limited knowledge, theoretical only","Rarely participate, mostly observe",Often,Above 85%,"Soft Skills (Communication, Leadership, Teamwork)",Lack of Consistency or Determination (Difficulty sticking to a plan),Rarely (Passive),Unknown,Low Risk,1,2
STU0584,4/6/2026 10:32,Final Year,BCA,21,Female,8.5 - 9.4,Neutral,1-2 hours,2,Never,1-2 hours,More than 6 hours,Video content (YouTube/OTT),Sometimes,Always,Actively preparing for a goal (placements/exams),Somewhat clear,Both hard and soft skills,4,5,1,Sometimes,More than 8 hours,Automation Engineer,"No, not interested","Not currently, but intend to in the future",Strong foundation in core concepts,"Rarely participate, mostly observe",Often,76% - 85%,"Soft Skills (Communication, Leadership, Teamwork)",Procrastination / Low Motivation,Never (Unaware or Not interested),High Impact (Frequent disruption),High Risk,3,2
STU0585,3/31/2026 9:29,First Year (FY),BSc Cyber Security,18,Female,9.5 - 10.0,Satisfied,Less than 1 hour,2,Never,30-60 minutes,4-6 hours,Social media,Sometimes,Always,Planning to start soon,Very clear,Both hard and soft skills,4,3,3,Often,6-7 hours,Digital Marketing Specialist,"No, not interested",Planning to start a project/internship soon,"Basic knowledge, learning while practicing",Never participate in such events,Sometimes,Above 85%,"Technical/Hard Skills (Coding, Math, Logic)",Difficulty with Focus / Concentration,Never (Unaware or Not interested),Low Impact (Rarely affects study),Low Risk,1,1
STU0586,3/20/2026 20:05,Second Year (PG),BCom,23,Male,8.5 - 9.4,Neutral,More than 2 hours,4,Daily,More than 2 hours,More than 6 hours,Social media,Sometimes,Sometimes,Planning to start soon,Very clear,"Hard skills (programming, data analytics, technical skills)",Unknown,3,2,Sometimes,More than 8 hours,AI / ML,"Yes, currently enrolled in one or more courses/certifications","Not currently, but intend to in the future","Basic knowledge, learning while practicing",Occasionally participate in events,Often,50% - 65%,"Soft Skills (Communication, Leadership, Teamwork)",Procrastination / Low Motivation,Occasionally (When needed),Moderate Impact (Occasional disruption),Moderate Risk,2,3
STU0587,3/27/2026 7:07,First Year (PG),BA,22,Male,9.5 - 10.0,Satisfied,Less than 1 hour,1,Rarely,1-2 hours,4-6 hours,Social interactions,Mostly consistent,Often,Actively preparing for a goal (placements/exams),Very clear,"Hard skills (programming, data analytics, technical skills)",3,3,2,Sometimes,6-7 hours,Software Developer,"Not currently, but intend to in the future",Planning to start a project/internship soon,"Basic knowledge, learning while practicing","Rarely participate, mostly observe",Often,76% - 85%,"Management/Execution (Planning, Organizing, Discipline)",Difficulty with Focus / Concentration,Occasionally (When needed),Moderate Impact (Occasional disruption),Low Risk,1,1
STU0588,3/29/2026 17:38,Final Year,BCA,21,Male,7.0 - 8.4,Neutral,More than 2 hours,3,Few times a week,1-2 hours,4-6 hours,Social interactions,Sometimes,Always,Planning to start soon,Not clear,Both hard and soft skills,2,4,3,Often,4-5 hours,AI / ML,"Not currently, but intend to in the future",Planning to start a project/internship soon,Strong foundation in core concepts,"Rarely participate, mostly observe",Often,50% - 65%,"Creative/Design Skills (Innovation, UI/UX, Content)",Poor Time Management / Over-scheduling,Never (Unaware or Not interested),No Impact (Fully supportive environment),High Risk,3,3
STU0589,4/10/2026 11:15,Third Year (TY),BCA,22,Male,9.5 - 10.0,Satisfied,More than 2 hours,2,Few times a week,1-2 hours,More than 6 hours,Other,Sometimes,Often,Planning to start soon,Somewhat clear,Both hard and soft skills,4,Unknown,3,Often,6-7 hours,AI / ML,"Not currently, but intend to in the future","Yes, actively working on projects/internship","Basic knowledge, learning while practicing",Occasionally participate in events,Rarely,66% - 75%,"Soft Skills (Communication, Leadership, Teamwork)",Difficulty with Focus / Concentration,Rarely (Passive),Low Impact (Rarely affects study),Low Risk,1,3
STU0590,3/29/2026 15:59,Final Year,BCA,23,Female,8.5 - 9.4,Neutral,1-2 hours,1,Few times a week,Unknown,4-6 hours,Gaming,Mostly consistent,Often,Actively preparing for a goal (placements/exams),Not clear,"Soft skills (communication, teamwork, leadership, financial literacy)",2,1,3,Often,4-5 hours,Digital Marketing Specialist,"Yes, currently enrolled in one or more courses/certifications","Yes, actively working on projects/internship",Unknown,"Rarely participate, mostly observe",Always,76% - 85%,"Technical/Hard Skills (Coding, Math, Logic)",Procrastination / Low Motivation,Occasionally (When needed),High Impact (Frequent disruption),Low Risk,1,2
STU0591,3/19/2026 11:57,Final Year,BSc Computer Science,22,Male,5.0 - 6.9,Unsatisfied,1-2 hours,2,Never,30-60 minutes,4-6 hours,Social media,Rarely,Sometimes,Thinking about it,Not clear,Both hard and soft skills,5,2,2,Sometimes,6-7 hours,Digital Marketing Specialist,"Yes, currently enrolled in one or more courses/certifications","Yes, actively working on projects/internship",Strong foundation in core concepts,"Rarely participate, mostly observe",Always,50% - 65%,"Technical/Hard Skills (Coding, Math, Logic)",Difficulty with Focus / Concentration,Rarely (Passive),Moderate Impact (Occasional disruption),High Risk,3,2
STU0592,3/19/2026 20:10,First Year (FY),BSc IT,18,Male,5.0 - 6.9,Unsatisfied,1-2 hours,1,Unknown,30-60 minutes,More than 6 hours,Social media,Rarely,Rarely,Actively preparing for a goal (placements/exams),Very clear,"Soft skills (communication, teamwork, leadership, financial literacy)",4,1,1,Always,More than 8 hours,Digital Marketing Specialist,"No, not interested","Not currently, but intend to in the future",Unknown,Occasionally participate in events,Rarely,Less than 50%,"Technical/Hard Skills (Coding, Math, Logic)",Difficulty with Focus / Concentration,Occasionally (When needed),Low Impact (Rarely affects study),High Risk,3,2
STU0593,3/18/2026 11:17,Second Year (SY),BCA,20,Male,8.5 - 9.4,Unsatisfied,Less than 1 hour,1,Few times a week,1-2 hours,More than 6 hours,Social media,Mostly consistent,Always,Planning to start soon,Not clear,Both hard and soft skills,5,1,2,Never,More than 8 hours,AI / ML,"Not currently, but intend to in the future",Planning to start a project/internship soon,"Limited knowledge, theoretical only","Rarely participate, mostly observe",Sometimes,76% - 85%,"Management/Execution (Planning, Organizing, Discipline)",Procrastination / Low Motivation,Rarely (Passive),Low Impact (Rarely affects study),Low Risk,1,1
STU0594,3/19/2026 11:08,Second Year (SY),BCA,20,Male,9.5 - 10.0,Neutral,1-2 hours,2,Rarely,30-60 minutes,4-6 hours,Gaming,Sometimes,Rarely,Planning to start soon,Very clear,"Hard skills (programming, data analytics, technical skills)",2,5,3,Often,4-5 hours,Software Developer,Planning to enroll soon,"Not currently, but intend to in the future","Basic knowledge, learning while practicing",Occasionally participate in events,Often,76% - 85%,"Soft Skills (Communication, Leadership, Teamwork)",Difficulty with Focus / Concentration,Rarely (Passive),Low Impact (Rarely affects study),Moderate Risk,2,2
STU0595,3/20/2026 6:32,First Year (PG),BCom,23,Other,8.5 - 9.4,Neutral,1-2 hours,1,Never,30-60 minutes,More than 6 hours,Social media,Mostly consistent,Often,Actively preparing for a goal (placements/exams),Not clear,"Hard skills (programming, data analytics, technical skills)",3,3,1,Never,More than 8 hours,Data Analyst,"Not currently, but intend to in the future",Planning to start a project/internship soon,"Limited knowledge, theoretical only",Occasionally participate in events,Always,Above 85%,"Technical/Hard Skills (Coding, Math, Logic)",Difficulty with Focus / Concentration,Occasionally (When needed),High Impact (Frequent disruption),Low Risk,1,2
STU0596,4/4/2026 16:40,First Year (PG),BCA,23,Male,5.0 - 6.9,Neutral,1-2 hours,1,Few times a week,1-2 hours,More than 6 hours,Social media,Mostly consistent,Always,Actively preparing for a goal (placements/exams),Very clear,Both hard and soft skills,2,5,2,Always,6-7 hours,Cyber Security Analyst,Planning to enroll soon,"Not currently, but intend to in the future",Strong foundation in core concepts,Occasionally participate in events,Often,66% - 75%,"Technical/Hard Skills (Coding, Math, Logic)",Procrastination / Low Motivation,Occasionally (When needed),High Impact (Frequent disruption),High Risk,3,2
STU0597,3/28/2026 5:21,Second Year (SY),BSc IT,20,Female,9.5 - 10.0,Satisfied,More than 2 hours,1,Few times a week,1-2 hours,4-6 hours,Gaming,Sometimes,Often,Planning to start soon,Very clear,"Hard skills (programming, data analytics, technical skills)",5,3,3,Sometimes,6-7 hours,Data Analyst,"Not currently, but intend to in the future",Planning to start a project/internship soon,"Basic knowledge, learning while practicing",Unknown,Sometimes,66% - 75%,"Technical/Hard Skills (Coding, Math, Logic)",Poor Time Management / Over-scheduling,Rarely (Passive),Moderate Impact (Occasional disruption),Moderate Risk,2,3
STU0598,3/30/2026 12:18,First Year (FY),BA,18,Female,8.5 - 9.4,Very satisfied,1-2 hours,3,Daily,More than 2 hours,More than 6 hours,Social media,Mostly consistent,Often,Actively preparing for a goal (placements/exams),Somewhat clear,"Soft skills (communication, teamwork, leadership, financial literacy)",2,4,3,Never,Unknown,Data Analyst,"Yes, currently enrolled in one or more courses/certifications",Planning to start a project/internship soon,Strong foundation in core concepts,Occasionally participate in events,Sometimes,Above 85%,"Management/Execution (Planning, Organizing, Discipline)",Procrastination / Low Motivation,Never (Unaware or Not interested),Moderate Impact (Occasional disruption),Moderate Risk,2,2
STU0599,4/2/2026 16:49,Second Year (SY),BBA,21,Male,7.0 - 8.4,Neutral,Less than 1 hour,4,Rarely,30-60 minutes,4-6 hours,Gaming,Mostly consistent,Often,Planning to start soon,Very clear,Both hard and soft skills,2,5,3,Always,6-7 hours,Other,"No, not interested","Not currently, but intend to in the future",Strong foundation in core concepts,Occasionally participate in events,Often,66% - 75%,"Technical/Hard Skills (Coding, Math, Logic)",Lack of Consistency or Determination (Difficulty sticking to a plan),Never (Unaware or Not interested),Moderate Impact (Occasional disruption),High Risk,3,1
STU0600,4/13/2026 23:28,Second Year (SY),BSc IT,19,Male,7.0 - 8.4,Satisfied,1-2 hours,3,Few times a week,1-2 hours,4-6 hours,Social media,Sometimes,Always,Thinking about it,Very clear,Both hard and soft skills,4,5,2,Never,More than 8 hours,Data Analyst,"No, not interested","Yes, actively working on projects/internship","Limited knowledge, theoretical only",Occasionally participate in events,Sometimes,Less than 50%,"Management/Execution (Planning, Organizing, Discipline)",Poor Time Management / Over-scheduling,Never (Unaware or Not interested),Moderate Impact (Occasional disruption),High Risk,3,2
STU0601,4/1/2026 22:58,Third Year (TY),BSc Computer Science,21,Male,7.0 - 8.4,Unsatisfied,1-2 hours,4,Few times a week,1-2 hours,More than 6 hours,Social media,Sometimes,Often,Actively preparing for a goal (placements/exams),Not clear,"Hard skills (programming, data analytics, technical skills)",2,5,3,Always,4-5 hours,Other,Unknown,"Yes, actively working on projects/internship","Basic knowledge, learning while practicing",Never participate in such events,Often,66% - 75%,"Technical/Hard Skills (Coding, Math, Logic)",Difficulty with Focus / Concentration,Never (Unaware or Not interested),No Impact (Fully supportive environment),High Risk,3,2
STU0602,3/16/2026 16:36,Second Year (SY),BCA,21,Female,7.0 - 8.4,Neutral,1-2 hours,3,Few times a week,1-2 hours,4-6 hours,Video content (YouTube/OTT),Sometimes,Rarely,Actively preparing for a goal (placements/exams),Somewhat clear,Both hard and soft skills,4,3,3,Sometimes,More than 8 hours,Software Developer,"Not currently, but intend to in the future","Yes, actively working on projects/internship","Limited knowledge, theoretical only",Never participate in such events,Often,76% - 85%,"Creative/Design Skills (Innovation, UI/UX, Content)",Difficulty with Focus / Concentration,Occasionally (When needed),Unknown,Moderate Risk,2,2
STU0603,3/21/2026 12:36,Third Year (TY),BSc IT,22,Female,7.0 - 8.4,Satisfied,Less than 1 hour,2,Rarely,1-2 hours,2-4 hours,Gaming,Sometimes,Sometimes,Planning to start soon,Somewhat clear,Both hard and soft skills,4,4,2,Often,6-7 hours,AI / ML,Planning to enroll soon,Planning to start a project/internship soon,"Basic knowledge, learning while practicing","Rarely participate, mostly observe",Sometimes,66% - 75%,"Management/Execution (Planning, Organizing, Discipline)",Procrastination / Low Motivation,Occasionally (When needed),Moderate Impact (Occasional disruption),High Risk,3,1
STU0604,4/4/2026 11:02,Final Year,BCA,21,Male,8.5 - 9.4,Neutral,1-2 hours,3,Never,30-60 minutes,4-6 hours,Gaming,Mostly consistent,Often,Thinking about it,Somewhat clear,"Soft skills (communication, teamwork, leadership, financial literacy)",3,3,3,Sometimes,6-7 hours,AI / ML,"Yes, currently enrolled in one or more courses/certifications",Planning to start a project/internship soon,"Basic knowledge, learning while practicing","Rarely participate, mostly observe",Always,Above 85%,"Soft Skills (Communication, Leadership, Teamwork)",Lack of Consistency or Determination (Difficulty sticking to a plan),Occasionally (When needed),High Impact (Frequent disruption),Low Risk,1,2
STU0605,4/12/2026 10:45,Second Year (SY),BCA,21,Male,9.5 - 10.0,Very satisfied,1-2 hours,2,Never,30-60 minutes,2-4 hours,Social media,Mostly consistent,Often,Thinking about it,Very clear,Both hard and soft skills,3,5,Unknown,Sometimes,6-7 hours,AI / ML,"No, not interested","Not currently, but intend to in the future","Limited knowledge, theoretical only","Rarely participate, mostly observe",Often,66% - 75%,"Management/Execution (Planning, Organizing, Discipline)",Lack of Consistency or Determination (Difficulty sticking to a plan),Unknown,Moderate Impact (Occasional disruption),Moderate Risk,2,2
STU0606,4/8/2026 8:55,Second Year (SY),BSc Computer Science,21,Male,7.0 - 8.4,Very satisfied,1-2 hours,4,Daily,More than 2 hours,4-6 hours,Social media,Mostly consistent,Often,Planning to start soon,Somewhat clear,Both hard and soft skills,2,5,3,Always,4-5 hours,Automation Engineer,Planning to enroll soon,"Not currently, but intend to in the future","Limited knowledge, theoretical only","Rarely participate, mostly observe",Often,Above 85%,"Soft Skills (Communication, Leadership, Teamwork)",Lack of Consistency or Determination (Difficulty sticking to a plan),Occasionally (When needed),Low Impact (Rarely affects study),Moderate Risk,2,2
STU0607,3/29/2026 18:09,First Year (FY),BCA,17,Male,8.5 - 9.4,Satisfied,1-2 hours,4,Rarely,30-60 minutes,2-4 hours,Other,Sometimes,Sometimes,Planning to start soon,Very clear,Both hard and soft skills,1,5,3,Always,6-7 hours,Data Analyst,"Not currently, but intend to in the future","Yes, actively working on projects/internship","Limited knowledge, theoretical only","Rarely participate, mostly observe",Sometimes,50% - 65%,"Technical/Hard Skills (Coding, Math, Logic)",Procrastination / Low Motivation,Occasionally (When needed),High Impact (Frequent disruption),High Risk,3,2
STU0608,3/20/2026 10:56,Final Year,BCA,22,Male,7.0 - 8.4,Very unsatisfied,1-2 hours,3,Few times a week,30-60 minutes,More than 6 hours,Social media,Rarely,Rarely,Actively preparing for a goal (placements/exams),Somewhat clear,Both hard and soft skills,2,5,3,Always,6-7 hours,Cyber Security Analyst,"Not currently, but intend to in the future","Not currently, but intend to in the future","Basic knowledge, learning while practicing",Unknown,Rarely,50% - 65%,"Soft Skills (Communication, Leadership, Teamwork)",Lack of Consistency or Determination (Difficulty sticking to a plan),Rarely (Passive),Moderate Impact (Occasional disruption),High Risk,3,2
STU0609,4/10/2026 15:07,Second Year (SY),BCA,19,Male,8.5 - 9.4,Very unsatisfied,1-2 hours,4,Rarely,More than 2 hours,4-6 hours,Social media,Rarely,Rarely,Planning to start soon,Very clear,"Hard skills (programming, data analytics, technical skills)",3,4,2,Often,Unknown,Cyber Security Analyst,Planning to enroll soon,"Not currently, but intend to in the future","Basic knowledge, learning while practicing",Occasionally participate in events,Rarely,76% - 85%,"Creative/Design Skills (Innovation, UI/UX, Content)",Poor Time Management / Over-scheduling,Rarely (Passive),No Impact (Fully supportive environment),High Risk,3,2
STU0610,3/17/2026 19:45,Third Year (TY),BCA,20,Male,5.0 - 6.9,Neutral,Less than 1 hour,1,Never,1-2 hours,More than 6 hours,Gaming,Sometimes,Always,Thinking about it,Very clear,Both hard and soft skills,2,4,2,Sometimes,4-5 hours,Cyber Security Analyst,"Not currently, but intend to in the future",Planning to start a project/internship soon,Strong foundation in core concepts,Unknown,Sometimes,Above 85%,"Technical/Hard Skills (Coding, Math, Logic)",Procrastination / Low Motivation,Occasionally (When needed),Moderate Impact (Occasional disruption),High Risk,3,1
STU0611,3/31/2026 14:06,Second Year (SY),BCA,20,Male,9.5 - 10.0,Neutral,1-2 hours,3,Rarely,Unknown,More than 6 hours,Video content (YouTube/OTT),Mostly consistent,Rarely,Actively preparing for a goal (placements/exams),Very clear,"Hard skills (programming, data analytics, technical skills)",5,1,3,Sometimes,6-7 hours,Data Analyst,"No, not interested",Planning to start a project/internship soon,"Basic knowledge, learning while practicing",Occasionally participate in events,Rarely,76% - 85%,"Creative/Design Skills (Innovation, UI/UX, Content)",Procrastination / Low Motivation,Rarely (Passive),Moderate Impact (Occasional disruption),Low Risk,1,2
STU0612,3/22/2026 9:07,Third Year (TY),BSc Computer Science,20,Male,7.0 - 8.4,Neutral,More than 2 hours,3,Few times a week,1-2 hours,2-4 hours,Video content (YouTube/OTT),Rarely,Rarely,Planning to start soon,Not clear,"Soft skills (communication, teamwork, leadership, financial literacy)",1,5,3,Sometimes,4-5 hours,Digital Marketing Specialist,Planning to enroll soon,Planning to start a project/internship soon,"Basic knowledge, learning while practicing",Occasionally participate in events,Often,Less than 50%,"Technical/Hard Skills (Coding, Math, Logic)",Poor Time Management / Over-scheduling,Rarely (Passive),Moderate Impact (Occasional disruption),High Risk,3,3
STU0613,4/5/2026 11:57,Second Year (SY),BCA,21,Male,7.0 - 8.4,Neutral,1-2 hours,3,Rarely,1-2 hours,4-6 hours,Gaming,Sometimes,Often,Planning to start soon,Very clear,Both hard and soft skills,4,5,2,Never,More than 8 hours,Cyber Security Analyst,"No, not interested",Planning to start a project/internship soon,"Basic knowledge, learning while practicing",Unknown,Often,50% - 65%,"Creative/Design Skills (Innovation, UI/UX, Content)",Lack of Consistency or Determination (Difficulty sticking to a plan),Never (Unaware or Not interested),Low Impact (Rarely affects study),High Risk,3,2
STU0614,3/19/2026 10:41,Second Year (SY),BCA,20,Male,8.5 - 9.4,Satisfied,More than 2 hours,5,Never,More than 2 hours,More than 6 hours,Gaming,Sometimes,Sometimes,Planning to start soon,Somewhat clear,"Hard skills (programming, data analytics, technical skills)",3,1,3,Sometimes,6-7 hours,Data Analyst,"Yes, currently enrolled in one or more courses/certifications","Not currently, but intend to in the future","Limited knowledge, theoretical only",Occasionally participate in events,Sometimes,76% - 85%,"Technical/Hard Skills (Coding, Math, Logic)",Poor Time Management / Over-scheduling,Never (Unaware or Not interested),Moderate Impact (Occasional disruption),Low Risk,1,3
STU0615,3/28/2026 9:31,First Year (PG),BCA,25,Female,5.0 - 6.9,Neutral,1-2 hours,2,Few times a week,1-2 hours,2-4 hours,Video content (YouTube/OTT),Sometimes,Rarely,Actively preparing for a goal (placements/exams),Very clear,"Hard skills (programming, data analytics, technical skills)",3,4,3,Sometimes,6-7 hours,Digital Marketing Specialist,Planning to enroll soon,Planning to start a project/internship soon,Strong foundation in core concepts,"Rarely participate, mostly observe",Sometimes,66% - 75%,"Technical/Hard Skills (Coding, Math, Logic)",Difficulty with Focus / Concentration,Never (Unaware or Not interested),Moderate Impact (Occasional disruption),High Risk,3,2
STU0616,4/6/2026 17:37,Second Year (SY),BCA,20,Other,7.0 - 8.4,Satisfied,1-2 hours,2,Never,1-2 hours,More than 6 hours,Video content (YouTube/OTT),Sometimes,Often,Actively preparing for a goal (placements/exams),Not clear,"Hard skills (programming, data analytics, technical skills)",1,4,1,Sometimes,4-5 hours,AI / ML,"Not currently, but intend to in the future",Planning to start a project/internship soon,"Limited knowledge, theoretical only",Occasionally participate in events,Often,Above 85%,"Creative/Design Skills (Innovation, UI/UX, Content)",Poor Time Management / Over-scheduling,Never (Unaware or Not interested),Low Impact (Rarely affects study),Moderate Risk,2,2
STU0617,4/11/2026 23:23,Final Year,BSc IT,21,Male,7.0 - 8.4,Neutral,1-2 hours,3,Never,1-2 hours,More than 6 hours,Social media,Rarely,Rarely,Planning to start soon,Somewhat clear,"Hard skills (programming, data analytics, technical skills)",5,3,1,Often,More than 8 hours,Digital Marketing Specialist,"No, not interested","Not currently, but intend to in the future","Limited knowledge, theoretical only",Never participate in such events,Rarely,Less than 50%,"Creative/Design Skills (Innovation, UI/UX, Content)",Procrastination / Low Motivation,Occasionally (When needed),Unknown,High Risk,3,2
STU0618,3/26/2026 9:27,Third Year (TY),BA,20,Male,7.0 - 8.4,Satisfied,Less than 1 hour,1,Never,30-60 minutes,4-6 hours,Video content (YouTube/OTT),Mostly consistent,Always,Planning to start soon,Not clear,Both hard and soft skills,2,Unknown,1,Sometimes,6-7 hours,Other,"No, not interested",Planning to start a project/internship soon,"Basic knowledge, learning while practicing","Rarely participate, mostly observe",Always,Less than 50%,"Soft Skills (Communication, Leadership, Teamwork)",Lack of Consistency or Determination (Difficulty sticking to a plan),Occasionally (When needed),High Impact (Frequent disruption),High Risk,3,1
STU0619,3/19/2026 21:47,Second Year (SY),BSc IT,21,Male,8.5 - 9.4,Neutral,1-2 hours,3,Few times a week,1-2 hours,4-6 hours,Social media,Mostly consistent,Always,Actively preparing for a goal (placements/exams),Somewhat clear,"Soft skills (communication, teamwork, leadership, financial literacy)",2,4,Unknown,Often,6-7 hours,Other,"Not currently, but intend to in the future","Not currently, but intend to in the future","Basic knowledge, learning while practicing",Never participate in such events,Always,Above 85%,"Soft Skills (Communication, Leadership, Teamwork)",Difficulty with Focus / Concentration,Rarely (Passive),Low Impact (Rarely affects study),Moderate Risk,2,2
STU0620,4/10/2026 15:25,First Year (PG),BCA,25,Male,8.5 - 9.4,Satisfied,1-2 hours,3,Rarely,More than 2 hours,More than 6 hours,Social interactions,Mostly consistent,Always,Thinking about it,Somewhat clear,"Hard skills (programming, data analytics, technical skills)",4,3,3,Sometimes,6-7 hours,Data Analyst,"No, not interested",Planning to start a project/internship soon,"Limited knowledge, theoretical only",Occasionally participate in events,Always,76% - 85%,"Creative/Design Skills (Innovation, UI/UX, Content)",Procrastination / Low Motivation,Rarely (Passive),High Impact (Frequent disruption),Moderate Risk,2,2
STU0621,3/27/2026 19:13,First Year (FY),BCA,19,Male,5.0 - 6.9,Unsatisfied,Less than 1 hour,2,Rarely,1-2 hours,More than 6 hours,Other,Rarely,Often,Thinking about it,Somewhat clear,"Hard skills (programming, data analytics, technical skills)",2,4,3,Always,4-5 hours,Other,"Not currently, but intend to in the future","Yes, actively working on projects/internship","Basic knowledge, learning while practicing","Rarely participate, mostly observe",Sometimes,66% - 75%,"Soft Skills (Communication, Leadership, Teamwork)",Difficulty with Focus / Concentration,Occasionally (When needed),No Impact (Fully supportive environment),High Risk,3,1
STU0622,3/21/2026 9:27,First Year (FY),BSc Cyber Security,18,Male,8.5 - 9.4,Satisfied,Less than 1 hour,3,Rarely,30-60 minutes,More than 6 hours,Social media,Sometimes,Often,Actively preparing for a goal (placements/exams),Somewhat clear,"Hard skills (programming, data analytics, technical skills)",Unknown,2,3,Always,More than 8 hours,AI / ML,"Not currently, but intend to in the future",Planning to start a project/internship soon,"Basic knowledge, learning while practicing",Never participate in such events,Always,66% - 75%,"Technical/Hard Skills (Coding, Math, Logic)",Lack of Consistency or Determination (Difficulty sticking to a plan),Rarely (Passive),Moderate Impact (Occasional disruption),Moderate Risk,2,1
STU0623,3/22/2026 13:02,Final Year,BSc IT,22,Female,7.0 - 8.4,Satisfied,1-2 hours,3,Rarely,1-2 hours,4-6 hours,Gaming,Sometimes,Often,Planning to start soon,Not clear,"Soft skills (communication, teamwork, leadership, financial literacy)",4,3,3,Sometimes,More than 8 hours,Software Developer,"Yes, currently enrolled in one or more courses/certifications",Planning to start a project/internship soon,"Basic knowledge, learning while practicing",Occasionally participate in events,Sometimes,66% - 75%,"Creative/Design Skills (Innovation, UI/UX, Content)",Poor Time Management / Over-scheduling,Rarely (Passive),Moderate Impact (Occasional disruption),Moderate Risk,2,2
STU0624,4/7/2026 14:25,Third Year (TY),BCA,21,Male,9.5 - 10.0,Very satisfied,More than 2 hours,2,Rarely,30-60 minutes,More than 6 hours,Social media,Mostly consistent,Always,Planning to start soon,Very clear,Both hard and soft skills,4,3,2,Sometimes,More than 8 hours,Data Analyst,Planning to enroll soon,"Yes, actively working on projects/internship","Basic knowledge, learning while practicing","Rarely participate, mostly observe",Always,Above 85%,"Soft Skills (Communication, Leadership, Teamwork)",Poor Time Management / Over-scheduling,Occasionally (When needed),Moderate Impact (Occasional disruption),Low Risk,1,3
STU0625,4/5/2026 7:09,Second Year (SY),BSc Computer Science,20,Male,5.0 - 6.9,Unsatisfied,Less than 1 hour,1,Never,30-60 minutes,4-6 hours,Video content (YouTube/OTT),Rarely,Often,Thinking about it,Somewhat clear,Both hard and soft skills,3,5,1,Sometimes,6-7 hours,Other,"Yes, currently enrolled in one or more courses/certifications","Yes, actively working on projects/internship","Basic knowledge, learning while practicing","Rarely participate, mostly observe",Sometimes,50% - 65%,"Soft Skills (Communication, Leadership, Teamwork)",Poor Time Management / Over-scheduling,Occasionally (When needed),Low Impact (Rarely affects study),High Risk,3,1
STU0626,3/25/2026 14:49,Second Year (PG),BSc Computer Science,26,Female,7.0 - 8.4,Satisfied,1-2 hours,4,Rarely,More than 2 hours,More than 6 hours,Social media,Rarely,Rarely,Planning to start soon,Not clear,Both hard and soft skills,2,3,3,Always,4-5 hours,Other,"No, not interested",Planning to start a project/internship soon,"Basic knowledge, learning while practicing",Occasionally participate in events,Sometimes,76% - 85%,"Technical/Hard Skills (Coding, Math, Logic)",Procrastination / Low Motivation,Rarely (Passive),Moderate Impact (Occasional disruption),High Risk,3,2
STU0627,3/18/2026 15:31,Second Year (SY),BSc Cyber Security,19,Male,5.0 - 6.9,Unsatisfied,More than 2 hours,1,Few times a week,1-2 hours,4-6 hours,Social interactions,Rarely,Often,Planning to start soon,Somewhat clear,"Hard skills (programming, data analytics, technical skills)",1,3,1,Always,6-7 hours,Cyber Security Analyst,"Not currently, but intend to in the future",Planning to start a project/internship soon,"Limited knowledge, theoretical only",Never participate in such events,Sometimes,76% - 85%,"Soft Skills (Communication, Leadership, Teamwork)",Lack of Consistency or Determination (Difficulty sticking to a plan),Rarely (Passive),Moderate Impact (Occasional disruption),High Risk,3,3
STU0628,4/6/2026 9:11,First Year (FY),BCA,18,Other,8.5 - 9.4,Satisfied,More than 2 hours,4,Rarely,30-60 minutes,2-4 hours,Social interactions,Mostly consistent,Often,Planning to start soon,Very clear,Both hard and soft skills,4,2,3,Sometimes,More than 8 hours,Digital Marketing Specialist,Planning to enroll soon,"Not currently, but intend to in the future","Basic knowledge, learning while practicing",Never participate in such events,Often,76% - 85%,"Soft Skills (Communication, Leadership, Teamwork)",Procrastination / Low Motivation,Never (Unaware or Not interested),Moderate Impact (Occasional disruption),Low Risk,1,3
STU0629,3/29/2026 12:08,First Year (PG),BCom,24,Male,9.5 - 10.0,Very satisfied,Less than 1 hour,3,Rarely,1-2 hours,4-6 hours,Gaming,Mostly consistent,Often,Actively preparing for a goal (placements/exams),Very clear,"Hard skills (programming, data analytics, technical skills)",3,4,1,Sometimes,6-7 hours,Other,"Not currently, but intend to in the future","Yes, actively working on projects/internship","Basic knowledge, learning while practicing",Never participate in such events,Always,66% - 75%,"Soft Skills (Communication, Leadership, Teamwork)",Lack of Consistency or Determination (Difficulty sticking to a plan),Never (Unaware or Not interested),High Impact (Frequent disruption),Moderate Risk,2,1
STU0630,3/15/2026 12:35,First Year (PG),BCA,23,Male,8.5 - 9.4,Satisfied,More than 2 hours,2,Daily,30-60 minutes,More than 6 hours,Social media,Mostly consistent,Always,Planning to start soon,Somewhat clear,"Soft skills (communication, teamwork, leadership, financial literacy)",3,2,1,Always,More than 8 hours,Data Analyst,"Yes, currently enrolled in one or more courses/certifications","Not currently, but intend to in the future","Limited knowledge, theoretical only",Occasionally participate in events,Always,76% - 85%,"Soft Skills (Communication, Leadership, Teamwork)",Difficulty with Focus / Concentration,Never (Unaware or Not interested),Low Impact (Rarely affects study),Low Risk,1,3
STU0631,3/18/2026 9:46,First Year (FY),BSc IT,18,Male,8.5 - 9.4,Very satisfied,1-2 hours,4,Rarely,More than 2 hours,4-6 hours,Video content (YouTube/OTT),Rarely,Sometimes,Actively preparing for a goal (placements/exams),Very clear,"Hard skills (programming, data analytics, technical skills)",1,5,2,Often,6-7 hours,AI / ML,"No, not interested",Planning to start a project/internship soon,"Basic knowledge, learning while practicing","Rarely participate, mostly observe",Sometimes,76% - 85%,"Management/Execution (Planning, Organizing, Discipline)",Lack of Consistency or Determination (Difficulty sticking to a plan),Rarely (Passive),High Impact (Frequent disruption),High Risk,3,2
STU0632,4/2/2026 11:20,Second Year (SY),BBA,19,Male,7.0 - 8.4,Very unsatisfied,Less than 1 hour,3,Few times a week,1-2 hours,2-4 hours,Gaming,Rarely,Sometimes,Actively preparing for a goal (placements/exams),Somewhat clear,"Soft skills (communication, teamwork, leadership, financial literacy)",3,4,1,Often,6-7 hours,Digital Marketing Specialist,Unknown,Planning to start a project/internship soon,"Basic knowledge, learning while practicing","Rarely participate, mostly observe",Sometimes,Above 85%,"Soft Skills (Communication, Leadership, Teamwork)",Lack of Consistency or Determination (Difficulty sticking to a plan),Occasionally (When needed),Low Impact (Rarely affects study),High Risk,3,1
STU0633,3/17/2026 2:09,Second Year (SY),BCom,20,Male,7.0 - 8.4,Satisfied,Less than 1 hour,3,Rarely,1-2 hours,4-6 hours,Other,Sometimes,Sometimes,Planning to start soon,Very clear,Both hard and soft skills,3,2,3,Often,6-7 hours,Digital Marketing Specialist,"Not currently, but intend to in the future","Yes, actively working on projects/internship","Limited knowledge, theoretical only",Never participate in such events,Always,50% - 65%,"Soft Skills (Communication, Leadership, Teamwork)",Lack of Consistency or Determination (Difficulty sticking to a plan),Rarely (Passive),Moderate Impact (Occasional disruption),Moderate Risk,2,1
STU0634,4/14/2026 20:22,Third Year (TY),BCA,21,Male,5.0 - 6.9,Very satisfied,More than 2 hours,3,Few times a week,More than 2 hours,More than 6 hours,Video content (YouTube/OTT),Rarely,Often,Thinking about it,Not clear,"Hard skills (programming, data analytics, technical skills)",3,4,1,Often,6-7 hours,AI / ML,"Yes, currently enrolled in one or more courses/certifications",Planning to start a project/internship soon,Strong foundation in core concepts,Never participate in such events,Always,66% - 75%,"Creative/Design Skills (Innovation, UI/UX, Content)",Poor Time Management / Over-scheduling,Rarely (Passive),No Impact (Fully supportive environment),High Risk,3,3
STU0635,3/25/2026 12:09,Second Year (SY),BCA,21,Male,5.0 - 6.9,Neutral,Less than 1 hour,5,Never,1-2 hours,More than 6 hours,Gaming,Rarely,Sometimes,Thinking about it,Somewhat clear,"Hard skills (programming, data analytics, technical skills)",4,3,2,Sometimes,6-7 hours,Data Analyst,"No, not interested","Yes, actively working on projects/internship",Strong foundation in core concepts,"Rarely participate, mostly observe",Often,50% - 65%,"Technical/Hard Skills (Coding, Math, Logic)",Poor Time Management / Over-scheduling,Never (Unaware or Not interested),Low Impact (Rarely affects study),High Risk,3,1
STU0636,3/29/2026 22:00,First Year (FY),BCA,17,Male,8.5 - 9.4,Unsatisfied,1-2 hours,1,Rarely,30-60 minutes,More than 6 hours,Gaming,Rarely,Sometimes,Planning to start soon,Very clear,Both hard and soft skills,2,3,1,Always,6-7 hours,Other,"Not currently, but intend to in the future","Not currently, but intend to in the future","Basic knowledge, learning while practicing","Rarely participate, mostly observe",Always,Above 85%,"Soft Skills (Communication, Leadership, Teamwork)",Procrastination / Low Motivation,Never (Unaware or Not interested),No Impact (Fully supportive environment),Moderate Risk,2,2
STU0637,3/26/2026 16:00,First Year (PG),BCA,24,Other,9.5 - 10.0,Unsatisfied,1-2 hours,Unknown,Rarely,30-60 minutes,4-6 hours,Gaming,Mostly consistent,Sometimes,Planning to start soon,Not clear,Both hard and soft skills,1,5,1,Often,6-7 hours,Digital Marketing Specialist,"Not currently, but intend to in the future","Yes, actively working on projects/internship",Strong foundation in core concepts,Never participate in such events,Often,76% - 85%,"Technical/Hard Skills (Coding, Math, Logic)",Poor Time Management / Over-scheduling,Rarely (Passive),High Impact (Frequent disruption),Moderate Risk,2,2
STU0638,3/29/2026 10:11,Third Year (TY),BCA,21,Male,5.0 - 6.9,Satisfied,1-2 hours,4,Rarely,1-2 hours,More than 6 hours,Social media,Sometimes,Sometimes,Actively preparing for a goal (placements/exams),Not clear,"Hard skills (programming, data analytics, technical skills)",5,3,3,Often,6-7 hours,Data Analyst,"Not currently, but intend to in the future","Not currently, but intend to in the future","Basic knowledge, learning while practicing","Rarely participate, mostly observe",Sometimes,66% - 75%,"Management/Execution (Planning, Organizing, Discipline)",Difficulty with Focus / Concentration,Occasionally (When needed),High Impact (Frequent disruption),High Risk,3,2
STU0639,3/18/2026 12:53,Third Year (TY),BCom,20,Male,8.5 - 9.4,Very satisfied,Less than 1 hour,2,Rarely,More than 2 hours,More than 6 hours,Social interactions,Sometimes,Always,Planning to start soon,Somewhat clear,Both hard and soft skills,1,5,2,Often,4-5 hours,Digital Marketing Specialist,"No, not interested","Not currently, but intend to in the future",Unknown,Occasionally participate in events,Sometimes,Above 85%,"Soft Skills (Communication, Leadership, Teamwork)",Difficulty with Focus / Concentration,Rarely (Passive),High Impact (Frequent disruption),Moderate Risk,2,1
STU0640,4/1/2026 13:29,Third Year (TY),BCA,21,Male,9.5 - 10.0,Unsatisfied,More than 2 hours,5,Daily,More than 2 hours,More than 6 hours,Video content (YouTube/OTT),Sometimes,Sometimes,Actively preparing for a goal (placements/exams),Somewhat clear,Both hard and soft skills,2,4,1,Sometimes,4-5 hours,AI / ML,"No, not interested","Yes, actively working on projects/internship","Basic knowledge, learning while practicing",Occasionally participate in events,Often,76% - 85%,"Creative/Design Skills (Innovation, UI/UX, Content)",Difficulty with Focus / Concentration,Occasionally (When needed),Moderate Impact (Occasional disruption),Moderate Risk,2,3
STU0641,4/12/2026 17:17,First Year (FY),BCA,19,Male,5.0 - 6.9,Unsatisfied,1-2 hours,2,Rarely,More than 2 hours,More than 6 hours,Social interactions,Sometimes,Sometimes,Planning to start soon,Not clear,"Soft skills (communication, teamwork, leadership, financial literacy)",3,4,1,Sometimes,Unknown,AI / ML,Planning to enroll soon,"Yes, actively working on projects/internship","Basic knowledge, learning while practicing","Rarely participate, mostly observe",Sometimes,66% - 75%,"Technical/Hard Skills (Coding, Math, Logic)",Difficulty with Focus / Concentration,Rarely (Passive),Low Impact (Rarely affects study),High Risk,3,2
STU0642,3/20/2026 17:21,Third Year (TY),BCA,22,Female,8.5 - 9.4,Very unsatisfied,1-2 hours,2,Never,1-2 hours,More than 6 hours,Video content (YouTube/OTT),Mostly consistent,Often,Planning to start soon,Very clear,Both hard and soft skills,5,2,2,Always,More than 8 hours,Cyber Security Analyst,Planning to enroll soon,Planning to start a project/internship soon,"Limited knowledge, theoretical only",Occasionally participate in events,Always,50% - 65%,"Soft Skills (Communication, Leadership, Teamwork)",Lack of Consistency or Determination (Difficulty sticking to a plan),Rarely (Passive),High Impact (Frequent disruption),Moderate Risk,2,2
STU0643,3/20/2026 10:33,Second Year (PG),BCA,26,Male,9.5 - 10.0,Neutral,1-2 hours,5,Rarely,More than 2 hours,4-6 hours,Gaming,Sometimes,Sometimes,Planning to start soon,Very clear,"Hard skills (programming, data analytics, technical skills)",2,5,3,Always,6-7 hours,Other,"Not currently, but intend to in the future","Not currently, but intend to in the future","Basic knowledge, learning while practicing",Occasionally participate in events,Sometimes,76% - 85%,"Management/Execution (Planning, Organizing, Discipline)",Poor Time Management / Over-scheduling,Occasionally (When needed),Unknown,Moderate Risk,2,2
STU0644,4/4/2026 12:00,First Year (FY),BCA,19,Female,8.5 - 9.4,Satisfied,1-2 hours,1,Rarely,1-2 hours,4-6 hours,Social media,Mostly consistent,Always,Planning to start soon,Not clear,"Hard skills (programming, data analytics, technical skills)",3,Unknown,3,Always,4-5 hours,Data Analyst,Planning to enroll soon,"Not currently, but intend to in the future",Strong foundation in core concepts,Never participate in such events,Sometimes,66% - 75%,"Creative/Design Skills (Innovation, UI/UX, Content)",Poor Time Management / Over-scheduling,Occasionally (When needed),Moderate Impact (Occasional disruption),Low Risk,1,2
STU0645,4/1/2026 16:12,Second Year (SY),BCom,19,Male,8.5 - 9.4,Neutral,1-2 hours,3,Few times a week,More than 2 hours,4-6 hours,Video content (YouTube/OTT),Mostly consistent,Often,Actively preparing for a goal (placements/exams),Not clear,"Hard skills (programming, data analytics, technical skills)",2,5,3,Often,Unknown,Software Developer,Planning to enroll soon,Planning to start a project/internship soon,"Basic knowledge, learning while practicing","Rarely participate, mostly observe",Sometimes,Above 85%,"Soft Skills (Communication, Leadership, Teamwork)",Difficulty with Focus / Concentration,Rarely (Passive),Low Impact (Rarely affects study),Moderate Risk,2,2
STU0646,3/24/2026 20:09,First Year (FY),BCom,18,Male,8.5 - 9.4,Satisfied,More than 2 hours,3,Few times a week,More than 2 hours,More than 6 hours,Gaming,Mostly consistent,Always,Thinking about it,Somewhat clear,"Soft skills (communication, teamwork, leadership, financial literacy)",4,3,1,Often,Unknown,Data Analyst,"No, not interested","Not currently, but intend to in the future",Strong foundation in core concepts,Never participate in such events,Often,76% - 85%,"Technical/Hard Skills (Coding, Math, Logic)",Procrastination / Low Motivation,Rarely (Passive),No Impact (Fully supportive environment),Moderate Risk,2,3
STU0647,4/4/2026 22:20,First Year (PG),BCA,25,Male,7.0 - 8.4,Unsatisfied,1-2 hours,2,Rarely,Unknown,More than 6 hours,Social media,Rarely,Often,Actively preparing for a goal (placements/exams),Very clear,"Soft skills (communication, teamwork, leadership, financial literacy)",3,1,Unknown,Never,6-7 hours,Data Analyst,"No, not interested",Planning to start a project/internship soon,Strong foundation in core concepts,Occasionally participate in events,Sometimes,66% - 75%,"Creative/Design Skills (Innovation, UI/UX, Content)",Difficulty with Focus / Concentration,Never (Unaware or Not interested),No Impact (Fully supportive environment),Moderate Risk,2,2
STU0648,3/23/2026 20:47,First Year (FY),BCom,17,Male,8.5 - 9.4,Neutral,Less than 1 hour,4,Unknown,Unknown,More than 6 hours,Social media,Sometimes,Sometimes,Actively preparing for a goal (placements/exams),Not clear,"Soft skills (communication, teamwork, leadership, financial literacy)",4,4,3,Often,6-7 hours,Automation Engineer,"Yes, currently enrolled in one or more courses/certifications","Not currently, but intend to in the future",Strong foundation in core concepts,Never participate in such events,Rarely,76% - 85%,"Soft Skills (Communication, Leadership, Teamwork)",Poor Time Management / Over-scheduling,Rarely (Passive),Moderate Impact (Occasional disruption),Moderate Risk,2,1
STU0649,3/21/2026 9:30,Second Year (PG),BSc Computer Science,23,Male,7.0 - 8.4,Unsatisfied,1-2 hours,3,Never,30-60 minutes,4-6 hours,Video content (YouTube/OTT),Sometimes,Sometimes,Actively preparing for a goal (placements/exams),Not clear,"Hard skills (programming, data analytics, technical skills)",2,2,3,Always,6-7 hours,Software Developer,"No, not interested","Not currently, but intend to in the future","Limited knowledge, theoretical only",Occasionally participate in events,Always,50% - 65%,"Technical/Hard Skills (Coding, Math, Logic)",Procrastination / Low Motivation,Never (Unaware or Not interested),High Impact (Frequent disruption),Moderate Risk,2,2
STU0650,4/9/2026 17:37,Third Year (TY),BCA,22,Other,8.5 - 9.4,Unsatisfied,1-2 hours,2,Few times a week,30-60 minutes,More than 6 hours,Gaming,Mostly consistent,Often,Actively preparing for a goal (placements/exams),Somewhat clear,Both hard and soft skills,5,3,1,Always,6-7 hours,AI / ML,Planning to enroll soon,"Yes, actively working on projects/internship",Strong foundation in core concepts,Occasionally participate in events,Often,Above 85%,"Management/Execution (Planning, Organizing, Discipline)",Procrastination / Low Motivation,Never (Unaware or Not interested),High Impact (Frequent disruption),Low Risk,1,2
STU0651,4/10/2026 7:40,First Year (PG),BCA,22,Female,7.0 - 8.4,Neutral,Less than 1 hour,3,Never,1-2 hours,4-6 hours,Social interactions,Rarely,Sometimes,Planning to start soon,Very clear,"Soft skills (communication, teamwork, leadership, financial literacy)",2,3,2,Always,More than 8 hours,AI / ML,"Yes, currently enrolled in one or more courses/certifications","Yes, actively working on projects/internship","Limited knowledge, theoretical only","Rarely participate, mostly observe",Often,Less than 50%,"Technical/Hard Skills (Coding, Math, Logic)",Difficulty with Focus / Concentration,Rarely (Passive),Moderate Impact (Occasional disruption),High Risk,3,1
STU0652,3/26/2026 8:11,Second Year (PG),BCA,24,Female,7.0 - 8.4,Satisfied,1-2 hours,4,Rarely,1-2 hours,4-6 hours,Video content (YouTube/OTT),Rarely,Often,Thinking about it,Not clear,"Hard skills (programming, data analytics, technical skills)",3,2,Unknown,Sometimes,6-7 hours,Automation Engineer,"Not currently, but intend to in the future","Not currently, but intend to in the future",Strong foundation in core concepts,Never participate in such events,Often,50% - 65%,"Creative/Design Skills (Innovation, UI/UX, Content)",Lack of Consistency or Determination (Difficulty sticking to a plan),Occasionally (When needed),Moderate Impact (Occasional disruption),High Risk,3,2
STU0653,3/21/2026 9:38,Third Year (TY),BCA,22,Male,8.5 - 9.4,Unsatisfied,1-2 hours,4,Rarely,1-2 hours,4-6 hours,Social media,Sometimes,Sometimes,Planning to start soon,Somewhat clear,"Soft skills (communication, teamwork, leadership, financial literacy)",4,1,2,Never,6-7 hours,AI / ML,Planning to enroll soon,"Yes, actively working on projects/internship","Basic knowledge, learning while practicing","Rarely participate, mostly observe",Rarely,76% - 85%,"Management/Execution (Planning, Organizing, Discipline)",Lack of Consistency or Determination (Difficulty sticking to a plan),Occasionally (When needed),High Impact (Frequent disruption),Low Risk,1,2
STU0654,3/30/2026 10:31,First Year (FY),BBA,17,Female,7.0 - 8.4,Neutral,1-2 hours,2,Never,1-2 hours,More than 6 hours,Social media,Sometimes,Rarely,Planning to start soon,Somewhat clear,Both hard and soft skills,2,4,1,Sometimes,4-5 hours,Software Developer,"Not currently, but intend to in the future","Yes, actively working on projects/internship","Limited knowledge, theoretical only",Never participate in such events,Rarely,66% - 75%,"Technical/Hard Skills (Coding, Math, Logic)",Procrastination / Low Motivation,Occasionally (When needed),Moderate Impact (Occasional disruption),High Risk,3,2
STU0655,4/14/2026 17:53,Second Year (SY),BSc Computer Science,20,Male,7.0 - 8.4,Neutral,1-2 hours,4,Few times a week,1-2 hours,More than 6 hours,Social media,Sometimes,Always,Thinking about it,Somewhat clear,Both hard and soft skills,Unknown,5,3,Sometimes,6-7 hours,AI / ML,"Not currently, but intend to in the future","Yes, actively working on projects/internship","Basic knowledge, learning while practicing","Rarely participate, mostly observe",Often,66% - 75%,"Soft Skills (Communication, Leadership, Teamwork)",Lack of Consistency or Determination (Difficulty sticking to a plan),Never (Unaware or Not interested),Low Impact (Rarely affects study),High Risk,3,2
STU0656,4/3/2026 15:31,Second Year (PG),BSc Computer Science,23,Female,7.0 - 8.4,Neutral,1-2 hours,3,Daily,30-60 minutes,2-4 hours,Social media,Sometimes,Rarely,Planning to start soon,Somewhat clear,"Soft skills (communication, teamwork, leadership, financial literacy)",4,3,3,Sometimes,6-7 hours,AI / ML,Unknown,"Not currently, but intend to in the future","Limited knowledge, theoretical only",Unknown,Often,66% - 75%,"Technical/Hard Skills (Coding, Math, Logic)",Procrastination / Low Motivation,Never (Unaware or Not interested),No Impact (Fully supportive environment),Moderate Risk,2,2
STU0657,4/7/2026 9:44,Second Year (SY),BCA,20,Male,5.0 - 6.9,Neutral,More than 2 hours,2,Few times a week,1-2 hours,More than 6 hours,Social interactions,Rarely,Often,Actively preparing for a goal (placements/exams),Very clear,"Hard skills (programming, data analytics, technical skills)",3,5,Unknown,Sometimes,4-5 hours,AI / ML,"Not currently, but intend to in the future","Not currently, but intend to in the future","Basic knowledge, learning while practicing",Occasionally participate in events,Sometimes,66% - 75%,"Creative/Design Skills (Innovation, UI/UX, Content)",Lack of Consistency or Determination (Difficulty sticking to a plan),Rarely (Passive),No Impact (Fully supportive environment),High Risk,3,3
STU0658,3/25/2026 15:16,Second Year (PG),BA,26,Female,7.0 - 8.4,Unsatisfied,1-2 hours,3,Never,More than 2 hours,More than 6 hours,Social media,Rarely,Sometimes,Planning to start soon,Not clear,Both hard and soft skills,4,2,2,Never,More than 8 hours,Cyber Security Analyst,Planning to enroll soon,"Not currently, but intend to in the future","Basic knowledge, learning while practicing",Occasionally participate in events,Sometimes,66% - 75%,"Management/Execution (Planning, Organizing, Discipline)",Lack of Consistency or Determination (Difficulty sticking to a plan),Occasionally (When needed),Low Impact (Rarely affects study),Moderate Risk,2,2
STU0659,3/30/2026 8:36,Final Year,BCA,23,Male,7.0 - 8.4,Satisfied,Less than 1 hour,2,Never,1-2 hours,More than 6 hours,Social media,Sometimes,Always,Actively preparing for a goal (placements/exams),Somewhat clear,Both hard and soft skills,3,5,2,Often,4-5 hours,AI / ML,"Not currently, but intend to in the future",Planning to start a project/internship soon,"Limited knowledge, theoretical only",Occasionally participate in events,Sometimes,66% - 75%,"Technical/Hard Skills (Coding, Math, Logic)",Procrastination / Low Motivation,Occasionally (When needed),Moderate Impact (Occasional disruption),High Risk,3,1
STU0660,3/30/2026 13:04,First Year (PG),BCA,22,Female,8.5 - 9.4,Satisfied,Less than 1 hour,2,Daily,30-60 minutes,4-6 hours,Social media,Mostly consistent,Often,Planning to start soon,Somewhat clear,"Soft skills (communication, teamwork, leadership, financial literacy)",3,4,3,Often,6-7 hours,AI / ML,"Not currently, but intend to in the future","Yes, actively working on projects/internship","Basic knowledge, learning while practicing",Never participate in such events,Always,76% - 85%,"Management/Execution (Planning, Organizing, Discipline)",Lack of Consistency or Determination (Difficulty sticking to a plan),Rarely (Passive),Moderate Impact (Occasional disruption),Moderate Risk,2,1
STU0661,3/31/2026 16:54,Second Year (SY),BCA,19,Female,7.0 - 8.4,Satisfied,Less than 1 hour,2,Daily,1-2 hours,More than 6 hours,Other,Mostly consistent,Often,Actively preparing for a goal (placements/exams),Somewhat clear,"Hard skills (programming, data analytics, technical skills)",4,3,2,Often,6-7 hours,AI / ML,"Yes, currently enrolled in one or more courses/certifications",Planning to start a project/internship soon,"Basic knowledge, learning while practicing","Rarely participate, mostly observe",Often,66% - 75%,"Technical/Hard Skills (Coding, Math, Logic)",Poor Time Management / Over-scheduling,Never (Unaware or Not interested),High Impact (Frequent disruption),Moderate Risk,2,1
STU0662,3/29/2026 18:09,Third Year (TY),BCA,20,Female,9.5 - 10.0,Very satisfied,1-2 hours,1,Few times a week,30-60 minutes,2-4 hours,Social interactions,Mostly consistent,Often,Planning to start soon,Somewhat clear,"Soft skills (communication, teamwork, leadership, financial literacy)",Unknown,4,2,Sometimes,6-7 hours,Cyber Security Analyst,"No, not interested","Yes, actively working on projects/internship","Basic knowledge, learning while practicing","Rarely participate, mostly observe",Often,66% - 75%,"Creative/Design Skills (Innovation, UI/UX, Content)",Poor Time Management / Over-scheduling,Never (Unaware or Not interested),Low Impact (Rarely affects study),Moderate Risk,2,2
STU0663,3/25/2026 16:32,First Year (FY),BCA,17,Male,7.0 - 8.4,Unsatisfied,Less than 1 hour,2,Never,1-2 hours,2-4 hours,Social interactions,Mostly consistent,Always,Thinking about it,Somewhat clear,"Hard skills (programming, data analytics, technical skills)",4,3,2,Never,More than 8 hours,Cyber Security Analyst,Planning to enroll soon,"Not currently, but intend to in the future",Strong foundation in core concepts,Never participate in such events,Always,50% - 65%,"Management/Execution (Planning, Organizing, Discipline)",Difficulty with Focus / Concentration,Rarely (Passive),Moderate Impact (Occasional disruption),Moderate Risk,2,1
STU0664,4/14/2026 1:15,Second Year (SY),BCA,19,Other,5.0 - 6.9,Unsatisfied,1-2 hours,2,Rarely,1-2 hours,4-6 hours,Video content (YouTube/OTT),Rarely,Rarely,Planning to start soon,Somewhat clear,Both hard and soft skills,4,2,1,Sometimes,More than 8 hours,Cyber Security Analyst,"No, not interested",Planning to start a project/internship soon,"Basic knowledge, learning while practicing","Rarely participate, mostly observe",Rarely,76% - 85%,"Soft Skills (Communication, Leadership, Teamwork)",Difficulty with Focus / Concentration,Occasionally (When needed),High Impact (Frequent disruption),High Risk,3,2
STU0665,3/30/2026 7:17,First Year (PG),BCA,23,Female,8.5 - 9.4,Very satisfied,More than 2 hours,4,Never,30-60 minutes,More than 6 hours,Video content (YouTube/OTT),Mostly consistent,Always,Planning to start soon,Very clear,Both hard and soft skills,5,Unknown,2,Often,6-7 hours,Data Analyst,"Yes, currently enrolled in one or more courses/certifications","Yes, actively working on projects/internship","Limited knowledge, theoretical only",Never participate in such events,Often,76% - 85%,"Technical/Hard Skills (Coding, Math, Logic)",Procrastination / Low Motivation,Occasionally (When needed),Low Impact (Rarely affects study),Low Risk,1,3
STU0666,3/17/2026 11:43,First Year (FY),BCA,17,Female,9.5 - 10.0,Unsatisfied,1-2 hours,1,Few times a week,30-60 minutes,Unknown,Video content (YouTube/OTT),Mostly consistent,Always,Actively preparing for a goal (placements/exams),Very clear,"Hard skills (programming, data analytics, technical skills)",3,5,1,Never,More than 8 hours,Digital Marketing Specialist,"Yes, currently enrolled in one or more courses/certifications","Not currently, but intend to in the future","Basic knowledge, learning while practicing",Never participate in such events,Always,76% - 85%,"Soft Skills (Communication, Leadership, Teamwork)",Procrastination / Low Motivation,Never (Unaware or Not interested),Low Impact (Rarely affects study),Moderate Risk,2,2
STU0667,3/15/2026 10:37,Third Year (TY),BCA,21,Male,5.0 - 6.9,Neutral,1-2 hours,1,Daily,30-60 minutes,Unknown,Video content (YouTube/OTT),Rarely,Sometimes,Actively preparing for a goal (placements/exams),Not clear,Both hard and soft skills,2,3,3,Sometimes,6-7 hours,Software Developer,"Not currently, but intend to in the future","Yes, actively working on projects/internship","Basic knowledge, learning while practicing",Never participate in such events,Often,66% - 75%,"Management/Execution (Planning, Organizing, Discipline)",Procrastination / Low Motivation,Never (Unaware or Not interested),High Impact (Frequent disruption),High Risk,3,2
STU0668,4/7/2026 15:31,First Year (PG),BCA,24,Female,8.5 - 9.4,Satisfied,1-2 hours,2,Rarely,30-60 minutes,4-6 hours,Social media,Mostly consistent,Often,Actively preparing for a goal (placements/exams),Not clear,"Soft skills (communication, teamwork, leadership, financial literacy)",Unknown,4,2,Sometimes,4-5 hours,Data Analyst,"No, not interested","Yes, actively working on projects/internship","Basic knowledge, learning while practicing","Rarely participate, mostly observe",Sometimes,Above 85%,"Soft Skills (Communication, Leadership, Teamwork)",Difficulty with Focus / Concentration,Rarely (Passive),Moderate Impact (Occasional disruption),Moderate Risk,2,2
STU0669,3/31/2026 7:43,Second Year (PG),BSc Computer Science,23,Male,8.5 - 9.4,Very satisfied,Less than 1 hour,3,Rarely,1-2 hours,4-6 hours,Video content (YouTube/OTT),Rarely,Sometimes,Planning to start soon,Somewhat clear,Both hard and soft skills,5,Unknown,2,Always,More than 8 hours,Other,"Not currently, but intend to in the future","Yes, actively working on projects/internship","Basic knowledge, learning while practicing",Never participate in such events,Sometimes,Above 85%,"Technical/Hard Skills (Coding, Math, Logic)",Difficulty with Focus / Concentration,Rarely (Passive),High Impact (Frequent disruption),High Risk,3,1
STU0670,4/14/2026 7:06,First Year (PG),BSc Cyber Security,24,Male,7.0 - 8.4,Very satisfied,Less than 1 hour,2,Never,30-60 minutes,More than 6 hours,Video content (YouTube/OTT),Sometimes,Rarely,Actively preparing for a goal (placements/exams),Very clear,"Soft skills (communication, teamwork, leadership, financial literacy)",5,3,2,Never,More than 8 hours,Data Analyst,"Yes, currently enrolled in one or more courses/certifications","Yes, actively working on projects/internship","Basic knowledge, learning while practicing",Never participate in such events,Sometimes,Above 85%,"Soft Skills (Communication, Leadership, Teamwork)",Procrastination / Low Motivation,Rarely (Passive),Low Impact (Rarely affects study),Moderate Risk,2,1
STU0671,4/2/2026 22:02,First Year (PG),BCA,24,Female,8.5 - 9.4,Very satisfied,1-2 hours,3,Never,More than 2 hours,2-4 hours,Gaming,Rarely,Always,Actively preparing for a goal (placements/exams),Not clear,"Soft skills (communication, teamwork, leadership, financial literacy)",4,1,3,Always,Unknown,Automation Engineer,Planning to enroll soon,Planning to start a project/internship soon,"Basic knowledge, learning while practicing","Rarely participate, mostly observe",Often,76% - 85%,"Soft Skills (Communication, Leadership, Teamwork)",Lack of Consistency or Determination (Difficulty sticking to a plan),Occasionally (When needed),Moderate Impact (Occasional disruption),Moderate Risk,2,2
STU0672,4/5/2026 16:35,First Year (FY),BSc IT,17,Female,8.5 - 9.4,Very satisfied,Less than 1 hour,2,Never,More than 2 hours,Unknown,Social media,Mostly consistent,Always,Planning to start soon,Somewhat clear,"Hard skills (programming, data analytics, technical skills)",4,4,1,Often,More than 8 hours,AI / ML,"No, not interested","Not currently, but intend to in the future","Basic knowledge, learning while practicing",Never participate in such events,Always,Above 85%,"Technical/Hard Skills (Coding, Math, Logic)",Difficulty with Focus / Concentration,Unknown,High Impact (Frequent disruption),Moderate Risk,2,1
STU0673,4/12/2026 10:22,First Year (PG),BCA,24,Female,7.0 - 8.4,Satisfied,1-2 hours,3,Rarely,1-2 hours,4-6 hours,Social media,Sometimes,Sometimes,Planning to start soon,Somewhat clear,Both hard and soft skills,1,5,3,Often,6-7 hours,Other,"Not currently, but intend to in the future",Planning to start a project/internship soon,"Basic knowledge, learning while practicing","Rarely participate, mostly observe",Sometimes,Less than 50%,"Technical/Hard Skills (Coding, Math, Logic)",Procrastination / Low Motivation,Unknown,Moderate Impact (Occasional disruption),High Risk,3,2
STU0674,4/9/2026 9:15,Second Year (PG),BCA,26,Male,5.0 - 6.9,Neutral,Less than 1 hour,3,Few times a week,30-60 minutes,4-6 hours,Social media,Mostly consistent,Always,Thinking about it,Somewhat clear,Both hard and soft skills,3,3,3,Always,6-7 hours,Other,"Not currently, but intend to in the future",Planning to start a project/internship soon,"Basic knowledge, learning while practicing","Rarely participate, mostly observe",Always,76% - 85%,"Soft Skills (Communication, Leadership, Teamwork)",Procrastination / Low Motivation,Rarely (Passive),High Impact (Frequent disruption),Moderate Risk,2,1
STU0675,3/21/2026 12:35,First Year (FY),BCA,18,Male,9.5 - 10.0,Very unsatisfied,More than 2 hours,4,Few times a week,1-2 hours,4-6 hours,Video content (YouTube/OTT),Sometimes,Often,Thinking about it,Somewhat clear,Both hard and soft skills,4,1,3,Often,More than 8 hours,Data Analyst,"Not currently, but intend to in the future",Planning to start a project/internship soon,"Basic knowledge, learning while practicing",Never participate in such events,Rarely,50% - 65%,"Technical/Hard Skills (Coding, Math, Logic)",Difficulty with Focus / Concentration,Occasionally (When needed),Low Impact (Rarely affects study),Low Risk,1,3
STU0676,3/28/2026 1:22,Second Year (SY),BCA,20,Male,8.5 - 9.4,Satisfied,Less than 1 hour,3,Daily,Unknown,2-4 hours,Video content (YouTube/OTT),Sometimes,Rarely,Planning to start soon,Somewhat clear,"Soft skills (communication, teamwork, leadership, financial literacy)",4,2,2,Sometimes,6-7 hours,Data Analyst,"No, not interested","Not currently, but intend to in the future",Strong foundation in core concepts,"Rarely participate, mostly observe",Sometimes,76% - 85%,"Soft Skills (Communication, Leadership, Teamwork)",Difficulty with Focus / Concentration,Never (Unaware or Not interested),Moderate Impact (Occasional disruption),Moderate Risk,2,1
STU0677,4/12/2026 9:36,Final Year,BCom,22,Male,8.5 - 9.4,Very satisfied,1-2 hours,1,Never,1-2 hours,4-6 hours,Video content (YouTube/OTT),Mostly consistent,Sometimes,Actively preparing for a goal (placements/exams),Somewhat clear,"Hard skills (programming, data analytics, technical skills)",3,3,3,Sometimes,6-7 hours,Other,"Not currently, but intend to in the future","Yes, actively working on projects/internship","Basic knowledge, learning while practicing",Occasionally participate in events,Often,Above 85%,"Soft Skills (Communication, Leadership, Teamwork)",Procrastination / Low Motivation,Rarely (Passive),No Impact (Fully supportive environment),Low Risk,1,2
STU0678,3/24/2026 15:52,Final Year,BBA,23,Male,7.0 - 8.4,Neutral,More than 2 hours,3,Rarely,1-2 hours,More than 6 hours,Video content (YouTube/OTT),Mostly consistent,Sometimes,Actively preparing for a goal (placements/exams),Not clear,Both hard and soft skills,4,3,1,Never,More than 8 hours,AI / ML,"Yes, currently enrolled in one or more courses/certifications",Planning to start a project/internship soon,"Basic knowledge, learning while practicing",Never participate in such events,Often,66% - 75%,"Creative/Design Skills (Innovation, UI/UX, Content)",Difficulty with Focus / Concentration,Occasionally (When needed),Low Impact (Rarely affects study),Moderate Risk,2,3
STU0679,3/19/2026 17:54,Third Year (TY),BCA,21,Female,5.0 - 6.9,Unsatisfied,Less than 1 hour,3,Few times a week,More than 2 hours,More than 6 hours,Social media,Mostly consistent,Often,Thinking about it,Very clear,"Hard skills (programming, data analytics, technical skills)",4,3,2,Always,4-5 hours,Software Developer,"Yes, currently enrolled in one or more courses/certifications","Not currently, but intend to in the future","Limited knowledge, theoretical only",Occasionally participate in events,Often,Less than 50%,"Creative/Design Skills (Innovation, UI/UX, Content)",Lack of Consistency or Determination (Difficulty sticking to a plan),Occasionally (When needed),Unknown,High Risk,3,1
STU0680,3/29/2026 16:32,Second Year (SY),BSc Computer Science,20,Male,9.5 - 10.0,Satisfied,1-2 hours,3,Rarely,More than 2 hours,More than 6 hours,Social interactions,Mostly consistent,Sometimes,Actively preparing for a goal (placements/exams),Very clear,Both hard and soft skills,2,4,2,Often,More than 8 hours,Software Developer,"No, not interested",Planning to start a project/internship soon,"Limited knowledge, theoretical only",Never participate in such events,Always,66% - 75%,"Soft Skills (Communication, Leadership, Teamwork)",Lack of Consistency or Determination (Difficulty sticking to a plan),Never (Unaware or Not interested),Moderate Impact (Occasional disruption),Moderate Risk,2,2
STU0681,3/19/2026 19:11,Second Year (SY),BCA,21,Female,5.0 - 6.9,Neutral,Less than 1 hour,3,Rarely,30-60 minutes,More than 6 hours,Social interactions,Sometimes,Sometimes,Actively preparing for a goal (placements/exams),Somewhat clear,"Soft skills (communication, teamwork, leadership, financial literacy)",3,2,3,Often,6-7 hours,Automation Engineer,"Not currently, but intend to in the future",Planning to start a project/internship soon,"Limited knowledge, theoretical only",Occasionally participate in events,Sometimes,76% - 85%,"Creative/Design Skills (Innovation, UI/UX, Content)",Difficulty with Focus / Concentration,Rarely (Passive),High Impact (Frequent disruption),Moderate Risk,2,1
STU0682,4/10/2026 13:26,Final Year,BBA,22,Female,8.5 - 9.4,Very satisfied,1-2 hours,3,Few times a week,1-2 hours,More than 6 hours,Social media,Mostly consistent,Often,Planning to start soon,Very clear,"Hard skills (programming, data analytics, technical skills)",3,Unknown,3,Always,4-5 hours,AI / ML,"Not currently, but intend to in the future","Not currently, but intend to in the future",Strong foundation in core concepts,Never participate in such events,Always,76% - 85%,"Technical/Hard Skills (Coding, Math, Logic)",Difficulty with Focus / Concentration,Rarely (Passive),Moderate Impact (Occasional disruption),Moderate Risk,2,2
STU0683,3/23/2026 14:29,Final Year,BCA,21,Female,5.0 - 6.9,Neutral,Less than 1 hour,4,Never,More than 2 hours,4-6 hours,Gaming,Mostly consistent,Often,Thinking about it,Somewhat clear,Both hard and soft skills,3,3,2,Sometimes,6-7 hours,Automation Engineer,"Not currently, but intend to in the future",Planning to start a project/internship soon,"Limited knowledge, theoretical only",Never participate in such events,Always,50% - 65%,"Technical/Hard Skills (Coding, Math, Logic)",Lack of Consistency or Determination (Difficulty sticking to a plan),Occasionally (When needed),No Impact (Fully supportive environment),High Risk,3,1
STU0684,3/19/2026 18:50,Second Year (SY),BCA,20,Male,8.5 - 9.4,Satisfied,More than 2 hours,4,Few times a week,1-2 hours,4-6 hours,Video content (YouTube/OTT),Sometimes,Always,Planning to start soon,Somewhat clear,"Soft skills (communication, teamwork, leadership, financial literacy)",4,2,3,Sometimes,More than 8 hours,Cyber Security Analyst,"Not currently, but intend to in the future","Not currently, but intend to in the future","Basic knowledge, learning while practicing",Occasionally participate in events,Often,50% - 65%,"Creative/Design Skills (Innovation, UI/UX, Content)",Procrastination / Low Motivation,Occasionally (When needed),No Impact (Fully supportive environment),Moderate Risk,2,3
STU0685,3/25/2026 12:44,Third Year (TY),BCA,22,Male,9.5 - 10.0,Satisfied,More than 2 hours,5,Daily,More than 2 hours,4-6 hours,Other,Mostly consistent,Always,Thinking about it,Very clear,Both hard and soft skills,2,3,3,Often,More than 8 hours,Data Analyst,"No, not interested","Yes, actively working on projects/internship","Basic knowledge, learning while practicing","Rarely participate, mostly observe",Often,66% - 75%,"Technical/Hard Skills (Coding, Math, Logic)",Procrastination / Low Motivation,Rarely (Passive),High Impact (Frequent disruption),Low Risk,1,3
STU0686,4/13/2026 12:51,Second Year (SY),BCA,21,Female,9.5 - 10.0,Satisfied,1-2 hours,3,Few times a week,1-2 hours,More than 6 hours,Video content (YouTube/OTT),Mostly consistent,Sometimes,Actively preparing for a goal (placements/exams),Somewhat clear,Both hard and soft skills,3,4,2,Never,6-7 hours,Data Analyst,"Not currently, but intend to in the future","Yes, actively working on projects/internship",Strong foundation in core concepts,Occasionally participate in events,Often,66% - 75%,"Soft Skills (Communication, Leadership, Teamwork)",Difficulty with Focus / Concentration,Rarely (Passive),Low Impact (Rarely affects study),Moderate Risk,2,2
STU0687,4/10/2026 6:40,Final Year,BSc Computer Science,21,Male,5.0 - 6.9,Very unsatisfied,Less than 1 hour,4,Rarely,1-2 hours,More than 6 hours,Social interactions,Sometimes,Sometimes,Planning to start soon,Very clear,Both hard and soft skills,2,3,2,Sometimes,6-7 hours,Software Developer,"Yes, currently enrolled in one or more courses/certifications",Planning to start a project/internship soon,"Limited knowledge, theoretical only",Occasionally participate in events,Rarely,Less than 50%,"Technical/Hard Skills (Coding, Math, Logic)",Lack of Consistency or Determination (Difficulty sticking to a plan),Rarely (Passive),No Impact (Fully supportive environment),High Risk,3,1
STU0688,4/9/2026 10:51,Second Year (SY),BCA,19,Male,7.0 - 8.4,Satisfied,Less than 1 hour,3,Unknown,More than 2 hours,2-4 hours,Video content (YouTube/OTT),Sometimes,Always,Planning to start soon,Very clear,"Hard skills (programming, data analytics, technical skills)",Unknown,4,Unknown,Sometimes,6-7 hours,Cyber Security Analyst,"Yes, currently enrolled in one or more courses/certifications",Planning to start a project/internship soon,"Basic knowledge, learning while practicing",Occasionally participate in events,Always,Less than 50%,"Creative/Design Skills (Innovation, UI/UX, Content)",Lack of Consistency or Determination (Difficulty sticking to a plan),Never (Unaware or Not interested),High Impact (Frequent disruption),High Risk,3,1
STU0689,4/4/2026 8:46,First Year (PG),BCA,25,Female,8.5 - 9.4,Neutral,Less than 1 hour,3,Few times a week,More than 2 hours,2-4 hours,Other,Rarely,Sometimes,Planning to start soon,Not clear,"Hard skills (programming, data analytics, technical skills)",4,1,2,Often,More than 8 hours,Cyber Security Analyst,"Yes, currently enrolled in one or more courses/certifications","Yes, actively working on projects/internship","Limited knowledge, theoretical only","Rarely participate, mostly observe",Often,Above 85%,"Soft Skills (Communication, Leadership, Teamwork)",Procrastination / Low Motivation,Never (Unaware or Not interested),Moderate Impact (Occasional disruption),Low Risk,1,1
STU0690,3/24/2026 14:33,Second Year (PG),BA,23,Male,7.0 - 8.4,Very unsatisfied,1-2 hours,3,Rarely,1-2 hours,More than 6 hours,Gaming,Mostly consistent,Always,Actively preparing for a goal (placements/exams),Very clear,Both hard and soft skills,2,5,3,Sometimes,6-7 hours,AI / ML,"Yes, currently enrolled in one or more courses/certifications","Not currently, but intend to in the future","Limited knowledge, theoretical only",Occasionally participate in events,Always,50% - 65%,"Creative/Design Skills (Innovation, UI/UX, Content)",Difficulty with Focus / Concentration,Rarely (Passive),Low Impact (Rarely affects study),High Risk,3,2
STU0691,3/22/2026 10:36,First Year (PG),BCA,24,Other,8.5 - 9.4,Satisfied,1-2 hours,1,Rarely,More than 2 hours,4-6 hours,Video content (YouTube/OTT),Sometimes,Often,Thinking about it,Somewhat clear,Both hard and soft skills,4,3,2,Often,Unknown,Cyber Security Analyst,"Yes, currently enrolled in one or more courses/certifications","Not currently, but intend to in the future","Limited knowledge, theoretical only",Occasionally participate in events,Sometimes,Above 85%,"Management/Execution (Planning, Organizing, Discipline)",Lack of Consistency or Determination (Difficulty sticking to a plan),Never (Unaware or Not interested),Low Impact (Rarely affects study),Moderate Risk,2,2
STU0692,4/10/2026 19:35,First Year (PG),BCA,24,Male,7.0 - 8.4,Neutral,Less than 1 hour,1,Never,30-60 minutes,4-6 hours,Video content (YouTube/OTT),Rarely,Always,Actively preparing for a goal (placements/exams),Very clear,Both hard and soft skills,2,3,3,Often,4-5 hours,Cyber Security Analyst,"Not currently, but intend to in the future","Not currently, but intend to in the future","Limited knowledge, theoretical only","Rarely participate, mostly observe",Sometimes,66% - 75%,"Technical/Hard Skills (Coding, Math, Logic)",Lack of Consistency or Determination (Difficulty sticking to a plan),Rarely (Passive),No Impact (Fully supportive environment),High Risk,3,1
STU0693,4/13/2026 20:39,Second Year (SY),BCom,19,Female,8.5 - 9.4,Very satisfied,1-2 hours,4,Few times a week,1-2 hours,4-6 hours,Social media,Mostly consistent,Sometimes,Thinking about it,Somewhat clear,"Hard skills (programming, data analytics, technical skills)",1,1,3,Often,More than 8 hours,Data Analyst,Planning to enroll soon,Planning to start a project/internship soon,Strong foundation in core concepts,Occasionally participate in events,Always,76% - 85%,"Technical/Hard Skills (Coding, Math, Logic)",Procrastination / Low Motivation,Rarely (Passive),Low Impact (Rarely affects study),Low Risk,1,2
STU0694,4/8/2026 9:01,Second Year (SY),BSc Computer Science,19,Male,5.0 - 6.9,Unsatisfied,1-2 hours,1,Few times a week,1-2 hours,More than 6 hours,Social media,Mostly consistent,Often,Planning to start soon,Somewhat clear,"Hard skills (programming, data analytics, technical skills)",4,1,1,Never,More than 8 hours,Digital Marketing Specialist,"Not currently, but intend to in the future",Planning to start a project/internship soon,"Basic knowledge, learning while practicing","Rarely participate, mostly observe",Often,Less than 50%,"Technical/Hard Skills (Coding, Math, Logic)",Procrastination / Low Motivation,Never (Unaware or Not interested),Moderate Impact (Occasional disruption),Moderate Risk,2,2
STU0695,3/26/2026 23:57,Second Year (SY),BCom,20,Female,7.0 - 8.4,Satisfied,1-2 hours,4,Never,1-2 hours,More than 6 hours,Other,Sometimes,Sometimes,Planning to start soon,Somewhat clear,Both hard and soft skills,4,2,3,Often,More than 8 hours,Other,"Not currently, but intend to in the future","Not currently, but intend to in the future","Limited knowledge, theoretical only","Rarely participate, mostly observe",Always,Less than 50%,"Creative/Design Skills (Innovation, UI/UX, Content)",Lack of Consistency or Determination (Difficulty sticking to a plan),Unknown,Moderate Impact (Occasional disruption),Moderate Risk,2,2
STU0696,3/16/2026 13:52,Final Year,BCom,21,Female,8.5 - 9.4,Satisfied,1-2 hours,3,Rarely,30-60 minutes,More than 6 hours,Gaming,Mostly consistent,Rarely,Planning to start soon,Somewhat clear,Both hard and soft skills,4,4,3,Sometimes,6-7 hours,Other,"Not currently, but intend to in the future",Planning to start a project/internship soon,"Limited knowledge, theoretical only",Never participate in such events,Always,Above 85%,"Technical/Hard Skills (Coding, Math, Logic)",Difficulty with Focus / Concentration,Occasionally (When needed),Low Impact (Rarely affects study),Moderate Risk,2,2
STU0697,3/30/2026 19:13,Second Year (SY),BSc Computer Science,21,Female,8.5 - 9.4,Very satisfied,1-2 hours,3,Rarely,More than 2 hours,More than 6 hours,Gaming,Mostly consistent,Often,Actively preparing for a goal (placements/exams),Somewhat clear,Both hard and soft skills,2,3,3,Always,6-7 hours,AI / ML,"Not currently, but intend to in the future","Not currently, but intend to in the future","Limited knowledge, theoretical only",Never participate in such events,Sometimes,76% - 85%,"Management/Execution (Planning, Organizing, Discipline)",Poor Time Management / Over-scheduling,Rarely (Passive),Moderate Impact (Occasional disruption),Moderate Risk,2,2
STU0698,3/26/2026 10:03,Final Year,BA,22,Male,9.5 - 10.0,Very satisfied,1-2 hours,4,Few times a week,More than 2 hours,More than 6 hours,Gaming,Mostly consistent,Often,Planning to start soon,Very clear,Both hard and soft skills,4,3,1,Often,6-7 hours,Automation Engineer,Planning to enroll soon,"Not currently, but intend to in the future","Limited knowledge, theoretical only",Never participate in such events,Always,76% - 85%,"Creative/Design Skills (Innovation, UI/UX, Content)",Procrastination / Low Motivation,Occasionally (When needed),No Impact (Fully supportive environment),Low Risk,1,2
STU0699,3/29/2026 11:44,Second Year (SY),BBA,21,Male,8.5 - 9.4,Satisfied,1-2 hours,2,Rarely,Unknown,More than 6 hours,Video content (YouTube/OTT),Mostly consistent,Sometimes,Actively preparing for a goal (placements/exams),Somewhat clear,Both hard and soft skills,3,2,3,Sometimes,6-7 hours,Other,Planning to enroll soon,"Yes, actively working on projects/internship","Limited knowledge, theoretical only",Occasionally participate in events,Always,Above 85%,"Creative/Design Skills (Innovation, UI/UX, Content)",Poor Time Management / Over-scheduling,Unknown,High Impact (Frequent disruption),Low Risk,1,2
STU0700,3/16/2026 9:28,Final Year,BCA,21,Other,8.5 - 9.4,Very unsatisfied,1-2 hours,2,Rarely,1-2 hours,More than 6 hours,Social media,Mostly consistent,Sometimes,Actively preparing for a goal (placements/exams),Not clear,Both hard and soft skills,3,5,1,Never,Unknown,AI / ML,"Not currently, but intend to in the future","Not currently, but intend to in the future","Basic knowledge, learning while practicing","Rarely participate, mostly observe",Sometimes,Above 85%,"Management/Execution (Planning, Organizing, Discipline)",Lack of Consistency or Determination (Difficulty sticking to a plan),Never (Unaware or Not interested),Low Impact (Rarely affects study),Moderate Risk,2,2
STU0701,3/21/2026 10:37,Final Year,BCA,21,Male,5.0 - 6.9,Neutral,1-2 hours,2,Never,1-2 hours,2-4 hours,Other,Rarely,Often,Planning to start soon,Not clear,"Soft skills (communication, teamwork, leadership, financial literacy)",4,3,1,Sometimes,6-7 hours,Data Analyst,"Yes, currently enrolled in one or more courses/certifications",Planning to start a project/internship soon,Strong foundation in core concepts,"Rarely participate, mostly observe",Often,66% - 75%,"Management/Execution (Planning, Organizing, Discipline)",Procrastination / Low Motivation,Never (Unaware or Not interested),High Impact (Frequent disruption),High Risk,3,2
STU0702,3/28/2026 8:29,Second Year (SY),BBA,21,Female,7.0 - 8.4,Neutral,Less than 1 hour,2,Rarely,30-60 minutes,More than 6 hours,Video content (YouTube/OTT),Mostly consistent,Sometimes,Actively preparing for a goal (placements/exams),Somewhat clear,"Soft skills (communication, teamwork, leadership, financial literacy)",4,2,1,Sometimes,More than 8 hours,Software Developer,"No, not interested","Not currently, but intend to in the future",Strong foundation in core concepts,Never participate in such events,Always,Less than 50%,"Management/Execution (Planning, Organizing, Discipline)",Difficulty with Focus / Concentration,Never (Unaware or Not interested),No Impact (Fully supportive environment),Moderate Risk,2,1
STU0703,3/25/2026 15:18,Final Year,BBA,23,Female,7.0 - 8.4,Neutral,Less than 1 hour,1,Never,30-60 minutes,More than 6 hours,Social interactions,Mostly consistent,Sometimes,Thinking about it,Somewhat clear,"Hard skills (programming, data analytics, technical skills)",2,4,2,Often,4-5 hours,Cyber Security Analyst,"Not currently, but intend to in the future","Not currently, but intend to in the future","Basic knowledge, learning while practicing",Occasionally participate in events,Often,Less than 50%,"Soft Skills (Communication, Leadership, Teamwork)",Procrastination / Low Motivation,Rarely (Passive),Low Impact (Rarely affects study),High Risk,3,1
STU0704,3/15/2026 16:28,First Year (FY),BCA,18,Male,5.0 - 6.9,Very unsatisfied,1-2 hours,1,Rarely,1-2 hours,More than 6 hours,Gaming,Mostly consistent,Sometimes,Planning to start soon,Somewhat clear,Both hard and soft skills,5,3,3,Often,More than 8 hours,Automation Engineer,"No, not interested","Yes, actively working on projects/internship","Limited knowledge, theoretical only",Never participate in such events,Always,76% - 85%,"Management/Execution (Planning, Organizing, Discipline)",Lack of Consistency or Determination (Difficulty sticking to a plan),Rarely (Passive),No Impact (Fully supportive environment),Moderate Risk,2,2
STU0705,4/11/2026 1:16,Third Year (TY),BCA,21,Male,7.0 - 8.4,Unsatisfied,Less than 1 hour,4,Few times a week,1-2 hours,4-6 hours,Video content (YouTube/OTT),Sometimes,Sometimes,Thinking about it,Somewhat clear,"Hard skills (programming, data analytics, technical skills)",3,4,3,Often,6-7 hours,Software Developer,"Not currently, but intend to in the future","Not currently, but intend to in the future","Basic knowledge, learning while practicing","Rarely participate, mostly observe",Often,Above 85%,"Soft Skills (Communication, Leadership, Teamwork)",Procrastination / Low Motivation,Never (Unaware or Not interested),Low Impact (Rarely affects study),Moderate Risk,2,1
STU0706,3/23/2026 0:45,First Year (PG),BCA,24,Female,9.5 - 10.0,Satisfied,1-2 hours,Unknown,Rarely,1-2 hours,More than 6 hours,Social media,Rarely,Sometimes,Planning to start soon,Very clear,"Soft skills (communication, teamwork, leadership, financial literacy)",3,5,1,Always,4-5 hours,Cyber Security Analyst,"Not currently, but intend to in the future","Yes, actively working on projects/internship",Strong foundation in core concepts,"Rarely participate, mostly observe",Often,66% - 75%,"Creative/Design Skills (Innovation, UI/UX, Content)",Lack of Consistency or Determination (Difficulty sticking to a plan),Occasionally (When needed),Low Impact (Rarely affects study),High Risk,3,2
STU0707,3/28/2026 14:43,First Year (FY),BSc IT,17,Male,5.0 - 6.9,Unsatisfied,Less than 1 hour,5,Few times a week,More than 2 hours,More than 6 hours,Social interactions,Rarely,Often,Thinking about it,Somewhat clear,Both hard and soft skills,1,3,2,Often,6-7 hours,Software Developer,"Not currently, but intend to in the future","Yes, actively working on projects/internship","Basic knowledge, learning while practicing","Rarely participate, mostly observe",Sometimes,50% - 65%,"Technical/Hard Skills (Coding, Math, Logic)",Difficulty with Focus / Concentration,Occasionally (When needed),Moderate Impact (Occasional disruption),High Risk,3,1
STU0708,3/19/2026 16:59,Third Year (TY),BSc Cyber Security,22,Male,7.0 - 8.4,Neutral,1-2 hours,Unknown,Few times a week,1-2 hours,2-4 hours,Video content (YouTube/OTT),Sometimes,Always,Planning to start soon,Somewhat clear,"Soft skills (communication, teamwork, leadership, financial literacy)",5,3,3,Never,More than 8 hours,Software Developer,"Not currently, but intend to in the future","Not currently, but intend to in the future","Basic knowledge, learning while practicing",Unknown,Sometimes,76% - 85%,"Technical/Hard Skills (Coding, Math, Logic)",Poor Time Management / Over-scheduling,Occasionally (When needed),No Impact (Fully supportive environment),Moderate Risk,2,2
STU0709,3/17/2026 14:41,First Year (FY),BSc Computer Science,17,Female,9.5 - 10.0,Very satisfied,More than 2 hours,3,Daily,More than 2 hours,2-4 hours,Gaming,Sometimes,Often,Planning to start soon,Very clear,Both hard and soft skills,5,2,3,Often,More than 8 hours,Other,"Yes, currently enrolled in one or more courses/certifications",Planning to start a project/internship soon,"Basic knowledge, learning while practicing","Rarely participate, mostly observe",Rarely,76% - 85%,"Creative/Design Skills (Innovation, UI/UX, Content)",Difficulty with Focus / Concentration,Rarely (Passive),No Impact (Fully supportive environment),Low Risk,1,3
STU0710,3/23/2026 18:20,Second Year (PG),BSc Computer Science,24,Female,5.0 - 6.9,Unsatisfied,Less than 1 hour,2,Rarely,1-2 hours,4-6 hours,Video content (YouTube/OTT),Sometimes,Often,Planning to start soon,Somewhat clear,"Soft skills (communication, teamwork, leadership, financial literacy)",4,3,2,Sometimes,More than 8 hours,Data Analyst,Planning to enroll soon,"Yes, actively working on projects/internship","Basic knowledge, learning while practicing",Occasionally participate in events,Sometimes,50% - 65%,"Management/Execution (Planning, Organizing, Discipline)",Poor Time Management / Over-scheduling,Never (Unaware or Not interested),No Impact (Fully supportive environment),High Risk,3,1
STU0711,4/1/2026 7:22,First Year (PG),BSc Computer Science,22,Male,7.0 - 8.4,Neutral,1-2 hours,1,Rarely,1-2 hours,More than 6 hours,Social interactions,Rarely,Often,Actively preparing for a goal (placements/exams),Very clear,Both hard and soft skills,2,3,2,Often,More than 8 hours,AI / ML,Planning to enroll soon,"Not currently, but intend to in the future","Basic knowledge, learning while practicing","Rarely participate, mostly observe",Rarely,Less than 50%,"Soft Skills (Communication, Leadership, Teamwork)",Procrastination / Low Motivation,Never (Unaware or Not interested),High Impact (Frequent disruption),High Risk,3,2
STU0712,4/9/2026 16:16,Second Year (SY),BCA,20,Male,7.0 - 8.4,Neutral,1-2 hours,1,Never,More than 2 hours,More than 6 hours,Other,Mostly consistent,Often,Planning to start soon,Very clear,"Hard skills (programming, data analytics, technical skills)",4,2,1,Often,6-7 hours,Automation Engineer,"Yes, currently enrolled in one or more courses/certifications",Planning to start a project/internship soon,"Basic knowledge, learning while practicing","Rarely participate, mostly observe",Always,76% - 85%,"Creative/Design Skills (Innovation, UI/UX, Content)",Procrastination / Low Motivation,Occasionally (When needed),Low Impact (Rarely affects study),Moderate Risk,2,2
STU0713,4/13/2026 9:45,First Year (FY),BCA,18,Male,8.5 - 9.4,Neutral,1-2 hours,1,Few times a week,Unknown,4-6 hours,Video content (YouTube/OTT),Mostly consistent,Often,Planning to start soon,Somewhat clear,"Soft skills (communication, teamwork, leadership, financial literacy)",5,3,1,Sometimes,6-7 hours,Automation Engineer,"Yes, currently enrolled in one or more courses/certifications",Planning to start a project/internship soon,Strong foundation in core concepts,"Rarely participate, mostly observe",Often,50% - 65%,"Soft Skills (Communication, Leadership, Teamwork)",Difficulty with Focus / Concentration,Occasionally (When needed),Moderate Impact (Occasional disruption),Moderate Risk,2,2
STU0714,3/24/2026 7:45,First Year (FY),BCA,17,Male,9.5 - 10.0,Very satisfied,1-2 hours,2,Rarely,1-2 hours,More than 6 hours,Video content (YouTube/OTT),Mostly consistent,Often,Actively preparing for a goal (placements/exams),Very clear,Both hard and soft skills,5,2,2,Never,More than 8 hours,Data Analyst,Planning to enroll soon,"Not currently, but intend to in the future","Limited knowledge, theoretical only",Never participate in such events,Rarely,76% - 85%,"Management/Execution (Planning, Organizing, Discipline)",Procrastination / Low Motivation,Occasionally (When needed),Moderate Impact (Occasional disruption),Low Risk,1,2
STU0715,3/30/2026 15:48,Second Year (SY),BCA,21,Female,7.0 - 8.4,Unsatisfied,Less than 1 hour,2,Rarely,1-2 hours,More than 6 hours,Video content (YouTube/OTT),Sometimes,Rarely,Thinking about it,Very clear,Both hard and soft skills,2,4,2,Always,More than 8 hours,Cyber Security Analyst,"Not currently, but intend to in the future",Planning to start a project/internship soon,"Basic knowledge, learning while practicing",Occasionally participate in events,Rarely,50% - 65%,"Technical/Hard Skills (Coding, Math, Logic)",Difficulty with Focus / Concentration,Rarely (Passive),High Impact (Frequent disruption),High Risk,3,1
STU0716,3/23/2026 18:37,Second Year (SY),BCA,19,Male,9.5 - 10.0,Satisfied,Less than 1 hour,3,Rarely,More than 2 hours,4-6 hours,Gaming,Mostly consistent,Always,Actively preparing for a goal (placements/exams),Very clear,"Hard skills (programming, data analytics, technical skills)",5,3,3,Sometimes,6-7 hours,Cyber Security Analyst,Planning to enroll soon,"Not currently, but intend to in the future",Strong foundation in core concepts,"Rarely participate, mostly observe",Often,76% - 85%,"Technical/Hard Skills (Coding, Math, Logic)",Lack of Consistency or Determination (Difficulty sticking to a plan),Occasionally (When needed),High Impact (Frequent disruption),Low Risk,1,1
STU0717,4/7/2026 15:56,Final Year,BA,21,Female,9.5 - 10.0,Very satisfied,1-2 hours,4,Never,More than 2 hours,More than 6 hours,Social interactions,Sometimes,Often,Planning to start soon,Very clear,"Soft skills (communication, teamwork, leadership, financial literacy)",3,2,2,Never,6-7 hours,Digital Marketing Specialist,"No, not interested","Yes, actively working on projects/internship","Basic knowledge, learning while practicing","Rarely participate, mostly observe",Often,66% - 75%,"Technical/Hard Skills (Coding, Math, Logic)",Procrastination / Low Motivation,Occasionally (When needed),Low Impact (Rarely affects study),Low Risk,1,2
STU0718,4/13/2026 10:06,Final Year,BSc Computer Science,21,Male,8.5 - 9.4,Satisfied,More than 2 hours,3,Few times a week,1-2 hours,4-6 hours,Social interactions,Sometimes,Often,Thinking about it,Somewhat clear,Both hard and soft skills,3,Unknown,3,Sometimes,6-7 hours,AI / ML,"Not currently, but intend to in the future",Planning to start a project/internship soon,"Basic knowledge, learning while practicing",Unknown,Sometimes,66% - 75%,"Management/Execution (Planning, Organizing, Discipline)",Difficulty with Focus / Concentration,Occasionally (When needed),Unknown,Moderate Risk,2,3
STU0719,3/24/2026 7:13,Third Year (TY),BCA,22,Male,7.0 - 8.4,Unsatisfied,Less than 1 hour,2,Few times a week,30-60 minutes,More than 6 hours,Video content (YouTube/OTT),Sometimes,Sometimes,Actively preparing for a goal (placements/exams),Somewhat clear,Both hard and soft skills,3,5,1,Always,6-7 hours,AI / ML,"No, not interested",Planning to start a project/internship soon,"Basic knowledge, learning while practicing",Never participate in such events,Sometimes,Less than 50%,"Technical/Hard Skills (Coding, Math, Logic)",Poor Time Management / Over-scheduling,Never (Unaware or Not interested),No Impact (Fully supportive environment),High Risk,3,1
STU0720,3/18/2026 11:42,First Year (FY),BSc IT,18,Male,7.0 - 8.4,Satisfied,1-2 hours,4,Rarely,30-60 minutes,4-6 hours,Video content (YouTube/OTT),Rarely,Rarely,Thinking about it,Very clear,Both hard and soft skills,2,4,3,Sometimes,6-7 hours,Other,"Not currently, but intend to in the future","Yes, actively working on projects/internship","Basic knowledge, learning while practicing",Never participate in such events,Sometimes,76% - 85%,"Technical/Hard Skills (Coding, Math, Logic)",Poor Time Management / Over-scheduling,Never (Unaware or Not interested),High Impact (Frequent disruption),High Risk,3,2
STU0721,4/13/2026 11:06,Third Year (TY),BCA,22,Male,7.0 - 8.4,Satisfied,Less than 1 hour,2,Daily,1-2 hours,More than 6 hours,Other,Rarely,Sometimes,Planning to start soon,Not clear,Both hard and soft skills,1,3,3,Always,Unknown,Automation Engineer,"Not currently, but intend to in the future",Planning to start a project/internship soon,"Limited knowledge, theoretical only","Rarely participate, mostly observe",Rarely,66% - 75%,"Technical/Hard Skills (Coding, Math, Logic)",Procrastination / Low Motivation,Never (Unaware or Not interested),Moderate Impact (Occasional disruption),High Risk,3,1
STU0722,3/30/2026 14:09,Second Year (SY),BCA,19,Female,8.5 - 9.4,Satisfied,More than 2 hours,5,Few times a week,More than 2 hours,4-6 hours,Gaming,Rarely,Sometimes,Actively preparing for a goal (placements/exams),Very clear,Both hard and soft skills,3,2,1,Sometimes,Unknown,Data Analyst,"Not currently, but intend to in the future",Planning to start a project/internship soon,"Basic knowledge, learning while practicing",Occasionally participate in events,Always,Less than 50%,"Technical/Hard Skills (Coding, Math, Logic)",Lack of Consistency or Determination (Difficulty sticking to a plan),Never (Unaware or Not interested),Moderate Impact (Occasional disruption),Moderate Risk,2,3
STU0723,4/3/2026 1:16,Second Year (SY),BBA,20,Female,8.5 - 9.4,Very satisfied,Less than 1 hour,1,Rarely,30-60 minutes,More than 6 hours,Social media,Mostly consistent,Sometimes,Planning to start soon,Not clear,Both hard and soft skills,2,5,2,Always,6-7 hours,Other,"No, not interested","Yes, actively working on projects/internship","Basic knowledge, learning while practicing",Never participate in such events,Often,66% - 75%,"Creative/Design Skills (Innovation, UI/UX, Content)",Procrastination / Low Motivation,Rarely (Passive),High Impact (Frequent disruption),Moderate Risk,2,1
STU0724,3/18/2026 16:18,Second Year (SY),BCA,19,Male,7.0 - 8.4,Satisfied,1-2 hours,3,Rarely,More than 2 hours,More than 6 hours,Social media,Sometimes,Often,Planning to start soon,Somewhat clear,"Hard skills (programming, data analytics, technical skills)",5,4,3,Often,6-7 hours,Software Developer,"No, not interested",Planning to start a project/internship soon,"Limited knowledge, theoretical only","Rarely participate, mostly observe",Rarely,66% - 75%,"Creative/Design Skills (Innovation, UI/UX, Content)",Lack of Consistency or Determination (Difficulty sticking to a plan),Never (Unaware or Not interested),No Impact (Fully supportive environment),High Risk,3,2
STU0725,4/12/2026 12:49,First Year (FY),BCA,18,Female,7.0 - 8.4,Unsatisfied,Less than 1 hour,2,Rarely,30-60 minutes,4-6 hours,Social media,Sometimes,Always,Actively preparing for a goal (placements/exams),Very clear,Both hard and soft skills,Unknown,3,2,Often,More than 8 hours,AI / ML,"Yes, currently enrolled in one or more courses/certifications","Not currently, but intend to in the future","Basic knowledge, learning while practicing",Never participate in such events,Often,50% - 65%,"Creative/Design Skills (Innovation, UI/UX, Content)",Lack of Consistency or Determination (Difficulty sticking to a plan),Occasionally (When needed),High Impact (Frequent disruption),High Risk,3,1
STU0726,3/29/2026 17:51,Second Year (SY),BCA,20,Male,7.0 - 8.4,Very satisfied,1-2 hours,2,Few times a week,30-60 minutes,More than 6 hours,Video content (YouTube/OTT),Mostly consistent,Often,Planning to start soon,Very clear,"Soft skills (communication, teamwork, leadership, financial literacy)",2,5,1,Often,4-5 hours,Cyber Security Analyst,"No, not interested",Planning to start a project/internship soon,"Basic knowledge, learning while practicing","Rarely participate, mostly observe",Often,76% - 85%,"Creative/Design Skills (Innovation, UI/UX, Content)",Poor Time Management / Over-scheduling,Never (Unaware or Not interested),High Impact (Frequent disruption),High Risk,3,2
STU0727,4/3/2026 11:39,Second Year (PG),BCA,25,Female,7.0 - 8.4,Unsatisfied,1-2 hours,4,Few times a week,More than 2 hours,Unknown,Social media,Rarely,Always,Planning to start soon,Somewhat clear,"Soft skills (communication, teamwork, leadership, financial literacy)",2,4,1,Sometimes,4-5 hours,Cyber Security Analyst,"Not currently, but intend to in the future","Yes, actively working on projects/internship","Limited knowledge, theoretical only",Never participate in such events,Sometimes,76% - 85%,"Management/Execution (Planning, Organizing, Discipline)",Procrastination / Low Motivation,Occasionally (When needed),Moderate Impact (Occasional disruption),High Risk,3,2
STU0728,4/10/2026 13:10,Second Year (SY),BCA,21,Female,5.0 - 6.9,Very unsatisfied,Less than 1 hour,4,Never,1-2 hours,4-6 hours,Other,Rarely,Sometimes,Actively preparing for a goal (placements/exams),Somewhat clear,"Soft skills (communication, teamwork, leadership, financial literacy)",5,2,2,Always,More than 8 hours,Other,Unknown,"Not currently, but intend to in the future","Basic knowledge, learning while practicing","Rarely participate, mostly observe",Rarely,50% - 65%,"Creative/Design Skills (Innovation, UI/UX, Content)",Difficulty with Focus / Concentration,Occasionally (When needed),Moderate Impact (Occasional disruption),High Risk,3,1
STU0729,3/30/2026 10:50,Second Year (PG),BCom,23,Male,9.5 - 10.0,Satisfied,1-2 hours,5,Rarely,More than 2 hours,4-6 hours,Social media,Mostly consistent,Always,Planning to start soon,Very clear,Both hard and soft skills,3,4,3,Never,6-7 hours,Other,"Not currently, but intend to in the future",Planning to start a project/internship soon,"Limited knowledge, theoretical only",Occasionally participate in events,Often,Above 85%,"Management/Execution (Planning, Organizing, Discipline)",Difficulty with Focus / Concentration,Rarely (Passive),Moderate Impact (Occasional disruption),Low Risk,1,2
STU0730,3/31/2026 10:04,First Year (FY),BCA,19,Female,5.0 - 6.9,Satisfied,Less than 1 hour,2,Rarely,Unknown,4-6 hours,Social interactions,Rarely,Sometimes,Actively preparing for a goal (placements/exams),Somewhat clear,Both hard and soft skills,1,4,2,Sometimes,6-7 hours,Data Analyst,"No, not interested","Yes, actively working on projects/internship","Basic knowledge, learning while practicing","Rarely participate, mostly observe",Often,76% - 85%,"Creative/Design Skills (Innovation, UI/UX, Content)",Difficulty with Focus / Concentration,Occasionally (When needed),Low Impact (Rarely affects study),High Risk,3,1
STU0731,3/15/2026 15:47,Final Year,BBA,22,Male,8.5 - 9.4,Satisfied,Less than 1 hour,2,Rarely,More than 2 hours,4-6 hours,Other,Mostly consistent,Sometimes,Thinking about it,Not clear,"Soft skills (communication, teamwork, leadership, financial literacy)",2,5,2,Always,4-5 hours,AI / ML,Planning to enroll soon,Planning to start a project/internship soon,Strong foundation in core concepts,Occasionally participate in events,Often,76% - 85%,"Soft Skills (Communication, Leadership, Teamwork)",Lack of Consistency or Determination (Difficulty sticking to a plan),Occasionally (When needed),Low Impact (Rarely affects study),Moderate Risk,2,1
STU0732,3/30/2026 17:01,Third Year (TY),BCA,22,Male,8.5 - 9.4,Unsatisfied,1-2 hours,4,Rarely,1-2 hours,2-4 hours,Video content (YouTube/OTT),Sometimes,Often,Planning to start soon,Very clear,"Soft skills (communication, teamwork, leadership, financial literacy)",3,3,3,Never,6-7 hours,Other,"No, not interested",Planning to start a project/internship soon,"Basic knowledge, learning while practicing",Occasionally participate in events,Sometimes,50% - 65%,"Soft Skills (Communication, Leadership, Teamwork)",Procrastination / Low Motivation,Rarely (Passive),Low Impact (Rarely affects study),Moderate Risk,2,2
STU0733,3/18/2026 8:05,Third Year (TY),BBA,22,Female,7.0 - 8.4,Unsatisfied,1-2 hours,4,Never,More than 2 hours,4-6 hours,Other,Rarely,Always,Actively preparing for a goal (placements/exams),Not clear,Both hard and soft skills,2,4,3,Often,4-5 hours,Digital Marketing Specialist,"Not currently, but intend to in the future","Not currently, but intend to in the future","Limited knowledge, theoretical only",Occasionally participate in events,Sometimes,Less than 50%,"Creative/Design Skills (Innovation, UI/UX, Content)",Procrastination / Low Motivation,Occasionally (When needed),High Impact (Frequent disruption),High Risk,3,2
STU0734,4/10/2026 10:21,Third Year (TY),BCA,20,Male,7.0 - 8.4,Neutral,1-2 hours,2,Rarely,1-2 hours,More than 6 hours,Video content (YouTube/OTT),Mostly consistent,Always,Planning to start soon,Very clear,"Soft skills (communication, teamwork, leadership, financial literacy)",3,2,1,Sometimes,6-7 hours,AI / ML,"No, not interested","Not currently, but intend to in the future","Limited knowledge, theoretical only",Never participate in such events,Sometimes,Above 85%,"Soft Skills (Communication, Leadership, Teamwork)",Procrastination / Low Motivation,Occasionally (When needed),Low Impact (Rarely affects study),Low Risk,1,2
STU0735,4/11/2026 5:35,Second Year (SY),BCA,21,Male,7.0 - 8.4,Very unsatisfied,Less than 1 hour,1,Rarely,1-2 hours,4-6 hours,Social interactions,Rarely,Rarely,Planning to start soon,Somewhat clear,"Soft skills (communication, teamwork, leadership, financial literacy)",2,5,1,Often,6-7 hours,Cyber Security Analyst,"Not currently, but intend to in the future","Yes, actively working on projects/internship","Limited knowledge, theoretical only",Never participate in such events,Sometimes,Above 85%,"Creative/Design Skills (Innovation, UI/UX, Content)",Difficulty with Focus / Concentration,Occasionally (When needed),Moderate Impact (Occasional disruption),High Risk,3,1
STU0736,4/4/2026 8:10,Second Year (SY),BCA,21,Female,5.0 - 6.9,Unsatisfied,Less than 1 hour,2,Few times a week,1-2 hours,4-6 hours,Gaming,Rarely,Sometimes,Planning to start soon,Very clear,Both hard and soft skills,2,3,1,Often,4-5 hours,Cyber Security Analyst,"Not currently, but intend to in the future","Yes, actively working on projects/internship",Strong foundation in core concepts,"Rarely participate, mostly observe",Sometimes,66% - 75%,"Management/Execution (Planning, Organizing, Discipline)",Difficulty with Focus / Concentration,Rarely (Passive),High Impact (Frequent disruption),High Risk,3,1
STU0737,3/24/2026 16:09,First Year (FY),BSc Cyber Security,19,Female,8.5 - 9.4,Neutral,More than 2 hours,3,Never,1-2 hours,2-4 hours,Social media,Mostly consistent,Often,Planning to start soon,Very clear,"Soft skills (communication, teamwork, leadership, financial literacy)",2,5,3,Often,More than 8 hours,Data Analyst,Planning to enroll soon,"Not currently, but intend to in the future","Limited knowledge, theoretical only","Rarely participate, mostly observe",Often,66% - 75%,"Soft Skills (Communication, Leadership, Teamwork)",Lack of Consistency or Determination (Difficulty sticking to a plan),Occasionally (When needed),High Impact (Frequent disruption),Moderate Risk,2,3
STU0738,3/15/2026 17:30,Second Year (PG),BCA,25,Male,5.0 - 6.9,Unsatisfied,1-2 hours,2,Few times a week,30-60 minutes,4-6 hours,Gaming,Rarely,Sometimes,Planning to start soon,Very clear,Both hard and soft skills,4,3,1,Often,6-7 hours,Automation Engineer,"Not currently, but intend to in the future","Not currently, but intend to in the future","Limited knowledge, theoretical only","Rarely participate, mostly observe",Always,50% - 65%,"Management/Execution (Planning, Organizing, Discipline)",Difficulty with Focus / Concentration,Occasionally (When needed),Moderate Impact (Occasional disruption),High Risk,3,2
STU0739,4/12/2026 10:35,First Year (PG),BCA,23,Female,7.0 - 8.4,Satisfied,Less than 1 hour,3,Unknown,1-2 hours,More than 6 hours,Video content (YouTube/OTT),Mostly consistent,Sometimes,Thinking about it,Somewhat clear,"Hard skills (programming, data analytics, technical skills)",3,3,3,Always,6-7 hours,Software Developer,"Yes, currently enrolled in one or more courses/certifications",Planning to start a project/internship soon,"Basic knowledge, learning while practicing",Occasionally participate in events,Often,66% - 75%,"Technical/Hard Skills (Coding, Math, Logic)",Poor Time Management / Over-scheduling,Rarely (Passive),No Impact (Fully supportive environment),Moderate Risk,2,1
STU0740,3/19/2026 10:37,First Year (PG),BCA,22,Male,7.0 - 8.4,Satisfied,Less than 1 hour,3,Never,30-60 minutes,2-4 hours,Video content (YouTube/OTT),Rarely,Sometimes,Planning to start soon,Somewhat clear,"Hard skills (programming, data analytics, technical skills)",4,5,1,Never,6-7 hours,AI / ML,"Not currently, but intend to in the future",Planning to start a project/internship soon,"Limited knowledge, theoretical only","Rarely participate, mostly observe",Always,76% - 85%,"Creative/Design Skills (Innovation, UI/UX, Content)",Difficulty with Focus / Concentration,Occasionally (When needed),Moderate Impact (Occasional disruption),High Risk,3,1
STU0741,4/13/2026 12:42,Third Year (TY),BCA,21,Female,7.0 - 8.4,Neutral,Less than 1 hour,2,Unknown,1-2 hours,More than 6 hours,Social media,Rarely,Often,Thinking about it,Very clear,"Soft skills (communication, teamwork, leadership, financial literacy)",4,2,3,Sometimes,6-7 hours,Other,Unknown,"Not currently, but intend to in the future","Basic knowledge, learning while practicing","Rarely participate, mostly observe",Often,66% - 75%,"Technical/Hard Skills (Coding, Math, Logic)",Difficulty with Focus / Concentration,Occasionally (When needed),Moderate Impact (Occasional disruption),Moderate Risk,2,1
STU0742,4/5/2026 10:27,Second Year (SY),BCA,20,Male,5.0 - 6.9,Very unsatisfied,Less than 1 hour,4,Rarely,1-2 hours,4-6 hours,Video content (YouTube/OTT),Sometimes,Sometimes,Thinking about it,Very clear,Both hard and soft skills,4,3,2,Never,6-7 hours,Data Analyst,"No, not interested","Yes, actively working on projects/internship","Limited knowledge, theoretical only",Never participate in such events,Sometimes,50% - 65%,"Creative/Design Skills (Innovation, UI/UX, Content)",Procrastination / Low Motivation,Occasionally (When needed),Low Impact (Rarely affects study),High Risk,3,1
STU0743,4/10/2026 10:40,First Year (PG),BSc Computer Science,24,Male,7.0 - 8.4,Very unsatisfied,Less than 1 hour,1,Daily,More than 2 hours,4-6 hours,Social media,Sometimes,Rarely,Planning to start soon,Not clear,"Hard skills (programming, data analytics, technical skills)",5,2,1,Always,6-7 hours,Digital Marketing Specialist,Planning to enroll soon,Planning to start a project/internship soon,Unknown,"Rarely participate, mostly observe",Sometimes,50% - 65%,"Technical/Hard Skills (Coding, Math, Logic)",Difficulty with Focus / Concentration,Rarely (Passive),No Impact (Fully supportive environment),Moderate Risk,2,1
STU0744,3/28/2026 8:46,Second Year (PG),BCA,24,Male,8.5 - 9.4,Very satisfied,More than 2 hours,4,Few times a week,More than 2 hours,2-4 hours,Video content (YouTube/OTT),Sometimes,Sometimes,Actively preparing for a goal (placements/exams),Somewhat clear,Both hard and soft skills,2,2,3,Sometimes,4-5 hours,AI / ML,Planning to enroll soon,"Not currently, but intend to in the future","Basic knowledge, learning while practicing",Never participate in such events,Rarely,50% - 65%,"Soft Skills (Communication, Leadership, Teamwork)",Lack of Consistency or Determination (Difficulty sticking to a plan),Occasionally (When needed),No Impact (Fully supportive environment),Moderate Risk,2,3
STU0745,3/23/2026 16:58,Second Year (SY),BSc IT,21,Male,7.0 - 8.4,Satisfied,1-2 hours,4,Few times a week,Unknown,More than 6 hours,Social media,Rarely,Sometimes,Planning to start soon,Not clear,Both hard and soft skills,4,4,2,Never,6-7 hours,Digital Marketing Specialist,"Not currently, but intend to in the future","Yes, actively working on projects/internship","Basic knowledge, learning while practicing",Never participate in such events,Sometimes,50% - 65%,"Technical/Hard Skills (Coding, Math, Logic)",Poor Time Management / Over-scheduling,Never (Unaware or Not interested),Moderate Impact (Occasional disruption),High Risk,3,2
STU0746,4/4/2026 10:38,Third Year (TY),BSc Computer Science,21,Male,5.0 - 6.9,Unsatisfied,Less than 1 hour,1,Rarely,More than 2 hours,4-6 hours,Other,Rarely,Often,Thinking about it,Somewhat clear,Both hard and soft skills,4,3,Unknown,Always,6-7 hours,Automation Engineer,Planning to enroll soon,"Yes, actively working on projects/internship","Basic knowledge, learning while practicing",Never participate in such events,Rarely,Less than 50%,"Technical/Hard Skills (Coding, Math, Logic)",Poor Time Management / Over-scheduling,Occasionally (When needed),Low Impact (Rarely affects study),High Risk,3,1
STU0747,3/18/2026 13:54,Final Year,BCA,21,Male,5.0 - 6.9,Very unsatisfied,Less than 1 hour,5,Daily,More than 2 hours,2-4 hours,Gaming,Rarely,Often,Actively preparing for a goal (placements/exams),Very clear,Both hard and soft skills,3,3,2,Often,6-7 hours,Software Developer,"Not currently, but intend to in the future","Not currently, but intend to in the future",Strong foundation in core concepts,"Rarely participate, mostly observe",Sometimes,66% - 75%,"Soft Skills (Communication, Leadership, Teamwork)",Procrastination / Low Motivation,Occasionally (When needed),High Impact (Frequent disruption),High Risk,3,1
STU0748,4/7/2026 6:37,Third Year (TY),BCom,21,Female,8.5 - 9.4,Neutral,1-2 hours,1,Daily,30-60 minutes,More than 6 hours,Gaming,Rarely,Always,Actively preparing for a goal (placements/exams),Not clear,Both hard and soft skills,3,4,1,Sometimes,6-7 hours,AI / ML,"Not currently, but intend to in the future",Planning to start a project/internship soon,Strong foundation in core concepts,Never participate in such events,Sometimes,Above 85%,"Soft Skills (Communication, Leadership, Teamwork)",Poor Time Management / Over-scheduling,Occasionally (When needed),High Impact (Frequent disruption),Moderate Risk,2,2
STU0749,3/28/2026 20:32,Final Year,BA,21,Male,9.5 - 10.0,Satisfied,Less than 1 hour,3,Rarely,30-60 minutes,2-4 hours,Social media,Sometimes,Rarely,Thinking about it,Somewhat clear,Both hard and soft skills,3,5,3,Sometimes,More than 8 hours,Automation Engineer,Planning to enroll soon,"Yes, actively working on projects/internship","Basic knowledge, learning while practicing","Rarely participate, mostly observe",Sometimes,Above 85%,"Soft Skills (Communication, Leadership, Teamwork)",Poor Time Management / Over-scheduling,Rarely (Passive),High Impact (Frequent disruption),Moderate Risk,2,1
STU0750,3/20/2026 10:05,First Year (PG),BSc Cyber Security,24,Female,8.5 - 9.4,Very satisfied,More than 2 hours,2,Few times a week,30-60 minutes,More than 6 hours,Video content (YouTube/OTT),Mostly consistent,Often,Actively preparing for a goal (placements/exams),Somewhat clear,"Hard skills (programming, data analytics, technical skills)",4,1,2,Never,6-7 hours,Automation Engineer,"Not currently, but intend to in the future",Planning to start a project/internship soon,"Basic knowledge, learning while practicing",Occasionally participate in events,Often,50% - 65%,"Soft Skills (Communication, Leadership, Teamwork)",Poor Time Management / Over-scheduling,Occasionally (When needed),Moderate Impact (Occasional disruption),Low Risk,1,3
STU0751,4/7/2026 11:48,Second Year (SY),BCA,19,Male,7.0 - 8.4,Unsatisfied,Less than 1 hour,3,Rarely,1-2 hours,More than 6 hours,Video content (YouTube/OTT),Sometimes,Often,Actively preparing for a goal (placements/exams),Very clear,Both hard and soft skills,1,4,2,Sometimes,More than 8 hours,Cyber Security Analyst,"Not currently, but intend to in the future",Planning to start a project/internship soon,"Limited knowledge, theoretical only","Rarely participate, mostly observe",Sometimes,50% - 65%,"Soft Skills (Communication, Leadership, Teamwork)",Difficulty with Focus / Concentration,Rarely (Passive),No Impact (Fully supportive environment),High Risk,3,1
STU0752,4/2/2026 7:22,Third Year (TY),BCA,21,Male,5.0 - 6.9,Neutral,1-2 hours,4,Few times a week,30-60 minutes,More than 6 hours,Social media,Rarely,Rarely,Actively preparing for a goal (placements/exams),Somewhat clear,Both hard and soft skills,2,4,2,Often,6-7 hours,Digital Marketing Specialist,Planning to enroll soon,"Not currently, but intend to in the future","Basic knowledge, learning while practicing","Rarely participate, mostly observe",Sometimes,Above 85%,"Technical/Hard Skills (Coding, Math, Logic)",Poor Time Management / Over-scheduling,Rarely (Passive),Low Impact (Rarely affects study),High Risk,3,2
STU0753,3/24/2026 6:50,Final Year,BCA,21,Male,9.5 - 10.0,Neutral,1-2 hours,3,Rarely,More than 2 hours,More than 6 hours,Social interactions,Sometimes,Sometimes,Thinking about it,Somewhat clear,Both hard and soft skills,3,4,2,Never,4-5 hours,Automation Engineer,"No, not interested","Not currently, but intend to in the future","Limited knowledge, theoretical only",Occasionally participate in events,Rarely,Above 85%,"Technical/Hard Skills (Coding, Math, Logic)",Lack of Consistency or Determination (Difficulty sticking to a plan),Rarely (Passive),Moderate Impact (Occasional disruption),Moderate Risk,2,2
STU0754,4/2/2026 16:29,Final Year,BSc Computer Science,22,Female,9.5 - 10.0,Unsatisfied,More than 2 hours,4,Few times a week,30-60 minutes,Unknown,Social media,Sometimes,Sometimes,Thinking about it,Very clear,Both hard and soft skills,2,5,3,Always,Unknown,Other,"No, not interested",Planning to start a project/internship soon,"Basic knowledge, learning while practicing",Never participate in such events,Sometimes,Above 85%,"Soft Skills (Communication, Leadership, Teamwork)",Lack of Consistency or Determination (Difficulty sticking to a plan),Occasionally (When needed),Moderate Impact (Occasional disruption),Moderate Risk,2,3
STU0755,3/20/2026 13:19,Second Year (PG),BCA,26,Female,8.5 - 9.4,Neutral,More than 2 hours,4,Rarely,1-2 hours,More than 6 hours,Video content (YouTube/OTT),Sometimes,Sometimes,Planning to start soon,Not clear,"Soft skills (communication, teamwork, leadership, financial literacy)",2,4,3,Never,6-7 hours,Data Analyst,Planning to enroll soon,"Yes, actively working on projects/internship","Basic knowledge, learning while practicing",Occasionally participate in events,Rarely,Above 85%,"Soft Skills (Communication, Leadership, Teamwork)",Procrastination / Low Motivation,Occasionally (When needed),Low Impact (Rarely affects study),Moderate Risk,2,3
STU0756,4/13/2026 17:02,Second Year (SY),BCA,19,Male,8.5 - 9.4,Very satisfied,1-2 hours,2,Never,1-2 hours,More than 6 hours,Video content (YouTube/OTT),Sometimes,Sometimes,Planning to start soon,Very clear,Both hard and soft skills,3,4,1,Always,Unknown,Digital Marketing Specialist,"Yes, currently enrolled in one or more courses/certifications","Not currently, but intend to in the future","Basic knowledge, learning while practicing",Never participate in such events,Often,76% - 85%,"Soft Skills (Communication, Leadership, Teamwork)",Lack of Consistency or Determination (Difficulty sticking to a plan),Occasionally (When needed),Low Impact (Rarely affects study),Moderate Risk,2,2
STU0757,4/14/2026 10:12,First Year (PG),BA,23,Male,9.5 - 10.0,Satisfied,More than 2 hours,4,Never,30-60 minutes,2-4 hours,Social media,Mostly consistent,Sometimes,Actively preparing for a goal (placements/exams),Very clear,Both hard and soft skills,5,3,3,Always,6-7 hours,AI / ML,"Yes, currently enrolled in one or more courses/certifications","Not currently, but intend to in the future",Unknown,"Rarely participate, mostly observe",Often,76% - 85%,"Technical/Hard Skills (Coding, Math, Logic)",Procrastination / Low Motivation,Rarely (Passive),Low Impact (Rarely affects study),Low Risk,1,3
STU0758,3/20/2026 11:05,Second Year (PG),BCom,24,Female,8.5 - 9.4,Satisfied,More than 2 hours,5,Daily,More than 2 hours,4-6 hours,Social media,Sometimes,Always,Planning to start soon,Very clear,"Soft skills (communication, teamwork, leadership, financial literacy)",1,3,Unknown,Often,6-7 hours,Data Analyst,"Not currently, but intend to in the future",Planning to start a project/internship soon,"Limited knowledge, theoretical only",Occasionally participate in events,Often,66% - 75%,"Creative/Design Skills (Innovation, UI/UX, Content)",Difficulty with Focus / Concentration,Rarely (Passive),High Impact (Frequent disruption),Moderate Risk,2,3
STU0759,4/10/2026 2:24,First Year (FY),BSc IT,18,Female,7.0 - 8.4,Neutral,Less than 1 hour,1,Rarely,1-2 hours,More than 6 hours,Video content (YouTube/OTT),Mostly consistent,Often,Actively preparing for a goal (placements/exams),Very clear,"Hard skills (programming, data analytics, technical skills)",5,5,1,Never,6-7 hours,Data Analyst,Planning to enroll soon,Planning to start a project/internship soon,"Limited knowledge, theoretical only",Never participate in such events,Often,76% - 85%,"Technical/Hard Skills (Coding, Math, Logic)",Procrastination / Low Motivation,Rarely (Passive),No Impact (Fully supportive environment),High Risk,3,1
STU0760,4/5/2026 10:31,First Year (PG),BCA,22,Female,7.0 - 8.4,Very satisfied,1-2 hours,4,Rarely,More than 2 hours,More than 6 hours,Video content (YouTube/OTT),Rarely,Often,Planning to start soon,Very clear,"Soft skills (communication, teamwork, leadership, financial literacy)",3,3,2,Always,4-5 hours,Software Developer,Planning to enroll soon,Planning to start a project/internship soon,"Limited knowledge, theoretical only","Rarely participate, mostly observe",Always,66% - 75%,"Technical/Hard Skills (Coding, Math, Logic)",Difficulty with Focus / Concentration,Rarely (Passive),Moderate Impact (Occasional disruption),High Risk,3,2
STU0761,3/17/2026 13:27,First Year (FY),BCA,18,Male,7.0 - 8.4,Very satisfied,1-2 hours,2,Few times a week,30-60 minutes,2-4 hours,Gaming,Rarely,Always,Thinking about it,Somewhat clear,Both hard and soft skills,2,4,2,Sometimes,6-7 hours,Data Analyst,"No, not interested","Not currently, but intend to in the future","Basic knowledge, learning while practicing",Occasionally participate in events,Sometimes,66% - 75%,"Soft Skills (Communication, Leadership, Teamwork)",Lack of Consistency or Determination (Difficulty sticking to a plan),Rarely (Passive),No Impact (Fully supportive environment),High Risk,3,2
STU0762,4/5/2026 14:22,First Year (FY),BCA,19,Male,5.0 - 6.9,Unsatisfied,1-2 hours,2,Daily,30-60 minutes,Unknown,Social media,Sometimes,Always,Planning to start soon,Very clear,"Soft skills (communication, teamwork, leadership, financial literacy)",3,4,1,Often,6-7 hours,AI / ML,Planning to enroll soon,Planning to start a project/internship soon,"Limited knowledge, theoretical only",Occasionally participate in events,Sometimes,66% - 75%,"Creative/Design Skills (Innovation, UI/UX, Content)",Lack of Consistency or Determination (Difficulty sticking to a plan),Rarely (Passive),Low Impact (Rarely affects study),High Risk,3,2
STU0763,4/7/2026 23:16,First Year (PG),BCA,22,Male,7.0 - 8.4,Neutral,1-2 hours,4,Few times a week,1-2 hours,4-6 hours,Social media,Rarely,Often,Thinking about it,Somewhat clear,Both hard and soft skills,3,4,3,Often,More than 8 hours,Automation Engineer,"Not currently, but intend to in the future",Planning to start a project/internship soon,"Limited knowledge, theoretical only",Never participate in such events,Often,76% - 85%,"Soft Skills (Communication, Leadership, Teamwork)",Procrastination / Low Motivation,Rarely (Passive),Low Impact (Rarely affects study),High Risk,3,2
STU0764,3/15/2026 10:09,First Year (FY),BCA,18,Female,7.0 - 8.4,Very satisfied,1-2 hours,2,Rarely,30-60 minutes,More than 6 hours,Social media,Sometimes,Often,Actively preparing for a goal (placements/exams),Not clear,"Soft skills (communication, teamwork, leadership, financial literacy)",2,3,3,Sometimes,4-5 hours,Cyber Security Analyst,"Not currently, but intend to in the future","Not currently, but intend to in the future","Limited knowledge, theoretical only",Occasionally participate in events,Sometimes,Less than 50%,"Creative/Design Skills (Innovation, UI/UX, Content)",Poor Time Management / Over-scheduling,Rarely (Passive),No Impact (Fully supportive environment),High Risk,3,2
STU0765,3/23/2026 16:23,Third Year (TY),BBA,21,Male,7.0 - 8.4,Neutral,Less than 1 hour,3,Few times a week,30-60 minutes,4-6 hours,Social media,Mostly consistent,Sometimes,Planning to start soon,Somewhat clear,"Soft skills (communication, teamwork, leadership, financial literacy)",4,2,Unknown,Sometimes,6-7 hours,Other,Planning to enroll soon,"Yes, actively working on projects/internship","Limited knowledge, theoretical only",Occasionally participate in events,Rarely,66% - 75%,"Creative/Design Skills (Innovation, UI/UX, Content)",Difficulty with Focus / Concentration,Rarely (Passive),Moderate Impact (Occasional disruption),Moderate Risk,2,1
STU0766,3/20/2026 14:15,Third Year (TY),BSc Computer Science,20,Male,7.0 - 8.4,Neutral,Less than 1 hour,3,Rarely,30-60 minutes,4-6 hours,Social media,Sometimes,Sometimes,Actively preparing for a goal (placements/exams),Somewhat clear,Both hard and soft skills,4,4,3,Always,More than 8 hours,Software Developer,"No, not interested","Not currently, but intend to in the future","Limited knowledge, theoretical only","Rarely participate, mostly observe",Sometimes,50% - 65%,"Management/Execution (Planning, Organizing, Discipline)",Procrastination / Low Motivation,Rarely (Passive),Low Impact (Rarely affects study),High Risk,3,1
STU0767,3/17/2026 10:02,First Year (PG),BCom,24,Male,7.0 - 8.4,Neutral,Less than 1 hour,2,Never,1-2 hours,4-6 hours,Video content (YouTube/OTT),Rarely,Sometimes,Thinking about it,Very clear,"Soft skills (communication, teamwork, leadership, financial literacy)",3,5,2,Always,4-5 hours,AI / ML,"Not currently, but intend to in the future","Not currently, but intend to in the future","Limited knowledge, theoretical only",Never participate in such events,Sometimes,50% - 65%,"Management/Execution (Planning, Organizing, Discipline)",Poor Time Management / Over-scheduling,Unknown,Low Impact (Rarely affects study),High Risk,3,1
STU0768,4/7/2026 18:16,First Year (FY),BCA,19,Male,9.5 - 10.0,Unsatisfied,1-2 hours,3,Rarely,30-60 minutes,More than 6 hours,Social media,Sometimes,Sometimes,Thinking about it,Very clear,Both hard and soft skills,2,3,3,Always,6-7 hours,AI / ML,"No, not interested","Not currently, but intend to in the future","Limited knowledge, theoretical only",Occasionally participate in events,Sometimes,50% - 65%,"Soft Skills (Communication, Leadership, Teamwork)",Lack of Consistency or Determination (Difficulty sticking to a plan),Occasionally (When needed),Moderate Impact (Occasional disruption),Moderate Risk,2,2
STU0769,4/8/2026 0:13,Final Year,BCA,22,Male,7.0 - 8.4,Unsatisfied,Less than 1 hour,1,Never,More than 2 hours,More than 6 hours,Video content (YouTube/OTT),Sometimes,Rarely,Planning to start soon,Not clear,"Soft skills (communication, teamwork, leadership, financial literacy)",3,2,1,Often,6-7 hours,Automation Engineer,Unknown,"Yes, actively working on projects/internship",Strong foundation in core concepts,Never participate in such events,Always,50% - 65%,"Soft Skills (Communication, Leadership, Teamwork)",Procrastination / Low Motivation,Rarely (Passive),No Impact (Fully supportive environment),Moderate Risk,2,1
STU0770,4/3/2026 8:29,First Year (FY),BSc Computer Science,19,Male,8.5 - 9.4,Neutral,More than 2 hours,4,Daily,Unknown,2-4 hours,Other,Rarely,Sometimes,Planning to start soon,Somewhat clear,Both hard and soft skills,3,4,1,Sometimes,6-7 hours,Data Analyst,"No, not interested","Not currently, but intend to in the future",Strong foundation in core concepts,Occasionally participate in events,Rarely,50% - 65%,"Technical/Hard Skills (Coding, Math, Logic)",Difficulty with Focus / Concentration,Never (Unaware or Not interested),Low Impact (Rarely affects study),High Risk,3,3
STU0771,3/25/2026 21:00,First Year (FY),BA,18,Male,9.5 - 10.0,Very satisfied,More than 2 hours,3,Rarely,1-2 hours,4-6 hours,Video content (YouTube/OTT),Mostly consistent,Often,Actively preparing for a goal (placements/exams),Somewhat clear,Both hard and soft skills,4,2,3,Sometimes,6-7 hours,Data Analyst,Planning to enroll soon,Planning to start a project/internship soon,"Basic knowledge, learning while practicing",Occasionally participate in events,Always,50% - 65%,"Management/Execution (Planning, Organizing, Discipline)",Procrastination / Low Motivation,Occasionally (When needed),Moderate Impact (Occasional disruption),Low Risk,1,3
STU0772,3/17/2026 12:22,Second Year (SY),BCA,19,Male,8.5 - 9.4,Satisfied,1-2 hours,4,Few times a week,1-2 hours,More than 6 hours,Other,Mostly consistent,Sometimes,Actively preparing for a goal (placements/exams),Not clear,"Hard skills (programming, data analytics, technical skills)",4,4,3,Always,6-7 hours,AI / ML,"Yes, currently enrolled in one or more courses/certifications","Not currently, but intend to in the future",Strong foundation in core concepts,"Rarely participate, mostly observe",Sometimes,66% - 75%,"Technical/Hard Skills (Coding, Math, Logic)",Difficulty with Focus / Concentration,Occasionally (When needed),High Impact (Frequent disruption),Moderate Risk,2,2
STU0773,4/1/2026 12:18,Third Year (TY),BCA,22,Male,8.5 - 9.4,Neutral,1-2 hours,4,Few times a week,30-60 minutes,4-6 hours,Video content (YouTube/OTT),Sometimes,Sometimes,Planning to start soon,Somewhat clear,Both hard and soft skills,2,4,3,Often,4-5 hours,Software Developer,"Not currently, but intend to in the future",Planning to start a project/internship soon,"Basic knowledge, learning while practicing","Rarely participate, mostly observe",Often,Above 85%,"Management/Execution (Planning, Organizing, Discipline)",Poor Time Management / Over-scheduling,Rarely (Passive),No Impact (Fully supportive environment),Moderate Risk,2,2
STU0774,3/27/2026 7:47,First Year (FY),BCA,19,Male,7.0 - 8.4,Neutral,1-2 hours,3,Rarely,30-60 minutes,More than 6 hours,Social media,Mostly consistent,Often,Planning to start soon,Not clear,"Hard skills (programming, data analytics, technical skills)",4,2,3,Sometimes,6-7 hours,Data Analyst,"No, not interested","Not currently, but intend to in the future","Limited knowledge, theoretical only",Occasionally participate in events,Sometimes,Above 85%,"Technical/Hard Skills (Coding, Math, Logic)",Lack of Consistency or Determination (Difficulty sticking to a plan),Occasionally (When needed),High Impact (Frequent disruption),Low Risk,1,2
STU0775,3/27/2026 10:54,Second Year (SY),BSc Computer Science,20,Female,9.5 - 10.0,Neutral,More than 2 hours,4,Few times a week,More than 2 hours,4-6 hours,Video content (YouTube/OTT),Mostly consistent,Often,Actively preparing for a goal (placements/exams),Somewhat clear,"Hard skills (programming, data analytics, technical skills)",2,4,Unknown,Often,6-7 hours,Other,"Yes, currently enrolled in one or more courses/certifications","Not currently, but intend to in the future","Limited knowledge, theoretical only",Occasionally participate in events,Often,Above 85%,"Technical/Hard Skills (Coding, Math, Logic)",Poor Time Management / Over-scheduling,Never (Unaware or Not interested),No Impact (Fully supportive environment),Low Risk,1,3
STU0776,3/28/2026 14:26,Second Year (SY),BCA,20,Female,5.0 - 6.9,Unsatisfied,Less than 1 hour,2,Unknown,30-60 minutes,4-6 hours,Social interactions,Mostly consistent,Always,Planning to start soon,Very clear,Both hard and soft skills,3,2,2,Always,6-7 hours,Cyber Security Analyst,Unknown,"Yes, actively working on projects/internship","Basic knowledge, learning while practicing","Rarely participate, mostly observe",Always,50% - 65%,"Management/Execution (Planning, Organizing, Discipline)",Procrastination / Low Motivation,Rarely (Passive),Moderate Impact (Occasional disruption),Moderate Risk,2,1
STU0777,3/15/2026 18:23,First Year (FY),BCA,19,Male,9.5 - 10.0,Very satisfied,Less than 1 hour,2,Rarely,1-2 hours,More than 6 hours,Gaming,Mostly consistent,Always,Planning to start soon,Very clear,Both hard and soft skills,4,2,1,Often,6-7 hours,Digital Marketing Specialist,"Not currently, but intend to in the future","Yes, actively working on projects/internship",Strong foundation in core concepts,Occasionally participate in events,Often,66% - 75%,"Technical/Hard Skills (Coding, Math, Logic)",Difficulty with Focus / Concentration,Rarely (Passive),High Impact (Frequent disruption),Low Risk,1,1
STU0778,4/12/2026 22:04,First Year (PG),BCA,22,Female,8.5 - 9.4,Satisfied,More than 2 hours,4,Few times a week,1-2 hours,More than 6 hours,Video content (YouTube/OTT),Sometimes,Sometimes,Actively preparing for a goal (placements/exams),Very clear,"Hard skills (programming, data analytics, technical skills)",4,2,1,Sometimes,6-7 hours,Digital Marketing Specialist,"Not currently, but intend to in the future",Planning to start a project/internship soon,"Basic knowledge, learning while practicing","Rarely participate, mostly observe",Sometimes,76% - 85%,"Technical/Hard Skills (Coding, Math, Logic)",Difficulty with Focus / Concentration,Occasionally (When needed),Moderate Impact (Occasional disruption),Moderate Risk,2,3
STU0779,4/7/2026 14:29,Second Year (SY),BCA,19,Male,8.5 - 9.4,Very satisfied,Less than 1 hour,Unknown,Unknown,1-2 hours,More than 6 hours,Other,Mostly consistent,Often,Actively preparing for a goal (placements/exams),Somewhat clear,Both hard and soft skills,4,3,3,Often,6-7 hours,AI / ML,"Yes, currently enrolled in one or more courses/certifications",Planning to start a project/internship soon,Strong foundation in core concepts,"Rarely participate, mostly observe",Often,76% - 85%,"Technical/Hard Skills (Coding, Math, Logic)",Difficulty with Focus / Concentration,Rarely (Passive),High Impact (Frequent disruption),Moderate Risk,2,1
STU0780,4/6/2026 8:34,Second Year (SY),BCA,19,Male,7.0 - 8.4,Neutral,Less than 1 hour,1,Few times a week,More than 2 hours,4-6 hours,Video content (YouTube/OTT),Rarely,Always,Planning to start soon,Very clear,"Hard skills (programming, data analytics, technical skills)",3,3,1,Sometimes,6-7 hours,Automation Engineer,"Yes, currently enrolled in one or more courses/certifications",Planning to start a project/internship soon,"Basic knowledge, learning while practicing",Occasionally participate in events,Often,50% - 65%,"Soft Skills (Communication, Leadership, Teamwork)",Difficulty with Focus / Concentration,Rarely (Passive),Moderate Impact (Occasional disruption),High Risk,3,1
STU0781,3/23/2026 21:54,Second Year (SY),BSc IT,21,Male,7.0 - 8.4,Neutral,Less than 1 hour,2,Never,30-60 minutes,4-6 hours,Video content (YouTube/OTT),Sometimes,Sometimes,Planning to start soon,Not clear,"Hard skills (programming, data analytics, technical skills)",4,2,1,Often,More than 8 hours,Data Analyst,Planning to enroll soon,"Not currently, but intend to in the future","Limited knowledge, theoretical only","Rarely participate, mostly observe",Always,50% - 65%,"Creative/Design Skills (Innovation, UI/UX, Content)",Procrastination / Low Motivation,Rarely (Passive),High Impact (Frequent disruption),Moderate Risk,2,1
STU0782,4/8/2026 11:15,Final Year,BSc Cyber Security,22,Male,8.5 - 9.4,Unsatisfied,1-2 hours,2,Never,30-60 minutes,4-6 hours,Gaming,Rarely,Rarely,Planning to start soon,Somewhat clear,Both hard and soft skills,1,2,1,Often,6-7 hours,AI / ML,"Not currently, but intend to in the future","Yes, actively working on projects/internship",Unknown,"Rarely participate, mostly observe",Sometimes,Above 85%,"Creative/Design Skills (Innovation, UI/UX, Content)",Poor Time Management / Over-scheduling,Never (Unaware or Not interested),Moderate Impact (Occasional disruption),Moderate Risk,2,2
STU0783,4/14/2026 17:19,Second Year (SY),BCom,21,Male,7.0 - 8.4,Neutral,Less than 1 hour,1,Rarely,1-2 hours,More than 6 hours,Video content (YouTube/OTT),Mostly consistent,Often,Thinking about it,Not clear,Both hard and soft skills,2,4,2,Often,6-7 hours,Software Developer,"Not currently, but intend to in the future","Not currently, but intend to in the future",Strong foundation in core concepts,Occasionally participate in events,Often,76% - 85%,"Soft Skills (Communication, Leadership, Teamwork)",Lack of Consistency or Determination (Difficulty sticking to a plan),Unknown,Moderate Impact (Occasional disruption),Moderate Risk,2,1
STU0784,3/19/2026 6:19,Second Year (PG),BSc Cyber Security,23,Female,8.5 - 9.4,Very satisfied,Less than 1 hour,4,Rarely,1-2 hours,4-6 hours,Gaming,Mostly consistent,Often,Planning to start soon,Very clear,"Hard skills (programming, data analytics, technical skills)",3,5,2,Sometimes,6-7 hours,Software Developer,Planning to enroll soon,"Not currently, but intend to in the future",Strong foundation in core concepts,"Rarely participate, mostly observe",Often,50% - 65%,"Creative/Design Skills (Innovation, UI/UX, Content)",Poor Time Management / Over-scheduling,Occasionally (When needed),Low Impact (Rarely affects study),High Risk,3,1
STU0785,4/4/2026 19:31,Second Year (SY),BSc Computer Science,19,Male,7.0 - 8.4,Unsatisfied,Less than 1 hour,3,Never,1-2 hours,More than 6 hours,Video content (YouTube/OTT),Mostly consistent,Always,Actively preparing for a goal (placements/exams),Very clear,"Hard skills (programming, data analytics, technical skills)",3,1,1,Sometimes,More than 8 hours,Digital Marketing Specialist,Planning to enroll soon,"Yes, actively working on projects/internship","Basic knowledge, learning while practicing","Rarely participate, mostly observe",Always,50% - 65%,"Technical/Hard Skills (Coding, Math, Logic)",Procrastination / Low Motivation,Occasionally (When needed),Moderate Impact (Occasional disruption),Moderate Risk,2,1
STU0786,3/29/2026 11:31,Second Year (SY),BCA,21,Male,9.5 - 10.0,Very satisfied,More than 2 hours,4,Never,More than 2 hours,More than 6 hours,Video content (YouTube/OTT),Sometimes,Sometimes,Planning to start soon,Not clear,Both hard and soft skills,3,4,3,Sometimes,More than 8 hours,Data Analyst,Planning to enroll soon,"Not currently, but intend to in the future","Limited knowledge, theoretical only",Occasionally participate in events,Often,Above 85%,"Creative/Design Skills (Innovation, UI/UX, Content)",Procrastination / Low Motivation,Rarely (Passive),High Impact (Frequent disruption),Moderate Risk,2,3
STU0787,4/14/2026 10:35,Second Year (SY),BSc Cyber Security,21,Male,9.5 - 10.0,Satisfied,Less than 1 hour,1,Never,30-60 minutes,More than 6 hours,Social media,Mostly consistent,Often,Planning to start soon,Very clear,Both hard and soft skills,2,5,2,Sometimes,6-7 hours,Digital Marketing Specialist,"Not currently, but intend to in the future",Planning to start a project/internship soon,"Limited knowledge, theoretical only","Rarely participate, mostly observe",Always,76% - 85%,"Management/Execution (Planning, Organizing, Discipline)",Procrastination / Low Motivation,Rarely (Passive),Low Impact (Rarely affects study),Moderate Risk,2,1
STU0788,3/16/2026 16:11,First Year (FY),BCA,19,Female,7.0 - 8.4,Neutral,1-2 hours,3,Never,30-60 minutes,More than 6 hours,Video content (YouTube/OTT),Sometimes,Often,Planning to start soon,Somewhat clear,"Hard skills (programming, data analytics, technical skills)",4,1,2,Often,6-7 hours,AI / ML,"Not currently, but intend to in the future","Yes, actively working on projects/internship","Limited knowledge, theoretical only","Rarely participate, mostly observe",Rarely,66% - 75%,"Creative/Design Skills (Innovation, UI/UX, Content)",Poor Time Management / Over-scheduling,Rarely (Passive),Moderate Impact (Occasional disruption),Moderate Risk,2,2
STU0789,4/9/2026 12:56,Third Year (TY),BSc Computer Science,20,Female,8.5 - 9.4,Very satisfied,1-2 hours,2,Few times a week,1-2 hours,More than 6 hours,Social media,Sometimes,Often,Actively preparing for a goal (placements/exams),Not clear,Both hard and soft skills,3,4,2,Often,6-7 hours,AI / ML,Planning to enroll soon,Planning to start a project/internship soon,"Basic knowledge, learning while practicing","Rarely participate, mostly observe",Sometimes,76% - 85%,"Soft Skills (Communication, Leadership, Teamwork)",Poor Time Management / Over-scheduling,Rarely (Passive),Moderate Impact (Occasional disruption),Moderate Risk,2,2
STU0790,3/29/2026 9:56,Second Year (SY),BCA,21,Male,7.0 - 8.4,Very satisfied,1-2 hours,5,Never,More than 2 hours,2-4 hours,Video content (YouTube/OTT),Sometimes,Always,Thinking about it,Somewhat clear,"Hard skills (programming, data analytics, technical skills)",Unknown,3,3,Sometimes,6-7 hours,Software Developer,Planning to enroll soon,"Yes, actively working on projects/internship","Limited knowledge, theoretical only",Occasionally participate in events,Rarely,Less than 50%,"Soft Skills (Communication, Leadership, Teamwork)",Poor Time Management / Over-scheduling,Occasionally (When needed),Moderate Impact (Occasional disruption),High Risk,3,2
STU0791,4/1/2026 16:55,Second Year (PG),BCA,24,Female,8.5 - 9.4,Satisfied,1-2 hours,3,Never,30-60 minutes,More than 6 hours,Social media,Sometimes,Sometimes,Actively preparing for a goal (placements/exams),Very clear,"Soft skills (communication, teamwork, leadership, financial literacy)",3,2,2,Often,Unknown,Data Analyst,"Not currently, but intend to in the future","Not currently, but intend to in the future","Basic knowledge, learning while practicing","Rarely participate, mostly observe",Sometimes,76% - 85%,"Soft Skills (Communication, Leadership, Teamwork)",Lack of Consistency or Determination (Difficulty sticking to a plan),Never (Unaware or Not interested),High Impact (Frequent disruption),Moderate Risk,2,2
STU0792,3/24/2026 3:43,First Year (FY),BCA,17,Male,7.0 - 8.4,Neutral,1-2 hours,4,Few times a week,1-2 hours,More than 6 hours,Gaming,Sometimes,Often,Thinking about it,Very clear,Both hard and soft skills,5,3,1,Sometimes,More than 8 hours,Data Analyst,"Yes, currently enrolled in one or more courses/certifications","Not currently, but intend to in the future","Basic knowledge, learning while practicing",Never participate in such events,Often,50% - 65%,"Soft Skills (Communication, Leadership, Teamwork)",Difficulty with Focus / Concentration,Rarely (Passive),Moderate Impact (Occasional disruption),High Risk,3,2
STU0793,3/21/2026 4:39,Third Year (TY),BCA,22,Female,8.5 - 9.4,Very satisfied,Less than 1 hour,3,Daily,1-2 hours,4-6 hours,Social media,Sometimes,Sometimes,Planning to start soon,Somewhat clear,"Hard skills (programming, data analytics, technical skills)",2,5,3,Always,4-5 hours,Cyber Security Analyst,Planning to enroll soon,"Yes, actively working on projects/internship","Limited knowledge, theoretical only","Rarely participate, mostly observe",Often,Above 85%,"Creative/Design Skills (Innovation, UI/UX, Content)",Procrastination / Low Motivation,Never (Unaware or Not interested),Moderate Impact (Occasional disruption),Moderate Risk,2,1
STU0794,4/13/2026 10:14,Third Year (TY),BSc Computer Science,21,Male,7.0 - 8.4,Neutral,Less than 1 hour,1,Never,30-60 minutes,4-6 hours,Social interactions,Rarely,Sometimes,Planning to start soon,Very clear,"Hard skills (programming, data analytics, technical skills)",2,5,2,Sometimes,6-7 hours,Data Analyst,"Yes, currently enrolled in one or more courses/certifications","Yes, actively working on projects/internship","Limited knowledge, theoretical only","Rarely participate, mostly observe",Often,50% - 65%,"Soft Skills (Communication, Leadership, Teamwork)",Procrastination / Low Motivation,Occasionally (When needed),Moderate Impact (Occasional disruption),High Risk,3,1
STU0795,3/26/2026 8:26,Third Year (TY),BCom,22,Male,9.5 - 10.0,Very satisfied,1-2 hours,3,Rarely,30-60 minutes,Unknown,Other,Sometimes,Often,Planning to start soon,Very clear,"Hard skills (programming, data analytics, technical skills)",2,5,3,Often,More than 8 hours,Data Analyst,"No, not interested","Not currently, but intend to in the future","Basic knowledge, learning while practicing","Rarely participate, mostly observe",Often,76% - 85%,"Technical/Hard Skills (Coding, Math, Logic)",Lack of Consistency or Determination (Difficulty sticking to a plan),Occasionally (When needed),Low Impact (Rarely affects study),Moderate Risk,2,2
STU0796,4/9/2026 9:12,First Year (PG),BCA,23,Female,9.5 - 10.0,Very satisfied,More than 2 hours,3,Few times a week,1-2 hours,More than 6 hours,Social media,Rarely,Always,Thinking about it,Very clear,"Hard skills (programming, data analytics, technical skills)",4,2,3,Sometimes,6-7 hours,Data Analyst,"Not currently, but intend to in the future",Planning to start a project/internship soon,"Basic knowledge, learning while practicing",Never participate in such events,Sometimes,66% - 75%,"Management/Execution (Planning, Organizing, Discipline)",Lack of Consistency or Determination (Difficulty sticking to a plan),Rarely (Passive),Moderate Impact (Occasional disruption),Moderate Risk,2,3
STU0797,3/30/2026 15:45,Third Year (TY),BCA,20,Other,5.0 - 6.9,Unsatisfied,1-2 hours,3,Few times a week,1-2 hours,4-6 hours,Social interactions,Sometimes,Often,Thinking about it,Very clear,"Soft skills (communication, teamwork, leadership, financial literacy)",3,4,1,Often,6-7 hours,Cyber Security Analyst,Planning to enroll soon,"Not currently, but intend to in the future","Basic knowledge, learning while practicing",Occasionally participate in events,Sometimes,66% - 75%,"Management/Execution (Planning, Organizing, Discipline)",Procrastination / Low Motivation,Occasionally (When needed),No Impact (Fully supportive environment),High Risk,3,2
STU0798,4/10/2026 16:26,Second Year (SY),BSc IT,19,Male,8.5 - 9.4,Satisfied,More than 2 hours,2,Few times a week,1-2 hours,More than 6 hours,Social media,Mostly consistent,Often,Thinking about it,Somewhat clear,"Soft skills (communication, teamwork, leadership, financial literacy)",4,2,2,Sometimes,More than 8 hours,Other,"No, not interested",Planning to start a project/internship soon,"Basic knowledge, learning while practicing",Never participate in such events,Sometimes,66% - 75%,"Technical/Hard Skills (Coding, Math, Logic)",Procrastination / Low Motivation,Never (Unaware or Not interested),Moderate Impact (Occasional disruption),Low Risk,1,3
STU0799,4/9/2026 21:55,Second Year (SY),BCA,21,Other,8.5 - 9.4,Neutral,Less than 1 hour,3,Rarely,1-2 hours,More than 6 hours,Video content (YouTube/OTT),Mostly consistent,Often,Thinking about it,Somewhat clear,Both hard and soft skills,3,2,3,Always,6-7 hours,AI / ML,"Not currently, but intend to in the future","Not currently, but intend to in the future","Basic knowledge, learning while practicing",Never participate in such events,Often,Above 85%,"Technical/Hard Skills (Coding, Math, Logic)",Procrastination / Low Motivation,Occasionally (When needed),Low Impact (Rarely affects study),Low Risk,1,1
STU0800,4/13/2026 18:47,First Year (FY),BSc Computer Science,17,Male,8.5 - 9.4,Neutral,1-2 hours,2,Rarely,30-60 minutes,4-6 hours,Video content (YouTube/OTT),Mostly consistent,Always,Planning to start soon,Somewhat clear,Both hard and soft skills,3,5,1,Never,6-7 hours,Digital Marketing Specialist,"Yes, currently enrolled in one or more courses/certifications",Planning to start a project/internship soon,"Basic knowledge, learning while practicing","Rarely participate, mostly observe",Always,66% - 75%,"Soft Skills (Communication, Leadership, Teamwork)",Procrastination / Low Motivation,Rarely (Passive),Moderate Impact (Occasional disruption),Moderate Risk,2,2
STU0801,4/9/2026 11:20,Second Year (SY),BSc Computer Science,21,Male,5.0 - 6.9,Neutral,Less than 1 hour,5,Few times a week,More than 2 hours,More than 6 hours,Video content (YouTube/OTT),Mostly consistent,Sometimes,Planning to start soon,Very clear,Both hard and soft skills,3,3,2,Sometimes,6-7 hours,Digital Marketing Specialist,"No, not interested","Not currently, but intend to in the future","Limited knowledge, theoretical only",Never participate in such events,Often,50% - 65%,"Technical/Hard Skills (Coding, Math, Logic)",Lack of Consistency or Determination (Difficulty sticking to a plan),Occasionally (When needed),Moderate Impact (Occasional disruption),High Risk,3,1
STU0802,4/8/2026 10:12,Second Year (PG),BCA,23,Female,7.0 - 8.4,Satisfied,1-2 hours,5,Rarely,More than 2 hours,More than 6 hours,Video content (YouTube/OTT),Sometimes,Sometimes,Thinking about it,Very clear,Both hard and soft skills,3,2,3,Never,6-7 hours,Digital Marketing Specialist,Planning to enroll soon,Planning to start a project/internship soon,"Limited knowledge, theoretical only",Occasionally participate in events,Sometimes,Above 85%,"Creative/Design Skills (Innovation, UI/UX, Content)",Poor Time Management / Over-scheduling,Never (Unaware or Not interested),No Impact (Fully supportive environment),Moderate Risk,2,2
STU0803,4/12/2026 9:27,Second Year (SY),BCA,19,Male,8.5 - 9.4,Very satisfied,1-2 hours,1,Never,30-60 minutes,More than 6 hours,Social media,Mostly consistent,Often,Thinking about it,Somewhat clear,Both hard and soft skills,Unknown,4,2,Never,6-7 hours,AI / ML,"Yes, currently enrolled in one or more courses/certifications","Yes, actively working on projects/internship","Basic knowledge, learning while practicing","Rarely participate, mostly observe",Often,Above 85%,"Soft Skills (Communication, Leadership, Teamwork)",Lack of Consistency or Determination (Difficulty sticking to a plan),Rarely (Passive),No Impact (Fully supportive environment),Moderate Risk,2,2
STU0804,4/2/2026 11:52,First Year (PG),BCA,24,Male,7.0 - 8.4,Neutral,Less than 1 hour,1,Never,1-2 hours,4-6 hours,Video content (YouTube/OTT),Sometimes,Sometimes,Thinking about it,Somewhat clear,"Hard skills (programming, data analytics, technical skills)",3,2,1,Sometimes,6-7 hours,AI / ML,Planning to enroll soon,"Not currently, but intend to in the future","Basic knowledge, learning while practicing","Rarely participate, mostly observe",Often,66% - 75%,"Management/Execution (Planning, Organizing, Discipline)",Lack of Consistency or Determination (Difficulty sticking to a plan),Never (Unaware or Not interested),High Impact (Frequent disruption),Moderate Risk,2,1
STU0805,3/25/2026 9:55,Third Year (TY),BCom,20,Female,9.5 - 10.0,Very satisfied,1-2 hours,5,Rarely,More than 2 hours,2-4 hours,Video content (YouTube/OTT),Mostly consistent,Often,Thinking about it,Not clear,Both hard and soft skills,2,2,3,Always,Unknown,AI / ML,Planning to enroll soon,"Not currently, but intend to in the future","Limited knowledge, theoretical only",Never participate in such events,Often,76% - 85%,"Soft Skills (Communication, Leadership, Teamwork)",Lack of Consistency or Determination (Difficulty sticking to a plan),Occasionally (When needed),Unknown,Low Risk,1,2
STU0806,4/7/2026 10:55,First Year (PG),BCA,23,Male,7.0 - 8.4,Satisfied,Less than 1 hour,2,Rarely,1-2 hours,More than 6 hours,Other,Sometimes,Often,Thinking about it,Not clear,"Hard skills (programming, data analytics, technical skills)",2,3,2,Often,6-7 hours,Cyber Security Analyst,Planning to enroll soon,"Yes, actively working on projects/internship","Basic knowledge, learning while practicing",Occasionally participate in events,Rarely,66% - 75%,"Creative/Design Skills (Innovation, UI/UX, Content)",Difficulty with Focus / Concentration,Occasionally (When needed),High Impact (Frequent disruption),Moderate Risk,2,1
STU0807,4/7/2026 9:31,First Year (FY),BCA,19,Female,8.5 - 9.4,Neutral,Less than 1 hour,2,Never,1-2 hours,More than 6 hours,Social media,Rarely,Sometimes,Thinking about it,Somewhat clear,"Soft skills (communication, teamwork, leadership, financial literacy)",4,2,1,Sometimes,More than 8 hours,AI / ML,"Not currently, but intend to in the future","Yes, actively working on projects/internship",Unknown,"Rarely participate, mostly observe",Sometimes,76% - 85%,"Creative/Design Skills (Innovation, UI/UX, Content)",Difficulty with Focus / Concentration,Occasionally (When needed),Low Impact (Rarely affects study),Moderate Risk,2,1
STU0808,3/26/2026 20:06,Second Year (SY),BCA,20,Male,5.0 - 6.9,Neutral,Less than 1 hour,3,Rarely,More than 2 hours,More than 6 hours,Social media,Sometimes,Often,Planning to start soon,Somewhat clear,Both hard and soft skills,3,3,3,Sometimes,4-5 hours,Digital Marketing Specialist,Planning to enroll soon,"Not currently, but intend to in the future","Limited knowledge, theoretical only",Never participate in such events,Often,Less than 50%,"Management/Execution (Planning, Organizing, Discipline)",Poor Time Management / Over-scheduling,Rarely (Passive),High Impact (Frequent disruption),High Risk,3,1
STU0809,3/16/2026 9:20,Second Year (SY),BCA,19,Female,7.0 - 8.4,Neutral,1-2 hours,3,Few times a week,Unknown,More than 6 hours,Video content (YouTube/OTT),Sometimes,Sometimes,Thinking about it,Very clear,"Soft skills (communication, teamwork, leadership, financial literacy)",3,3,3,Often,6-7 hours,Data Analyst,"Not currently, but intend to in the future","Not currently, but intend to in the future","Basic knowledge, learning while practicing",Occasionally participate in events,Always,66% - 75%,"Creative/Design Skills (Innovation, UI/UX, Content)",Procrastination / Low Motivation,Never (Unaware or Not interested),Moderate Impact (Occasional disruption),Moderate Risk,2,2
STU0810,3/20/2026 18:26,Second Year (PG),BBA,24,Female,5.0 - 6.9,Very unsatisfied,Less than 1 hour,4,Never,More than 2 hours,2-4 hours,Video content (YouTube/OTT),Rarely,Sometimes,Actively preparing for a goal (placements/exams),Somewhat clear,"Hard skills (programming, data analytics, technical skills)",1,5,3,Always,6-7 hours,Data Analyst,Planning to enroll soon,"Not currently, but intend to in the future","Basic knowledge, learning while practicing","Rarely participate, mostly observe",Sometimes,76% - 85%,"Management/Execution (Planning, Organizing, Discipline)",Difficulty with Focus / Concentration,Rarely (Passive),Moderate Impact (Occasional disruption),High Risk,3,1
STU0811,3/15/2026 9:20,Second Year (SY),BCA,19,Male,8.5 - 9.4,Very satisfied,Less than 1 hour,2,Never,Unknown,4-6 hours,Video content (YouTube/OTT),Mostly consistent,Always,Thinking about it,Very clear,"Soft skills (communication, teamwork, leadership, financial literacy)",3,3,3,Sometimes,6-7 hours,Cyber Security Analyst,Planning to enroll soon,"Not currently, but intend to in the future","Limited knowledge, theoretical only",Unknown,Always,Above 85%,"Soft Skills (Communication, Leadership, Teamwork)",Poor Time Management / Over-scheduling,Rarely (Passive),No Impact (Fully supportive environment),Low Risk,1,1
STU0812,3/18/2026 15:04,Second Year (SY),BCA,20,Female,5.0 - 6.9,Neutral,Less than 1 hour,1,Never,More than 2 hours,4-6 hours,Video content (YouTube/OTT),Rarely,Sometimes,Actively preparing for a goal (placements/exams),Somewhat clear,Both hard and soft skills,4,2,Unknown,Often,More than 8 hours,AI / ML,Planning to enroll soon,Planning to start a project/internship soon,"Basic knowledge, learning while practicing",Never participate in such events,Sometimes,50% - 65%,"Soft Skills (Communication, Leadership, Teamwork)",Procrastination / Low Motivation,Occasionally (When needed),Moderate Impact (Occasional disruption),High Risk,3,1
STU0813,4/6/2026 11:42,Second Year (SY),BCA,19,Male,8.5 - 9.4,Neutral,1-2 hours,3,Few times a week,1-2 hours,More than 6 hours,Social interactions,Sometimes,Sometimes,Thinking about it,Not clear,Both hard and soft skills,2,4,3,Often,More than 8 hours,Cyber Security Analyst,"No, not interested","Yes, actively working on projects/internship","Basic knowledge, learning while practicing",Occasionally participate in events,Sometimes,76% - 85%,"Soft Skills (Communication, Leadership, Teamwork)",Difficulty with Focus / Concentration,Never (Unaware or Not interested),Low Impact (Rarely affects study),Moderate Risk,2,2
STU0814,3/23/2026 10:14,First Year (PG),BCom,23,Male,7.0 - 8.4,Unsatisfied,Less than 1 hour,2,Rarely,30-60 minutes,4-6 hours,Gaming,Sometimes,Often,Actively preparing for a goal (placements/exams),Not clear,"Hard skills (programming, data analytics, technical skills)",4,2,1,Sometimes,More than 8 hours,Automation Engineer,"Yes, currently enrolled in one or more courses/certifications","Not currently, but intend to in the future","Basic knowledge, learning while practicing",Never participate in such events,Often,66% - 75%,"Creative/Design Skills (Innovation, UI/UX, Content)",Poor Time Management / Over-scheduling,Occasionally (When needed),Low Impact (Rarely affects study),Moderate Risk,2,1
STU0815,3/16/2026 12:54,Third Year (TY),BCA,22,Male,7.0 - 8.4,Neutral,Less than 1 hour,2,Few times a week,1-2 hours,More than 6 hours,Video content (YouTube/OTT),Sometimes,Sometimes,Thinking about it,Very clear,"Hard skills (programming, data analytics, technical skills)",2,2,Unknown,Often,6-7 hours,Digital Marketing Specialist,Planning to enroll soon,Planning to start a project/internship soon,"Basic knowledge, learning while practicing","Rarely participate, mostly observe",Often,66% - 75%,"Soft Skills (Communication, Leadership, Teamwork)",Lack of Consistency or Determination (Difficulty sticking to a plan),Occasionally (When needed),Moderate Impact (Occasional disruption),Moderate Risk,2,1
STU0816,4/11/2026 11:40,First Year (FY),BCA,19,Male,9.5 - 10.0,Neutral,More than 2 hours,4,Few times a week,More than 2 hours,More than 6 hours,Social media,Sometimes,Often,Actively preparing for a goal (placements/exams),Very clear,Both hard and soft skills,2,5,3,Sometimes,6-7 hours,Software Developer,"Yes, currently enrolled in one or more courses/certifications","Not currently, but intend to in the future","Limited knowledge, theoretical only",Occasionally participate in events,Sometimes,66% - 75%,"Soft Skills (Communication, Leadership, Teamwork)",Difficulty with Focus / Concentration,Occasionally (When needed),High Impact (Frequent disruption),Moderate Risk,2,3
STU0817,4/1/2026 10:49,Second Year (SY),BCA,20,Male,9.5 - 10.0,Satisfied,1-2 hours,4,Rarely,1-2 hours,More than 6 hours,Video content (YouTube/OTT),Sometimes,Sometimes,Actively preparing for a goal (placements/exams),Very clear,Both hard and soft skills,4,1,2,Sometimes,More than 8 hours,AI / ML,"No, not interested",Planning to start a project/internship soon,"Basic knowledge, learning while practicing",Never participate in such events,Sometimes,76% - 85%,"Technical/Hard Skills (Coding, Math, Logic)",Poor Time Management / Over-scheduling,Never (Unaware or Not interested),Moderate Impact (Occasional disruption),Low Risk,1,2
STU0818,3/19/2026 10:18,First Year (FY),BSc Cyber Security,18,Female,7.0 - 8.4,Neutral,Less than 1 hour,2,Few times a week,30-60 minutes,More than 6 hours,Social media,Rarely,Sometimes,Thinking about it,Somewhat clear,"Hard skills (programming, data analytics, technical skills)",2,5,2,Always,6-7 hours,Other,Planning to enroll soon,"Yes, actively working on projects/internship","Limited knowledge, theoretical only","Rarely participate, mostly observe",Rarely,Less than 50%,"Soft Skills (Communication, Leadership, Teamwork)",Lack of Consistency or Determination (Difficulty sticking to a plan),Never (Unaware or Not interested),Unknown,High Risk,3,1
STU0819,4/7/2026 10:46,First Year (FY),BCA,18,Female,8.5 - 9.4,Satisfied,Less than 1 hour,2,Few times a week,30-60 minutes,4-6 hours,Video content (YouTube/OTT),Mostly consistent,Always,Planning to start soon,Somewhat clear,"Soft skills (communication, teamwork, leadership, financial literacy)",5,4,1,Often,More than 8 hours,Data Analyst,"Yes, currently enrolled in one or more courses/certifications","Yes, actively working on projects/internship","Limited knowledge, theoretical only","Rarely participate, mostly observe",Always,Above 85%,"Technical/Hard Skills (Coding, Math, Logic)",Poor Time Management / Over-scheduling,Occasionally (When needed),Moderate Impact (Occasional disruption),Moderate Risk,2,1
STU0820,4/3/2026 14:54,First Year (PG),BCA,23,Female,8.5 - 9.4,Satisfied,1-2 hours,3,Never,More than 2 hours,More than 6 hours,Social media,Mostly consistent,Sometimes,Actively preparing for a goal (placements/exams),Somewhat clear,Both hard and soft skills,4,2,2,Never,6-7 hours,Software Developer,Planning to enroll soon,"Not currently, but intend to in the future","Limited knowledge, theoretical only",Never participate in such events,Sometimes,Above 85%,"Technical/Hard Skills (Coding, Math, Logic)",Poor Time Management / Over-scheduling,Rarely (Passive),No Impact (Fully supportive environment),Low Risk,1,2
STU0821,3/25/2026 9:29,Second Year (SY),BCA,19,Female,7.0 - 8.4,Unsatisfied,1-2 hours,5,Few times a week,More than 2 hours,2-4 hours,Video content (YouTube/OTT),Rarely,Sometimes,Planning to start soon,Very clear,"Hard skills (programming, data analytics, technical skills)",3,1,2,Often,6-7 hours,AI / ML,"Not currently, but intend to in the future",Planning to start a project/internship soon,"Limited knowledge, theoretical only",Occasionally participate in events,Often,Less than 50%,"Soft Skills (Communication, Leadership, Teamwork)",Procrastination / Low Motivation,Never (Unaware or Not interested),Moderate Impact (Occasional disruption),Moderate Risk,2,2
STU0822,4/14/2026 2:51,First Year (FY),BCA,17,Male,8.5 - 9.4,Neutral,More than 2 hours,5,Few times a week,30-60 minutes,4-6 hours,Gaming,Sometimes,Sometimes,Actively preparing for a goal (placements/exams),Very clear,"Hard skills (programming, data analytics, technical skills)",4,4,2,Often,6-7 hours,Automation Engineer,Planning to enroll soon,"Yes, actively working on projects/internship",Strong foundation in core concepts,"Rarely participate, mostly observe",Rarely,Above 85%,"Creative/Design Skills (Innovation, UI/UX, Content)",Lack of Consistency or Determination (Difficulty sticking to a plan),Occasionally (When needed),High Impact (Frequent disruption),Moderate Risk,2,3
STU0823,3/29/2026 8:13,Third Year (TY),BSc Computer Science,20,Male,7.0 - 8.4,Unsatisfied,1-2 hours,3,Never,Unknown,4-6 hours,Other,Sometimes,Always,Thinking about it,Somewhat clear,"Hard skills (programming, data analytics, technical skills)",4,1,3,Sometimes,More than 8 hours,Software Developer,"Not currently, but intend to in the future","Not currently, but intend to in the future",Strong foundation in core concepts,"Rarely participate, mostly observe",Sometimes,76% - 85%,"Soft Skills (Communication, Leadership, Teamwork)",Procrastination / Low Motivation,Never (Unaware or Not interested),No Impact (Fully supportive environment),Moderate Risk,2,2
STU0824,4/12/2026 8:04,First Year (FY),BCA,19,Male,5.0 - 6.9,Neutral,Less than 1 hour,1,Rarely,30-60 minutes,2-4 hours,Gaming,Rarely,Sometimes,Planning to start soon,Somewhat clear,Both hard and soft skills,4,3,1,Often,More than 8 hours,AI / ML,Planning to enroll soon,Planning to start a project/internship soon,"Limited knowledge, theoretical only",Never participate in such events,Always,50% - 65%,"Technical/Hard Skills (Coding, Math, Logic)",Lack of Consistency or Determination (Difficulty sticking to a plan),Rarely (Passive),Moderate Impact (Occasional disruption),High Risk,3,1
STU0825,3/17/2026 15:06,Third Year (TY),BBA,22,Male,7.0 - 8.4,Neutral,1-2 hours,3,Rarely,More than 2 hours,More than 6 hours,Gaming,Sometimes,Often,Thinking about it,Somewhat clear,Both hard and soft skills,4,3,3,Sometimes,6-7 hours,AI / ML,Planning to enroll soon,Planning to start a project/internship soon,"Basic knowledge, learning while practicing",Occasionally participate in events,Often,50% - 65%,"Creative/Design Skills (Innovation, UI/UX, Content)",Lack of Consistency or Determination (Difficulty sticking to a plan),Never (Unaware or Not interested),Low Impact (Rarely affects study),High Risk,3,2
STU0826,4/4/2026 13:16,Second Year (SY),BCom,21,Female,7.0 - 8.4,Satisfied,Less than 1 hour,2,Rarely,1-2 hours,4-6 hours,Video content (YouTube/OTT),Mostly consistent,Often,Thinking about it,Somewhat clear,"Soft skills (communication, teamwork, leadership, financial literacy)",Unknown,2,2,Sometimes,More than 8 hours,Software Developer,"Yes, currently enrolled in one or more courses/certifications",Planning to start a project/internship soon,"Basic knowledge, learning while practicing","Rarely participate, mostly observe",Always,50% - 65%,"Technical/Hard Skills (Coding, Math, Logic)",Poor Time Management / Over-scheduling,Rarely (Passive),No Impact (Fully supportive environment),Moderate Risk,2,1
STU0827,4/1/2026 13:31,First Year (FY),BCA,19,Male,5.0 - 6.9,Very unsatisfied,Less than 1 hour,3,Few times a week,More than 2 hours,More than 6 hours,Social interactions,Mostly consistent,Sometimes,Planning to start soon,Not clear,Both hard and soft skills,2,5,1,Always,6-7 hours,AI / ML,"Not currently, but intend to in the future","Yes, actively working on projects/internship","Basic knowledge, learning while practicing",Never participate in such events,Often,66% - 75%,"Management/Execution (Planning, Organizing, Discipline)",Procrastination / Low Motivation,Never (Unaware or Not interested),No Impact (Fully supportive environment),High Risk,3,1
STU0828,4/6/2026 8:43,First Year (FY),BBA,19,Male,9.5 - 10.0,Very unsatisfied,1-2 hours,3,Few times a week,1-2 hours,4-6 hours,Gaming,Mostly consistent,Always,Thinking about it,Somewhat clear,Both hard and soft skills,3,1,3,Always,4-5 hours,Data Analyst,"Yes, currently enrolled in one or more courses/certifications",Planning to start a project/internship soon,"Basic knowledge, learning while practicing","Rarely participate, mostly observe",Always,66% - 75%,"Soft Skills (Communication, Leadership, Teamwork)",Lack of Consistency or Determination (Difficulty sticking to a plan),Rarely (Passive),Low Impact (Rarely affects study),Low Risk,1,2
STU0829,3/21/2026 15:01,Final Year,BCA,23,Male,5.0 - 6.9,Unsatisfied,1-2 hours,3,Never,1-2 hours,More than 6 hours,Gaming,Rarely,Sometimes,Actively preparing for a goal (placements/exams),Not clear,Both hard and soft skills,3,Unknown,2,Never,6-7 hours,AI / ML,"Not currently, but intend to in the future","Yes, actively working on projects/internship","Limited knowledge, theoretical only","Rarely participate, mostly observe",Sometimes,66% - 75%,"Soft Skills (Communication, Leadership, Teamwork)",Procrastination / Low Motivation,Rarely (Passive),High Impact (Frequent disruption),High Risk,3,2
STU0830,3/16/2026 11:50,Third Year (TY),BCA,21,Male,5.0 - 6.9,Unsatisfied,Less than 1 hour,1,Few times a week,30-60 minutes,4-6 hours,Gaming,Rarely,Sometimes,Planning to start soon,Somewhat clear,Both hard and soft skills,5,4,2,Often,More than 8 hours,Cyber Security Analyst,"Not currently, but intend to in the future",Planning to start a project/internship soon,"Basic knowledge, learning while practicing",Never participate in such events,Often,76% - 85%,"Technical/Hard Skills (Coding, Math, Logic)",Procrastination / Low Motivation,Occasionally (When needed),Moderate Impact (Occasional disruption),High Risk,3,1
STU0831,3/26/2026 8:21,Second Year (SY),BCA,21,Male,8.5 - 9.4,Neutral,Less than 1 hour,3,Never,30-60 minutes,More than 6 hours,Video content (YouTube/OTT),Mostly consistent,Often,Actively preparing for a goal (placements/exams),Not clear,"Hard skills (programming, data analytics, technical skills)",3,2,2,Often,4-5 hours,AI / ML,"Yes, currently enrolled in one or more courses/certifications","Yes, actively working on projects/internship","Basic knowledge, learning while practicing","Rarely participate, mostly observe",Often,66% - 75%,"Technical/Hard Skills (Coding, Math, Logic)",Lack of Consistency or Determination (Difficulty sticking to a plan),Rarely (Passive),Moderate Impact (Occasional disruption),Low Risk,1,1
STU0832,3/26/2026 11:31,Second Year (SY),BBA,20,Male,5.0 - 6.9,Neutral,Less than 1 hour,1,Few times a week,1-2 hours,4-6 hours,Gaming,Sometimes,Rarely,Planning to start soon,Somewhat clear,Both hard and soft skills,4,5,1,Often,6-7 hours,AI / ML,Planning to enroll soon,"Yes, actively working on projects/internship","Limited knowledge, theoretical only",Occasionally participate in events,Often,66% - 75%,"Technical/Hard Skills (Coding, Math, Logic)",Poor Time Management / Over-scheduling,Never (Unaware or Not interested),Moderate Impact (Occasional disruption),High Risk,3,1
STU0833,3/17/2026 3:44,First Year (PG),BSc IT,23,Male,7.0 - 8.4,Neutral,1-2 hours,2,Never,1-2 hours,2-4 hours,Social interactions,Rarely,Sometimes,Thinking about it,Very clear,Both hard and soft skills,4,2,1,Sometimes,More than 8 hours,Digital Marketing Specialist,"No, not interested",Planning to start a project/internship soon,"Limited knowledge, theoretical only",Never participate in such events,Rarely,76% - 85%,"Soft Skills (Communication, Leadership, Teamwork)",Poor Time Management / Over-scheduling,Occasionally (When needed),Low Impact (Rarely affects study),Moderate Risk,2,2
STU0834,3/24/2026 3:51,Second Year (PG),BSc Cyber Security,23,Male,9.5 - 10.0,Neutral,More than 2 hours,2,Few times a week,1-2 hours,4-6 hours,Gaming,Sometimes,Rarely,Planning to start soon,Very clear,"Hard skills (programming, data analytics, technical skills)",3,4,Unknown,Often,6-7 hours,AI / ML,Planning to enroll soon,"Not currently, but intend to in the future",Strong foundation in core concepts,"Rarely participate, mostly observe",Rarely,76% - 85%,"Technical/Hard Skills (Coding, Math, Logic)",Poor Time Management / Over-scheduling,Occasionally (When needed),Low Impact (Rarely affects study),Moderate Risk,2,3
STU0835,3/15/2026 11:09,Second Year (SY),BCA,20,Male,8.5 - 9.4,Satisfied,1-2 hours,2,Unknown,1-2 hours,More than 6 hours,Video content (YouTube/OTT),Mostly consistent,Always,Planning to start soon,Somewhat clear,Both hard and soft skills,3,4,1,Sometimes,6-7 hours,Cyber Security Analyst,"No, not interested","Not currently, but intend to in the future","Basic knowledge, learning while practicing","Rarely participate, mostly observe",Sometimes,66% - 75%,"Creative/Design Skills (Innovation, UI/UX, Content)",Procrastination / Low Motivation,Occasionally (When needed),High Impact (Frequent disruption),Moderate Risk,2,2
STU0836,3/23/2026 17:47,Final Year,BCom,23,Female,5.0 - 6.9,Unsatisfied,Less than 1 hour,2,Few times a week,1-2 hours,2-4 hours,Social media,Rarely,Often,Planning to start soon,Somewhat clear,"Soft skills (communication, teamwork, leadership, financial literacy)",4,3,3,Always,6-7 hours,Other,"Not currently, but intend to in the future","Not currently, but intend to in the future","Basic knowledge, learning while practicing",Never participate in such events,Always,Above 85%,"Management/Execution (Planning, Organizing, Discipline)",Difficulty with Focus / Concentration,Occasionally (When needed),Low Impact (Rarely affects study),High Risk,3,1
STU0837,4/1/2026 16:50,Second Year (SY),BCA,21,Male,8.5 - 9.4,Unsatisfied,1-2 hours,4,Rarely,More than 2 hours,4-6 hours,Social media,Mostly consistent,Often,Planning to start soon,Somewhat clear,"Soft skills (communication, teamwork, leadership, financial literacy)",2,4,3,Often,6-7 hours,Cyber Security Analyst,"No, not interested","Not currently, but intend to in the future",Strong foundation in core concepts,"Rarely participate, mostly observe",Often,50% - 65%,"Technical/Hard Skills (Coding, Math, Logic)",Poor Time Management / Over-scheduling,Occasionally (When needed),High Impact (Frequent disruption),Moderate Risk,2,2
STU0838,3/23/2026 12:29,First Year (PG),BBA,22,Male,7.0 - 8.4,Neutral,Less than 1 hour,2,Few times a week,More than 2 hours,More than 6 hours,Gaming,Sometimes,Sometimes,Planning to start soon,Somewhat clear,"Hard skills (programming, data analytics, technical skills)",5,Unknown,3,Sometimes,More than 8 hours,AI / ML,"No, not interested","Not currently, but intend to in the future","Limited knowledge, theoretical only",Occasionally participate in events,Often,Less than 50%,"Soft Skills (Communication, Leadership, Teamwork)",Procrastination / Low Motivation,Never (Unaware or Not interested),Moderate Impact (Occasional disruption),High Risk,3,1
STU0839,3/23/2026 19:46,Second Year (SY),BCA,21,Female,7.0 - 8.4,Neutral,Less than 1 hour,3,Never,Unknown,More than 6 hours,Gaming,Rarely,Often,Planning to start soon,Not clear,Both hard and soft skills,3,3,2,Never,More than 8 hours,AI / ML,Planning to enroll soon,"Not currently, but intend to in the future","Basic knowledge, learning while practicing",Never participate in such events,Often,50% - 65%,"Soft Skills (Communication, Leadership, Teamwork)",Lack of Consistency or Determination (Difficulty sticking to a plan),Occasionally (When needed),Moderate Impact (Occasional disruption),High Risk,3,1
STU0840,4/12/2026 14:51,First Year (FY),BCA,19,Male,7.0 - 8.4,Very satisfied,1-2 hours,5,Never,1-2 hours,2-4 hours,Social media,Rarely,Sometimes,Actively preparing for a goal (placements/exams),Somewhat clear,"Soft skills (communication, teamwork, leadership, financial literacy)",1,Unknown,1,Always,6-7 hours,AI / ML,"Not currently, but intend to in the future","Not currently, but intend to in the future","Basic knowledge, learning while practicing","Rarely participate, mostly observe",Often,Less than 50%,"Creative/Design Skills (Innovation, UI/UX, Content)",Procrastination / Low Motivation,Occasionally (When needed),Low Impact (Rarely affects study),High Risk,3,2
STU0841,3/20/2026 19:46,First Year (FY),BCA,19,Male,7.0 - 8.4,Neutral,Less than 1 hour,3,Rarely,1-2 hours,4-6 hours,Video content (YouTube/OTT),Sometimes,Sometimes,Thinking about it,Somewhat clear,Both hard and soft skills,1,Unknown,1,Often,More than 8 hours,Data Analyst,"No, not interested","Yes, actively working on projects/internship","Limited knowledge, theoretical only","Rarely participate, mostly observe",Often,66% - 75%,"Technical/Hard Skills (Coding, Math, Logic)",Lack of Consistency or Determination (Difficulty sticking to a plan),Occasionally (When needed),Moderate Impact (Occasional disruption),High Risk,3,1
STU0842,3/28/2026 19:51,First Year (FY),BCA,18,Female,9.5 - 10.0,Neutral,1-2 hours,3,Few times a week,1-2 hours,More than 6 hours,Social media,Sometimes,Sometimes,Actively preparing for a goal (placements/exams),Very clear,Both hard and soft skills,5,4,3,Often,More than 8 hours,Automation Engineer,"Yes, currently enrolled in one or more courses/certifications","Yes, actively working on projects/internship","Basic knowledge, learning while practicing",Occasionally participate in events,Rarely,Above 85%,"Creative/Design Skills (Innovation, UI/UX, Content)",Difficulty with Focus / Concentration,Never (Unaware or Not interested),Moderate Impact (Occasional disruption),Moderate Risk,2,2
STU0843,3/29/2026 8:21,First Year (PG),BCA,22,Female,7.0 - 8.4,Neutral,1-2 hours,2,Unknown,30-60 minutes,More than 6 hours,Social interactions,Mostly consistent,Sometimes,Thinking about it,Very clear,"Hard skills (programming, data analytics, technical skills)",4,3,1,Sometimes,6-7 hours,Software Developer,"Not currently, but intend to in the future","Not currently, but intend to in the future",Unknown,Occasionally participate in events,Often,66% - 75%,"Technical/Hard Skills (Coding, Math, Logic)",Difficulty with Focus / Concentration,Unknown,Moderate Impact (Occasional disruption),Moderate Risk,2,2
STU0844,3/26/2026 8:36,Final Year,BSc Computer Science,21,Male,5.0 - 6.9,Unsatisfied,Less than 1 hour,1,Never,30-60 minutes,More than 6 hours,Video content (YouTube/OTT),Sometimes,Always,Planning to start soon,Very clear,"Hard skills (programming, data analytics, technical skills)",2,4,1,Sometimes,6-7 hours,AI / ML,Planning to enroll soon,"Not currently, but intend to in the future","Basic knowledge, learning while practicing",Never participate in such events,Often,66% - 75%,"Technical/Hard Skills (Coding, Math, Logic)",Lack of Consistency or Determination (Difficulty sticking to a plan),Occasionally (When needed),Moderate Impact (Occasional disruption),High Risk,3,1
STU0845,3/31/2026 14:11,Second Year (SY),BCA,19,Male,9.5 - 10.0,Neutral,More than 2 hours,3,Few times a week,30-60 minutes,More than 6 hours,Social media,Sometimes,Always,Planning to start soon,Very clear,"Hard skills (programming, data analytics, technical skills)",5,3,2,Never,6-7 hours,Data Analyst,"Not currently, but intend to in the future","Yes, actively working on projects/internship","Limited knowledge, theoretical only","Rarely participate, mostly observe",Often,Less than 50%,"Creative/Design Skills (Innovation, UI/UX, Content)",Difficulty with Focus / Concentration,Occasionally (When needed),High Impact (Frequent disruption),Moderate Risk,2,3
STU0846,3/30/2026 8:06,Third Year (TY),BCA,20,Male,8.5 - 9.4,Very satisfied,1-2 hours,3,Few times a week,30-60 minutes,4-6 hours,Video content (YouTube/OTT),Sometimes,Often,Thinking about it,Somewhat clear,Both hard and soft skills,4,4,3,Sometimes,More than 8 hours,Other,"Not currently, but intend to in the future","Not currently, but intend to in the future","Basic knowledge, learning while practicing",Never participate in such events,Sometimes,Less than 50%,"Technical/Hard Skills (Coding, Math, Logic)",Procrastination / Low Motivation,Occasionally (When needed),High Impact (Frequent disruption),High Risk,3,2
STU0847,3/30/2026 14:52,First Year (FY),BSc Cyber Security,17,Male,7.0 - 8.4,Neutral,1-2 hours,2,Never,30-60 minutes,More than 6 hours,Video content (YouTube/OTT),Rarely,Rarely,Planning to start soon,Somewhat clear,"Soft skills (communication, teamwork, leadership, financial literacy)",5,2,2,Never,More than 8 hours,Software Developer,Planning to enroll soon,"Yes, actively working on projects/internship","Limited knowledge, theoretical only",Never participate in such events,Rarely,Less than 50%,"Technical/Hard Skills (Coding, Math, Logic)",Poor Time Management / Over-scheduling,Never (Unaware or Not interested),Moderate Impact (Occasional disruption),High Risk,3,2
STU0848,4/2/2026 13:36,Final Year,BCA,23,Female,7.0 - 8.4,Unsatisfied,Less than 1 hour,2,Never,1-2 hours,More than 6 hours,Social media,Mostly consistent,Always,Actively preparing for a goal (placements/exams),Not clear,Both hard and soft skills,1,4,2,Sometimes,6-7 hours,Cyber Security Analyst,"No, not interested",Planning to start a project/internship soon,"Basic knowledge, learning while practicing","Rarely participate, mostly observe",Always,Less than 50%,"Soft Skills (Communication, Leadership, Teamwork)",Procrastination / Low Motivation,Unknown,No Impact (Fully supportive environment),High Risk,3,1
STU0849,3/30/2026 11:35,Second Year (SY),BCom,21,Male,8.5 - 9.4,Very satisfied,More than 2 hours,4,Few times a week,1-2 hours,4-6 hours,Social media,Mostly consistent,Always,Planning to start soon,Very clear,"Hard skills (programming, data analytics, technical skills)",4,2,3,Often,More than 8 hours,Software Developer,Planning to enroll soon,Planning to start a project/internship soon,"Basic knowledge, learning while practicing","Rarely participate, mostly observe",Often,76% - 85%,"Soft Skills (Communication, Leadership, Teamwork)",Poor Time Management / Over-scheduling,Rarely (Passive),Low Impact (Rarely affects study),Low Risk,1,3
STU0850,4/7/2026 16:20,First Year (FY),BSc IT,17,Male,8.5 - 9.4,Satisfied,1-2 hours,3,Never,30-60 minutes,More than 6 hours,Social interactions,Sometimes,Sometimes,Planning to start soon,Somewhat clear,"Soft skills (communication, teamwork, leadership, financial literacy)",4,1,2,Sometimes,More than 8 hours,Software Developer,Planning to enroll soon,"Not currently, but intend to in the future","Basic knowledge, learning while practicing","Rarely participate, mostly observe",Rarely,Above 85%,"Creative/Design Skills (Innovation, UI/UX, Content)",Procrastination / Low Motivation,Never (Unaware or Not interested),Low Impact (Rarely affects study),Low Risk,1,2
STU0851,3/21/2026 15:58,First Year (PG),BSc IT,22,Female,9.5 - 10.0,Very unsatisfied,Less than 1 hour,2,Rarely,1-2 hours,More than 6 hours,Social media,Mostly consistent,Always,Planning to start soon,Somewhat clear,"Hard skills (programming, data analytics, technical skills)",4,4,1,Sometimes,6-7 hours,Software Developer,Planning to enroll soon,Planning to start a project/internship soon,"Limited knowledge, theoretical only",Never participate in such events,Often,Above 85%,"Technical/Hard Skills (Coding, Math, Logic)",Procrastination / Low Motivation,Occasionally (When needed),Low Impact (Rarely affects study),Low Risk,1,1
STU0852,3/22/2026 4:57,Second Year (SY),BSc Computer Science,21,Female,5.0 - 6.9,Neutral,1-2 hours,2,Rarely,1-2 hours,2-4 hours,Social media,Rarely,Rarely,Actively preparing for a goal (placements/exams),Somewhat clear,"Soft skills (communication, teamwork, leadership, financial literacy)",1,3,3,Always,6-7 hours,Cyber Security Analyst,Planning to enroll soon,"Not currently, but intend to in the future","Basic knowledge, learning while practicing",Occasionally participate in events,Sometimes,50% - 65%,"Technical/Hard Skills (Coding, Math, Logic)",Difficulty with Focus / Concentration,Rarely (Passive),Moderate Impact (Occasional disruption),High Risk,3,2
STU0853,4/6/2026 7:36,Second Year (SY),BSc IT,21,Male,5.0 - 6.9,Neutral,Less than 1 hour,4,Rarely,1-2 hours,More than 6 hours,Gaming,Rarely,Rarely,Planning to start soon,Not clear,"Hard skills (programming, data analytics, technical skills)",2,Unknown,3,Always,6-7 hours,Digital Marketing Specialist,"No, not interested","Yes, actively working on projects/internship","Basic knowledge, learning while practicing","Rarely participate, mostly observe",Sometimes,66% - 75%,"Technical/Hard Skills (Coding, Math, Logic)",Procrastination / Low Motivation,Rarely (Passive),Unknown,High Risk,3,1
STU0854,3/27/2026 10:44,First Year (FY),BSc IT,17,Male,7.0 - 8.4,Satisfied,1-2 hours,4,Rarely,1-2 hours,4-6 hours,Social media,Mostly consistent,Often,Thinking about it,Somewhat clear,"Soft skills (communication, teamwork, leadership, financial literacy)",5,2,3,Sometimes,More than 8 hours,Data Analyst,"Not currently, but intend to in the future",Planning to start a project/internship soon,"Basic knowledge, learning while practicing","Rarely participate, mostly observe",Often,Less than 50%,"Technical/Hard Skills (Coding, Math, Logic)",Poor Time Management / Over-scheduling,Occasionally (When needed),High Impact (Frequent disruption),Moderate Risk,2,2
STU0855,4/6/2026 3:59,First Year (FY),BCA,18,Male,8.5 - 9.4,Satisfied,1-2 hours,4,Never,1-2 hours,2-4 hours,Social media,Sometimes,Rarely,Planning to start soon,Very clear,"Hard skills (programming, data analytics, technical skills)",4,2,3,Sometimes,More than 8 hours,AI / ML,"No, not interested",Planning to start a project/internship soon,Strong foundation in core concepts,Never participate in such events,Rarely,66% - 75%,"Technical/Hard Skills (Coding, Math, Logic)",Lack of Consistency or Determination (Difficulty sticking to a plan),Never (Unaware or Not interested),Moderate Impact (Occasional disruption),Moderate Risk,2,2
STU0856,3/18/2026 7:30,First Year (FY),BSc Cyber Security,17,Female,5.0 - 6.9,Very satisfied,Less than 1 hour,1,Few times a week,1-2 hours,More than 6 hours,Gaming,Rarely,Rarely,Actively preparing for a goal (placements/exams),Somewhat clear,"Soft skills (communication, teamwork, leadership, financial literacy)",1,2,2,Often,6-7 hours,Automation Engineer,"No, not interested",Planning to start a project/internship soon,"Basic knowledge, learning while practicing",Occasionally participate in events,Often,66% - 75%,"Technical/Hard Skills (Coding, Math, Logic)",Poor Time Management / Over-scheduling,Rarely (Passive),High Impact (Frequent disruption),High Risk,3,1
STU0857,4/8/2026 20:12,Third Year (TY),BSc IT,20,Male,8.5 - 9.4,Neutral,1-2 hours,3,Few times a week,Unknown,2-4 hours,Video content (YouTube/OTT),Mostly consistent,Always,Planning to start soon,Very clear,Both hard and soft skills,3,2,2,Often,4-5 hours,Cyber Security Analyst,Planning to enroll soon,"Yes, actively working on projects/internship","Basic knowledge, learning while practicing",Occasionally participate in events,Often,Above 85%,"Management/Execution (Planning, Organizing, Discipline)",Lack of Consistency or Determination (Difficulty sticking to a plan),Rarely (Passive),Moderate Impact (Occasional disruption),Low Risk,1,2
STU0858,3/20/2026 9:14,First Year (FY),BSc Computer Science,19,Female,8.5 - 9.4,Neutral,Less than 1 hour,4,Rarely,More than 2 hours,More than 6 hours,Social media,Rarely,Rarely,Thinking about it,Somewhat clear,"Soft skills (communication, teamwork, leadership, financial literacy)",5,3,1,Sometimes,More than 8 hours,Software Developer,"Yes, currently enrolled in one or more courses/certifications","Not currently, but intend to in the future",Strong foundation in core concepts,"Rarely participate, mostly observe",Often,66% - 75%,"Creative/Design Skills (Innovation, UI/UX, Content)",Procrastination / Low Motivation,Occasionally (When needed),Moderate Impact (Occasional disruption),Moderate Risk,2,1
STU0859,3/15/2026 15:34,Third Year (TY),BCA,22,Female,8.5 - 9.4,Unsatisfied,More than 2 hours,4,Few times a week,1-2 hours,2-4 hours,Social media,Mostly consistent,Always,Planning to start soon,Somewhat clear,"Hard skills (programming, data analytics, technical skills)",3,3,Unknown,Never,Unknown,Cyber Security Analyst,Planning to enroll soon,"Not currently, but intend to in the future",Strong foundation in core concepts,"Rarely participate, mostly observe",Always,76% - 85%,"Technical/Hard Skills (Coding, Math, Logic)",Poor Time Management / Over-scheduling,Occasionally (When needed),Moderate Impact (Occasional disruption),Moderate Risk,2,3
STU0860,4/2/2026 20:02,Final Year,BCA,23,Male,5.0 - 6.9,Neutral,Less than 1 hour,2,Few times a week,1-2 hours,2-4 hours,Social media,Rarely,Rarely,Planning to start soon,Somewhat clear,Both hard and soft skills,4,3,1,Often,More than 8 hours,AI / ML,"Yes, currently enrolled in one or more courses/certifications","Yes, actively working on projects/internship","Basic knowledge, learning while practicing","Rarely participate, mostly observe",Always,76% - 85%,"Soft Skills (Communication, Leadership, Teamwork)",Poor Time Management / Over-scheduling,Rarely (Passive),High Impact (Frequent disruption),High Risk,3,1
STU0861,3/30/2026 16:29,Third Year (TY),BSc Computer Science,20,Female,5.0 - 6.9,Neutral,1-2 hours,4,Rarely,More than 2 hours,4-6 hours,Gaming,Sometimes,Always,Planning to start soon,Somewhat clear,"Hard skills (programming, data analytics, technical skills)",4,2,3,Always,6-7 hours,AI / ML,"Not currently, but intend to in the future",Planning to start a project/internship soon,"Basic knowledge, learning while practicing","Rarely participate, mostly observe",Often,50% - 65%,"Technical/Hard Skills (Coding, Math, Logic)",Lack of Consistency or Determination (Difficulty sticking to a plan),Rarely (Passive),Low Impact (Rarely affects study),High Risk,3,2
STU0862,4/6/2026 12:26,First Year (FY),BCA,19,Male,7.0 - 8.4,Satisfied,1-2 hours,2,Rarely,30-60 minutes,More than 6 hours,Social media,Sometimes,Sometimes,Thinking about it,Not clear,"Soft skills (communication, teamwork, leadership, financial literacy)",3,3,2,Always,6-7 hours,Cyber Security Analyst,"Not currently, but intend to in the future","Not currently, but intend to in the future",Strong foundation in core concepts,Occasionally participate in events,Often,Above 85%,"Soft Skills (Communication, Leadership, Teamwork)",Difficulty with Focus / Concentration,Never (Unaware or Not interested),Moderate Impact (Occasional disruption),Moderate Risk,2,2
STU0863,4/7/2026 10:08,Final Year,BCA,23,Male,7.0 - 8.4,Neutral,1-2 hours,3,Few times a week,1-2 hours,More than 6 hours,Social media,Sometimes,Often,Thinking about it,Very clear,"Hard skills (programming, data analytics, technical skills)",1,5,2,Always,4-5 hours,Automation Engineer,Planning to enroll soon,Planning to start a project/internship soon,"Basic knowledge, learning while practicing",Never participate in such events,Sometimes,50% - 65%,"Soft Skills (Communication, Leadership, Teamwork)",Poor Time Management / Over-scheduling,Rarely (Passive),High Impact (Frequent disruption),High Risk,3,2
STU0864,3/30/2026 19:09,Second Year (SY),BCA,19,Female,9.5 - 10.0,Satisfied,1-2 hours,4,Rarely,1-2 hours,More than 6 hours,Social interactions,Sometimes,Sometimes,Planning to start soon,Very clear,Both hard and soft skills,4,1,3,Sometimes,More than 8 hours,Cyber Security Analyst,"Not currently, but intend to in the future",Planning to start a project/internship soon,Strong foundation in core concepts,Occasionally participate in events,Often,76% - 85%,"Creative/Design Skills (Innovation, UI/UX, Content)",Poor Time Management / Over-scheduling,Occasionally (When needed),Low Impact (Rarely affects study),Low Risk,1,2
STU0865,4/6/2026 8:01,First Year (FY),BSc IT,17,Male,7.0 - 8.4,Satisfied,1-2 hours,3,Rarely,1-2 hours,More than 6 hours,Social media,Sometimes,Sometimes,Thinking about it,Somewhat clear,"Hard skills (programming, data analytics, technical skills)",2,2,3,Often,More than 8 hours,Software Developer,Planning to enroll soon,"Not currently, but intend to in the future",Strong foundation in core concepts,"Rarely participate, mostly observe",Often,66% - 75%,"Technical/Hard Skills (Coding, Math, Logic)",Difficulty with Focus / Concentration,Occasionally (When needed),High Impact (Frequent disruption),Moderate Risk,2,2
STU0866,3/30/2026 9:59,Third Year (TY),BCA,21,Female,7.0 - 8.4,Unsatisfied,Less than 1 hour,4,Few times a week,More than 2 hours,2-4 hours,Social media,Mostly consistent,Sometimes,Thinking about it,Somewhat clear,"Hard skills (programming, data analytics, technical skills)",3,3,2,Sometimes,Unknown,Data Analyst,"Not currently, but intend to in the future","Yes, actively working on projects/internship","Limited knowledge, theoretical only","Rarely participate, mostly observe",Often,50% - 65%,"Technical/Hard Skills (Coding, Math, Logic)",Lack of Consistency or Determination (Difficulty sticking to a plan),Occasionally (When needed),Moderate Impact (Occasional disruption),Moderate Risk,2,1
STU0867,3/21/2026 20:22,Third Year (TY),BCA,22,Male,9.5 - 10.0,Neutral,1-2 hours,3,Few times a week,1-2 hours,4-6 hours,Video content (YouTube/OTT),Sometimes,Rarely,Actively preparing for a goal (placements/exams),Somewhat clear,"Soft skills (communication, teamwork, leadership, financial literacy)",3,3,3,Sometimes,6-7 hours,AI / ML,"Not currently, but intend to in the future","Yes, actively working on projects/internship","Basic knowledge, learning while practicing",Occasionally participate in events,Rarely,76% - 85%,"Soft Skills (Communication, Leadership, Teamwork)",Procrastination / Low Motivation,Never (Unaware or Not interested),No Impact (Fully supportive environment),Moderate Risk,2,2
STU0868,3/20/2026 19:09,Third Year (TY),BCA,21,Female,7.0 - 8.4,Neutral,Less than 1 hour,3,Rarely,30-60 minutes,4-6 hours,Video content (YouTube/OTT),Rarely,Rarely,Planning to start soon,Very clear,"Hard skills (programming, data analytics, technical skills)",4,1,2,Always,6-7 hours,Digital Marketing Specialist,"Yes, currently enrolled in one or more courses/certifications",Planning to start a project/internship soon,"Basic knowledge, learning while practicing",Never participate in such events,Always,50% - 65%,"Creative/Design Skills (Innovation, UI/UX, Content)",Lack of Consistency or Determination (Difficulty sticking to a plan),Occasionally (When needed),Low Impact (Rarely affects study),Moderate Risk,2,1
STU0869,3/19/2026 1:02,Second Year (SY),BCom,20,Female,5.0 - 6.9,Neutral,Less than 1 hour,3,Rarely,1-2 hours,More than 6 hours,Social media,Sometimes,Always,Thinking about it,Somewhat clear,"Hard skills (programming, data analytics, technical skills)",3,3,3,Sometimes,6-7 hours,Digital Marketing Specialist,"Yes, currently enrolled in one or more courses/certifications","Not currently, but intend to in the future",Unknown,Never participate in such events,Sometimes,Less than 50%,"Technical/Hard Skills (Coding, Math, Logic)",Lack of Consistency or Determination (Difficulty sticking to a plan),Occasionally (When needed),No Impact (Fully supportive environment),High Risk,3,1
STU0870,3/17/2026 8:21,Second Year (SY),BCA,20,Male,7.0 - 8.4,Neutral,Less than 1 hour,2,Rarely,30-60 minutes,4-6 hours,Social media,Rarely,Sometimes,Planning to start soon,Somewhat clear,"Hard skills (programming, data analytics, technical skills)",2,4,2,Often,6-7 hours,Digital Marketing Specialist,"Yes, currently enrolled in one or more courses/certifications","Not currently, but intend to in the future","Basic knowledge, learning while practicing",Never participate in such events,Sometimes,76% - 85%,"Technical/Hard Skills (Coding, Math, Logic)",Difficulty with Focus / Concentration,Occasionally (When needed),High Impact (Frequent disruption),High Risk,3,1
STU0871,4/9/2026 22:38,First Year (FY),BSc Computer Science,18,Male,5.0 - 6.9,Neutral,More than 2 hours,Unknown,Rarely,30-60 minutes,4-6 hours,Gaming,Rarely,Sometimes,Thinking about it,Somewhat clear,"Hard skills (programming, data analytics, technical skills)",3,4,1,Sometimes,More than 8 hours,Data Analyst,"Not currently, but intend to in the future","Not currently, but intend to in the future","Basic knowledge, learning while practicing",Occasionally participate in events,Often,50% - 65%,"Creative/Design Skills (Innovation, UI/UX, Content)",Procrastination / Low Motivation,Rarely (Passive),Moderate Impact (Occasional disruption),High Risk,3,3
STU0872,3/23/2026 7:19,Third Year (TY),BCA,21,Male,7.0 - 8.4,Neutral,Less than 1 hour,5,Rarely,30-60 minutes,More than 6 hours,Social media,Sometimes,Sometimes,Actively preparing for a goal (placements/exams),Very clear,Both hard and soft skills,2,4,2,Often,Unknown,Automation Engineer,"No, not interested",Planning to start a project/internship soon,"Basic knowledge, learning while practicing",Unknown,Always,66% - 75%,"Technical/Hard Skills (Coding, Math, Logic)",Poor Time Management / Over-scheduling,Never (Unaware or Not interested),No Impact (Fully supportive environment),High Risk,3,1
STU0873,4/12/2026 13:12,Third Year (TY),BCA,21,Female,7.0 - 8.4,Neutral,1-2 hours,2,Rarely,1-2 hours,More than 6 hours,Gaming,Rarely,Always,Planning to start soon,Very clear,"Hard skills (programming, data analytics, technical skills)",2,5,3,Often,6-7 hours,AI / ML,"Yes, currently enrolled in one or more courses/certifications",Planning to start a project/internship soon,"Limited knowledge, theoretical only","Rarely participate, mostly observe",Sometimes,66% - 75%,"Technical/Hard Skills (Coding, Math, Logic)",Poor Time Management / Over-scheduling,Rarely (Passive),High Impact (Frequent disruption),High Risk,3,2
STU0874,3/24/2026 14:31,Second Year (SY),BCA,20,Female,5.0 - 6.9,Neutral,More than 2 hours,3,Few times a week,30-60 minutes,More than 6 hours,Social media,Rarely,Rarely,Thinking about it,Very clear,Both hard and soft skills,5,2,1,Sometimes,Unknown,Cyber Security Analyst,Planning to enroll soon,"Yes, actively working on projects/internship","Basic knowledge, learning while practicing",Occasionally participate in events,Sometimes,50% - 65%,"Technical/Hard Skills (Coding, Math, Logic)",Difficulty with Focus / Concentration,Occasionally (When needed),High Impact (Frequent disruption),High Risk,3,3
STU0875,4/9/2026 20:36,Third Year (TY),BBA,20,Other,7.0 - 8.4,Neutral,More than 2 hours,3,Rarely,Unknown,Unknown,Social media,Rarely,Rarely,Thinking about it,Very clear,"Hard skills (programming, data analytics, technical skills)",1,4,3,Sometimes,4-5 hours,AI / ML,Planning to enroll soon,Planning to start a project/internship soon,"Basic knowledge, learning while practicing","Rarely participate, mostly observe",Sometimes,50% - 65%,"Management/Execution (Planning, Organizing, Discipline)",Procrastination / Low Motivation,Occasionally (When needed),High Impact (Frequent disruption),High Risk,3,3
STU0876,4/3/2026 17:06,First Year (FY),BBA,17,Female,7.0 - 8.4,Neutral,Less than 1 hour,1,Never,1-2 hours,More than 6 hours,Gaming,Rarely,Sometimes,Planning to start soon,Very clear,"Soft skills (communication, teamwork, leadership, financial literacy)",3,4,1,Sometimes,6-7 hours,Automation Engineer,"No, not interested",Planning to start a project/internship soon,Strong foundation in core concepts,Occasionally participate in events,Sometimes,66% - 75%,"Soft Skills (Communication, Leadership, Teamwork)",Lack of Consistency or Determination (Difficulty sticking to a plan),Never (Unaware or Not interested),Moderate Impact (Occasional disruption),High Risk,3,1
STU0877,3/30/2026 14:12,Second Year (PG),BCA,24,Female,9.5 - 10.0,Satisfied,More than 2 hours,3,Rarely,1-2 hours,4-6 hours,Gaming,Mostly consistent,Sometimes,Thinking about it,Very clear,"Soft skills (communication, teamwork, leadership, financial literacy)",3,2,1,Often,6-7 hours,AI / ML,Planning to enroll soon,"Not currently, but intend to in the future","Limited knowledge, theoretical only",Occasionally participate in events,Often,Above 85%,"Creative/Design Skills (Innovation, UI/UX, Content)",Poor Time Management / Over-scheduling,Rarely (Passive),Low Impact (Rarely affects study),Low Risk,1,3
STU0878,3/21/2026 11:36,Third Year (TY),BSc Computer Science,22,Male,5.0 - 6.9,Very unsatisfied,Less than 1 hour,2,Few times a week,30-60 minutes,4-6 hours,Gaming,Sometimes,Sometimes,Actively preparing for a goal (placements/exams),Somewhat clear,Both hard and soft skills,2,5,1,Often,4-5 hours,Data Analyst,"Yes, currently enrolled in one or more courses/certifications",Planning to start a project/internship soon,"Limited knowledge, theoretical only",Occasionally participate in events,Always,50% - 65%,"Technical/Hard Skills (Coding, Math, Logic)",Procrastination / Low Motivation,Occasionally (When needed),No Impact (Fully supportive environment),High Risk,3,1
STU0879,4/7/2026 17:22,Second Year (SY),BCA,19,Female,7.0 - 8.4,Satisfied,Less than 1 hour,1,Rarely,30-60 minutes,More than 6 hours,Video content (YouTube/OTT),Sometimes,Often,Thinking about it,Not clear,"Soft skills (communication, teamwork, leadership, financial literacy)",2,4,1,Always,6-7 hours,Data Analyst,"No, not interested","Not currently, but intend to in the future","Basic knowledge, learning while practicing","Rarely participate, mostly observe",Often,66% - 75%,"Soft Skills (Communication, Leadership, Teamwork)",Difficulty with Focus / Concentration,Occasionally (When needed),Low Impact (Rarely affects study),High Risk,3,1
STU0880,3/29/2026 20:45,Second Year (SY),BCA,19,Male,9.5 - 10.0,Satisfied,More than 2 hours,5,Daily,1-2 hours,2-4 hours,Social media,Mostly consistent,Often,Planning to start soon,Very clear,Both hard and soft skills,1,5,2,Always,4-5 hours,Cyber Security Analyst,"No, not interested","Not currently, but intend to in the future","Basic knowledge, learning while practicing","Rarely participate, mostly observe",Sometimes,76% - 85%,"Creative/Design Skills (Innovation, UI/UX, Content)",Poor Time Management / Over-scheduling,Rarely (Passive),Low Impact (Rarely affects study),Moderate Risk,2,3
STU0881,3/30/2026 17:23,Second Year (SY),BSc Cyber Security,20,Female,7.0 - 8.4,Very satisfied,Less than 1 hour,4,Few times a week,1-2 hours,4-6 hours,Video content (YouTube/OTT),Sometimes,Sometimes,Planning to start soon,Very clear,Both hard and soft skills,4,3,2,Never,6-7 hours,Software Developer,"No, not interested","Not currently, but intend to in the future","Limited knowledge, theoretical only",Occasionally participate in events,Rarely,50% - 65%,"Management/Execution (Planning, Organizing, Discipline)",Lack of Consistency or Determination (Difficulty sticking to a plan),Occasionally (When needed),High Impact (Frequent disruption),High Risk,3,1
STU0882,3/29/2026 13:57,First Year (FY),BCA,18,Female,7.0 - 8.4,Unsatisfied,Less than 1 hour,1,Never,1-2 hours,More than 6 hours,Video content (YouTube/OTT),Sometimes,Sometimes,Actively preparing for a goal (placements/exams),Somewhat clear,Both hard and soft skills,3,4,3,Sometimes,4-5 hours,Cyber Security Analyst,Planning to enroll soon,Planning to start a project/internship soon,"Basic knowledge, learning while practicing",Occasionally participate in events,Often,76% - 85%,"Soft Skills (Communication, Leadership, Teamwork)",Lack of Consistency or Determination (Difficulty sticking to a plan),Occasionally (When needed),Moderate Impact (Occasional disruption),High Risk,3,1
STU0883,4/2/2026 18:09,First Year (PG),BCA,23,Female,7.0 - 8.4,Unsatisfied,1-2 hours,4,Unknown,1-2 hours,4-6 hours,Video content (YouTube/OTT),Sometimes,Always,Actively preparing for a goal (placements/exams),Somewhat clear,Both hard and soft skills,3,5,2,Always,4-5 hours,Digital Marketing Specialist,"Not currently, but intend to in the future",Planning to start a project/internship soon,"Basic knowledge, learning while practicing",Never participate in such events,Sometimes,66% - 75%,"Technical/Hard Skills (Coding, Math, Logic)",Procrastination / Low Motivation,Never (Unaware or Not interested),Low Impact (Rarely affects study),High Risk,3,2
STU0884,4/14/2026 22:27,Third Year (TY),BCA,20,Male,9.5 - 10.0,Very satisfied,1-2 hours,2,Rarely,1-2 hours,More than 6 hours,Social media,Sometimes,Often,Planning to start soon,Somewhat clear,"Soft skills (communication, teamwork, leadership, financial literacy)",2,4,2,Sometimes,6-7 hours,Cyber Security Analyst,"No, not interested","Not currently, but intend to in the future","Limited knowledge, theoretical only",Occasionally participate in events,Rarely,Above 85%,"Technical/Hard Skills (Coding, Math, Logic)",Procrastination / Low Motivation,Rarely (Passive),Low Impact (Rarely affects study),Moderate Risk,2,2
STU0885,3/20/2026 17:40,Final Year,BSc IT,22,Female,7.0 - 8.4,Neutral,Less than 1 hour,3,Never,1-2 hours,More than 6 hours,Social media,Rarely,Rarely,Planning to start soon,Somewhat clear,Both hard and soft skills,3,4,1,Sometimes,6-7 hours,Software Developer,"Not currently, but intend to in the future","Yes, actively working on projects/internship","Basic knowledge, learning while practicing",Occasionally participate in events,Sometimes,50% - 65%,"Creative/Design Skills (Innovation, UI/UX, Content)",Lack of Consistency or Determination (Difficulty sticking to a plan),Occasionally (When needed),Moderate Impact (Occasional disruption),High Risk,3,1
STU0886,3/22/2026 10:26,Third Year (TY),BSc Computer Science,20,Female,5.0 - 6.9,Satisfied,1-2 hours,2,Never,30-60 minutes,More than 6 hours,Social media,Mostly consistent,Often,Thinking about it,Somewhat clear,"Hard skills (programming, data analytics, technical skills)",3,3,2,Sometimes,6-7 hours,Other,"Not currently, but intend to in the future",Planning to start a project/internship soon,"Basic knowledge, learning while practicing",Occasionally participate in events,Often,66% - 75%,"Technical/Hard Skills (Coding, Math, Logic)",Lack of Consistency or Determination (Difficulty sticking to a plan),Occasionally (When needed),Low Impact (Rarely affects study),Moderate Risk,2,2
STU0887,4/4/2026 7:50,Second Year (SY),BCom,21,Female,7.0 - 8.4,Unsatisfied,1-2 hours,4,Few times a week,More than 2 hours,4-6 hours,Gaming,Rarely,Sometimes,Actively preparing for a goal (placements/exams),Somewhat clear,Both hard and soft skills,4,3,2,Often,Unknown,Data Analyst,"Yes, currently enrolled in one or more courses/certifications","Not currently, but intend to in the future","Basic knowledge, learning while practicing","Rarely participate, mostly observe",Sometimes,50% - 65%,"Creative/Design Skills (Innovation, UI/UX, Content)",Poor Time Management / Over-scheduling,Never (Unaware or Not interested),Low Impact (Rarely affects study),High Risk,3,2
STU0888,3/29/2026 13:31,First Year (PG),BBA,24,Female,8.5 - 9.4,Very satisfied,Less than 1 hour,3,Few times a week,1-2 hours,4-6 hours,Video content (YouTube/OTT),Sometimes,Sometimes,Planning to start soon,Very clear,"Hard skills (programming, data analytics, technical skills)",3,4,3,Always,6-7 hours,AI / ML,Planning to enroll soon,"Not currently, but intend to in the future",Unknown,Occasionally participate in events,Sometimes,76% - 85%,"Technical/Hard Skills (Coding, Math, Logic)",Procrastination / Low Motivation,Never (Unaware or Not interested),Moderate Impact (Occasional disruption),Moderate Risk,2,1
STU0889,3/23/2026 4:50,Second Year (SY),BSc Computer Science,20,Male,8.5 - 9.4,Neutral,1-2 hours,4,Rarely,1-2 hours,More than 6 hours,Video content (YouTube/OTT),Sometimes,Sometimes,Planning to start soon,Somewhat clear,Both hard and soft skills,3,3,2,Sometimes,6-7 hours,AI / ML,Planning to enroll soon,Planning to start a project/internship soon,"Limited knowledge, theoretical only",Never participate in such events,Sometimes,Above 85%,"Management/Execution (Planning, Organizing, Discipline)",Lack of Consistency or Determination (Difficulty sticking to a plan),Never (Unaware or Not interested),Moderate Impact (Occasional disruption),Moderate Risk,2,2
STU0890,4/9/2026 13:15,First Year (FY),BSc IT,18,Female,7.0 - 8.4,Neutral,Less than 1 hour,2,Rarely,Unknown,More than 6 hours,Social interactions,Sometimes,Rarely,Actively preparing for a goal (placements/exams),Somewhat clear,Both hard and soft skills,3,Unknown,2,Sometimes,6-7 hours,Software Developer,"Not currently, but intend to in the future",Planning to start a project/internship soon,"Limited knowledge, theoretical only",Occasionally participate in events,Often,Less than 50%,"Soft Skills (Communication, Leadership, Teamwork)",Difficulty with Focus / Concentration,Occasionally (When needed),Moderate Impact (Occasional disruption),High Risk,3,1
STU0891,3/20/2026 14:35,Second Year (PG),BCom,26,Female,7.0 - 8.4,Neutral,Less than 1 hour,2,Few times a week,30-60 minutes,More than 6 hours,Social media,Rarely,Rarely,Planning to start soon,Somewhat clear,Both hard and soft skills,4,3,2,Sometimes,6-7 hours,Cyber Security Analyst,"No, not interested","Yes, actively working on projects/internship","Basic knowledge, learning while practicing","Rarely participate, mostly observe",Often,Less than 50%,"Creative/Design Skills (Innovation, UI/UX, Content)",Poor Time Management / Over-scheduling,Rarely (Passive),Moderate Impact (Occasional disruption),High Risk,3,1
STU0892,4/10/2026 12:20,First Year (FY),BCA,19,Male,8.5 - 9.4,Satisfied,1-2 hours,3,Unknown,1-2 hours,2-4 hours,Social interactions,Mostly consistent,Often,Planning to start soon,Very clear,Both hard and soft skills,4,2,2,Sometimes,4-5 hours,Automation Engineer,"Not currently, but intend to in the future","Not currently, but intend to in the future",Strong foundation in core concepts,"Rarely participate, mostly observe",Often,76% - 85%,"Management/Execution (Planning, Organizing, Discipline)",Difficulty with Focus / Concentration,Never (Unaware or Not interested),No Impact (Fully supportive environment),Low Risk,1,2
STU0893,3/19/2026 16:45,Third Year (TY),BSc Cyber Security,21,Male,5.0 - 6.9,Satisfied,1-2 hours,3,Few times a week,1-2 hours,2-4 hours,Social media,Rarely,Often,Actively preparing for a goal (placements/exams),Very clear,"Soft skills (communication, teamwork, leadership, financial literacy)",2,4,3,Sometimes,4-5 hours,AI / ML,"Not currently, but intend to in the future","Not currently, but intend to in the future","Basic knowledge, learning while practicing",Never participate in such events,Rarely,Above 85%,"Technical/Hard Skills (Coding, Math, Logic)",Procrastination / Low Motivation,Occasionally (When needed),Low Impact (Rarely affects study),High Risk,3,2
STU0894,3/28/2026 12:33,Third Year (TY),BCA,22,Female,7.0 - 8.4,Very satisfied,More than 2 hours,4,Never,1-2 hours,More than 6 hours,Social media,Sometimes,Sometimes,Thinking about it,Not clear,Both hard and soft skills,2,5,3,Often,6-7 hours,Software Developer,"Not currently, but intend to in the future",Planning to start a project/internship soon,"Basic knowledge, learning while practicing",Never participate in such events,Sometimes,66% - 75%,"Creative/Design Skills (Innovation, UI/UX, Content)",Difficulty with Focus / Concentration,Unknown,Moderate Impact (Occasional disruption),High Risk,3,3
STU0895,3/22/2026 8:44,Second Year (SY),BCA,20,Female,8.5 - 9.4,Satisfied,More than 2 hours,2,Rarely,30-60 minutes,4-6 hours,Video content (YouTube/OTT),Rarely,Rarely,Planning to start soon,Somewhat clear,Both hard and soft skills,3,3,1,Sometimes,More than 8 hours,Digital Marketing Specialist,Planning to enroll soon,"Yes, actively working on projects/internship",Unknown,Occasionally participate in events,Sometimes,76% - 85%,"Technical/Hard Skills (Coding, Math, Logic)",Lack of Consistency or Determination (Difficulty sticking to a plan),Rarely (Passive),High Impact (Frequent disruption),Moderate Risk,2,3
STU0896,3/28/2026 16:44,Third Year (TY),BCA,22,Male,8.5 - 9.4,Satisfied,Less than 1 hour,2,Few times a week,More than 2 hours,4-6 hours,Gaming,Mostly consistent,Often,Thinking about it,Somewhat clear,Both hard and soft skills,3,3,3,Always,6-7 hours,Data Analyst,"No, not interested","Yes, actively working on projects/internship","Basic knowledge, learning while practicing",Never participate in such events,Often,66% - 75%,"Soft Skills (Communication, Leadership, Teamwork)",Lack of Consistency or Determination (Difficulty sticking to a plan),Never (Unaware or Not interested),Unknown,Moderate Risk,2,1
STU0897,4/7/2026 13:40,First Year (PG),BCA,24,Female,8.5 - 9.4,Satisfied,Less than 1 hour,2,Rarely,30-60 minutes,4-6 hours,Social media,Rarely,Often,Planning to start soon,Not clear,Both hard and soft skills,1,3,3,Often,More than 8 hours,Software Developer,Planning to enroll soon,"Yes, actively working on projects/internship","Basic knowledge, learning while practicing",Occasionally participate in events,Always,Above 85%,"Management/Execution (Planning, Organizing, Discipline)",Lack of Consistency or Determination (Difficulty sticking to a plan),Never (Unaware or Not interested),Moderate Impact (Occasional disruption),Moderate Risk,2,1
STU0898,3/31/2026 17:42,Second Year (SY),BCA,20,Female,9.5 - 10.0,Neutral,More than 2 hours,4,Few times a week,More than 2 hours,2-4 hours,Other,Mostly consistent,Often,Actively preparing for a goal (placements/exams),Very clear,"Soft skills (communication, teamwork, leadership, financial literacy)",1,4,2,Always,6-7 hours,AI / ML,Planning to enroll soon,"Not currently, but intend to in the future",Strong foundation in core concepts,Never participate in such events,Often,66% - 75%,"Soft Skills (Communication, Leadership, Teamwork)",Procrastination / Low Motivation,Never (Unaware or Not interested),Low Impact (Rarely affects study),Moderate Risk,2,3
STU0899,3/16/2026 15:29,Second Year (SY),BCA,21,Male,8.5 - 9.4,Very satisfied,1-2 hours,1,Never,1-2 hours,4-6 hours,Social media,Mostly consistent,Often,Thinking about it,Not clear,"Hard skills (programming, data analytics, technical skills)",4,3,1,Often,6-7 hours,Data Analyst,Planning to enroll soon,"Not currently, but intend to in the future","Basic knowledge, learning while practicing",Occasionally participate in events,Always,66% - 75%,"Technical/Hard Skills (Coding, Math, Logic)",Poor Time Management / Over-scheduling,Rarely (Passive),High Impact (Frequent disruption),Moderate Risk,2,2
STU0900,4/3/2026 8:25,Second Year (SY),BCA,19,Male,7.0 - 8.4,Neutral,Less than 1 hour,1,Rarely,More than 2 hours,More than 6 hours,Other,Sometimes,Rarely,Planning to start soon,Somewhat clear,"Hard skills (programming, data analytics, technical skills)",1,4,1,Sometimes,6-7 hours,Data Analyst,Unknown,Planning to start a project/internship soon,Unknown,Occasionally participate in events,Often,Less than 50%,"Soft Skills (Communication, Leadership, Teamwork)",Poor Time Management / Over-scheduling,Unknown,Moderate Impact (Occasional disruption),High Risk,3,1
STU0901,3/24/2026 8:00,Third Year (TY),BCA,21,Male,5.0 - 6.9,Unsatisfied,Less than 1 hour,3,Rarely,30-60 minutes,More than 6 hours,Video content (YouTube/OTT),Rarely,Rarely,Planning to start soon,Somewhat clear,Both hard and soft skills,1,5,3,Never,4-5 hours,Automation Engineer,Planning to enroll soon,"Not currently, but intend to in the future",Strong foundation in core concepts,Unknown,Sometimes,Less than 50%,"Technical/Hard Skills (Coding, Math, Logic)",Procrastination / Low Motivation,Never (Unaware or Not interested),Low Impact (Rarely affects study),High Risk,3,1
STU0902,3/19/2026 12:19,Final Year,BCA,22,Male,5.0 - 6.9,Unsatisfied,Less than 1 hour,3,Never,1-2 hours,More than 6 hours,Video content (YouTube/OTT),Rarely,Sometimes,Actively preparing for a goal (placements/exams),Not clear,"Hard skills (programming, data analytics, technical skills)",4,2,2,Sometimes,6-7 hours,AI / ML,"Not currently, but intend to in the future","Not currently, but intend to in the future",Strong foundation in core concepts,Occasionally participate in events,Often,66% - 75%,"Technical/Hard Skills (Coding, Math, Logic)",Poor Time Management / Over-scheduling,Occasionally (When needed),Low Impact (Rarely affects study),High Risk,3,1
STU0903,4/11/2026 9:29,Second Year (SY),BCA,21,Male,8.5 - 9.4,Very satisfied,1-2 hours,4,Never,Unknown,More than 6 hours,Video content (YouTube/OTT),Sometimes,Sometimes,Thinking about it,Somewhat clear,"Soft skills (communication, teamwork, leadership, financial literacy)",3,4,3,Sometimes,4-5 hours,Other,"Not currently, but intend to in the future",Planning to start a project/internship soon,"Basic knowledge, learning while practicing","Rarely participate, mostly observe",Always,76% - 85%,"Creative/Design Skills (Innovation, UI/UX, Content)",Difficulty with Focus / Concentration,Occasionally (When needed),Low Impact (Rarely affects study),Moderate Risk,2,2
STU0904,4/2/2026 15:00,Second Year (SY),BCA,19,Male,9.5 - 10.0,Neutral,1-2 hours,4,Never,30-60 minutes,2-4 hours,Social media,Rarely,Often,Planning to start soon,Very clear,Both hard and soft skills,3,4,2,Always,More than 8 hours,AI / ML,"Yes, currently enrolled in one or more courses/certifications","Not currently, but intend to in the future","Limited knowledge, theoretical only",Occasionally participate in events,Often,50% - 65%,"Management/Execution (Planning, Organizing, Discipline)",Procrastination / Low Motivation,Occasionally (When needed),No Impact (Fully supportive environment),High Risk,3,2
STU0905,4/11/2026 11:02,First Year (FY),BSc IT,19,Female,7.0 - 8.4,Neutral,Less than 1 hour,2,Never,30-60 minutes,More than 6 hours,Social media,Mostly consistent,Often,Actively preparing for a goal (placements/exams),Very clear,Both hard and soft skills,3,3,2,Sometimes,6-7 hours,Other,Planning to enroll soon,Planning to start a project/internship soon,"Basic knowledge, learning while practicing",Never participate in such events,Sometimes,66% - 75%,"Soft Skills (Communication, Leadership, Teamwork)",Procrastination / Low Motivation,Rarely (Passive),Moderate Impact (Occasional disruption),Moderate Risk,2,1
STU0906,4/7/2026 6:23,Third Year (TY),BBA,22,Other,7.0 - 8.4,Neutral,Less than 1 hour,5,Never,1-2 hours,2-4 hours,Social media,Rarely,Often,Planning to start soon,Somewhat clear,"Hard skills (programming, data analytics, technical skills)",1,4,2,Always,More than 8 hours,Data Analyst,"Not currently, but intend to in the future",Planning to start a project/internship soon,Strong foundation in core concepts,Occasionally participate in events,Sometimes,50% - 65%,"Technical/Hard Skills (Coding, Math, Logic)",Procrastination / Low Motivation,Never (Unaware or Not interested),Low Impact (Rarely affects study),High Risk,3,1
STU0907,3/17/2026 20:27,Second Year (SY),BA,21,Female,5.0 - 6.9,Unsatisfied,Less than 1 hour,2,Rarely,30-60 minutes,More than 6 hours,Video content (YouTube/OTT),Rarely,Always,Actively preparing for a goal (placements/exams),Not clear,"Hard skills (programming, data analytics, technical skills)",3,3,1,Often,6-7 hours,Digital Marketing Specialist,"Yes, currently enrolled in one or more courses/certifications","Not currently, but intend to in the future","Limited knowledge, theoretical only","Rarely participate, mostly observe",Often,Less than 50%,"Soft Skills (Communication, Leadership, Teamwork)",Procrastination / Low Motivation,Occasionally (When needed),Low Impact (Rarely affects study),High Risk,3,1
STU0908,4/10/2026 8:40,Third Year (TY),BSc Computer Science,22,Male,5.0 - 6.9,Unsatisfied,Less than 1 hour,2,Rarely,1-2 hours,More than 6 hours,Video content (YouTube/OTT),Rarely,Often,Thinking about it,Somewhat clear,"Soft skills (communication, teamwork, leadership, financial literacy)",1,2,2,Always,6-7 hours,Digital Marketing Specialist,Planning to enroll soon,"Not currently, but intend to in the future","Limited knowledge, theoretical only","Rarely participate, mostly observe",Sometimes,50% - 65%,"Soft Skills (Communication, Leadership, Teamwork)",Procrastination / Low Motivation,Occasionally (When needed),Unknown,High Risk,3,1
STU0909,4/1/2026 8:59,First Year (PG),BCA,23,Male,8.5 - 9.4,Satisfied,1-2 hours,3,Few times a week,More than 2 hours,More than 6 hours,Video content (YouTube/OTT),Rarely,Often,Actively preparing for a goal (placements/exams),Somewhat clear,Both hard and soft skills,3,4,2,Sometimes,6-7 hours,Automation Engineer,"No, not interested","Not currently, but intend to in the future","Basic knowledge, learning while practicing","Rarely participate, mostly observe",Always,76% - 85%,"Management/Execution (Planning, Organizing, Discipline)",Lack of Consistency or Determination (Difficulty sticking to a plan),Rarely (Passive),Low Impact (Rarely affects study),High Risk,3,2
STU0910,3/18/2026 10:48,Third Year (TY),BCA,20,Female,8.5 - 9.4,Satisfied,More than 2 hours,4,Rarely,1-2 hours,More than 6 hours,Gaming,Sometimes,Sometimes,Thinking about it,Somewhat clear,"Hard skills (programming, data analytics, technical skills)",3,Unknown,2,Always,More than 8 hours,Data Analyst,"No, not interested","Not currently, but intend to in the future","Limited knowledge, theoretical only",Never participate in such events,Rarely,76% - 85%,"Technical/Hard Skills (Coding, Math, Logic)",Lack of Consistency or Determination (Difficulty sticking to a plan),Never (Unaware or Not interested),High Impact (Frequent disruption),Moderate Risk,2,3
STU0911,3/24/2026 7:25,Second Year (SY),BCA,19,Male,5.0 - 6.9,Neutral,More than 2 hours,3,Few times a week,1-2 hours,Unknown,Other,Sometimes,Rarely,Planning to start soon,Very clear,"Soft skills (communication, teamwork, leadership, financial literacy)",Unknown,3,3,Often,6-7 hours,Data Analyst,Planning to enroll soon,"Not currently, but intend to in the future","Basic knowledge, learning while practicing",Never participate in such events,Sometimes,76% - 85%,"Management/Execution (Planning, Organizing, Discipline)",Difficulty with Focus / Concentration,Occasionally (When needed),No Impact (Fully supportive environment),High Risk,3,3
STU0912,3/15/2026 16:25,First Year (FY),BCA,19,Male,7.0 - 8.4,Very satisfied,1-2 hours,4,Rarely,More than 2 hours,More than 6 hours,Video content (YouTube/OTT),Sometimes,Sometimes,Planning to start soon,Very clear,"Soft skills (communication, teamwork, leadership, financial literacy)",3,3,2,Sometimes,6-7 hours,Data Analyst,"No, not interested","Yes, actively working on projects/internship","Limited knowledge, theoretical only","Rarely participate, mostly observe",Sometimes,66% - 75%,"Management/Execution (Planning, Organizing, Discipline)",Procrastination / Low Motivation,Never (Unaware or Not interested),High Impact (Frequent disruption),Moderate Risk,2,2
STU0913,4/11/2026 14:30,Final Year,BSc Computer Science,22,Male,9.5 - 10.0,Satisfied,Less than 1 hour,2,Rarely,30-60 minutes,More than 6 hours,Gaming,Mostly consistent,Sometimes,Planning to start soon,Somewhat clear,"Hard skills (programming, data analytics, technical skills)",5,2,2,Sometimes,6-7 hours,AI / ML,"Not currently, but intend to in the future","Yes, actively working on projects/internship",Strong foundation in core concepts,Never participate in such events,Often,76% - 85%,"Technical/Hard Skills (Coding, Math, Logic)",Poor Time Management / Over-scheduling,Never (Unaware or Not interested),High Impact (Frequent disruption),Low Risk,1,1
STU0914,3/17/2026 9:05,Second Year (SY),BCA,19,Female,9.5 - 10.0,Satisfied,More than 2 hours,5,Rarely,More than 2 hours,4-6 hours,Social media,Sometimes,Sometimes,Actively preparing for a goal (placements/exams),Very clear,"Hard skills (programming, data analytics, technical skills)",3,3,3,Never,Unknown,Automation Engineer,"No, not interested",Planning to start a project/internship soon,"Limited knowledge, theoretical only",Never participate in such events,Often,76% - 85%,"Creative/Design Skills (Innovation, UI/UX, Content)",Procrastination / Low Motivation,Rarely (Passive),High Impact (Frequent disruption),Moderate Risk,2,3
STU0915,4/5/2026 9:00,First Year (PG),BSc Computer Science,23,Male,8.5 - 9.4,Satisfied,More than 2 hours,4,Daily,Unknown,More than 6 hours,Other,Sometimes,Often,Thinking about it,Very clear,Both hard and soft skills,5,1,2,Often,More than 8 hours,Digital Marketing Specialist,"Yes, currently enrolled in one or more courses/certifications","Yes, actively working on projects/internship","Limited knowledge, theoretical only",Occasionally participate in events,Always,Above 85%,"Creative/Design Skills (Innovation, UI/UX, Content)",Procrastination / Low Motivation,Occasionally (When needed),Moderate Impact (Occasional disruption),Low Risk,1,3
STU0916,3/30/2026 23:33,Second Year (SY),BCA,19,Male,8.5 - 9.4,Neutral,Less than 1 hour,2,Rarely,1-2 hours,More than 6 hours,Social interactions,Mostly consistent,Often,Actively preparing for a goal (placements/exams),Very clear,"Soft skills (communication, teamwork, leadership, financial literacy)",4,2,3,Never,6-7 hours,Software Developer,"Not currently, but intend to in the future","Not currently, but intend to in the future","Basic knowledge, learning while practicing",Unknown,Often,66% - 75%,"Technical/Hard Skills (Coding, Math, Logic)",Lack of Consistency or Determination (Difficulty sticking to a plan),Rarely (Passive),Moderate Impact (Occasional disruption),Low Risk,1,1
STU0917,3/20/2026 15:57,First Year (PG),BSc Computer Science,25,Male,8.5 - 9.4,Neutral,Less than 1 hour,1,Never,30-60 minutes,More than 6 hours,Video content (YouTube/OTT),Mostly consistent,Often,Actively preparing for a goal (placements/exams),Somewhat clear,"Hard skills (programming, data analytics, technical skills)",5,1,2,Never,6-7 hours,Cyber Security Analyst,"Not currently, but intend to in the future","Not currently, but intend to in the future","Limited knowledge, theoretical only","Rarely participate, mostly observe",Always,66% - 75%,"Creative/Design Skills (Innovation, UI/UX, Content)",Difficulty with Focus / Concentration,Never (Unaware or Not interested),High Impact (Frequent disruption),Low Risk,1,1
STU0918,3/15/2026 19:36,Second Year (SY),BSc Computer Science,20,Female,8.5 - 9.4,Satisfied,Less than 1 hour,2,Rarely,1-2 hours,More than 6 hours,Social media,Mostly consistent,Sometimes,Planning to start soon,Somewhat clear,Both hard and soft skills,3,4,1,Sometimes,6-7 hours,Cyber Security Analyst,Unknown,"Not currently, but intend to in the future","Limited knowledge, theoretical only",Occasionally participate in events,Often,Less than 50%,"Technical/Hard Skills (Coding, Math, Logic)",Difficulty with Focus / Concentration,Occasionally (When needed),Moderate Impact (Occasional disruption),Moderate Risk,2,1
STU0919,4/14/2026 11:56,Second Year (SY),BA,21,Male,7.0 - 8.4,Neutral,Less than 1 hour,1,Rarely,1-2 hours,More than 6 hours,Video content (YouTube/OTT),Sometimes,Sometimes,Planning to start soon,Not clear,"Soft skills (communication, teamwork, leadership, financial literacy)",1,2,1,Often,6-7 hours,Cyber Security Analyst,"Yes, currently enrolled in one or more courses/certifications","Yes, actively working on projects/internship","Basic knowledge, learning while practicing",Occasionally participate in events,Sometimes,Less than 50%,"Creative/Design Skills (Innovation, UI/UX, Content)",Difficulty with Focus / Concentration,Occasionally (When needed),No Impact (Fully supportive environment),Moderate Risk,2,1
STU0920,4/9/2026 9:04,Second Year (SY),BBA,21,Female,5.0 - 6.9,Unsatisfied,Less than 1 hour,1,Few times a week,30-60 minutes,More than 6 hours,Video content (YouTube/OTT),Sometimes,Always,Actively preparing for a goal (placements/exams),Very clear,"Soft skills (communication, teamwork, leadership, financial literacy)",3,5,2,Always,Unknown,AI / ML,Planning to enroll soon,"Yes, actively working on projects/internship","Basic knowledge, learning while practicing",Never participate in such events,Sometimes,Above 85%,"Soft Skills (Communication, Leadership, Teamwork)",Difficulty with Focus / Concentration,Never (Unaware or Not interested),No Impact (Fully supportive environment),High Risk,3,1
STU0921,3/24/2026 16:00,Second Year (SY),BCA,19,Male,9.5 - 10.0,Satisfied,1-2 hours,4,Never,More than 2 hours,4-6 hours,Social media,Sometimes,Rarely,Thinking about it,Somewhat clear,"Hard skills (programming, data analytics, technical skills)",3,4,2,Often,6-7 hours,AI / ML,"Not currently, but intend to in the future",Planning to start a project/internship soon,"Limited knowledge, theoretical only","Rarely participate, mostly observe",Often,Above 85%,"Creative/Design Skills (Innovation, UI/UX, Content)",Procrastination / Low Motivation,Occasionally (When needed),High Impact (Frequent disruption),Moderate Risk,2,2
STU0922,3/31/2026 11:54,Second Year (PG),BCA,24,Female,9.5 - 10.0,Neutral,Less than 1 hour,2,Few times a week,1-2 hours,4-6 hours,Gaming,Mostly consistent,Often,Actively preparing for a goal (placements/exams),Very clear,Both hard and soft skills,1,2,3,Often,4-5 hours,AI / ML,Planning to enroll soon,Planning to start a project/internship soon,"Limited knowledge, theoretical only",Never participate in such events,Always,Less than 50%,"Management/Execution (Planning, Organizing, Discipline)",Procrastination / Low Motivation,Rarely (Passive),No Impact (Fully supportive environment),Low Risk,1,1
STU0923,3/25/2026 7:55,First Year (FY),BCA,18,Female,5.0 - 6.9,Neutral,1-2 hours,Unknown,Never,30-60 minutes,More than 6 hours,Social media,Mostly consistent,Often,Planning to start soon,Not clear,Both hard and soft skills,4,2,1,Often,6-7 hours,Automation Engineer,"Yes, currently enrolled in one or more courses/certifications","Not currently, but intend to in the future","Limited knowledge, theoretical only",Occasionally participate in events,Often,50% - 65%,"Soft Skills (Communication, Leadership, Teamwork)",Lack of Consistency or Determination (Difficulty sticking to a plan),Occasionally (When needed),No Impact (Fully supportive environment),Moderate Risk,2,2
STU0924,3/22/2026 9:10,Second Year (PG),BSc IT,25,Male,7.0 - 8.4,Satisfied,1-2 hours,3,Daily,30-60 minutes,More than 6 hours,Video content (YouTube/OTT),Mostly consistent,Often,Planning to start soon,Somewhat clear,"Soft skills (communication, teamwork, leadership, financial literacy)",5,3,2,Often,More than 8 hours,AI / ML,"Yes, currently enrolled in one or more courses/certifications","Not currently, but intend to in the future","Basic knowledge, learning while practicing",Never participate in such events,Often,66% - 75%,"Creative/Design Skills (Innovation, UI/UX, Content)",Poor Time Management / Over-scheduling,Rarely (Passive),Low Impact (Rarely affects study),Moderate Risk,2,2
STU0925,3/24/2026 16:21,Second Year (SY),BCA,21,Female,5.0 - 6.9,Very unsatisfied,1-2 hours,5,Rarely,More than 2 hours,2-4 hours,Social media,Rarely,Sometimes,Thinking about it,Somewhat clear,"Soft skills (communication, teamwork, leadership, financial literacy)",4,2,2,Sometimes,6-7 hours,Software Developer,Planning to enroll soon,"Not currently, but intend to in the future","Limited knowledge, theoretical only",Never participate in such events,Rarely,76% - 85%,"Management/Execution (Planning, Organizing, Discipline)",Procrastination / Low Motivation,Rarely (Passive),High Impact (Frequent disruption),High Risk,3,2
STU0926,3/17/2026 13:21,First Year (FY),BSc Computer Science,19,Male,8.5 - 9.4,Very satisfied,Less than 1 hour,2,Rarely,More than 2 hours,4-6 hours,Social media,Sometimes,Often,Planning to start soon,Somewhat clear,Both hard and soft skills,3,3,3,Always,6-7 hours,Software Developer,Planning to enroll soon,Planning to start a project/internship soon,"Basic knowledge, learning while practicing",Never participate in such events,Often,Above 85%,"Technical/Hard Skills (Coding, Math, Logic)",Poor Time Management / Over-scheduling,Rarely (Passive),Low Impact (Rarely affects study),Moderate Risk,2,1
STU0927,3/24/2026 15:22,Second Year (PG),BA,24,Female,5.0 - 6.9,Very unsatisfied,1-2 hours,2,Never,30-60 minutes,2-4 hours,Video content (YouTube/OTT),Rarely,Rarely,Planning to start soon,Somewhat clear,"Hard skills (programming, data analytics, technical skills)",1,5,1,Often,4-5 hours,AI / ML,"Yes, currently enrolled in one or more courses/certifications",Planning to start a project/internship soon,"Basic knowledge, learning while practicing",Occasionally participate in events,Sometimes,50% - 65%,"Creative/Design Skills (Innovation, UI/UX, Content)",Procrastination / Low Motivation,Never (Unaware or Not interested),High Impact (Frequent disruption),High Risk,3,2
STU0928,4/1/2026 16:34,Second Year (SY),BSc Cyber Security,20,Male,5.0 - 6.9,Satisfied,More than 2 hours,2,Daily,30-60 minutes,More than 6 hours,Social interactions,Mostly consistent,Often,Actively preparing for a goal (placements/exams),Very clear,"Soft skills (communication, teamwork, leadership, financial literacy)",4,2,2,Never,6-7 hours,Digital Marketing Specialist,"Yes, currently enrolled in one or more courses/certifications",Planning to start a project/internship soon,"Basic knowledge, learning while practicing",Never participate in such events,Sometimes,76% - 85%,"Creative/Design Skills (Innovation, UI/UX, Content)",Difficulty with Focus / Concentration,Occasionally (When needed),Low Impact (Rarely affects study),Moderate Risk,2,3
STU0929,3/30/2026 11:25,First Year (FY),BCA,19,Female,5.0 - 6.9,Unsatisfied,More than 2 hours,4,Daily,More than 2 hours,4-6 hours,Social interactions,Mostly consistent,Often,Planning to start soon,Somewhat clear,"Soft skills (communication, teamwork, leadership, financial literacy)",4,3,3,Never,6-7 hours,Digital Marketing Specialist,"Yes, currently enrolled in one or more courses/certifications","Yes, actively working on projects/internship",Unknown,"Rarely participate, mostly observe",Sometimes,50% - 65%,"Creative/Design Skills (Innovation, UI/UX, Content)",Poor Time Management / Over-scheduling,Occasionally (When needed),Low Impact (Rarely affects study),High Risk,3,3
STU0930,4/13/2026 14:29,First Year (PG),BSc Computer Science,24,Female,7.0 - 8.4,Neutral,1-2 hours,4,Few times a week,1-2 hours,More than 6 hours,Video content (YouTube/OTT),Mostly consistent,Rarely,Planning to start soon,Very clear,"Hard skills (programming, data analytics, technical skills)",4,2,3,Sometimes,6-7 hours,Digital Marketing Specialist,"Yes, currently enrolled in one or more courses/certifications","Yes, actively working on projects/internship","Basic knowledge, learning while practicing",Occasionally participate in events,Often,76% - 85%,"Soft Skills (Communication, Leadership, Teamwork)",Poor Time Management / Over-scheduling,Occasionally (When needed),Moderate Impact (Occasional disruption),Moderate Risk,2,2
STU0931,4/11/2026 10:02,First Year (PG),BSc IT,22,Female,5.0 - 6.9,Unsatisfied,1-2 hours,4,Rarely,1-2 hours,2-4 hours,Video content (YouTube/OTT),Rarely,Rarely,Thinking about it,Very clear,"Soft skills (communication, teamwork, leadership, financial literacy)",5,4,3,Often,More than 8 hours,Data Analyst,"Yes, currently enrolled in one or more courses/certifications","Not currently, but intend to in the future",Unknown,Occasionally participate in events,Often,66% - 75%,"Management/Execution (Planning, Organizing, Discipline)",Poor Time Management / Over-scheduling,Rarely (Passive),Moderate Impact (Occasional disruption),High Risk,3,2
STU0932,3/22/2026 11:27,Second Year (PG),BCA,24,Male,8.5 - 9.4,Satisfied,1-2 hours,2,Never,30-60 minutes,More than 6 hours,Gaming,Sometimes,Sometimes,Thinking about it,Very clear,"Soft skills (communication, teamwork, leadership, financial literacy)",3,4,Unknown,Never,More than 8 hours,AI / ML,"Not currently, but intend to in the future",Planning to start a project/internship soon,"Basic knowledge, learning while practicing",Never participate in such events,Sometimes,66% - 75%,"Management/Execution (Planning, Organizing, Discipline)",Difficulty with Focus / Concentration,Never (Unaware or Not interested),Low Impact (Rarely affects study),Moderate Risk,2,2
STU0933,4/14/2026 10:01,First Year (FY),BA,17,Female,9.5 - 10.0,Satisfied,More than 2 hours,3,Few times a week,More than 2 hours,4-6 hours,Social media,Sometimes,Often,Planning to start soon,Somewhat clear,Both hard and soft skills,2,4,3,Sometimes,6-7 hours,Digital Marketing Specialist,"Yes, currently enrolled in one or more courses/certifications",Planning to start a project/internship soon,"Basic knowledge, learning while practicing","Rarely participate, mostly observe",Sometimes,Above 85%,"Creative/Design Skills (Innovation, UI/UX, Content)",Lack of Consistency or Determination (Difficulty sticking to a plan),Rarely (Passive),No Impact (Fully supportive environment),Moderate Risk,2,3
STU0934,4/5/2026 9:15,First Year (PG),BSc Computer Science,24,Other,5.0 - 6.9,Neutral,Less than 1 hour,2,Never,30-60 minutes,More than 6 hours,Social media,Rarely,Often,Planning to start soon,Somewhat clear,"Soft skills (communication, teamwork, leadership, financial literacy)",4,4,2,Sometimes,More than 8 hours,Cyber Security Analyst,"Not currently, but intend to in the future",Planning to start a project/internship soon,"Limited knowledge, theoretical only",Occasionally participate in events,Often,76% - 85%,"Creative/Design Skills (Innovation, UI/UX, Content)",Difficulty with Focus / Concentration,Never (Unaware or Not interested),Unknown,High Risk,3,1
STU0935,3/23/2026 7:48,First Year (PG),BCA,23,Female,5.0 - 6.9,Very satisfied,Less than 1 hour,2,Never,30-60 minutes,More than 6 hours,Video content (YouTube/OTT),Mostly consistent,Always,Planning to start soon,Very clear,"Soft skills (communication, teamwork, leadership, financial literacy)",4,2,2,Sometimes,6-7 hours,AI / ML,"Yes, currently enrolled in one or more courses/certifications","Yes, actively working on projects/internship",Strong foundation in core concepts,Never participate in such events,Often,50% - 65%,"Technical/Hard Skills (Coding, Math, Logic)",Lack of Consistency or Determination (Difficulty sticking to a plan),Occasionally (When needed),High Impact (Frequent disruption),Moderate Risk,2,1
STU0936,3/20/2026 15:24,First Year (PG),BCA,25,Female,8.5 - 9.4,Neutral,More than 2 hours,4,Few times a week,More than 2 hours,More than 6 hours,Video content (YouTube/OTT),Rarely,Rarely,Actively preparing for a goal (placements/exams),Not clear,"Hard skills (programming, data analytics, technical skills)",3,3,1,Sometimes,6-7 hours,Automation Engineer,Unknown,"Yes, actively working on projects/internship","Basic knowledge, learning while practicing","Rarely participate, mostly observe",Often,Above 85%,"Creative/Design Skills (Innovation, UI/UX, Content)",Lack of Consistency or Determination (Difficulty sticking to a plan),Occasionally (When needed),No Impact (Fully supportive environment),Moderate Risk,2,3
STU0937,3/15/2026 14:51,First Year (PG),BCA,25,Female,8.5 - 9.4,Neutral,Less than 1 hour,1,Few times a week,Unknown,2-4 hours,Social interactions,Mostly consistent,Sometimes,Actively preparing for a goal (placements/exams),Not clear,"Hard skills (programming, data analytics, technical skills)",4,1,1,Sometimes,6-7 hours,Other,"Not currently, but intend to in the future",Planning to start a project/internship soon,"Basic knowledge, learning while practicing","Rarely participate, mostly observe",Often,Above 85%,"Technical/Hard Skills (Coding, Math, Logic)",Lack of Consistency or Determination (Difficulty sticking to a plan),Rarely (Passive),Low Impact (Rarely affects study),Low Risk,1,1
STU0938,4/4/2026 10:37,Third Year (TY),BA,22,Female,8.5 - 9.4,Very satisfied,Less than 1 hour,2,Few times a week,1-2 hours,4-6 hours,Social media,Sometimes,Always,Planning to start soon,Somewhat clear,"Soft skills (communication, teamwork, leadership, financial literacy)",2,5,3,Often,4-5 hours,Data Analyst,"Not currently, but intend to in the future","Not currently, but intend to in the future","Basic knowledge, learning while practicing",Never participate in such events,Often,76% - 85%,"Soft Skills (Communication, Leadership, Teamwork)",Poor Time Management / Over-scheduling,Rarely (Passive),No Impact (Fully supportive environment),High Risk,3,1
STU0939,3/19/2026 8:28,First Year (FY),BSc IT,18,Male,7.0 - 8.4,Unsatisfied,Less than 1 hour,3,Rarely,1-2 hours,4-6 hours,Other,Sometimes,Rarely,Actively preparing for a goal (placements/exams),Very clear,"Hard skills (programming, data analytics, technical skills)",2,4,3,Often,4-5 hours,Automation Engineer,Planning to enroll soon,"Yes, actively working on projects/internship","Limited knowledge, theoretical only","Rarely participate, mostly observe",Sometimes,Above 85%,"Technical/Hard Skills (Coding, Math, Logic)",Procrastination / Low Motivation,Occasionally (When needed),Moderate Impact (Occasional disruption),Moderate Risk,2,1
STU0940,3/20/2026 15:47,Third Year (TY),BCA,21,Male,7.0 - 8.4,Neutral,1-2 hours,2,Few times a week,1-2 hours,4-6 hours,Gaming,Mostly consistent,Rarely,Thinking about it,Somewhat clear,Both hard and soft skills,5,3,3,Sometimes,6-7 hours,Digital Marketing Specialist,Planning to enroll soon,Planning to start a project/internship soon,Strong foundation in core concepts,Occasionally participate in events,Always,66% - 75%,"Management/Execution (Planning, Organizing, Discipline)",Difficulty with Focus / Concentration,Never (Unaware or Not interested),No Impact (Fully supportive environment),Moderate Risk,2,2
STU0941,3/26/2026 12:48,Final Year,BSc Cyber Security,23,Male,7.0 - 8.4,Neutral,Less than 1 hour,2,Few times a week,30-60 minutes,More than 6 hours,Other,Rarely,Sometimes,Actively preparing for a goal (placements/exams),Very clear,Both hard and soft skills,1,4,2,Sometimes,6-7 hours,AI / ML,"No, not interested","Not currently, but intend to in the future","Basic knowledge, learning while practicing",Never participate in such events,Often,Above 85%,"Management/Execution (Planning, Organizing, Discipline)",Difficulty with Focus / Concentration,Never (Unaware or Not interested),Moderate Impact (Occasional disruption),High Risk,3,1
STU0942,3/19/2026 17:54,Final Year,BCA,21,Male,7.0 - 8.4,Unsatisfied,1-2 hours,3,Rarely,More than 2 hours,4-6 hours,Social media,Sometimes,Always,Actively preparing for a goal (placements/exams),Somewhat clear,"Hard skills (programming, data analytics, technical skills)",4,3,3,Never,6-7 hours,Software Developer,Planning to enroll soon,"Yes, actively working on projects/internship","Limited knowledge, theoretical only",Never participate in such events,Often,66% - 75%,"Technical/Hard Skills (Coding, Math, Logic)",Procrastination / Low Motivation,Occasionally (When needed),Unknown,Moderate Risk,2,2
STU0943,3/31/2026 8:29,First Year (PG),BCA,25,Male,7.0 - 8.4,Neutral,Less than 1 hour,4,Rarely,More than 2 hours,More than 6 hours,Social media,Sometimes,Sometimes,Actively preparing for a goal (placements/exams),Very clear,"Hard skills (programming, data analytics, technical skills)",2,5,1,Always,4-5 hours,Cyber Security Analyst,"Not currently, but intend to in the future","Yes, actively working on projects/internship","Basic knowledge, learning while practicing","Rarely participate, mostly observe",Rarely,Less than 50%,"Technical/Hard Skills (Coding, Math, Logic)",Poor Time Management / Over-scheduling,Occasionally (When needed),Low Impact (Rarely affects study),High Risk,3,1
STU0944,3/20/2026 10:26,Second Year (SY),BCA,21,Male,8.5 - 9.4,Very satisfied,More than 2 hours,2,Daily,1-2 hours,More than 6 hours,Social interactions,Sometimes,Rarely,Planning to start soon,Somewhat clear,"Soft skills (communication, teamwork, leadership, financial literacy)",1,4,1,Often,6-7 hours,Other,"Not currently, but intend to in the future",Planning to start a project/internship soon,"Basic knowledge, learning while practicing",Unknown,Rarely,Above 85%,"Soft Skills (Communication, Leadership, Teamwork)",Difficulty with Focus / Concentration,Never (Unaware or Not interested),High Impact (Frequent disruption),Moderate Risk,2,3
STU0945,3/28/2026 14:13,First Year (FY),BSc IT,19,Male,7.0 - 8.4,Satisfied,1-2 hours,3,Never,More than 2 hours,4-6 hours,Social media,Sometimes,Often,Actively preparing for a goal (placements/exams),Very clear,"Hard skills (programming, data analytics, technical skills)",5,2,3,Sometimes,More than 8 hours,Automation Engineer,"No, not interested","Yes, actively working on projects/internship","Limited knowledge, theoretical only",Occasionally participate in events,Sometimes,76% - 85%,"Technical/Hard Skills (Coding, Math, Logic)",Difficulty with Focus / Concentration,Never (Unaware or Not interested),High Impact (Frequent disruption),Moderate Risk,2,2
STU0946,4/12/2026 13:23,Second Year (SY),BCA,19,Female,8.5 - 9.4,Very satisfied,1-2 hours,1,Never,1-2 hours,4-6 hours,Social media,Mostly consistent,Often,Actively preparing for a goal (placements/exams),Somewhat clear,Both hard and soft skills,3,3,1,Often,6-7 hours,Cyber Security Analyst,Planning to enroll soon,"Not currently, but intend to in the future",Strong foundation in core concepts,Occasionally participate in events,Sometimes,Above 85%,"Technical/Hard Skills (Coding, Math, Logic)",Procrastination / Low Motivation,Occasionally (When needed),Moderate Impact (Occasional disruption),Low Risk,1,2
STU0947,4/10/2026 13:22,Third Year (TY),BA,22,Female,9.5 - 10.0,Satisfied,Less than 1 hour,5,Never,More than 2 hours,2-4 hours,Video content (YouTube/OTT),Mostly consistent,Often,Thinking about it,Somewhat clear,"Soft skills (communication, teamwork, leadership, financial literacy)",4,2,2,Sometimes,6-7 hours,Digital Marketing Specialist,Unknown,"Not currently, but intend to in the future",Strong foundation in core concepts,Occasionally participate in events,Sometimes,Above 85%,"Technical/Hard Skills (Coding, Math, Logic)",Procrastination / Low Motivation,Rarely (Passive),Low Impact (Rarely affects study),Low Risk,1,1
STU0948,3/21/2026 8:32,Second Year (PG),BCA,25,Female,5.0 - 6.9,Unsatisfied,1-2 hours,Unknown,Few times a week,1-2 hours,4-6 hours,Video content (YouTube/OTT),Sometimes,Often,Actively preparing for a goal (placements/exams),Not clear,"Hard skills (programming, data analytics, technical skills)",5,2,2,Never,6-7 hours,Automation Engineer,"Not currently, but intend to in the future","Not currently, but intend to in the future",Strong foundation in core concepts,Occasionally participate in events,Sometimes,Above 85%,"Technical/Hard Skills (Coding, Math, Logic)",Poor Time Management / Over-scheduling,Rarely (Passive),Moderate Impact (Occasional disruption),Moderate Risk,2,2
STU0949,4/1/2026 9:49,Second Year (SY),BSc Computer Science,21,Male,8.5 - 9.4,Satisfied,1-2 hours,2,Few times a week,1-2 hours,More than 6 hours,Other,Mostly consistent,Always,Thinking about it,Very clear,"Soft skills (communication, teamwork, leadership, financial literacy)",5,2,2,Often,More than 8 hours,AI / ML,"Not currently, but intend to in the future","Yes, actively working on projects/internship",Strong foundation in core concepts,Occasionally participate in events,Often,50% - 65%,"Technical/Hard Skills (Coding, Math, Logic)",Difficulty with Focus / Concentration,Rarely (Passive),No Impact (Fully supportive environment),Moderate Risk,2,2
STU0950,3/27/2026 19:17,First Year (FY),BSc IT,17,Male,7.0 - 8.4,Satisfied,1-2 hours,3,Never,30-60 minutes,2-4 hours,Social media,Rarely,Rarely,Planning to start soon,Somewhat clear,"Soft skills (communication, teamwork, leadership, financial literacy)",3,3,2,Always,4-5 hours,Digital Marketing Specialist,Planning to enroll soon,Planning to start a project/internship soon,"Basic knowledge, learning while practicing",Never participate in such events,Often,66% - 75%,"Management/Execution (Planning, Organizing, Discipline)",Difficulty with Focus / Concentration,Unknown,No Impact (Fully supportive environment),High Risk,3,2
STU0951,3/16/2026 12:54,First Year (PG),BCom,24,Female,7.0 - 8.4,Neutral,1-2 hours,3,Rarely,1-2 hours,More than 6 hours,Video content (YouTube/OTT),Rarely,Rarely,Actively preparing for a goal (placements/exams),Very clear,"Soft skills (communication, teamwork, leadership, financial literacy)",5,4,2,Sometimes,6-7 hours,Software Developer,"Yes, currently enrolled in one or more courses/certifications","Not currently, but intend to in the future","Basic knowledge, learning while practicing","Rarely participate, mostly observe",Often,76% - 85%,"Soft Skills (Communication, Leadership, Teamwork)",Procrastination / Low Motivation,Rarely (Passive),Low Impact (Rarely affects study),High Risk,3,2
STU0952,4/2/2026 10:16,Second Year (PG),BCA,25,Female,7.0 - 8.4,Unsatisfied,1-2 hours,3,Daily,1-2 hours,More than 6 hours,Video content (YouTube/OTT),Sometimes,Sometimes,Actively preparing for a goal (placements/exams),Not clear,"Soft skills (communication, teamwork, leadership, financial literacy)",1,5,2,Often,6-7 hours,Digital Marketing Specialist,Planning to enroll soon,"Not currently, but intend to in the future","Limited knowledge, theoretical only",Unknown,Often,Less than 50%,"Technical/Hard Skills (Coding, Math, Logic)",Difficulty with Focus / Concentration,Occasionally (When needed),Moderate Impact (Occasional disruption),High Risk,3,2
STU0953,3/24/2026 10:32,Third Year (TY),BCA,21,Male,7.0 - 8.4,Satisfied,1-2 hours,3,Few times a week,More than 2 hours,More than 6 hours,Video content (YouTube/OTT),Rarely,Rarely,Actively preparing for a goal (placements/exams),Somewhat clear,"Soft skills (communication, teamwork, leadership, financial literacy)",1,5,1,Often,4-5 hours,AI / ML,"Not currently, but intend to in the future","Not currently, but intend to in the future","Basic knowledge, learning while practicing",Never participate in such events,Sometimes,66% - 75%,"Creative/Design Skills (Innovation, UI/UX, Content)",Lack of Consistency or Determination (Difficulty sticking to a plan),Occasionally (When needed),No Impact (Fully supportive environment),High Risk,3,2
STU0954,4/6/2026 9:06,First Year (FY),BCA,19,Male,7.0 - 8.4,Unsatisfied,Less than 1 hour,5,Few times a week,More than 2 hours,More than 6 hours,Video content (YouTube/OTT),Sometimes,Sometimes,Planning to start soon,Very clear,"Soft skills (communication, teamwork, leadership, financial literacy)",3,3,3,Sometimes,4-5 hours,Cyber Security Analyst,Planning to enroll soon,"Not currently, but intend to in the future","Basic knowledge, learning while practicing",Never participate in such events,Rarely,Less than 50%,"Technical/Hard Skills (Coding, Math, Logic)",Difficulty with Focus / Concentration,Rarely (Passive),No Impact (Fully supportive environment),High Risk,3,1
STU0955,3/19/2026 11:27,Second Year (SY),BCom,20,Male,7.0 - 8.4,Neutral,More than 2 hours,4,Unknown,30-60 minutes,More than 6 hours,Video content (YouTube/OTT),Mostly consistent,Often,Actively preparing for a goal (placements/exams),Somewhat clear,Both hard and soft skills,3,3,2,Often,6-7 hours,Digital Marketing Specialist,"Not currently, but intend to in the future","Yes, actively working on projects/internship",Strong foundation in core concepts,"Rarely participate, mostly observe",Sometimes,76% - 85%,"Technical/Hard Skills (Coding, Math, Logic)",Procrastination / Low Motivation,Rarely (Passive),Moderate Impact (Occasional disruption),Moderate Risk,2,3
STU0956,3/25/2026 8:10,Second Year (SY),BA,19,Male,5.0 - 6.9,Very unsatisfied,Less than 1 hour,3,Never,1-2 hours,4-6 hours,Other,Sometimes,Sometimes,Actively preparing for a goal (placements/exams),Very clear,"Hard skills (programming, data analytics, technical skills)",4,3,2,Sometimes,More than 8 hours,Data Analyst,"Not currently, but intend to in the future",Planning to start a project/internship soon,"Basic knowledge, learning while practicing","Rarely participate, mostly observe",Always,76% - 85%,"Soft Skills (Communication, Leadership, Teamwork)",Lack of Consistency or Determination (Difficulty sticking to a plan),Rarely (Passive),No Impact (Fully supportive environment),High Risk,3,1
STU0957,3/15/2026 12:03,First Year (FY),BSc IT,18,Female,7.0 - 8.4,Neutral,Less than 1 hour,2,Few times a week,1-2 hours,2-4 hours,Social interactions,Rarely,Always,Planning to start soon,Somewhat clear,"Hard skills (programming, data analytics, technical skills)",4,3,3,Sometimes,6-7 hours,Other,"No, not interested",Planning to start a project/internship soon,"Limited knowledge, theoretical only",Never participate in such events,Sometimes,76% - 85%,"Soft Skills (Communication, Leadership, Teamwork)",Poor Time Management / Over-scheduling,Occasionally (When needed),High Impact (Frequent disruption),High Risk,3,1
STU0958,4/3/2026 10:02,First Year (PG),BCA,22,Male,9.5 - 10.0,Neutral,More than 2 hours,3,Few times a week,1-2 hours,More than 6 hours,Social media,Sometimes,Always,Planning to start soon,Very clear,"Hard skills (programming, data analytics, technical skills)",4,3,2,Always,More than 8 hours,Cyber Security Analyst,"Not currently, but intend to in the future","Yes, actively working on projects/internship","Limited knowledge, theoretical only",Never participate in such events,Rarely,Above 85%,"Technical/Hard Skills (Coding, Math, Logic)",Lack of Consistency or Determination (Difficulty sticking to a plan),Never (Unaware or Not interested),Low Impact (Rarely affects study),Low Risk,1,3
STU0959,3/20/2026 7:16,Third Year (TY),BCA,22,Male,7.0 - 8.4,Neutral,Less than 1 hour,1,Never,1-2 hours,More than 6 hours,Social media,Sometimes,Often,Planning to start soon,Very clear,Both hard and soft skills,2,4,2,Often,4-5 hours,Other,"Not currently, but intend to in the future",Planning to start a project/internship soon,"Basic knowledge, learning while practicing",Occasionally participate in events,Sometimes,66% - 75%,"Creative/Design Skills (Innovation, UI/UX, Content)",Poor Time Management / Over-scheduling,Occasionally (When needed),Moderate Impact (Occasional disruption),High Risk,3,1
STU0960,3/27/2026 2:52,Second Year (SY),BSc IT,20,Male,8.5 - 9.4,Unsatisfied,1-2 hours,1,Rarely,30-60 minutes,More than 6 hours,Social interactions,Mostly consistent,Always,Actively preparing for a goal (placements/exams),Very clear,"Hard skills (programming, data analytics, technical skills)",4,2,3,Always,More than 8 hours,Digital Marketing Specialist,"No, not interested",Planning to start a project/internship soon,"Basic knowledge, learning while practicing",Occasionally participate in events,Often,76% - 85%,"Technical/Hard Skills (Coding, Math, Logic)",Poor Time Management / Over-scheduling,Occasionally (When needed),No Impact (Fully supportive environment),Low Risk,1,2
STU0961,4/7/2026 10:09,Second Year (SY),BCA,19,Male,7.0 - 8.4,Satisfied,Less than 1 hour,4,Never,More than 2 hours,2-4 hours,Gaming,Rarely,Always,Planning to start soon,Somewhat clear,Both hard and soft skills,4,2,1,Often,4-5 hours,Data Analyst,"Yes, currently enrolled in one or more courses/certifications","Not currently, but intend to in the future","Basic knowledge, learning while practicing","Rarely participate, mostly observe",Rarely,Above 85%,"Technical/Hard Skills (Coding, Math, Logic)",Poor Time Management / Over-scheduling,Rarely (Passive),Low Impact (Rarely affects study),Moderate Risk,2,1
STU0962,3/16/2026 7:41,First Year (FY),BCA,18,Male,8.5 - 9.4,Satisfied,1-2 hours,1,Few times a week,30-60 minutes,Unknown,Social media,Sometimes,Often,Planning to start soon,Somewhat clear,Both hard and soft skills,4,2,1,Never,More than 8 hours,Cyber Security Analyst,Planning to enroll soon,Planning to start a project/internship soon,"Basic knowledge, learning while practicing",Never participate in such events,Always,66% - 75%,"Management/Execution (Planning, Organizing, Discipline)",Lack of Consistency or Determination (Difficulty sticking to a plan),Never (Unaware or Not interested),Low Impact (Rarely affects study),Moderate Risk,2,2
STU0963,4/7/2026 16:20,Second Year (SY),BSc Computer Science,21,Female,8.5 - 9.4,Very satisfied,More than 2 hours,3,Rarely,1-2 hours,More than 6 hours,Other,Mostly consistent,Rarely,Thinking about it,Not clear,"Hard skills (programming, data analytics, technical skills)",3,Unknown,3,Often,6-7 hours,Software Developer,Planning to enroll soon,Planning to start a project/internship soon,"Basic knowledge, learning while practicing","Rarely participate, mostly observe",Often,76% - 85%,"Management/Execution (Planning, Organizing, Discipline)",Lack of Consistency or Determination (Difficulty sticking to a plan),Rarely (Passive),Low Impact (Rarely affects study),Low Risk,1,3
STU0964,3/31/2026 20:15,Final Year,BSc Computer Science,23,Female,5.0 - 6.9,Satisfied,Less than 1 hour,1,Rarely,30-60 minutes,More than 6 hours,Video content (YouTube/OTT),Sometimes,Rarely,Planning to start soon,Not clear,Both hard and soft skills,4,Unknown,2,Sometimes,More than 8 hours,Data Analyst,Planning to enroll soon,"Not currently, but intend to in the future","Basic knowledge, learning while practicing",Never participate in such events,Rarely,Less than 50%,"Creative/Design Skills (Innovation, UI/UX, Content)",Procrastination / Low Motivation,Occasionally (When needed),No Impact (Fully supportive environment),Moderate Risk,2,1
STU0965,3/21/2026 10:12,Second Year (SY),BSc IT,19,Female,9.5 - 10.0,Neutral,1-2 hours,3,Few times a week,30-60 minutes,4-6 hours,Video content (YouTube/OTT),Sometimes,Always,Planning to start soon,Somewhat clear,Both hard and soft skills,5,5,3,Never,6-7 hours,Data Analyst,"Not currently, but intend to in the future","Not currently, but intend to in the future","Basic knowledge, learning while practicing",Occasionally participate in events,Rarely,76% - 85%,"Management/Execution (Planning, Organizing, Discipline)",Procrastination / Low Motivation,Occasionally (When needed),Moderate Impact (Occasional disruption),Moderate Risk,2,2
STU0966,4/2/2026 17:46,First Year (PG),BSc Cyber Security,24,Male,7.0 - 8.4,Very unsatisfied,More than 2 hours,3,Few times a week,More than 2 hours,More than 6 hours,Social media,Sometimes,Always,Planning to start soon,Very clear,"Soft skills (communication, teamwork, leadership, financial literacy)",1,5,3,Never,4-5 hours,Other,Planning to enroll soon,"Not currently, but intend to in the future","Limited knowledge, theoretical only",Occasionally participate in events,Often,Above 85%,"Technical/Hard Skills (Coding, Math, Logic)",Lack of Consistency or Determination (Difficulty sticking to a plan),Occasionally (When needed),Low Impact (Rarely affects study),High Risk,3,3
STU0967,4/10/2026 10:20,First Year (PG),BCA,23,Male,8.5 - 9.4,Very satisfied,Less than 1 hour,1,Rarely,1-2 hours,More than 6 hours,Gaming,Sometimes,Often,Planning to start soon,Very clear,"Hard skills (programming, data analytics, technical skills)",3,1,1,Sometimes,6-7 hours,AI / ML,"Yes, currently enrolled in one or more courses/certifications",Planning to start a project/internship soon,"Basic knowledge, learning while practicing","Rarely participate, mostly observe",Rarely,76% - 85%,"Creative/Design Skills (Innovation, UI/UX, Content)",Poor Time Management / Over-scheduling,Occasionally (When needed),No Impact (Fully supportive environment),Low Risk,1,1
STU0968,3/16/2026 12:27,First Year (PG),BCA,22,Male,5.0 - 6.9,Very unsatisfied,1-2 hours,2,Never,1-2 hours,4-6 hours,Gaming,Sometimes,Sometimes,Thinking about it,Somewhat clear,Both hard and soft skills,4,3,3,Always,6-7 hours,Data Analyst,Planning to enroll soon,"Not currently, but intend to in the future","Limited knowledge, theoretical only","Rarely participate, mostly observe",Often,50% - 65%,"Technical/Hard Skills (Coding, Math, Logic)",Poor Time Management / Over-scheduling,Occasionally (When needed),Moderate Impact (Occasional disruption),High Risk,3,2
STU0969,4/1/2026 21:13,Third Year (TY),BA,22,Female,8.5 - 9.4,Satisfied,Less than 1 hour,2,Never,More than 2 hours,4-6 hours,Social media,Mostly consistent,Often,Thinking about it,Not clear,Both hard and soft skills,2,4,1,Sometimes,6-7 hours,Other,Unknown,"Yes, actively working on projects/internship",Strong foundation in core concepts,Never participate in such events,Often,76% - 85%,"Management/Execution (Planning, Organizing, Discipline)",Difficulty with Focus / Concentration,Rarely (Passive),Moderate Impact (Occasional disruption),Moderate Risk,2,1
STU0970,3/19/2026 10:06,Third Year (TY),BCA,22,Male,8.5 - 9.4,Very satisfied,1-2 hours,3,Few times a week,1-2 hours,More than 6 hours,Social media,Mostly consistent,Always,Actively preparing for a goal (placements/exams),Somewhat clear,"Soft skills (communication, teamwork, leadership, financial literacy)",3,3,2,Always,6-7 hours,Software Developer,"Yes, currently enrolled in one or more courses/certifications",Planning to start a project/internship soon,"Limited knowledge, theoretical only",Occasionally participate in events,Often,76% - 85%,"Technical/Hard Skills (Coding, Math, Logic)",Poor Time Management / Over-scheduling,Never (Unaware or Not interested),Low Impact (Rarely affects study),Moderate Risk,2,2
STU0971,3/19/2026 13:04,Second Year (SY),BCom,19,Female,5.0 - 6.9,Very unsatisfied,Less than 1 hour,1,Unknown,30-60 minutes,More than 6 hours,Video content (YouTube/OTT),Rarely,Sometimes,Planning to start soon,Somewhat clear,"Hard skills (programming, data analytics, technical skills)",4,4,1,Sometimes,4-5 hours,Software Developer,"No, not interested",Planning to start a project/internship soon,Strong foundation in core concepts,"Rarely participate, mostly observe",Always,Less than 50%,"Management/Execution (Planning, Organizing, Discipline)",Difficulty with Focus / Concentration,Never (Unaware or Not interested),Moderate Impact (Occasional disruption),High Risk,3,1
STU0972,3/30/2026 12:07,First Year (PG),BSc IT,24,Female,7.0 - 8.4,Unsatisfied,More than 2 hours,1,Few times a week,1-2 hours,More than 6 hours,Social interactions,Mostly consistent,Always,Actively preparing for a goal (placements/exams),Very clear,Both hard and soft skills,2,3,2,Always,Unknown,Cyber Security Analyst,"Yes, currently enrolled in one or more courses/certifications",Planning to start a project/internship soon,"Limited knowledge, theoretical only",Never participate in such events,Always,50% - 65%,"Soft Skills (Communication, Leadership, Teamwork)",Difficulty with Focus / Concentration,Occasionally (When needed),Moderate Impact (Occasional disruption),Moderate Risk,2,3
STU0973,3/25/2026 10:09,First Year (FY),BCA,17,Male,5.0 - 6.9,Neutral,Less than 1 hour,2,Never,1-2 hours,More than 6 hours,Gaming,Sometimes,Always,Planning to start soon,Not clear,"Hard skills (programming, data analytics, technical skills)",4,1,3,Never,6-7 hours,Software Developer,"No, not interested","Not currently, but intend to in the future","Limited knowledge, theoretical only",Occasionally participate in events,Often,50% - 65%,"Management/Execution (Planning, Organizing, Discipline)",Difficulty with Focus / Concentration,Occasionally (When needed),High Impact (Frequent disruption),Moderate Risk,2,1
STU0974,4/3/2026 1:12,First Year (FY),BCA,19,Female,8.5 - 9.4,Neutral,More than 2 hours,2,Few times a week,1-2 hours,More than 6 hours,Gaming,Rarely,Rarely,Thinking about it,Somewhat clear,"Hard skills (programming, data analytics, technical skills)",2,5,3,Often,6-7 hours,Cyber Security Analyst,"No, not interested",Planning to start a project/internship soon,Strong foundation in core concepts,Occasionally participate in events,Always,76% - 85%,"Technical/Hard Skills (Coding, Math, Logic)",Lack of Consistency or Determination (Difficulty sticking to a plan),Never (Unaware or Not interested),Low Impact (Rarely affects study),High Risk,3,3
STU0975,3/29/2026 21:02,First Year (FY),BSc Computer Science,17,Male,7.0 - 8.4,Unsatisfied,Less than 1 hour,Unknown,Rarely,30-60 minutes,More than 6 hours,Social media,Mostly consistent,Often,Planning to start soon,Somewhat clear,Both hard and soft skills,2,4,3,Sometimes,4-5 hours,Software Developer,"Yes, currently enrolled in one or more courses/certifications","Yes, actively working on projects/internship","Basic knowledge, learning while practicing",Occasionally participate in events,Often,Above 85%,"Technical/Hard Skills (Coding, Math, Logic)",Difficulty with Focus / Concentration,Occasionally (When needed),Low Impact (Rarely affects study),Moderate Risk,2,1
STU0976,4/2/2026 10:07,First Year (PG),BCA,23,Female,7.0 - 8.4,Neutral,Less than 1 hour,2,Never,30-60 minutes,4-6 hours,Social interactions,Rarely,Often,Planning to start soon,Very clear,"Soft skills (communication, teamwork, leadership, financial literacy)",5,2,2,Sometimes,6-7 hours,Data Analyst,"No, not interested","Not currently, but intend to in the future","Limited knowledge, theoretical only",Never participate in such events,Sometimes,Less than 50%,"Creative/Design Skills (Innovation, UI/UX, Content)",Difficulty with Focus / Concentration,Occasionally (When needed),Moderate Impact (Occasional disruption),High Risk,3,1
STU0977,4/5/2026 20:19,First Year (FY),BCom,17,Male,5.0 - 6.9,Unsatisfied,More than 2 hours,2,Rarely,30-60 minutes,More than 6 hours,Social media,Rarely,Often,Planning to start soon,Somewhat clear,Both hard and soft skills,5,2,3,Often,More than 8 hours,Data Analyst,"Not currently, but intend to in the future","Yes, actively working on projects/internship","Limited knowledge, theoretical only",Never participate in such events,Often,50% - 65%,"Soft Skills (Communication, Leadership, Teamwork)",Procrastination / Low Motivation,Unknown,Moderate Impact (Occasional disruption),High Risk,3,3
STU0978,4/6/2026 7:11,First Year (FY),BSc Computer Science,17,Male,8.5 - 9.4,Satisfied,1-2 hours,2,Rarely,More than 2 hours,More than 6 hours,Social media,Mostly consistent,Sometimes,Actively preparing for a goal (placements/exams),Somewhat clear,"Hard skills (programming, data analytics, technical skills)",2,5,3,Often,6-7 hours,AI / ML,"No, not interested",Planning to start a project/internship soon,"Basic knowledge, learning while practicing","Rarely participate, mostly observe",Often,76% - 85%,"Soft Skills (Communication, Leadership, Teamwork)",Difficulty with Focus / Concentration,Never (Unaware or Not interested),Low Impact (Rarely affects study),Moderate Risk,2,2
STU0979,3/24/2026 13:17,Second Year (SY),BSc IT,21,Male,5.0 - 6.9,Unsatisfied,Less than 1 hour,3,Daily,1-2 hours,4-6 hours,Social media,Mostly consistent,Often,Actively preparing for a goal (placements/exams),Very clear,"Soft skills (communication, teamwork, leadership, financial literacy)",3,3,3,Sometimes,More than 8 hours,Data Analyst,"Not currently, but intend to in the future","Not currently, but intend to in the future","Basic knowledge, learning while practicing",Never participate in such events,Often,76% - 85%,"Creative/Design Skills (Innovation, UI/UX, Content)",Difficulty with Focus / Concentration,Occasionally (When needed),Moderate Impact (Occasional disruption),Moderate Risk,2,1
STU0980,3/28/2026 19:56,First Year (FY),BCA,17,Male,7.0 - 8.4,Neutral,Less than 1 hour,3,Few times a week,More than 2 hours,4-6 hours,Video content (YouTube/OTT),Mostly consistent,Sometimes,Planning to start soon,Very clear,"Hard skills (programming, data analytics, technical skills)",4,1,3,Sometimes,More than 8 hours,AI / ML,"Not currently, but intend to in the future",Planning to start a project/internship soon,"Basic knowledge, learning while practicing",Occasionally participate in events,Always,66% - 75%,"Management/Execution (Planning, Organizing, Discipline)",Lack of Consistency or Determination (Difficulty sticking to a plan),Occasionally (When needed),No Impact (Fully supportive environment),Low Risk,1,1
STU0981,4/12/2026 19:35,Final Year,BCA,21,Female,5.0 - 6.9,Satisfied,1-2 hours,1,Daily,1-2 hours,More than 6 hours,Social media,Rarely,Sometimes,Planning to start soon,Not clear,Both hard and soft skills,5,4,Unknown,Often,6-7 hours,AI / ML,Planning to enroll soon,"Not currently, but intend to in the future","Limited knowledge, theoretical only",Occasionally participate in events,Often,Above 85%,"Technical/Hard Skills (Coding, Math, Logic)",Procrastination / Low Motivation,Never (Unaware or Not interested),Moderate Impact (Occasional disruption),High Risk,3,2
STU0982,3/15/2026 11:26,Second Year (SY),BCom,21,Female,7.0 - 8.4,Very satisfied,Less than 1 hour,1,Never,30-60 minutes,2-4 hours,Other,Rarely,Sometimes,Thinking about it,Somewhat clear,"Hard skills (programming, data analytics, technical skills)",4,5,2,Never,6-7 hours,AI / ML,"Not currently, but intend to in the future","Yes, actively working on projects/internship","Basic knowledge, learning while practicing",Never participate in such events,Often,76% - 85%,"Management/Execution (Planning, Organizing, Discipline)",Poor Time Management / Over-scheduling,Rarely (Passive),Low Impact (Rarely affects study),High Risk,3,1
STU0983,3/28/2026 23:37,Second Year (SY),BCA,21,Male,5.0 - 6.9,Unsatisfied,Less than 1 hour,3,Rarely,1-2 hours,4-6 hours,Gaming,Mostly consistent,Often,Planning to start soon,Somewhat clear,Both hard and soft skills,2,5,3,Always,6-7 hours,Data Analyst,"Not currently, but intend to in the future",Planning to start a project/internship soon,"Limited knowledge, theoretical only",Never participate in such events,Always,66% - 75%,"Management/Execution (Planning, Organizing, Discipline)",Procrastination / Low Motivation,Occasionally (When needed),Moderate Impact (Occasional disruption),High Risk,3,1
STU0984,4/2/2026 14:41,First Year (FY),BCA,17,Male,8.5 - 9.4,Neutral,More than 2 hours,3,Daily,1-2 hours,More than 6 hours,Video content (YouTube/OTT),Mostly consistent,Always,Planning to start soon,Somewhat clear,Both hard and soft skills,4,2,3,Sometimes,6-7 hours,Digital Marketing Specialist,"Not currently, but intend to in the future","Yes, actively working on projects/internship","Basic knowledge, learning while practicing",Occasionally participate in events,Rarely,66% - 75%,"Creative/Design Skills (Innovation, UI/UX, Content)",Lack of Consistency or Determination (Difficulty sticking to a plan),Unknown,Moderate Impact (Occasional disruption),Low Risk,1,3
STU0985,4/10/2026 15:07,Second Year (PG),BA,23,Male,7.0 - 8.4,Very satisfied,1-2 hours,3,Rarely,More than 2 hours,More than 6 hours,Other,Rarely,Rarely,Planning to start soon,Not clear,Both hard and soft skills,3,1,1,Always,4-5 hours,Other,Planning to enroll soon,"Not currently, but intend to in the future","Limited knowledge, theoretical only","Rarely participate, mostly observe",Often,50% - 65%,"Technical/Hard Skills (Coding, Math, Logic)",Poor Time Management / Over-scheduling,Occasionally (When needed),No Impact (Fully supportive environment),Moderate Risk,2,2
STU0986,3/21/2026 7:09,Final Year,BSc Computer Science,22,Male,9.5 - 10.0,Satisfied,More than 2 hours,5,Daily,1-2 hours,More than 6 hours,Gaming,Mostly consistent,Often,Planning to start soon,Somewhat clear,"Hard skills (programming, data analytics, technical skills)",4,1,2,Sometimes,6-7 hours,Software Developer,"Yes, currently enrolled in one or more courses/certifications","Yes, actively working on projects/internship","Limited knowledge, theoretical only",Never participate in such events,Rarely,76% - 85%,"Creative/Design Skills (Innovation, UI/UX, Content)",Procrastination / Low Motivation,Occasionally (When needed),Moderate Impact (Occasional disruption),Low Risk,1,3
STU0987,3/24/2026 21:33,Second Year (SY),BCA,19,Male,9.5 - 10.0,Very satisfied,1-2 hours,4,Daily,More than 2 hours,4-6 hours,Gaming,Sometimes,Sometimes,Actively preparing for a goal (placements/exams),Very clear,"Soft skills (communication, teamwork, leadership, financial literacy)",5,Unknown,3,Often,6-7 hours,Cyber Security Analyst,"Yes, currently enrolled in one or more courses/certifications","Yes, actively working on projects/internship","Basic knowledge, learning while practicing",Occasionally participate in events,Often,76% - 85%,"Soft Skills (Communication, Leadership, Teamwork)",Procrastination / Low Motivation,Occasionally (When needed),No Impact (Fully supportive environment),Moderate Risk,2,2
STU0988,4/10/2026 8:17,Second Year (PG),BCA,26,Male,5.0 - 6.9,Unsatisfied,1-2 hours,2,Few times a week,1-2 hours,4-6 hours,Gaming,Sometimes,Sometimes,Actively preparing for a goal (placements/exams),Not clear,"Soft skills (communication, teamwork, leadership, financial literacy)",3,5,1,Never,6-7 hours,Cyber Security Analyst,"Yes, currently enrolled in one or more courses/certifications","Yes, actively working on projects/internship","Basic knowledge, learning while practicing",Occasionally participate in events,Sometimes,50% - 65%,"Technical/Hard Skills (Coding, Math, Logic)",Poor Time Management / Over-scheduling,Occasionally (When needed),High Impact (Frequent disruption),High Risk,3,2
STU0989,3/31/2026 10:23,Third Year (TY),BSc Cyber Security,21,Male,8.5 - 9.4,Neutral,1-2 hours,5,Never,1-2 hours,More than 6 hours,Social media,Mostly consistent,Always,Actively preparing for a goal (placements/exams),Somewhat clear,Both hard and soft skills,2,Unknown,3,Often,6-7 hours,Digital Marketing Specialist,Planning to enroll soon,Planning to start a project/internship soon,Strong foundation in core concepts,"Rarely participate, mostly observe",Often,Above 85%,"Technical/Hard Skills (Coding, Math, Logic)",Lack of Consistency or Determination (Difficulty sticking to a plan),Occasionally (When needed),Low Impact (Rarely affects study),Moderate Risk,2,2
STU0990,4/11/2026 7:35,First Year (FY),BSc Computer Science,19,Male,9.5 - 10.0,Satisfied,1-2 hours,3,Rarely,More than 2 hours,More than 6 hours,Social media,Mostly consistent,Often,Planning to start soon,Very clear,"Soft skills (communication, teamwork, leadership, financial literacy)",3,Unknown,3,Sometimes,6-7 hours,Automation Engineer,Planning to enroll soon,"Not currently, but intend to in the future","Basic knowledge, learning while practicing",Occasionally participate in events,Always,Above 85%,"Soft Skills (Communication, Leadership, Teamwork)",Lack of Consistency or Determination (Difficulty sticking to a plan),Unknown,Low Impact (Rarely affects study),Low Risk,1,2
STU0991,4/7/2026 18:06,First Year (PG),BCA,24,Male,5.0 - 6.9,Neutral,1-2 hours,3,Rarely,1-2 hours,More than 6 hours,Social media,Sometimes,Always,Thinking about it,Very clear,Both hard and soft skills,2,4,3,Often,4-5 hours,AI / ML,"Not currently, but intend to in the future",Planning to start a project/internship soon,"Basic knowledge, learning while practicing","Rarely participate, mostly observe",Often,Less than 50%,"Technical/Hard Skills (Coding, Math, Logic)",Procrastination / Low Motivation,Occasionally (When needed),Low Impact (Rarely affects study),High Risk,3,2
STU0992,4/11/2026 13:02,Final Year,BSc Computer Science,22,Male,5.0 - 6.9,Very unsatisfied,Less than 1 hour,3,Few times a week,1-2 hours,4-6 hours,Social media,Rarely,Sometimes,Planning to start soon,Very clear,"Hard skills (programming, data analytics, technical skills)",4,1,1,Often,More than 8 hours,Automation Engineer,"Yes, currently enrolled in one or more courses/certifications","Yes, actively working on projects/internship","Limited knowledge, theoretical only",Occasionally participate in events,Rarely,76% - 85%,"Soft Skills (Communication, Leadership, Teamwork)",Poor Time Management / Over-scheduling,Rarely (Passive),Moderate Impact (Occasional disruption),Moderate Risk,2,1
STU0993,3/17/2026 13:47,Second Year (PG),BCA,23,Male,5.0 - 6.9,Unsatisfied,1-2 hours,1,Rarely,30-60 minutes,4-6 hours,Other,Sometimes,Rarely,Planning to start soon,Not clear,Both hard and soft skills,5,3,2,Often,6-7 hours,Automation Engineer,Planning to enroll soon,Planning to start a project/internship soon,"Limited knowledge, theoretical only","Rarely participate, mostly observe",Rarely,50% - 65%,"Technical/Hard Skills (Coding, Math, Logic)",Procrastination / Low Motivation,Never (Unaware or Not interested),Moderate Impact (Occasional disruption),High Risk,3,2
STU0994,3/21/2026 15:57,Third Year (TY),BSc Computer Science,20,Other,7.0 - 8.4,Neutral,Less than 1 hour,4,Few times a week,More than 2 hours,2-4 hours,Social media,Rarely,Sometimes,Planning to start soon,Somewhat clear,Both hard and soft skills,4,2,1,Often,6-7 hours,Digital Marketing Specialist,"Yes, currently enrolled in one or more courses/certifications","Not currently, but intend to in the future","Limited knowledge, theoretical only",Never participate in such events,Always,66% - 75%,"Management/Execution (Planning, Organizing, Discipline)",Lack of Consistency or Determination (Difficulty sticking to a plan),Never (Unaware or Not interested),High Impact (Frequent disruption),Moderate Risk,2,1
STU0995,4/13/2026 17:00,Second Year (SY),BCA,20,Female,8.5 - 9.4,Satisfied,1-2 hours,3,Rarely,30-60 minutes,4-6 hours,Video content (YouTube/OTT),Sometimes,Sometimes,Actively preparing for a goal (placements/exams),Very clear,"Hard skills (programming, data analytics, technical skills)",3,4,2,Often,4-5 hours,Software Developer,"No, not interested",Planning to start a project/internship soon,"Basic knowledge, learning while practicing",Occasionally participate in events,Sometimes,66% - 75%,"Soft Skills (Communication, Leadership, Teamwork)",Poor Time Management / Over-scheduling,Occasionally (When needed),High Impact (Frequent disruption),Moderate Risk,2,2
STU0996,4/7/2026 14:01,Third Year (TY),BBA,20,Female,9.5 - 10.0,Satisfied,1-2 hours,3,Rarely,30-60 minutes,More than 6 hours,Social media,Mostly consistent,Often,Planning to start soon,Very clear,Both hard and soft skills,5,1,3,Sometimes,6-7 hours,Software Developer,"Not currently, but intend to in the future","Not currently, but intend to in the future","Basic knowledge, learning while practicing",Never participate in such events,Often,Less than 50%,"Technical/Hard Skills (Coding, Math, Logic)",Difficulty with Focus / Concentration,Rarely (Passive),Low Impact (Rarely affects study),Low Risk,1,2
STU0997,3/19/2026 7:39,Third Year (TY),BBA,20,Female,8.5 - 9.4,Satisfied,More than 2 hours,5,Few times a week,1-2 hours,More than 6 hours,Other,Sometimes,Sometimes,Actively preparing for a goal (placements/exams),Somewhat clear,"Soft skills (communication, teamwork, leadership, financial literacy)",3,3,3,Often,6-7 hours,Other,"No, not interested","Not currently, but intend to in the future","Limited knowledge, theoretical only",Occasionally participate in events,Often,76% - 85%,"Soft Skills (Communication, Leadership, Teamwork)",Procrastination / Low Motivation,Unknown,Low Impact (Rarely affects study),Moderate Risk,2,3
STU0998,3/20/2026 13:34,Second Year (PG),BBA,26,Male,7.0 - 8.4,Very satisfied,Less than 1 hour,3,Few times a week,30-60 minutes,4-6 hours,Social media,Sometimes,Often,Planning to start soon,Very clear,Both hard and soft skills,2,1,3,Always,6-7 hours,Software Developer,"Yes, currently enrolled in one or more courses/certifications","Not currently, but intend to in the future","Basic knowledge, learning while practicing",Occasionally participate in events,Sometimes,66% - 75%,"Management/Execution (Planning, Organizing, Discipline)",Poor Time Management / Over-scheduling,Occasionally (When needed),Low Impact (Rarely affects study),Moderate Risk,2,1
STU0999,4/14/2026 9:57,First Year (FY),BCA,19,Female,7.0 - 8.4,Unsatisfied,1-2 hours,2,Rarely,1-2 hours,More than 6 hours,Social media,Mostly consistent,Sometimes,Actively preparing for a goal (placements/exams),Not clear,Both hard and soft skills,3,1,1,Often,6-7 hours,Software Developer,"Not currently, but intend to in the future",Planning to start a project/internship soon,"Basic knowledge, learning while practicing","Rarely participate, mostly observe",Often,Less than 50%,"Creative/Design Skills (Innovation, UI/UX, Content)",Difficulty with Focus / Concentration,Occasionally (When needed),No Impact (Fully supportive environment),Moderate Risk,2,2
STU1000,4/9/2026 15:46,First Year (FY),BCom,17,Male,5.0 - 6.9,Unsatisfied,1-2 hours,2,Rarely,30-60 minutes,More than 6 hours,Gaming,Sometimes,Sometimes,Planning to start soon,Very clear,Both hard and soft skills,3,2,2,Often,6-7 hours,Data Analyst,"No, not interested",Planning to start a project/internship soon,"Basic knowledge, learning while practicing",Occasionally participate in events,Sometimes,66% - 75%,"Technical/Hard Skills (Coding, Math, Logic)",Difficulty with Focus / Concentration,Never (Unaware or Not interested),Moderate Impact (Occasional disruption),Moderate Risk,2,2
STU1001,4/13/2026 12:25,Third Year (TY),BCA,22,Female,9.5 - 10.0,Neutral,Less than 1 hour,1,Never,1-2 hours,4-6 hours,Video content (YouTube/OTT),Mostly consistent,Rarely,Actively preparing for a goal (placements/exams),Somewhat clear,Both hard and soft skills,3,1,3,Often,6-7 hours,Data Analyst,"Yes, currently enrolled in one or more courses/certifications","Not currently, but intend to in the future","Basic knowledge, learning while practicing",Never participate in such events,Always,Above 85%,"Management/Execution (Planning, Organizing, Discipline)",Procrastination / Low Motivation,Occasionally (When needed),Low Impact (Rarely affects study),Low Risk,1,1
STU1002,3/31/2026 7:21,Second Year (PG),BCA,23,Female,8.5 - 9.4,Satisfied,Less than 1 hour,1,Never,1-2 hours,More than 6 hours,Video content (YouTube/OTT),Mostly consistent,Often,Thinking about it,Very clear,"Soft skills (communication, teamwork, leadership, financial literacy)",4,4,3,Never,6-7 hours,Cyber Security Analyst,"Yes, currently enrolled in one or more courses/certifications","Not currently, but intend to in the future","Basic knowledge, learning while practicing",Occasionally participate in events,Always,Above 85%,"Creative/Design Skills (Innovation, UI/UX, Content)",Procrastination / Low Motivation,Rarely (Passive),High Impact (Frequent disruption),Moderate Risk,2,1
STU1003,4/4/2026 13:46,First Year (FY),BCA,19,Female,7.0 - 8.4,Neutral,Less than 1 hour,2,Daily,30-60 minutes,More than 6 hours,Social media,Rarely,Often,Actively preparing for a goal (placements/exams),Somewhat clear,"Hard skills (programming, data analytics, technical skills)",5,2,Unknown,Sometimes,Unknown,Software Developer,Unknown,"Yes, actively working on projects/internship","Limited knowledge, theoretical only",Unknown,Sometimes,66% - 75%,"Soft Skills (Communication, Leadership, Teamwork)",Difficulty with Focus / Concentration,Rarely (Passive),Unknown,Moderate Risk,2,1
STU1004,3/20/2026 2:20,Third Year (TY),BCA,22,Female,8.5 - 9.4,Neutral,1-2 hours,1,Rarely,1-2 hours,More than 6 hours,Video content (YouTube/OTT),Sometimes,Rarely,Planning to start soon,Somewhat clear,"Soft skills (communication, teamwork, leadership, financial literacy)",3,3,1,Always,6-7 hours,Automation Engineer,Planning to enroll soon,"Yes, actively working on projects/internship","Basic knowledge, learning while practicing","Rarely participate, mostly observe",Sometimes,66% - 75%,"Soft Skills (Communication, Leadership, Teamwork)",Poor Time Management / Over-scheduling,Rarely (Passive),Moderate Impact (Occasional disruption),Moderate Risk,2,2
STU1005,3/25/2026 18:22,Second Year (SY),BSc Computer Science,20,Male,7.0 - 8.4,Neutral,Less than 1 hour,2,Few times a week,30-60 minutes,More than 6 hours,Other,Sometimes,Often,Actively preparing for a goal (placements/exams),Somewhat clear,"Hard skills (programming, data analytics, technical skills)",5,1,1,Sometimes,More than 8 hours,Software Developer,Planning to enroll soon,"Not currently, but intend to in the future",Strong foundation in core concepts,Never participate in such events,Often,50% - 65%,"Technical/Hard Skills (Coding, Math, Logic)",Poor Time Management / Over-scheduling,Occasionally (When needed),Low Impact (Rarely affects study),Moderate Risk,2,1
STU1006,3/20/2026 15:09,Second Year (SY),BSc IT,20,Male,5.0 - 6.9,Neutral,More than 2 hours,4,Rarely,1-2 hours,More than 6 hours,Social media,Rarely,Sometimes,Planning to start soon,Somewhat clear,"Hard skills (programming, data analytics, technical skills)",2,4,2,Often,6-7 hours,AI / ML,"Not currently, but intend to in the future",Planning to start a project/internship soon,"Basic knowledge, learning while practicing","Rarely participate, mostly observe",Often,Less than 50%,"Technical/Hard Skills (Coding, Math, Logic)",Procrastination / Low Motivation,Rarely (Passive),Moderate Impact (Occasional disruption),High Risk,3,3
STU1007,3/31/2026 16:46,Final Year,BCom,22,Male,7.0 - 8.4,Unsatisfied,Less than 1 hour,2,Never,More than 2 hours,More than 6 hours,Social media,Sometimes,Rarely,Actively preparing for a goal (placements/exams),Somewhat clear,Both hard and soft skills,4,4,2,Often,6-7 hours,AI / ML,"No, not interested","Not currently, but intend to in the future",Strong foundation in core concepts,"Rarely participate, mostly observe",Sometimes,66% - 75%,"Technical/Hard Skills (Coding, Math, Logic)",Poor Time Management / Over-scheduling,Rarely (Passive),Low Impact (Rarely affects study),High Risk,3,1
STU1008,4/1/2026 22:02,First Year (PG),BCom,22,Female,8.5 - 9.4,Neutral,Less than 1 hour,4,Few times a week,More than 2 hours,More than 6 hours,Video content (YouTube/OTT),Sometimes,Always,Planning to start soon,Somewhat clear,"Soft skills (communication, teamwork, leadership, financial literacy)",4,3,3,Sometimes,6-7 hours,Digital Marketing Specialist,Unknown,"Yes, actively working on projects/internship","Basic knowledge, learning while practicing",Occasionally participate in events,Always,76% - 85%,"Management/Execution (Planning, Organizing, Discipline)",Poor Time Management / Over-scheduling,Rarely (Passive),High Impact (Frequent disruption),Moderate Risk,2,1
STU1009,3/19/2026 8:11,Second Year (SY),BCA,19,Male,7.0 - 8.4,Very satisfied,Less than 1 hour,2,Few times a week,30-60 minutes,4-6 hours,Social media,Sometimes,Sometimes,Actively preparing for a goal (placements/exams),Very clear,"Hard skills (programming, data analytics, technical skills)",1,5,2,Never,4-5 hours,AI / ML,Planning to enroll soon,"Yes, actively working on projects/internship","Limited knowledge, theoretical only","Rarely participate, mostly observe",Often,66% - 75%,"Technical/Hard Skills (Coding, Math, Logic)",Poor Time Management / Over-scheduling,Rarely (Passive),Low Impact (Rarely affects study),High Risk,3,1
STU1010,4/14/2026 12:35,First Year (PG),BCA,25,Male,7.0 - 8.4,Neutral,Less than 1 hour,3,Never,30-60 minutes,More than 6 hours,Video content (YouTube/OTT),Mostly consistent,Often,Planning to start soon,Very clear,"Soft skills (communication, teamwork, leadership, financial literacy)",2,3,2,Always,4-5 hours,Digital Marketing Specialist,"No, not interested","Not currently, but intend to in the future","Basic knowledge, learning while practicing",Occasionally participate in events,Often,76% - 85%,"Soft Skills (Communication, Leadership, Teamwork)",Difficulty with Focus / Concentration,Occasionally (When needed),Moderate Impact (Occasional disruption),Moderate Risk,2,1
STU1011,3/31/2026 10:10,Second Year (SY),BCom,21,Male,9.5 - 10.0,Very satisfied,More than 2 hours,4,Few times a week,1-2 hours,More than 6 hours,Social interactions,Sometimes,Rarely,Planning to start soon,Somewhat clear,"Hard skills (programming, data analytics, technical skills)",Unknown,5,3,Always,6-7 hours,AI / ML,"Not currently, but intend to in the future",Planning to start a project/internship soon,"Basic knowledge, learning while practicing","Rarely participate, mostly observe",Always,Above 85%,"Technical/Hard Skills (Coding, Math, Logic)",Difficulty with Focus / Concentration,Occasionally (When needed),High Impact (Frequent disruption),Moderate Risk,2,3
STU1012,3/17/2026 22:16,Second Year (SY),BCA,20,Male,7.0 - 8.4,Satisfied,1-2 hours,2,Rarely,30-60 minutes,More than 6 hours,Video content (YouTube/OTT),Sometimes,Often,Planning to start soon,Not clear,"Hard skills (programming, data analytics, technical skills)",1,5,1,Sometimes,6-7 hours,Digital Marketing Specialist,"Not currently, but intend to in the future",Planning to start a project/internship soon,"Basic knowledge, learning while practicing",Occasionally participate in events,Sometimes,76% - 85%,"Technical/Hard Skills (Coding, Math, Logic)",Poor Time Management / Over-scheduling,Never (Unaware or Not interested),Moderate Impact (Occasional disruption),High Risk,3,2
STU1013,4/1/2026 11:21,Final Year,BSc Cyber Security,23,Male,9.5 - 10.0,Satisfied,More than 2 hours,5,Few times a week,More than 2 hours,More than 6 hours,Video content (YouTube/OTT),Mostly consistent,Rarely,Actively preparing for a goal (placements/exams),Very clear,Both hard and soft skills,1,4,3,Always,6-7 hours,Data Analyst,"Not currently, but intend to in the future","Not currently, but intend to in the future","Limited knowledge, theoretical only","Rarely participate, mostly observe",Rarely,Above 85%,"Creative/Design Skills (Innovation, UI/UX, Content)",Poor Time Management / Over-scheduling,Never (Unaware or Not interested),Moderate Impact (Occasional disruption),Low Risk,1,3
STU1014,4/8/2026 23:01,Final Year,BCA,21,Female,9.5 - 10.0,Neutral,1-2 hours,3,Rarely,30-60 minutes,More than 6 hours,Video content (YouTube/OTT),Sometimes,Always,Planning to start soon,Very clear,"Soft skills (communication, teamwork, leadership, financial literacy)",4,2,3,Often,4-5 hours,Cyber Security Analyst,"Not currently, but intend to in the future","Yes, actively working on projects/internship","Basic knowledge, learning while practicing","Rarely participate, mostly observe",Often,76% - 85%,"Technical/Hard Skills (Coding, Math, Logic)",Procrastination / Low Motivation,Rarely (Passive),Moderate Impact (Occasional disruption),Low Risk,1,2
STU1015,4/4/2026 8:43,Third Year (TY),BCA,20,Male,7.0 - 8.4,Unsatisfied,Less than 1 hour,2,Daily,30-60 minutes,More than 6 hours,Social media,Rarely,Sometimes,Actively preparing for a goal (placements/exams),Somewhat clear,Both hard and soft skills,3,4,1,Sometimes,6-7 hours,Data Analyst,"No, not interested",Planning to start a project/internship soon,"Limited knowledge, theoretical only",Occasionally participate in events,Sometimes,66% - 75%,"Creative/Design Skills (Innovation, UI/UX, Content)",Difficulty with Focus / Concentration,Occasionally (When needed),High Impact (Frequent disruption),High Risk,3,1
STU1016,3/18/2026 8:51,Final Year,BSc Computer Science,21,Female,9.5 - 10.0,Neutral,1-2 hours,2,Rarely,30-60 minutes,More than 6 hours,Social media,Mostly consistent,Always,Actively preparing for a goal (placements/exams),Very clear,Both hard and soft skills,4,2,3,Sometimes,6-7 hours,Cyber Security Analyst,Planning to enroll soon,"Not currently, but intend to in the future","Limited knowledge, theoretical only",Occasionally participate in events,Sometimes,66% - 75%,"Soft Skills (Communication, Leadership, Teamwork)",Difficulty with Focus / Concentration,Rarely (Passive),Moderate Impact (Occasional disruption),Low Risk,1,2
STU1017,3/22/2026 11:20,Second Year (PG),BCA,23,Female,8.5 - 9.4,Satisfied,1-2 hours,2,Never,1-2 hours,4-6 hours,Social media,Sometimes,Sometimes,Thinking about it,Not clear,Both hard and soft skills,5,1,1,Never,6-7 hours,Cyber Security Analyst,"Not currently, but intend to in the future",Planning to start a project/internship soon,"Limited knowledge, theoretical only","Rarely participate, mostly observe",Always,66% - 75%,"Technical/Hard Skills (Coding, Math, Logic)",Procrastination / Low Motivation,Occasionally (When needed),High Impact (Frequent disruption),Low Risk,1,2
STU1018,4/7/2026 10:35,Third Year (TY),BCA,22,Male,5.0 - 6.9,Neutral,1-2 hours,5,Unknown,1-2 hours,2-4 hours,Social interactions,Rarely,Always,Planning to start soon,Not clear,"Soft skills (communication, teamwork, leadership, financial literacy)",3,Unknown,1,Sometimes,More than 8 hours,AI / ML,"Not currently, but intend to in the future","Not currently, but intend to in the future",Strong foundation in core concepts,Occasionally participate in events,Often,Less than 50%,"Soft Skills (Communication, Leadership, Teamwork)",Lack of Consistency or Determination (Difficulty sticking to a plan),Rarely (Passive),High Impact (Frequent disruption),High Risk,3,2
STU1019,3/25/2026 17:24,Second Year (SY),BSc Computer Science,20,Male,7.0 - 8.4,Satisfied,More than 2 hours,3,Few times a week,1-2 hours,More than 6 hours,Video content (YouTube/OTT),Rarely,Often,Planning to start soon,Somewhat clear,"Hard skills (programming, data analytics, technical skills)",5,2,2,Sometimes,6-7 hours,AI / ML,Planning to enroll soon,Planning to start a project/internship soon,Strong foundation in core concepts,"Rarely participate, mostly observe",Sometimes,66% - 75%,"Soft Skills (Communication, Leadership, Teamwork)",Lack of Consistency or Determination (Difficulty sticking to a plan),Occasionally (When needed),Moderate Impact (Occasional disruption),Moderate Risk,2,3
STU1020,3/16/2026 12:56,Final Year,BCA,21,Male,5.0 - 6.9,Very unsatisfied,1-2 hours,1,Few times a week,1-2 hours,More than 6 hours,Social media,Sometimes,Rarely,Actively preparing for a goal (placements/exams),Not clear,Both hard and soft skills,2,3,1,Often,4-5 hours,AI / ML,"No, not interested",Planning to start a project/internship soon,"Limited knowledge, theoretical only",Occasionally participate in events,Sometimes,Less than 50%,"Creative/Design Skills (Innovation, UI/UX, Content)",Difficulty with Focus / Concentration,Never (Unaware or Not interested),Low Impact (Rarely affects study),High Risk,3,2
STU1021,3/21/2026 22:26,First Year (FY),BCA,17,Male,9.5 - 10.0,Neutral,Less than 1 hour,2,Few times a week,30-60 minutes,4-6 hours,Social interactions,Mostly consistent,Always,Actively preparing for a goal (placements/exams),Somewhat clear,"Soft skills (communication, teamwork, leadership, financial literacy)",4,3,3,Sometimes,6-7 hours,AI / ML,Planning to enroll soon,"Not currently, but intend to in the future","Basic knowledge, learning while practicing",Never participate in such events,Often,Less than 50%,"Soft Skills (Communication, Leadership, Teamwork)",Poor Time Management / Over-scheduling,Occasionally (When needed),Moderate Impact (Occasional disruption),Moderate Risk,2,1
STU1022,3/31/2026 11:08,First Year (FY),BCA,19,Female,7.0 - 8.4,Unsatisfied,1-2 hours,2,Rarely,30-60 minutes,More than 6 hours,Video content (YouTube/OTT),Sometimes,Rarely,Planning to start soon,Not clear,"Hard skills (programming, data analytics, technical skills)",5,3,2,Sometimes,6-7 hours,AI / ML,Planning to enroll soon,Planning to start a project/internship soon,"Limited knowledge, theoretical only","Rarely participate, mostly observe",Always,Above 85%,"Technical/Hard Skills (Coding, Math, Logic)",Poor Time Management / Over-scheduling,Rarely (Passive),Low Impact (Rarely affects study),Moderate Risk,2,2
STU1023,3/28/2026 20:08,First Year (FY),BSc IT,17,Male,7.0 - 8.4,Neutral,1-2 hours,1,Never,30-60 minutes,2-4 hours,Video content (YouTube/OTT),Sometimes,Often,Actively preparing for a goal (placements/exams),Very clear,Both hard and soft skills,3,3,3,Often,More than 8 hours,Other,"Yes, currently enrolled in one or more courses/certifications","Not currently, but intend to in the future","Limited knowledge, theoretical only",Occasionally participate in events,Rarely,50% - 65%,"Management/Execution (Planning, Organizing, Discipline)",Poor Time Management / Over-scheduling,Never (Unaware or Not interested),Moderate Impact (Occasional disruption),High Risk,3,2
STU1024,3/21/2026 20:47,Second Year (SY),BCA,19,Male,9.5 - 10.0,Satisfied,Less than 1 hour,1,Never,1-2 hours,More than 6 hours,Video content (YouTube/OTT),Mostly consistent,Often,Actively preparing for a goal (placements/exams),Somewhat clear,Both hard and soft skills,3,4,1,Often,4-5 hours,Data Analyst,"Yes, currently enrolled in one or more courses/certifications",Planning to start a project/internship soon,Strong foundation in core concepts,"Rarely participate, mostly observe",Often,50% - 65%,"Technical/Hard Skills (Coding, Math, Logic)",Difficulty with Focus / Concentration,Never (Unaware or Not interested),High Impact (Frequent disruption),Moderate Risk,2,1
STU1025,4/3/2026 10:09,Third Year (TY),BCA,20,Female,8.5 - 9.4,Neutral,Less than 1 hour,4,Never,1-2 hours,More than 6 hours,Gaming,Rarely,Rarely,Planning to start soon,Not clear,"Soft skills (communication, teamwork, leadership, financial literacy)",4,1,2,Sometimes,6-7 hours,Cyber Security Analyst,Planning to enroll soon,"Not currently, but intend to in the future","Limited knowledge, theoretical only",Occasionally participate in events,Often,Above 85%,"Technical/Hard Skills (Coding, Math, Logic)",Poor Time Management / Over-scheduling,Rarely (Passive),No Impact (Fully supportive environment),Low Risk,1,1
STU1026,4/1/2026 10:58,Second Year (PG),BCA,24,Female,8.5 - 9.4,Very satisfied,Less than 1 hour,3,Rarely,30-60 minutes,More than 6 hours,Social interactions,Mostly consistent,Sometimes,Planning to start soon,Very clear,Both hard and soft skills,4,2,2,Sometimes,6-7 hours,AI / ML,Unknown,Planning to start a project/internship soon,"Basic knowledge, learning while practicing",Never participate in such events,Always,50% - 65%,"Creative/Design Skills (Innovation, UI/UX, Content)",Poor Time Management / Over-scheduling,Rarely (Passive),Moderate Impact (Occasional disruption),Moderate Risk,2,1
STU1027,4/9/2026 8:04,Second Year (SY),BCom,20,Female,7.0 - 8.4,Very satisfied,1-2 hours,2,Rarely,Unknown,More than 6 hours,Gaming,Sometimes,Rarely,Actively preparing for a goal (placements/exams),Very clear,Both hard and soft skills,4,2,1,Never,More than 8 hours,Cyber Security Analyst,"Not currently, but intend to in the future","Not currently, but intend to in the future","Basic knowledge, learning while practicing","Rarely participate, mostly observe",Often,50% - 65%,"Management/Execution (Planning, Organizing, Discipline)",Difficulty with Focus / Concentration,Occasionally (When needed),High Impact (Frequent disruption),Moderate Risk,2,2
STU1028,4/11/2026 14:24,Second Year (SY),BCA,21,Female,5.0 - 6.9,Very unsatisfied,More than 2 hours,3,Few times a week,More than 2 hours,4-6 hours,Other,Sometimes,Sometimes,Planning to start soon,Somewhat clear,"Hard skills (programming, data analytics, technical skills)",4,3,2,Sometimes,More than 8 hours,Automation Engineer,"No, not interested","Not currently, but intend to in the future",Strong foundation in core concepts,Occasionally participate in events,Often,50% - 65%,"Technical/Hard Skills (Coding, Math, Logic)",Procrastination / Low Motivation,Never (Unaware or Not interested),No Impact (Fully supportive environment),High Risk,3,3
STU1029,3/22/2026 8:36,Second Year (SY),BCA,19,Female,7.0 - 8.4,Neutral,Less than 1 hour,2,Never,Unknown,More than 6 hours,Social media,Mostly consistent,Always,Thinking about it,Not clear,Both hard and soft skills,3,3,3,Often,6-7 hours,AI / ML,"Yes, currently enrolled in one or more courses/certifications","Yes, actively working on projects/internship","Basic knowledge, learning while practicing","Rarely participate, mostly observe",Always,50% - 65%,"Soft Skills (Communication, Leadership, Teamwork)",Difficulty with Focus / Concentration,Occasionally (When needed),High Impact (Frequent disruption),Moderate Risk,2,1
STU1030,4/8/2026 8:18,Second Year (SY),BCA,19,Male,9.5 - 10.0,Very satisfied,1-2 hours,1,Few times a week,1-2 hours,More than 6 hours,Gaming,Mostly consistent,Often,Planning to start soon,Very clear,"Soft skills (communication, teamwork, leadership, financial literacy)",3,2,Unknown,Often,6-7 hours,AI / ML,"Not currently, but intend to in the future","Not currently, but intend to in the future","Basic knowledge, learning while practicing",Occasionally participate in events,Always,Above 85%,"Technical/Hard Skills (Coding, Math, Logic)",Difficulty with Focus / Concentration,Rarely (Passive),Moderate Impact (Occasional disruption),Low Risk,1,2
STU1031,3/29/2026 14:41,Third Year (TY),BSc Cyber Security,20,Male,8.5 - 9.4,Very unsatisfied,1-2 hours,4,Never,1-2 hours,More than 6 hours,Social media,Sometimes,Sometimes,Planning to start soon,Somewhat clear,"Hard skills (programming, data analytics, technical skills)",2,4,3,Often,4-5 hours,Digital Marketing Specialist,Planning to enroll soon,"Not currently, but intend to in the future","Basic knowledge, learning while practicing",Occasionally participate in events,Often,66% - 75%,"Soft Skills (Communication, Leadership, Teamwork)",Difficulty with Focus / Concentration,Rarely (Passive),Low Impact (Rarely affects study),Moderate Risk,2,2
STU1032,3/15/2026 23:48,Second Year (SY),BSc Computer Science,20,Female,8.5 - 9.4,Satisfied,1-2 hours,3,Few times a week,30-60 minutes,More than 6 hours,Video content (YouTube/OTT),Mostly consistent,Rarely,Actively preparing for a goal (placements/exams),Not clear,Both hard and soft skills,4,3,2,Sometimes,6-7 hours,Data Analyst,"Not currently, but intend to in the future","Not currently, but intend to in the future","Basic knowledge, learning while practicing","Rarely participate, mostly observe",Often,66% - 75%,"Management/Execution (Planning, Organizing, Discipline)",Difficulty with Focus / Concentration,Occasionally (When needed),No Impact (Fully supportive environment),Moderate Risk,2,2
STU1033,4/1/2026 12:22,Second Year (SY),BCA,21,Male,8.5 - 9.4,Satisfied,Less than 1 hour,3,Daily,More than 2 hours,More than 6 hours,Social interactions,Sometimes,Rarely,Planning to start soon,Somewhat clear,Both hard and soft skills,3,4,3,Sometimes,6-7 hours,AI / ML,"No, not interested",Planning to start a project/internship soon,"Limited knowledge, theoretical only",Occasionally participate in events,Sometimes,66% - 75%,"Technical/Hard Skills (Coding, Math, Logic)",Procrastination / Low Motivation,Occasionally (When needed),Moderate Impact (Occasional disruption),Moderate Risk,2,1
STU1034,3/19/2026 10:56,First Year (PG),BCA,23,Male,9.5 - 10.0,Very satisfied,Less than 1 hour,1,Few times a week,1-2 hours,4-6 hours,Video content (YouTube/OTT),Mostly consistent,Always,Thinking about it,Very clear,"Hard skills (programming, data analytics, technical skills)",2,5,2,Often,6-7 hours,Automation Engineer,"Not currently, but intend to in the future","Not currently, but intend to in the future","Basic knowledge, learning while practicing","Rarely participate, mostly observe",Sometimes,76% - 85%,"Creative/Design Skills (Innovation, UI/UX, Content)",Poor Time Management / Over-scheduling,Rarely (Passive),Low Impact (Rarely affects study),Moderate Risk,2,1
STU1035,3/16/2026 15:57,Second Year (SY),BA,19,Male,8.5 - 9.4,Neutral,More than 2 hours,3,Few times a week,1-2 hours,Unknown,Video content (YouTube/OTT),Mostly consistent,Sometimes,Planning to start soon,Very clear,"Hard skills (programming, data analytics, technical skills)",4,4,3,Never,6-7 hours,AI / ML,"Not currently, but intend to in the future","Yes, actively working on projects/internship","Basic knowledge, learning while practicing",Never participate in such events,Always,Above 85%,"Technical/Hard Skills (Coding, Math, Logic)",Procrastination / Low Motivation,Never (Unaware or Not interested),Moderate Impact (Occasional disruption),Moderate Risk,2,3
STU1036,3/17/2026 17:12,Second Year (PG),BCom,23,Male,7.0 - 8.4,Neutral,1-2 hours,2,Few times a week,30-60 minutes,More than 6 hours,Social media,Sometimes,Often,Thinking about it,Somewhat clear,"Hard skills (programming, data analytics, technical skills)",5,4,3,Often,More than 8 hours,Data Analyst,Planning to enroll soon,Planning to start a project/internship soon,"Limited knowledge, theoretical only",Never participate in such events,Sometimes,Less than 50%,"Soft Skills (Communication, Leadership, Teamwork)",Procrastination / Low Motivation,Rarely (Passive),Moderate Impact (Occasional disruption),High Risk,3,2
STU1037,3/16/2026 16:20,First Year (FY),BBA,18,Male,7.0 - 8.4,Neutral,Less than 1 hour,1,Never,1-2 hours,More than 6 hours,Video content (YouTube/OTT),Sometimes,Sometimes,Thinking about it,Not clear,Both hard and soft skills,5,2,2,Always,4-5 hours,Cyber Security Analyst,"Not currently, but intend to in the future",Planning to start a project/internship soon,"Basic knowledge, learning while practicing",Occasionally participate in events,Often,50% - 65%,"Technical/Hard Skills (Coding, Math, Logic)",Lack of Consistency or Determination (Difficulty sticking to a plan),Unknown,Moderate Impact (Occasional disruption),Moderate Risk,2,1
STU1038,4/3/2026 23:28,Second Year (SY),BCA,20,Female,7.0 - 8.4,Satisfied,Less than 1 hour,3,Never,1-2 hours,4-6 hours,Social media,Sometimes,Sometimes,Planning to start soon,Somewhat clear,"Hard skills (programming, data analytics, technical skills)",2,2,3,Always,6-7 hours,AI / ML,"Not currently, but intend to in the future","Not currently, but intend to in the future",Unknown,"Rarely participate, mostly observe",Often,Less than 50%,"Creative/Design Skills (Innovation, UI/UX, Content)",Lack of Consistency or Determination (Difficulty sticking to a plan),Occasionally (When needed),High Impact (Frequent disruption),Moderate Risk,2,1
STU1039,4/10/2026 10:40,First Year (FY),BCA,18,Male,7.0 - 8.4,Very satisfied,1-2 hours,3,Rarely,30-60 minutes,4-6 hours,Social media,Sometimes,Rarely,Planning to start soon,Somewhat clear,Both hard and soft skills,3,4,3,Often,Unknown,Automation Engineer,"Not currently, but intend to in the future","Not currently, but intend to in the future","Limited knowledge, theoretical only","Rarely participate, mostly observe",Rarely,66% - 75%,"Soft Skills (Communication, Leadership, Teamwork)",Difficulty with Focus / Concentration,Rarely (Passive),Moderate Impact (Occasional disruption),High Risk,3,2
STU1040,3/22/2026 15:29,Third Year (TY),BCA,20,Male,8.5 - 9.4,Satisfied,More than 2 hours,2,Rarely,1-2 hours,More than 6 hours,Social media,Sometimes,Rarely,Thinking about it,Not clear,Both hard and soft skills,3,1,2,Often,More than 8 hours,AI / ML,Planning to enroll soon,"Yes, actively working on projects/internship","Basic knowledge, learning while practicing",Unknown,Always,76% - 85%,"Management/Execution (Planning, Organizing, Discipline)",Difficulty with Focus / Concentration,Never (Unaware or Not interested),Low Impact (Rarely affects study),Low Risk,1,3
STU1041,4/5/2026 7:10,Final Year,BCA,21,Male,8.5 - 9.4,Satisfied,1-2 hours,2,Few times a week,30-60 minutes,More than 6 hours,Social media,Mostly consistent,Often,Thinking about it,Somewhat clear,"Hard skills (programming, data analytics, technical skills)",3,3,2,Often,6-7 hours,AI / ML,Planning to enroll soon,Planning to start a project/internship soon,"Limited knowledge, theoretical only",Occasionally participate in events,Often,50% - 65%,"Soft Skills (Communication, Leadership, Teamwork)",Poor Time Management / Over-scheduling,Occasionally (When needed),Low Impact (Rarely affects study),Moderate Risk,2,2
STU1042,3/17/2026 10:28,First Year (PG),BCA,24,Male,8.5 - 9.4,Neutral,1-2 hours,2,Few times a week,1-2 hours,More than 6 hours,Social media,Rarely,Often,Actively preparing for a goal (placements/exams),Very clear,Both hard and soft skills,3,4,2,Often,6-7 hours,Software Developer,Planning to enroll soon,"Yes, actively working on projects/internship",Strong foundation in core concepts,Occasionally participate in events,Often,Above 85%,"Technical/Hard Skills (Coding, Math, Logic)",Lack of Consistency or Determination (Difficulty sticking to a plan),Occasionally (When needed),High Impact (Frequent disruption),Moderate Risk,2,2
STU1043,3/21/2026 7:28,Third Year (TY),BSc Computer Science,22,Male,8.5 - 9.4,Unsatisfied,More than 2 hours,5,Few times a week,1-2 hours,4-6 hours,Other,Rarely,Sometimes,Planning to start soon,Somewhat clear,Both hard and soft skills,5,2,3,Sometimes,6-7 hours,Cyber Security Analyst,Planning to enroll soon,Planning to start a project/internship soon,"Basic knowledge, learning while practicing",Unknown,Rarely,76% - 85%,"Soft Skills (Communication, Leadership, Teamwork)",Difficulty with Focus / Concentration,Rarely (Passive),High Impact (Frequent disruption),Moderate Risk,2,3
STU1044,4/12/2026 10:31,Second Year (SY),BCA,21,Male,8.5 - 9.4,Very satisfied,Less than 1 hour,2,Few times a week,1-2 hours,More than 6 hours,Social interactions,Sometimes,Rarely,Planning to start soon,Somewhat clear,"Soft skills (communication, teamwork, leadership, financial literacy)",1,2,3,Always,4-5 hours,AI / ML,Planning to enroll soon,"Yes, actively working on projects/internship",Strong foundation in core concepts,Never participate in such events,Sometimes,66% - 75%,"Soft Skills (Communication, Leadership, Teamwork)",Difficulty with Focus / Concentration,Rarely (Passive),Moderate Impact (Occasional disruption),Moderate Risk,2,1
STU1045,4/10/2026 21:55,First Year (FY),BSc Cyber Security,17,Male,7.0 - 8.4,Neutral,More than 2 hours,3,Few times a week,More than 2 hours,4-6 hours,Video content (YouTube/OTT),Sometimes,Sometimes,Planning to start soon,Very clear,Both hard and soft skills,4,4,2,Often,Unknown,Data Analyst,"Yes, currently enrolled in one or more courses/certifications",Planning to start a project/internship soon,Strong foundation in core concepts,Occasionally participate in events,Often,66% - 75%,"Management/Execution (Planning, Organizing, Discipline)",Lack of Consistency or Determination (Difficulty sticking to a plan),Unknown,High Impact (Frequent disruption),High Risk,3,3
STU1046,4/1/2026 18:37,First Year (FY),BCA,19,Male,8.5 - 9.4,Very satisfied,Less than 1 hour,4,Few times a week,More than 2 hours,2-4 hours,Gaming,Sometimes,Rarely,Planning to start soon,Somewhat clear,"Hard skills (programming, data analytics, technical skills)",3,1,3,Often,6-7 hours,Digital Marketing Specialist,Planning to enroll soon,"Not currently, but intend to in the future",Strong foundation in core concepts,"Rarely participate, mostly observe",Sometimes,Less than 50%,"Creative/Design Skills (Innovation, UI/UX, Content)",Poor Time Management / Over-scheduling,Never (Unaware or Not interested),Unknown,Moderate Risk,2,1
STU1047,3/15/2026 23:48,First Year (PG),BBA,25,Male,5.0 - 6.9,Unsatisfied,1-2 hours,2,Few times a week,1-2 hours,4-6 hours,Gaming,Mostly consistent,Often,Actively preparing for a goal (placements/exams),Not clear,Both hard and soft skills,4,2,2,Always,More than 8 hours,Data Analyst,Planning to enroll soon,"Yes, actively working on projects/internship","Basic knowledge, learning while practicing",Unknown,Always,66% - 75%,"Soft Skills (Communication, Leadership, Teamwork)",Lack of Consistency or Determination (Difficulty sticking to a plan),Occasionally (When needed),Moderate Impact (Occasional disruption),Moderate Risk,2,2
STU1048,3/18/2026 16:59,Second Year (SY),BCA,21,Male,7.0 - 8.4,Satisfied,More than 2 hours,3,Daily,30-60 minutes,More than 6 hours,Video content (YouTube/OTT),Mostly consistent,Often,Planning to start soon,Somewhat clear,Both hard and soft skills,2,5,3,Often,More than 8 hours,AI / ML,"No, not interested",Planning to start a project/internship soon,"Limited knowledge, theoretical only",Never participate in such events,Sometimes,66% - 75%,"Soft Skills (Communication, Leadership, Teamwork)",Lack of Consistency or Determination (Difficulty sticking to a plan),Occasionally (When needed),Low Impact (Rarely affects study),High Risk,3,3
STU1049,4/8/2026 19:34,First Year (FY),BSc Computer Science,19,Male,8.5 - 9.4,Neutral,1-2 hours,5,Never,1-2 hours,4-6 hours,Video content (YouTube/OTT),Sometimes,Rarely,Actively preparing for a goal (placements/exams),Somewhat clear,"Soft skills (communication, teamwork, leadership, financial literacy)",2,Unknown,2,Sometimes,6-7 hours,Data Analyst,Planning to enroll soon,"Not currently, but intend to in the future","Limited knowledge, theoretical only",Unknown,Always,Above 85%,"Management/Execution (Planning, Organizing, Discipline)",Difficulty with Focus / Concentration,Rarely (Passive),Low Impact (Rarely affects study),Moderate Risk,2,2
STU1050,4/10/2026 17:42,First Year (FY),BCA,19,Male,8.5 - 9.4,Satisfied,Less than 1 hour,2,Few times a week,1-2 hours,More than 6 hours,Video content (YouTube/OTT),Sometimes,Rarely,Planning to start soon,Somewhat clear,Both hard and soft skills,2,4,1,Always,6-7 hours,AI / ML,Planning to enroll soon,"Not currently, but intend to in the future","Basic knowledge, learning while practicing",Occasionally participate in events,Often,50% - 65%,"Soft Skills (Communication, Leadership, Teamwork)",Poor Time Management / Over-scheduling,Occasionally (When needed),Moderate Impact (Occasional disruption),High Risk,3,1
STU1051,3/29/2026 20:22,Second Year (SY),BBA,21,Male,8.5 - 9.4,Neutral,More than 2 hours,2,Rarely,30-60 minutes,More than 6 hours,Gaming,Mostly consistent,Often,Thinking about it,Somewhat clear,Both hard and soft skills,4,4,1,Often,More than 8 hours,Software Developer,Planning to enroll soon,"Yes, actively working on projects/internship","Basic knowledge, learning while practicing",Occasionally participate in events,Always,Above 85%,"Creative/Design Skills (Innovation, UI/UX, Content)",Poor Time Management / Over-scheduling,Occasionally (When needed),No Impact (Fully supportive environment),Moderate Risk,2,3
STU1052,3/20/2026 17:42,Third Year (TY),BSc Computer Science,20,Female,7.0 - 8.4,Satisfied,1-2 hours,3,Few times a week,1-2 hours,4-6 hours,Social media,Sometimes,Sometimes,Planning to start soon,Somewhat clear,"Soft skills (communication, teamwork, leadership, financial literacy)",3,3,2,Sometimes,6-7 hours,Data Analyst,Planning to enroll soon,Planning to start a project/internship soon,"Basic knowledge, learning while practicing",Never participate in such events,Rarely,66% - 75%,"Technical/Hard Skills (Coding, Math, Logic)",Lack of Consistency or Determination (Difficulty sticking to a plan),Never (Unaware or Not interested),Moderate Impact (Occasional disruption),Moderate Risk,2,2
STU1053,3/31/2026 17:27,Second Year (SY),BCA,20,Male,7.0 - 8.4,Neutral,Less than 1 hour,2,Few times a week,30-60 minutes,2-4 hours,Gaming,Sometimes,Rarely,Thinking about it,Somewhat clear,"Hard skills (programming, data analytics, technical skills)",3,1,2,Always,More than 8 hours,Cyber Security Analyst,Planning to enroll soon,"Yes, actively working on projects/internship","Basic knowledge, learning while practicing",Unknown,Often,66% - 75%,"Technical/Hard Skills (Coding, Math, Logic)",Procrastination / Low Motivation,Never (Unaware or Not interested),Moderate Impact (Occasional disruption),Moderate Risk,2,1
STU1054,3/22/2026 18:50,Second Year (SY),BSc Computer Science,20,Male,7.0 - 8.4,Neutral,1-2 hours,2,Few times a week,Unknown,4-6 hours,Social interactions,Sometimes,Sometimes,Planning to start soon,Somewhat clear,Both hard and soft skills,1,5,3,Often,6-7 hours,Data Analyst,"Not currently, but intend to in the future","Yes, actively working on projects/internship","Basic knowledge, learning while practicing",Unknown,Often,Less than 50%,"Soft Skills (Communication, Leadership, Teamwork)",Poor Time Management / Over-scheduling,Rarely (Passive),Low Impact (Rarely affects study),High Risk,3,2
STU1055,3/20/2026 7:34,Second Year (SY),BCA,21,Female,5.0 - 6.9,Unsatisfied,1-2 hours,3,Rarely,More than 2 hours,More than 6 hours,Other,Sometimes,Always,Thinking about it,Somewhat clear,"Soft skills (communication, teamwork, leadership, financial literacy)",4,2,3,Sometimes,6-7 hours,Software Developer,"Yes, currently enrolled in one or more courses/certifications","Not currently, but intend to in the future","Basic knowledge, learning while practicing","Rarely participate, mostly observe",Often,50% - 65%,"Technical/Hard Skills (Coding, Math, Logic)",Poor Time Management / Over-scheduling,Rarely (Passive),Low Impact (Rarely affects study),High Risk,3,2
STU1056,4/7/2026 11:34,Second Year (SY),BSc Computer Science,21,Male,8.5 - 9.4,Neutral,More than 2 hours,5,Few times a week,1-2 hours,2-4 hours,Social media,Rarely,Often,Actively preparing for a goal (placements/exams),Somewhat clear,"Hard skills (programming, data analytics, technical skills)",4,4,1,Often,4-5 hours,Data Analyst,Planning to enroll soon,"Yes, actively working on projects/internship","Limited knowledge, theoretical only",Occasionally participate in events,Rarely,50% - 65%,"Technical/Hard Skills (Coding, Math, Logic)",Poor Time Management / Over-scheduling,Occasionally (When needed),High Impact (Frequent disruption),High Risk,3,3
STU1057,4/1/2026 9:11,Second Year (SY),BCA,20,Male,5.0 - 6.9,Neutral,1-2 hours,3,Few times a week,30-60 minutes,More than 6 hours,Social media,Sometimes,Always,Actively preparing for a goal (placements/exams),Not clear,"Soft skills (communication, teamwork, leadership, financial literacy)",1,2,2,Often,4-5 hours,Data Analyst,Planning to enroll soon,"Not currently, but intend to in the future","Basic knowledge, learning while practicing",Occasionally participate in events,Often,66% - 75%,"Technical/Hard Skills (Coding, Math, Logic)",Lack of Consistency or Determination (Difficulty sticking to a plan),Occasionally (When needed),Low Impact (Rarely affects study),Moderate Risk,2,2
STU1058,3/22/2026 11:06,Second Year (SY),BCA,21,Male,7.0 - 8.4,Unsatisfied,Less than 1 hour,3,Rarely,1-2 hours,Unknown,Video content (YouTube/OTT),Sometimes,Rarely,Thinking about it,Very clear,Both hard and soft skills,3,4,2,Often,6-7 hours,Data Analyst,"Not currently, but intend to in the future","Yes, actively working on projects/internship",Unknown,"Rarely participate, mostly observe",Often,66% - 75%,"Management/Execution (Planning, Organizing, Discipline)",Lack of Consistency or Determination (Difficulty sticking to a plan),Rarely (Passive),No Impact (Fully supportive environment),High Risk,3,1
STU1059,3/23/2026 14:52,First Year (PG),BCA,23,Male,5.0 - 6.9,Satisfied,1-2 hours,Unknown,Rarely,More than 2 hours,2-4 hours,Social media,Mostly consistent,Often,Planning to start soon,Very clear,Both hard and soft skills,4,2,2,Often,6-7 hours,Cyber Security Analyst,Planning to enroll soon,Planning to start a project/internship soon,"Limited knowledge, theoretical only",Occasionally participate in events,Always,Less than 50%,"Technical/Hard Skills (Coding, Math, Logic)",Poor Time Management / Over-scheduling,Occasionally (When needed),Low Impact (Rarely affects study),Moderate Risk,2,2
STU1060,4/2/2026 19:21,Third Year (TY),BCA,20,Male,7.0 - 8.4,Neutral,Less than 1 hour,2,Rarely,1-2 hours,4-6 hours,Social media,Mostly consistent,Always,Planning to start soon,Very clear,Both hard and soft skills,2,4,2,Often,4-5 hours,Software Developer,"Not currently, but intend to in the future","Not currently, but intend to in the future",Strong foundation in core concepts,Never participate in such events,Often,50% - 65%,"Soft Skills (Communication, Leadership, Teamwork)",Poor Time Management / Over-scheduling,Occasionally (When needed),High Impact (Frequent disruption),High Risk,3,1
STU1061,3/28/2026 21:52,Third Year (TY),BCA,21,Female,5.0 - 6.9,Neutral,1-2 hours,3,Rarely,More than 2 hours,4-6 hours,Video content (YouTube/OTT),Sometimes,Rarely,Planning to start soon,Very clear,"Hard skills (programming, data analytics, technical skills)",3,2,Unknown,Never,6-7 hours,Cyber Security Analyst,Planning to enroll soon,"Not currently, but intend to in the future","Limited knowledge, theoretical only","Rarely participate, mostly observe",Always,Less than 50%,"Soft Skills (Communication, Leadership, Teamwork)",Lack of Consistency or Determination (Difficulty sticking to a plan),Rarely (Passive),Moderate Impact (Occasional disruption),High Risk,3,2
STU1062,4/9/2026 4:49,First Year (FY),BCA,17,Other,9.5 - 10.0,Satisfied,1-2 hours,1,Rarely,30-60 minutes,More than 6 hours,Social interactions,Mostly consistent,Often,Actively preparing for a goal (placements/exams),Very clear,"Soft skills (communication, teamwork, leadership, financial literacy)",3,4,3,Sometimes,6-7 hours,Software Developer,"Yes, currently enrolled in one or more courses/certifications","Not currently, but intend to in the future",Strong foundation in core concepts,"Rarely participate, mostly observe",Always,76% - 85%,"Technical/Hard Skills (Coding, Math, Logic)",Procrastination / Low Motivation,Rarely (Passive),High Impact (Frequent disruption),Moderate Risk,2,2
STU1063,3/22/2026 7:08,Third Year (TY),BSc IT,22,Male,5.0 - 6.9,Neutral,Less than 1 hour,1,Never,30-60 minutes,More than 6 hours,Video content (YouTube/OTT),Sometimes,Sometimes,Actively preparing for a goal (placements/exams),Very clear,Both hard and soft skills,4,3,1,Never,6-7 hours,Software Developer,"Yes, currently enrolled in one or more courses/certifications",Planning to start a project/internship soon,"Limited knowledge, theoretical only","Rarely participate, mostly observe",Always,66% - 75%,"Creative/Design Skills (Innovation, UI/UX, Content)",Difficulty with Focus / Concentration,Rarely (Passive),Moderate Impact (Occasional disruption),High Risk,3,1
STU1064,4/8/2026 18:50,Second Year (SY),BCA,20,Male,8.5 - 9.4,Unsatisfied,1-2 hours,3,Few times a week,More than 2 hours,More than 6 hours,Social media,Sometimes,Sometimes,Planning to start soon,Not clear,"Hard skills (programming, data analytics, technical skills)",5,4,3,Often,6-7 hours,AI / ML,"Not currently, but intend to in the future","Yes, actively working on projects/internship","Limited knowledge, theoretical only",Never participate in such events,Always,76% - 85%,"Creative/Design Skills (Innovation, UI/UX, Content)",Lack of Consistency or Determination (Difficulty sticking to a plan),Occasionally (When needed),High Impact (Frequent disruption),Moderate Risk,2,2
STU1065,3/25/2026 9:55,First Year (PG),BCA,24,Male,8.5 - 9.4,Very satisfied,Less than 1 hour,3,Few times a week,30-60 minutes,More than 6 hours,Social interactions,Mostly consistent,Often,Thinking about it,Somewhat clear,"Hard skills (programming, data analytics, technical skills)",3,3,3,Sometimes,6-7 hours,Software Developer,"Yes, currently enrolled in one or more courses/certifications","Yes, actively working on projects/internship","Limited knowledge, theoretical only",Occasionally participate in events,Always,76% - 85%,"Soft Skills (Communication, Leadership, Teamwork)",Difficulty with Focus / Concentration,Occasionally (When needed),Moderate Impact (Occasional disruption),Moderate Risk,2,1
STU1066,4/4/2026 1:23,First Year (FY),BCA,17,Male,8.5 - 9.4,Satisfied,Less than 1 hour,1,Rarely,30-60 minutes,4-6 hours,Social media,Sometimes,Often,Actively preparing for a goal (placements/exams),Not clear,"Hard skills (programming, data analytics, technical skills)",4,5,1,Sometimes,6-7 hours,Automation Engineer,"No, not interested","Yes, actively working on projects/internship","Limited knowledge, theoretical only",Occasionally participate in events,Rarely,76% - 85%,"Technical/Hard Skills (Coding, Math, Logic)",Poor Time Management / Over-scheduling,Rarely (Passive),High Impact (Frequent disruption),High Risk,3,1
STU1067,3/21/2026 10:33,First Year (FY),BCA,19,Male,8.5 - 9.4,Satisfied,1-2 hours,3,Never,1-2 hours,More than 6 hours,Social interactions,Mostly consistent,Sometimes,Planning to start soon,Very clear,"Hard skills (programming, data analytics, technical skills)",3,3,3,Sometimes,More than 8 hours,Data Analyst,"Yes, currently enrolled in one or more courses/certifications","Yes, actively working on projects/internship","Limited knowledge, theoretical only","Rarely participate, mostly observe",Often,Above 85%,"Technical/Hard Skills (Coding, Math, Logic)",Difficulty with Focus / Concentration,Rarely (Passive),Moderate Impact (Occasional disruption),Low Risk,1,2
STU1068,3/22/2026 11:59,Second Year (SY),BA,20,Male,7.0 - 8.4,Neutral,Less than 1 hour,3,Rarely,1-2 hours,More than 6 hours,Social interactions,Sometimes,Often,Planning to start soon,Somewhat clear,"Hard skills (programming, data analytics, technical skills)",1,4,Unknown,Often,4-5 hours,Cyber Security Analyst,"Not currently, but intend to in the future","Yes, actively working on projects/internship","Basic knowledge, learning while practicing","Rarely participate, mostly observe",Sometimes,Less than 50%,"Management/Execution (Planning, Organizing, Discipline)",Procrastination / Low Motivation,Rarely (Passive),Low Impact (Rarely affects study),High Risk,3,1
STU1069,3/31/2026 19:04,Second Year (SY),BA,19,Male,5.0 - 6.9,Unsatisfied,1-2 hours,1,Never,1-2 hours,2-4 hours,Gaming,Sometimes,Often,Thinking about it,Somewhat clear,"Hard skills (programming, data analytics, technical skills)",3,5,1,Sometimes,6-7 hours,Software Developer,Planning to enroll soon,"Not currently, but intend to in the future",Strong foundation in core concepts,Unknown,Sometimes,66% - 75%,"Management/Execution (Planning, Organizing, Discipline)",Procrastination / Low Motivation,Rarely (Passive),Low Impact (Rarely affects study),High Risk,3,2
STU1070,4/7/2026 9:24,Second Year (PG),BSc IT,23,Male,8.5 - 9.4,Satisfied,More than 2 hours,3,Rarely,30-60 minutes,More than 6 hours,Social media,Sometimes,Always,Actively preparing for a goal (placements/exams),Somewhat clear,Both hard and soft skills,4,3,3,Sometimes,More than 8 hours,AI / ML,Planning to enroll soon,Planning to start a project/internship soon,Strong foundation in core concepts,"Rarely participate, mostly observe",Always,Above 85%,"Technical/Hard Skills (Coding, Math, Logic)",Poor Time Management / Over-scheduling,Occasionally (When needed),Moderate Impact (Occasional disruption),Moderate Risk,2,3
STU1071,4/12/2026 17:11,Third Year (TY),BSc Cyber Security,21,Male,8.5 - 9.4,Very satisfied,1-2 hours,3,Rarely,30-60 minutes,4-6 hours,Video content (YouTube/OTT),Mostly consistent,Often,Planning to start soon,Very clear,Both hard and soft skills,3,3,1,Sometimes,6-7 hours,Data Analyst,Planning to enroll soon,"Not currently, but intend to in the future","Basic knowledge, learning while practicing",Occasionally participate in events,Always,Above 85%,"Management/Execution (Planning, Organizing, Discipline)",Difficulty with Focus / Concentration,Occasionally (When needed),No Impact (Fully supportive environment),Low Risk,1,2
STU1072,4/7/2026 9:42,Second Year (SY),BCom,20,Other,8.5 - 9.4,Neutral,1-2 hours,4,Few times a week,More than 2 hours,2-4 hours,Social media,Mostly consistent,Often,Actively preparing for a goal (placements/exams),Somewhat clear,Both hard and soft skills,2,4,3,Often,4-5 hours,Other,"Not currently, but intend to in the future","Not currently, but intend to in the future",Strong foundation in core concepts,Never participate in such events,Sometimes,Above 85%,"Technical/Hard Skills (Coding, Math, Logic)",Difficulty with Focus / Concentration,Occasionally (When needed),Moderate Impact (Occasional disruption),Moderate Risk,2,2
STU1073,4/7/2026 11:45,Third Year (TY),BSc Computer Science,20,Female,7.0 - 8.4,Unsatisfied,1-2 hours,3,Daily,30-60 minutes,More than 6 hours,Video content (YouTube/OTT),Rarely,Sometimes,Actively preparing for a goal (placements/exams),Somewhat clear,"Soft skills (communication, teamwork, leadership, financial literacy)",4,3,3,Sometimes,6-7 hours,Software Developer,"Not currently, but intend to in the future",Planning to start a project/internship soon,Strong foundation in core concepts,Never participate in such events,Sometimes,66% - 75%,"Creative/Design Skills (Innovation, UI/UX, Content)",Difficulty with Focus / Concentration,Never (Unaware or Not interested),Moderate Impact (Occasional disruption),High Risk,3,2
STU1074,3/28/2026 14:46,Second Year (SY),BCA,20,Male,8.5 - 9.4,Neutral,Less than 1 hour,2,Rarely,1-2 hours,More than 6 hours,Gaming,Sometimes,Sometimes,Planning to start soon,Very clear,"Hard skills (programming, data analytics, technical skills)",4,5,3,Always,6-7 hours,Automation Engineer,"Not currently, but intend to in the future","Not currently, but intend to in the future",Strong foundation in core concepts,Never participate in such events,Sometimes,76% - 85%,"Soft Skills (Communication, Leadership, Teamwork)",Poor Time Management / Over-scheduling,Never (Unaware or Not interested),High Impact (Frequent disruption),High Risk,3,1
STU1075,4/14/2026 11:35,Second Year (SY),BBA,20,Male,7.0 - 8.4,Neutral,Less than 1 hour,2,Never,30-60 minutes,More than 6 hours,Gaming,Sometimes,Rarely,Actively preparing for a goal (placements/exams),Somewhat clear,"Soft skills (communication, teamwork, leadership, financial literacy)",3,3,2,Always,6-7 hours,Other,"Not currently, but intend to in the future","Yes, actively working on projects/internship",Unknown,Occasionally participate in events,Often,50% - 65%,"Management/Execution (Planning, Organizing, Discipline)",Lack of Consistency or Determination (Difficulty sticking to a plan),Rarely (Passive),Moderate Impact (Occasional disruption),High Risk,3,1
STU1076,3/30/2026 13:49,First Year (FY),BA,19,Male,5.0 - 6.9,Unsatisfied,Less than 1 hour,1,Rarely,1-2 hours,More than 6 hours,Video content (YouTube/OTT),Rarely,Sometimes,Planning to start soon,Very clear,"Hard skills (programming, data analytics, technical skills)",5,5,Unknown,Never,6-7 hours,Digital Marketing Specialist,Planning to enroll soon,"Not currently, but intend to in the future","Basic knowledge, learning while practicing",Occasionally participate in events,Sometimes,50% - 65%,"Creative/Design Skills (Innovation, UI/UX, Content)",Lack of Consistency or Determination (Difficulty sticking to a plan),Rarely (Passive),Moderate Impact (Occasional disruption),High Risk,3,1
STU1077,3/31/2026 19:48,First Year (FY),BCA,18,Male,5.0 - 6.9,Satisfied,Less than 1 hour,4,Few times a week,1-2 hours,2-4 hours,Social media,Sometimes,Rarely,Thinking about it,Somewhat clear,Both hard and soft skills,4,3,3,Never,6-7 hours,Software Developer,"Not currently, but intend to in the future","Yes, actively working on projects/internship",Unknown,"Rarely participate, mostly observe",Often,66% - 75%,"Soft Skills (Communication, Leadership, Teamwork)",Poor Time Management / Over-scheduling,Rarely (Passive),No Impact (Fully supportive environment),High Risk,3,1
STU1078,3/27/2026 6:23,Second Year (SY),BCA,21,Male,8.5 - 9.4,Very satisfied,More than 2 hours,4,Rarely,More than 2 hours,More than 6 hours,Social media,Mostly consistent,Often,Planning to start soon,Not clear,Both hard and soft skills,4,4,3,Sometimes,6-7 hours,AI / ML,"Yes, currently enrolled in one or more courses/certifications","Not currently, but intend to in the future","Basic knowledge, learning while practicing","Rarely participate, mostly observe",Often,Above 85%,"Soft Skills (Communication, Leadership, Teamwork)",Lack of Consistency or Determination (Difficulty sticking to a plan),Rarely (Passive),High Impact (Frequent disruption),Moderate Risk,2,3
STU1079,4/5/2026 7:22,Second Year (SY),BCA,19,Male,8.5 - 9.4,Very satisfied,Less than 1 hour,3,Never,1-2 hours,2-4 hours,Video content (YouTube/OTT),Mostly consistent,Often,Planning to start soon,Somewhat clear,Both hard and soft skills,3,4,1,Often,6-7 hours,Automation Engineer,"Not currently, but intend to in the future","Not currently, but intend to in the future","Basic knowledge, learning while practicing","Rarely participate, mostly observe",Always,66% - 75%,"Technical/Hard Skills (Coding, Math, Logic)",Poor Time Management / Over-scheduling,Occasionally (When needed),High Impact (Frequent disruption),Moderate Risk,2,1
STU1080,3/23/2026 6:01,Third Year (TY),BCA,21,Male,9.5 - 10.0,Neutral,1-2 hours,2,Few times a week,1-2 hours,More than 6 hours,Video content (YouTube/OTT),Sometimes,Often,Actively preparing for a goal (placements/exams),Very clear,"Soft skills (communication, teamwork, leadership, financial literacy)",4,3,3,Sometimes,6-7 hours,Cyber Security Analyst,"No, not interested","Yes, actively working on projects/internship","Basic knowledge, learning while practicing","Rarely participate, mostly observe",Always,Less than 50%,"Technical/Hard Skills (Coding, Math, Logic)",Procrastination / Low Motivation,Occasionally (When needed),Low Impact (Rarely affects study),Moderate Risk,2,2
STU1081,3/15/2026 13:05,First Year (PG),BSc Computer Science,23,Male,9.5 - 10.0,Neutral,1-2 hours,2,Few times a week,1-2 hours,More than 6 hours,Social media,Mostly consistent,Often,Actively preparing for a goal (placements/exams),Very clear,"Hard skills (programming, data analytics, technical skills)",2,3,1,Often,6-7 hours,Digital Marketing Specialist,"Not currently, but intend to in the future","Not currently, but intend to in the future","Limited knowledge, theoretical only",Never participate in such events,Often,76% - 85%,"Technical/Hard Skills (Coding, Math, Logic)",Procrastination / Low Motivation,Rarely (Passive),Moderate Impact (Occasional disruption),Low Risk,1,2
STU1082,3/15/2026 16:58,Second Year (SY),BCA,21,Female,5.0 - 6.9,Neutral,Less than 1 hour,5,Rarely,1-2 hours,More than 6 hours,Video content (YouTube/OTT),Mostly consistent,Often,Actively preparing for a goal (placements/exams),Very clear,"Soft skills (communication, teamwork, leadership, financial literacy)",5,3,3,Often,6-7 hours,Cyber Security Analyst,"Yes, currently enrolled in one or more courses/certifications",Planning to start a project/internship soon,"Limited knowledge, theoretical only",Occasionally participate in events,Often,76% - 85%,"Technical/Hard Skills (Coding, Math, Logic)",Procrastination / Low Motivation,Never (Unaware or Not interested),Moderate Impact (Occasional disruption),Moderate Risk,2,1
STU1083,4/14/2026 8:44,First Year (PG),BSc Computer Science,25,Male,7.0 - 8.4,Satisfied,1-2 hours,3,Rarely,More than 2 hours,2-4 hours,Social media,Rarely,Rarely,Planning to start soon,Somewhat clear,"Hard skills (programming, data analytics, technical skills)",1,5,2,Often,4-5 hours,Cyber Security Analyst,Planning to enroll soon,"Yes, actively working on projects/internship",Strong foundation in core concepts,Never participate in such events,Often,66% - 75%,"Soft Skills (Communication, Leadership, Teamwork)",Procrastination / Low Motivation,Occasionally (When needed),Unknown,High Risk,3,2
STU1084,4/7/2026 7:08,First Year (FY),BCA,18,Female,9.5 - 10.0,Very satisfied,Less than 1 hour,3,Few times a week,More than 2 hours,More than 6 hours,Video content (YouTube/OTT),Sometimes,Rarely,Thinking about it,Very clear,"Hard skills (programming, data analytics, technical skills)",4,1,3,Sometimes,6-7 hours,Software Developer,"No, not interested","Yes, actively working on projects/internship","Basic knowledge, learning while practicing",Occasionally participate in events,Often,76% - 85%,"Management/Execution (Planning, Organizing, Discipline)",Procrastination / Low Motivation,Rarely (Passive),High Impact (Frequent disruption),Low Risk,1,1
STU1085,4/4/2026 15:29,First Year (FY),BCA,19,Male,5.0 - 6.9,Neutral,Less than 1 hour,3,Rarely,1-2 hours,2-4 hours,Social media,Rarely,Rarely,Planning to start soon,Somewhat clear,Both hard and soft skills,1,3,3,Always,6-7 hours,Digital Marketing Specialist,"Yes, currently enrolled in one or more courses/certifications","Yes, actively working on projects/internship","Basic knowledge, learning while practicing",Never participate in such events,Sometimes,66% - 75%,"Soft Skills (Communication, Leadership, Teamwork)",Difficulty with Focus / Concentration,Occasionally (When needed),Unknown,High Risk,3,1
STU1086,3/25/2026 5:42,Second Year (PG),BCA,24,Male,7.0 - 8.4,Unsatisfied,Less than 1 hour,2,Never,30-60 minutes,More than 6 hours,Social media,Sometimes,Often,Actively preparing for a goal (placements/exams),Not clear,"Soft skills (communication, teamwork, leadership, financial literacy)",5,1,2,Always,More than 8 hours,Data Analyst,"No, not interested",Planning to start a project/internship soon,"Basic knowledge, learning while practicing",Occasionally participate in events,Rarely,50% - 65%,"Management/Execution (Planning, Organizing, Discipline)",Poor Time Management / Over-scheduling,Rarely (Passive),Moderate Impact (Occasional disruption),Moderate Risk,2,1
STU1087,4/13/2026 10:51,Second Year (SY),BA,19,Male,7.0 - 8.4,Very unsatisfied,Less than 1 hour,4,Few times a week,1-2 hours,2-4 hours,Other,Sometimes,Rarely,Planning to start soon,Somewhat clear,Both hard and soft skills,5,4,1,Often,More than 8 hours,Data Analyst,"Yes, currently enrolled in one or more courses/certifications","Not currently, but intend to in the future","Basic knowledge, learning while practicing",Never participate in such events,Rarely,76% - 85%,"Technical/Hard Skills (Coding, Math, Logic)",Procrastination / Low Motivation,Rarely (Passive),Low Impact (Rarely affects study),High Risk,3,1
STU1088,3/26/2026 11:34,Second Year (PG),BSc Computer Science,26,Male,5.0 - 6.9,Neutral,1-2 hours,3,Never,More than 2 hours,Unknown,Video content (YouTube/OTT),Sometimes,Rarely,Actively preparing for a goal (placements/exams),Somewhat clear,Both hard and soft skills,5,3,2,Sometimes,Unknown,AI / ML,"Yes, currently enrolled in one or more courses/certifications","Not currently, but intend to in the future","Basic knowledge, learning while practicing",Never participate in such events,Rarely,66% - 75%,"Management/Execution (Planning, Organizing, Discipline)",Procrastination / Low Motivation,Rarely (Passive),High Impact (Frequent disruption),High Risk,3,2
STU1089,4/1/2026 21:14,First Year (PG),BCom,25,Female,7.0 - 8.4,Neutral,More than 2 hours,3,Rarely,1-2 hours,More than 6 hours,Social media,Sometimes,Sometimes,Planning to start soon,Somewhat clear,"Hard skills (programming, data analytics, technical skills)",3,3,2,Sometimes,6-7 hours,Automation Engineer,"No, not interested","Not currently, but intend to in the future",Strong foundation in core concepts,"Rarely participate, mostly observe",Sometimes,50% - 65%,"Creative/Design Skills (Innovation, UI/UX, Content)",Difficulty with Focus / Concentration,Rarely (Passive),Moderate Impact (Occasional disruption),High Risk,3,3
STU1090,3/25/2026 7:06,First Year (FY),BSc Cyber Security,18,Male,7.0 - 8.4,Unsatisfied,1-2 hours,1,Never,30-60 minutes,More than 6 hours,Video content (YouTube/OTT),Rarely,Often,Thinking about it,Somewhat clear,Both hard and soft skills,4,3,1,Often,4-5 hours,Digital Marketing Specialist,"No, not interested",Planning to start a project/internship soon,"Basic knowledge, learning while practicing",Occasionally participate in events,Often,50% - 65%,"Technical/Hard Skills (Coding, Math, Logic)",Lack of Consistency or Determination (Difficulty sticking to a plan),Occasionally (When needed),No Impact (Fully supportive environment),High Risk,3,2
STU1091,4/2/2026 15:31,First Year (PG),BCA,25,Male,5.0 - 6.9,Satisfied,1-2 hours,3,Rarely,1-2 hours,More than 6 hours,Gaming,Mostly consistent,Often,Actively preparing for a goal (placements/exams),Somewhat clear,"Soft skills (communication, teamwork, leadership, financial literacy)",3,3,3,Often,More than 8 hours,Cyber Security Analyst,Planning to enroll soon,Planning to start a project/internship soon,Strong foundation in core concepts,"Rarely participate, mostly observe",Always,Less than 50%,"Technical/Hard Skills (Coding, Math, Logic)",Difficulty with Focus / Concentration,Rarely (Passive),Low Impact (Rarely affects study),High Risk,3,2
STU1092,4/9/2026 5:53,First Year (FY),BCA,18,Male,7.0 - 8.4,Unsatisfied,Less than 1 hour,2,Unknown,30-60 minutes,More than 6 hours,Social media,Sometimes,Sometimes,Planning to start soon,Somewhat clear,"Hard skills (programming, data analytics, technical skills)",4,1,2,Often,More than 8 hours,AI / ML,"Yes, currently enrolled in one or more courses/certifications","Not currently, but intend to in the future",Strong foundation in core concepts,Occasionally participate in events,Always,50% - 65%,"Management/Execution (Planning, Organizing, Discipline)",Poor Time Management / Over-scheduling,Never (Unaware or Not interested),High Impact (Frequent disruption),Moderate Risk,2,1
STU1093,4/8/2026 3:17,First Year (FY),BCA,17,Male,7.0 - 8.4,Very unsatisfied,Less than 1 hour,2,Rarely,1-2 hours,Unknown,Social media,Mostly consistent,Always,Actively preparing for a goal (placements/exams),Very clear,"Soft skills (communication, teamwork, leadership, financial literacy)",3,2,1,Sometimes,6-7 hours,Data Analyst,Planning to enroll soon,Planning to start a project/internship soon,"Basic knowledge, learning while practicing",Never participate in such events,Often,Above 85%,"Technical/Hard Skills (Coding, Math, Logic)",Poor Time Management / Over-scheduling,Rarely (Passive),High Impact (Frequent disruption),Low Risk,1,1
STU1094,3/21/2026 10:05,Second Year (SY),BCA,21,Male,7.0 - 8.4,Unsatisfied,Less than 1 hour,1,Never,30-60 minutes,More than 6 hours,Social interactions,Rarely,Rarely,Actively preparing for a goal (placements/exams),Not clear,Both hard and soft skills,4,1,1,Always,More than 8 hours,AI / ML,Planning to enroll soon,"Not currently, but intend to in the future","Limited knowledge, theoretical only","Rarely participate, mostly observe",Sometimes,66% - 75%,"Technical/Hard Skills (Coding, Math, Logic)",Procrastination / Low Motivation,Never (Unaware or Not interested),Low Impact (Rarely affects study),Moderate Risk,2,1
STU1095,3/18/2026 0:11,Second Year (SY),BCA,21,Female,8.5 - 9.4,Neutral,1-2 hours,3,Unknown,1-2 hours,More than 6 hours,Social media,Sometimes,Sometimes,Planning to start soon,Somewhat clear,Both hard and soft skills,5,2,3,Never,6-7 hours,Data Analyst,"No, not interested",Planning to start a project/internship soon,"Basic knowledge, learning while practicing","Rarely participate, mostly observe",Rarely,76% - 85%,"Technical/Hard Skills (Coding, Math, Logic)",Difficulty with Focus / Concentration,Never (Unaware or Not interested),Moderate Impact (Occasional disruption),Moderate Risk,2,2
STU1096,4/9/2026 11:42,Third Year (TY),BSc IT,20,Female,5.0 - 6.9,Neutral,Less than 1 hour,1,Never,30-60 minutes,More than 6 hours,Gaming,Rarely,Sometimes,Actively preparing for a goal (placements/exams),Somewhat clear,"Soft skills (communication, teamwork, leadership, financial literacy)",3,3,2,Often,4-5 hours,Digital Marketing Specialist,"Not currently, but intend to in the future",Planning to start a project/internship soon,"Basic knowledge, learning while practicing","Rarely participate, mostly observe",Always,76% - 85%,"Management/Execution (Planning, Organizing, Discipline)",Procrastination / Low Motivation,Occasionally (When needed),Moderate Impact (Occasional disruption),High Risk,3,1
STU1097,3/30/2026 9:54,First Year (FY),BCA,17,Male,7.0 - 8.4,Very unsatisfied,Less than 1 hour,Unknown,Never,1-2 hours,More than 6 hours,Social media,Rarely,Often,Planning to start soon,Very clear,"Soft skills (communication, teamwork, leadership, financial literacy)",4,2,1,Sometimes,6-7 hours,Automation Engineer,"Yes, currently enrolled in one or more courses/certifications",Planning to start a project/internship soon,"Basic knowledge, learning while practicing",Never participate in such events,Sometimes,50% - 65%,"Soft Skills (Communication, Leadership, Teamwork)",Poor Time Management / Over-scheduling,Never (Unaware or Not interested),Low Impact (Rarely affects study),High Risk,3,1
STU1098,3/16/2026 17:16,Second Year (SY),BCA,19,Female,7.0 - 8.4,Neutral,More than 2 hours,3,Never,More than 2 hours,4-6 hours,Gaming,Rarely,Sometimes,Planning to start soon,Somewhat clear,Both hard and soft skills,3,3,2,Often,More than 8 hours,Cyber Security Analyst,Planning to enroll soon,Planning to start a project/internship soon,"Basic knowledge, learning while practicing","Rarely participate, mostly observe",Often,Less than 50%,"Management/Execution (Planning, Organizing, Discipline)",Lack of Consistency or Determination (Difficulty sticking to a plan),Occasionally (When needed),No Impact (Fully supportive environment),High Risk,3,3
STU1099,3/17/2026 15:45,Final Year,BBA,22,Male,5.0 - 6.9,Very unsatisfied,Less than 1 hour,3,Never,More than 2 hours,4-6 hours,Video content (YouTube/OTT),Sometimes,Always,Thinking about it,Somewhat clear,"Hard skills (programming, data analytics, technical skills)",4,3,2,Sometimes,More than 8 hours,Cyber Security Analyst,Planning to enroll soon,"Not currently, but intend to in the future","Basic knowledge, learning while practicing","Rarely participate, mostly observe",Often,Above 85%,"Creative/Design Skills (Innovation, UI/UX, Content)",Procrastination / Low Motivation,Rarely (Passive),No Impact (Fully supportive environment),Moderate Risk,2,1
STU1100,3/17/2026 7:41,Third Year (TY),BCom,20,Male,5.0 - 6.9,Unsatisfied,Less than 1 hour,3,Never,30-60 minutes,More than 6 hours,Social interactions,Sometimes,Often,Planning to start soon,Very clear,"Soft skills (communication, teamwork, leadership, financial literacy)",4,2,2,Sometimes,More than 8 hours,AI / ML,"No, not interested",Planning to start a project/internship soon,"Basic knowledge, learning while practicing",Occasionally participate in events,Rarely,66% - 75%,"Soft Skills (Communication, Leadership, Teamwork)",Lack of Consistency or Determination (Difficulty sticking to a plan),Occasionally (When needed),High Impact (Frequent disruption),Moderate Risk,2,1
STU1101,3/23/2026 10:36,First Year (PG),BCA,23,Female,8.5 - 9.4,Satisfied,Less than 1 hour,3,Never,1-2 hours,More than 6 hours,Video content (YouTube/OTT),Mostly consistent,Often,Planning to start soon,Somewhat clear,Both hard and soft skills,5,4,3,Always,More than 8 hours,Data Analyst,"No, not interested","Not currently, but intend to in the future","Basic knowledge, learning while practicing",Occasionally participate in events,Often,Above 85%,"Creative/Design Skills (Innovation, UI/UX, Content)",Procrastination / Low Motivation,Rarely (Passive),Unknown,Moderate Risk,2,1
STU1102,4/10/2026 17:45,Final Year,BBA,22,Male,9.5 - 10.0,Satisfied,1-2 hours,3,Rarely,More than 2 hours,More than 6 hours,Other,Sometimes,Sometimes,Planning to start soon,Somewhat clear,Both hard and soft skills,Unknown,4,3,Never,6-7 hours,Digital Marketing Specialist,"Not currently, but intend to in the future","Not currently, but intend to in the future","Basic knowledge, learning while practicing","Rarely participate, mostly observe",Rarely,66% - 75%,"Soft Skills (Communication, Leadership, Teamwork)",Procrastination / Low Motivation,Rarely (Passive),Moderate Impact (Occasional disruption),Moderate Risk,2,2
STU1103,4/5/2026 9:42,Second Year (SY),BCA,19,Female,5.0 - 6.9,Very satisfied,1-2 hours,5,Few times a week,1-2 hours,2-4 hours,Video content (YouTube/OTT),Mostly consistent,Often,Planning to start soon,Not clear,"Hard skills (programming, data analytics, technical skills)",2,3,2,Often,6-7 hours,AI / ML,Planning to enroll soon,"Not currently, but intend to in the future","Basic knowledge, learning while practicing","Rarely participate, mostly observe",Always,50% - 65%,"Technical/Hard Skills (Coding, Math, Logic)",Procrastination / Low Motivation,Rarely (Passive),Moderate Impact (Occasional disruption),High Risk,3,2
STU1104,4/2/2026 9:49,First Year (PG),BSc IT,25,Male,8.5 - 9.4,Very satisfied,1-2 hours,1,Rarely,30-60 minutes,More than 6 hours,Social media,Mostly consistent,Sometimes,Thinking about it,Not clear,"Hard skills (programming, data analytics, technical skills)",Unknown,3,3,Never,6-7 hours,AI / ML,"Not currently, but intend to in the future","Not currently, but intend to in the future","Limited knowledge, theoretical only",Unknown,Sometimes,66% - 75%,"Soft Skills (Communication, Leadership, Teamwork)",Poor Time Management / Over-scheduling,Occasionally (When needed),High Impact (Frequent disruption),Moderate Risk,2,2
STU1105,4/13/2026 20:34,First Year (PG),BA,25,Male,9.5 - 10.0,Satisfied,More than 2 hours,3,Few times a week,30-60 minutes,2-4 hours,Other,Mostly consistent,Often,Planning to start soon,Very clear,"Soft skills (communication, teamwork, leadership, financial literacy)",4,3,3,Sometimes,More than 8 hours,Automation Engineer,"No, not interested","Not currently, but intend to in the future",Strong foundation in core concepts,"Rarely participate, mostly observe",Often,66% - 75%,"Technical/Hard Skills (Coding, Math, Logic)",Poor Time Management / Over-scheduling,Occasionally (When needed),Moderate Impact (Occasional disruption),Low Risk,1,3
STU1106,4/1/2026 19:00,Second Year (PG),BCA,24,Male,8.5 - 9.4,Satisfied,More than 2 hours,5,Unknown,1-2 hours,4-6 hours,Video content (YouTube/OTT),Sometimes,Often,Actively preparing for a goal (placements/exams),Somewhat clear,Both hard and soft skills,4,1,2,Sometimes,6-7 hours,Data Analyst,"Yes, currently enrolled in one or more courses/certifications","Not currently, but intend to in the future","Basic knowledge, learning while practicing",Never participate in such events,Often,66% - 75%,"Soft Skills (Communication, Leadership, Teamwork)",Lack of Consistency or Determination (Difficulty sticking to a plan),Rarely (Passive),No Impact (Fully supportive environment),Low Risk,1,3
STU1107,3/17/2026 20:42,Second Year (SY),BSc Computer Science,19,Male,7.0 - 8.4,Satisfied,More than 2 hours,4,Few times a week,1-2 hours,2-4 hours,Social media,Sometimes,Sometimes,Thinking about it,Somewhat clear,Both hard and soft skills,4,3,2,Sometimes,More than 8 hours,Software Developer,"Not currently, but intend to in the future",Planning to start a project/internship soon,"Limited knowledge, theoretical only",Never participate in such events,Often,66% - 75%,"Creative/Design Skills (Innovation, UI/UX, Content)",Procrastination / Low Motivation,Rarely (Passive),High Impact (Frequent disruption),Moderate Risk,2,3
STU1108,4/5/2026 10:30,Second Year (SY),BSc Computer Science,21,Male,8.5 - 9.4,Very satisfied,1-2 hours,3,Rarely,1-2 hours,4-6 hours,Social media,Sometimes,Rarely,Actively preparing for a goal (placements/exams),Very clear,"Hard skills (programming, data analytics, technical skills)",1,4,2,Never,4-5 hours,Cyber Security Analyst,"No, not interested","Not currently, but intend to in the future",Strong foundation in core concepts,Occasionally participate in events,Rarely,Less than 50%,"Management/Execution (Planning, Organizing, Discipline)",Difficulty with Focus / Concentration,Rarely (Passive),Low Impact (Rarely affects study),High Risk,3,2
STU1109,4/5/2026 16:18,Second Year (SY),BCA,21,Other,7.0 - 8.4,Neutral,1-2 hours,4,Never,1-2 hours,More than 6 hours,Gaming,Mostly consistent,Often,Planning to start soon,Not clear,Both hard and soft skills,4,2,3,Sometimes,6-7 hours,AI / ML,"No, not interested","Not currently, but intend to in the future","Basic knowledge, learning while practicing",Never participate in such events,Sometimes,Less than 50%,"Creative/Design Skills (Innovation, UI/UX, Content)",Procrastination / Low Motivation,Never (Unaware or Not interested),High Impact (Frequent disruption),Moderate Risk,2,2
STU1110,4/6/2026 10:26,First Year (PG),BCA,24,Male,9.5 - 10.0,Neutral,1-2 hours,2,Never,1-2 hours,More than 6 hours,Social media,Sometimes,Often,Planning to start soon,Somewhat clear,Both hard and soft skills,4,2,2,Sometimes,6-7 hours,Cyber Security Analyst,"Not currently, but intend to in the future","Yes, actively working on projects/internship","Limited knowledge, theoretical only","Rarely participate, mostly observe",Sometimes,Above 85%,"Management/Execution (Planning, Organizing, Discipline)",Lack of Consistency or Determination (Difficulty sticking to a plan),Rarely (Passive),Low Impact (Rarely affects study),Low Risk,1,2
STU1111,4/13/2026 13:10,First Year (PG),BCA,24,Male,7.0 - 8.4,Satisfied,Less than 1 hour,5,Few times a week,1-2 hours,More than 6 hours,Social media,Sometimes,Often,Planning to start soon,Very clear,"Soft skills (communication, teamwork, leadership, financial literacy)",4,Unknown,3,Always,6-7 hours,Digital Marketing Specialist,"Not currently, but intend to in the future","Not currently, but intend to in the future","Basic knowledge, learning while practicing","Rarely participate, mostly observe",Often,66% - 75%,"Management/Execution (Planning, Organizing, Discipline)",Procrastination / Low Motivation,Occasionally (When needed),High Impact (Frequent disruption),High Risk,3,1
STU1112,4/12/2026 6:02,Second Year (SY),BCA,20,Female,8.5 - 9.4,Unsatisfied,1-2 hours,4,Never,1-2 hours,4-6 hours,Social media,Sometimes,Sometimes,Thinking about it,Very clear,"Soft skills (communication, teamwork, leadership, financial literacy)",5,2,3,Often,More than 8 hours,Digital Marketing Specialist,"No, not interested","Not currently, but intend to in the future","Basic knowledge, learning while practicing","Rarely participate, mostly observe",Always,Above 85%,"Management/Execution (Planning, Organizing, Discipline)",Poor Time Management / Over-scheduling,Occasionally (When needed),High Impact (Frequent disruption),Low Risk,1,2
STU1113,4/12/2026 20:37,First Year (FY),BCA,19,Male,8.5 - 9.4,Satisfied,Less than 1 hour,2,Rarely,30-60 minutes,More than 6 hours,Social interactions,Mostly consistent,Often,Planning to start soon,Somewhat clear,"Soft skills (communication, teamwork, leadership, financial literacy)",3,5,3,Sometimes,6-7 hours,Software Developer,"No, not interested","Not currently, but intend to in the future","Basic knowledge, learning while practicing",Never participate in such events,Often,Above 85%,"Technical/Hard Skills (Coding, Math, Logic)",Poor Time Management / Over-scheduling,Unknown,High Impact (Frequent disruption),Moderate Risk,2,1
STU1114,3/16/2026 17:15,Second Year (SY),BCA,20,Female,8.5 - 9.4,Satisfied,More than 2 hours,5,Rarely,1-2 hours,More than 6 hours,Social interactions,Sometimes,Rarely,Thinking about it,Very clear,"Soft skills (communication, teamwork, leadership, financial literacy)",1,2,3,Often,6-7 hours,Cyber Security Analyst,"Yes, currently enrolled in one or more courses/certifications",Planning to start a project/internship soon,"Limited knowledge, theoretical only",Occasionally participate in events,Always,50% - 65%,"Technical/Hard Skills (Coding, Math, Logic)",Difficulty with Focus / Concentration,Never (Unaware or Not interested),Low Impact (Rarely affects study),Moderate Risk,2,3
STU1115,3/16/2026 14:41,Third Year (TY),BCA,20,Male,9.5 - 10.0,Very satisfied,1-2 hours,5,Never,1-2 hours,4-6 hours,Social media,Sometimes,Sometimes,Actively preparing for a goal (placements/exams),Very clear,Both hard and soft skills,2,4,2,Sometimes,4-5 hours,Data Analyst,"No, not interested","Not currently, but intend to in the future","Basic knowledge, learning while practicing",Never participate in such events,Often,76% - 85%,"Technical/Hard Skills (Coding, Math, Logic)",Lack of Consistency or Determination (Difficulty sticking to a plan),Rarely (Passive),High Impact (Frequent disruption),Moderate Risk,2,2
STU1116,4/8/2026 11:36,Second Year (SY),BCA,21,Other,7.0 - 8.4,Very satisfied,1-2 hours,2,Never,1-2 hours,4-6 hours,Gaming,Rarely,Sometimes,Thinking about it,Somewhat clear,Both hard and soft skills,2,4,1,Often,6-7 hours,Cyber Security Analyst,"Not currently, but intend to in the future","Not currently, but intend to in the future","Basic knowledge, learning while practicing","Rarely participate, mostly observe",Often,50% - 65%,"Technical/Hard Skills (Coding, Math, Logic)",Poor Time Management / Over-scheduling,Rarely (Passive),Moderate Impact (Occasional disruption),High Risk,3,2
STU1117,3/25/2026 9:53,Second Year (SY),BCom,21,Male,8.5 - 9.4,Very satisfied,Less than 1 hour,1,Rarely,More than 2 hours,More than 6 hours,Video content (YouTube/OTT),Mostly consistent,Often,Planning to start soon,Not clear,Both hard and soft skills,3,4,1,Never,6-7 hours,Data Analyst,"Not currently, but intend to in the future",Planning to start a project/internship soon,"Limited knowledge, theoretical only","Rarely participate, mostly observe",Often,66% - 75%,"Management/Execution (Planning, Organizing, Discipline)",Difficulty with Focus / Concentration,Rarely (Passive),Moderate Impact (Occasional disruption),Moderate Risk,2,1
STU1118,3/27/2026 12:32,Second Year (SY),BCA,21,Female,7.0 - 8.4,Satisfied,Less than 1 hour,2,Never,More than 2 hours,4-6 hours,Gaming,Sometimes,Often,Planning to start soon,Not clear,"Hard skills (programming, data analytics, technical skills)",3,3,1,Always,6-7 hours,AI / ML,Planning to enroll soon,"Not currently, but intend to in the future","Limited knowledge, theoretical only","Rarely participate, mostly observe",Rarely,Above 85%,"Technical/Hard Skills (Coding, Math, Logic)",Poor Time Management / Over-scheduling,Never (Unaware or Not interested),No Impact (Fully supportive environment),Moderate Risk,2,1
STU1119,3/26/2026 16:30,Second Year (PG),BSc Computer Science,24,Male,9.5 - 10.0,Satisfied,More than 2 hours,4,Never,1-2 hours,2-4 hours,Social media,Rarely,Sometimes,Thinking about it,Very clear,Both hard and soft skills,3,2,2,Often,6-7 hours,Software Developer,"Yes, currently enrolled in one or more courses/certifications","Not currently, but intend to in the future","Limited knowledge, theoretical only","Rarely participate, mostly observe",Sometimes,76% - 85%,"Soft Skills (Communication, Leadership, Teamwork)",Difficulty with Focus / Concentration,Rarely (Passive),No Impact (Fully supportive environment),Moderate Risk,2,3
STU1120,3/22/2026 8:20,First Year (FY),BCA,18,Male,7.0 - 8.4,Satisfied,1-2 hours,4,Rarely,1-2 hours,More than 6 hours,Video content (YouTube/OTT),Rarely,Often,Planning to start soon,Somewhat clear,Both hard and soft skills,5,2,2,Sometimes,Unknown,Digital Marketing Specialist,Unknown,"Not currently, but intend to in the future","Limited knowledge, theoretical only","Rarely participate, mostly observe",Rarely,50% - 65%,"Creative/Design Skills (Innovation, UI/UX, Content)",Lack of Consistency or Determination (Difficulty sticking to a plan),Rarely (Passive),Moderate Impact (Occasional disruption),High Risk,3,2
STU1121,3/23/2026 9:37,Second Year (SY),BCA,19,Female,9.5 - 10.0,Neutral,Less than 1 hour,3,Never,30-60 minutes,4-6 hours,Social media,Mostly consistent,Often,Actively preparing for a goal (placements/exams),Somewhat clear,"Soft skills (communication, teamwork, leadership, financial literacy)",2,5,2,Always,6-7 hours,Data Analyst,Planning to enroll soon,"Yes, actively working on projects/internship",Strong foundation in core concepts,Occasionally participate in events,Always,76% - 85%,"Technical/Hard Skills (Coding, Math, Logic)",Poor Time Management / Over-scheduling,Occasionally (When needed),No Impact (Fully supportive environment),Moderate Risk,2,1
STU1122,4/9/2026 17:52,Second Year (SY),BCA,20,Male,5.0 - 6.9,Neutral,1-2 hours,4,Rarely,More than 2 hours,2-4 hours,Social media,Rarely,Often,Actively preparing for a goal (placements/exams),Not clear,"Hard skills (programming, data analytics, technical skills)",4,Unknown,1,Sometimes,6-7 hours,Automation Engineer,Planning to enroll soon,Planning to start a project/internship soon,"Basic knowledge, learning while practicing",Occasionally participate in events,Always,Above 85%,"Soft Skills (Communication, Leadership, Teamwork)",Procrastination / Low Motivation,Rarely (Passive),Low Impact (Rarely affects study),High Risk,3,2
STU1123,3/19/2026 8:27,Second Year (SY),BCA,19,Male,8.5 - 9.4,Very satisfied,More than 2 hours,5,Few times a week,1-2 hours,4-6 hours,Video content (YouTube/OTT),Mostly consistent,Sometimes,Planning to start soon,Somewhat clear,"Soft skills (communication, teamwork, leadership, financial literacy)",5,2,3,Always,6-7 hours,Data Analyst,"No, not interested","Yes, actively working on projects/internship",Strong foundation in core concepts,Occasionally participate in events,Always,66% - 75%,"Soft Skills (Communication, Leadership, Teamwork)",Difficulty with Focus / Concentration,Rarely (Passive),Low Impact (Rarely affects study),Low Risk,1,3
STU1124,4/13/2026 21:14,Second Year (SY),BSc Computer Science,19,Male,8.5 - 9.4,Satisfied,More than 2 hours,Unknown,Rarely,1-2 hours,More than 6 hours,Video content (YouTube/OTT),Mostly consistent,Sometimes,Planning to start soon,Very clear,"Hard skills (programming, data analytics, technical skills)",3,3,3,Often,4-5 hours,Other,"No, not interested","Not currently, but intend to in the future","Basic knowledge, learning while practicing",Occasionally participate in events,Always,76% - 85%,"Creative/Design Skills (Innovation, UI/UX, Content)",Difficulty with Focus / Concentration,Occasionally (When needed),Low Impact (Rarely affects study),Moderate Risk,2,3
STU1125,4/8/2026 8:08,Final Year,BSc IT,22,Male,8.5 - 9.4,Neutral,1-2 hours,3,Rarely,More than 2 hours,More than 6 hours,Social interactions,Mostly consistent,Always,Actively preparing for a goal (placements/exams),Very clear,"Hard skills (programming, data analytics, technical skills)",1,3,1,Often,6-7 hours,AI / ML,Planning to enroll soon,"Not currently, but intend to in the future","Limited knowledge, theoretical only",Never participate in such events,Often,76% - 85%,"Technical/Hard Skills (Coding, Math, Logic)",Difficulty with Focus / Concentration,Rarely (Passive),No Impact (Fully supportive environment),Moderate Risk,2,2
STU1126,3/15/2026 9:03,Final Year,BSc IT,23,Male,7.0 - 8.4,Neutral,Less than 1 hour,Unknown,Few times a week,30-60 minutes,2-4 hours,Video content (YouTube/OTT),Rarely,Always,Actively preparing for a goal (placements/exams),Somewhat clear,"Hard skills (programming, data analytics, technical skills)",4,3,1,Never,More than 8 hours,Software Developer,Planning to enroll soon,"Yes, actively working on projects/internship","Basic knowledge, learning while practicing","Rarely participate, mostly observe",Often,50% - 65%,"Creative/Design Skills (Innovation, UI/UX, Content)",Procrastination / Low Motivation,Occasionally (When needed),Moderate Impact (Occasional disruption),High Risk,3,1
STU1127,4/13/2026 14:00,Second Year (SY),BCA,20,Male,8.5 - 9.4,Very satisfied,Less than 1 hour,1,Rarely,1-2 hours,4-6 hours,Gaming,Rarely,Sometimes,Thinking about it,Somewhat clear,"Soft skills (communication, teamwork, leadership, financial literacy)",4,2,1,Sometimes,More than 8 hours,Cyber Security Analyst,"No, not interested","Not currently, but intend to in the future","Limited knowledge, theoretical only","Rarely participate, mostly observe",Often,76% - 85%,"Soft Skills (Communication, Leadership, Teamwork)",Procrastination / Low Motivation,Occasionally (When needed),No Impact (Fully supportive environment),Moderate Risk,2,1
STU1128,3/25/2026 11:30,Third Year (TY),BSc Cyber Security,20,Female,9.5 - 10.0,Very satisfied,1-2 hours,3,Few times a week,30-60 minutes,2-4 hours,Social media,Mostly consistent,Always,Planning to start soon,Very clear,"Hard skills (programming, data analytics, technical skills)",4,2,2,Often,6-7 hours,Digital Marketing Specialist,"No, not interested","Yes, actively working on projects/internship","Basic knowledge, learning while practicing","Rarely participate, mostly observe",Always,66% - 75%,"Soft Skills (Communication, Leadership, Teamwork)",Procrastination / Low Motivation,Never (Unaware or Not interested),Low Impact (Rarely affects study),Low Risk,1,2
STU1129,4/1/2026 7:42,Second Year (SY),BCA,21,Male,5.0 - 6.9,Very unsatisfied,Less than 1 hour,1,Never,More than 2 hours,2-4 hours,Social interactions,Mostly consistent,Often,Planning to start soon,Somewhat clear,Both hard and soft skills,5,2,2,Never,More than 8 hours,Cyber Security Analyst,"Not currently, but intend to in the future","Yes, actively working on projects/internship","Basic knowledge, learning while practicing",Occasionally participate in events,Often,76% - 85%,"Soft Skills (Communication, Leadership, Teamwork)",Poor Time Management / Over-scheduling,Occasionally (When needed),No Impact (Fully supportive environment),Moderate Risk,2,1
STU1130,4/11/2026 9:09,Second Year (SY),BCA,19,Female,7.0 - 8.4,Neutral,Less than 1 hour,1,Never,1-2 hours,More than 6 hours,Social media,Sometimes,Sometimes,Thinking about it,Somewhat clear,Both hard and soft skills,4,2,2,Always,6-7 hours,Data Analyst,Planning to enroll soon,Planning to start a project/internship soon,"Basic knowledge, learning while practicing",Occasionally participate in events,Often,Less than 50%,"Technical/Hard Skills (Coding, Math, Logic)",Poor Time Management / Over-scheduling,Rarely (Passive),No Impact (Fully supportive environment),Moderate Risk,2,1
STU1131,3/29/2026 14:05,Second Year (PG),BCA,26,Male,8.5 - 9.4,Neutral,1-2 hours,2,Few times a week,More than 2 hours,More than 6 hours,Other,Mostly consistent,Always,Planning to start soon,Very clear,"Hard skills (programming, data analytics, technical skills)",3,1,2,Sometimes,More than 8 hours,AI / ML,"No, not interested","Not currently, but intend to in the future",Strong foundation in core concepts,Never participate in such events,Often,66% - 75%,"Technical/Hard Skills (Coding, Math, Logic)",Difficulty with Focus / Concentration,Rarely (Passive),Moderate Impact (Occasional disruption),Low Risk,1,2
STU1132,3/30/2026 10:57,First Year (FY),BCA,18,Male,9.5 - 10.0,Very satisfied,1-2 hours,1,Few times a week,30-60 minutes,4-6 hours,Gaming,Mostly consistent,Always,Thinking about it,Very clear,"Hard skills (programming, data analytics, technical skills)",2,3,2,Always,4-5 hours,AI / ML,Planning to enroll soon,Planning to start a project/internship soon,"Limited knowledge, theoretical only",Unknown,Always,76% - 85%,"Technical/Hard Skills (Coding, Math, Logic)",Lack of Consistency or Determination (Difficulty sticking to a plan),Occasionally (When needed),High Impact (Frequent disruption),Low Risk,1,2
STU1133,3/25/2026 0:14,Third Year (TY),BCA,22,Male,8.5 - 9.4,Neutral,More than 2 hours,4,Rarely,More than 2 hours,More than 6 hours,Social media,Mostly consistent,Always,Planning to start soon,Somewhat clear,Both hard and soft skills,4,3,3,Often,6-7 hours,AI / ML,"Not currently, but intend to in the future",Planning to start a project/internship soon,"Basic knowledge, learning while practicing","Rarely participate, mostly observe",Rarely,Above 85%,"Soft Skills (Communication, Leadership, Teamwork)",Lack of Consistency or Determination (Difficulty sticking to a plan),Occasionally (When needed),Moderate Impact (Occasional disruption),Low Risk,1,3
STU1134,3/27/2026 13:55,Second Year (SY),BBA,20,Male,8.5 - 9.4,Very satisfied,1-2 hours,4,Few times a week,1-2 hours,More than 6 hours,Gaming,Mostly consistent,Often,Planning to start soon,Somewhat clear,"Soft skills (communication, teamwork, leadership, financial literacy)",3,2,1,Sometimes,More than 8 hours,Cyber Security Analyst,"Yes, currently enrolled in one or more courses/certifications",Planning to start a project/internship soon,"Limited knowledge, theoretical only",Never participate in such events,Always,76% - 85%,"Technical/Hard Skills (Coding, Math, Logic)",Procrastination / Low Motivation,Never (Unaware or Not interested),Moderate Impact (Occasional disruption),Low Risk,1,2
STU1135,4/12/2026 8:34,Second Year (SY),BSc IT,20,Male,8.5 - 9.4,Very satisfied,1-2 hours,4,Few times a week,More than 2 hours,4-6 hours,Video content (YouTube/OTT),Sometimes,Rarely,Actively preparing for a goal (placements/exams),Somewhat clear,Both hard and soft skills,5,3,1,Sometimes,More than 8 hours,Other,Planning to enroll soon,"Not currently, but intend to in the future","Basic knowledge, learning while practicing","Rarely participate, mostly observe",Sometimes,66% - 75%,"Management/Execution (Planning, Organizing, Discipline)",Poor Time Management / Over-scheduling,Occasionally (When needed),Low Impact (Rarely affects study),Moderate Risk,2,2
STU1136,3/29/2026 15:34,Second Year (SY),BCom,21,Male,7.0 - 8.4,Satisfied,Less than 1 hour,2,Daily,30-60 minutes,4-6 hours,Social media,Sometimes,Often,Actively preparing for a goal (placements/exams),Not clear,Both hard and soft skills,3,3,2,Sometimes,6-7 hours,Data Analyst,Planning to enroll soon,Planning to start a project/internship soon,"Basic knowledge, learning while practicing","Rarely participate, mostly observe",Always,66% - 75%,"Soft Skills (Communication, Leadership, Teamwork)",Lack of Consistency or Determination (Difficulty sticking to a plan),Rarely (Passive),Low Impact (Rarely affects study),Moderate Risk,2,1
STU1137,3/30/2026 13:20,Final Year,BCA,23,Male,5.0 - 6.9,Very unsatisfied,Less than 1 hour,1,Rarely,1-2 hours,4-6 hours,Video content (YouTube/OTT),Sometimes,Sometimes,Actively preparing for a goal (placements/exams),Not clear,Both hard and soft skills,5,3,3,Sometimes,More than 8 hours,Data Analyst,Planning to enroll soon,"Yes, actively working on projects/internship","Limited knowledge, theoretical only",Occasionally participate in events,Rarely,76% - 85%,"Management/Execution (Planning, Organizing, Discipline)",Poor Time Management / Over-scheduling,Never (Unaware or Not interested),Moderate Impact (Occasional disruption),High Risk,3,1
STU1138,3/23/2026 19:11,Second Year (SY),BBA,19,Male,8.5 - 9.4,Neutral,1-2 hours,3,Few times a week,More than 2 hours,4-6 hours,Social media,Rarely,Rarely,Planning to start soon,Very clear,"Soft skills (communication, teamwork, leadership, financial literacy)",4,3,1,Often,More than 8 hours,Software Developer,Planning to enroll soon,Planning to start a project/internship soon,"Basic knowledge, learning while practicing",Never participate in such events,Often,76% - 85%,"Technical/Hard Skills (Coding, Math, Logic)",Procrastination / Low Motivation,Occasionally (When needed),No Impact (Fully supportive environment),Moderate Risk,2,2
STU1139,3/20/2026 8:52,First Year (FY),BCA,19,Male,7.0 - 8.4,Neutral,1-2 hours,3,Never,More than 2 hours,More than 6 hours,Social media,Rarely,Often,Actively preparing for a goal (placements/exams),Not clear,"Hard skills (programming, data analytics, technical skills)",3,5,1,Often,More than 8 hours,AI / ML,Planning to enroll soon,"Not currently, but intend to in the future","Basic knowledge, learning while practicing",Occasionally participate in events,Always,Less than 50%,"Technical/Hard Skills (Coding, Math, Logic)",Difficulty with Focus / Concentration,Rarely (Passive),Unknown,High Risk,3,2
STU1140,4/6/2026 19:04,Third Year (TY),BCA,22,Male,8.5 - 9.4,Neutral,More than 2 hours,5,Rarely,1-2 hours,More than 6 hours,Social media,Rarely,Often,Planning to start soon,Somewhat clear,Both hard and soft skills,3,4,2,Often,More than 8 hours,Cyber Security Analyst,"No, not interested",Planning to start a project/internship soon,Strong foundation in core concepts,Never participate in such events,Often,76% - 85%,"Soft Skills (Communication, Leadership, Teamwork)",Lack of Consistency or Determination (Difficulty sticking to a plan),Unknown,Moderate Impact (Occasional disruption),High Risk,3,3
STU1141,3/21/2026 14:18,Final Year,BCA,22,Male,5.0 - 6.9,Neutral,Less than 1 hour,3,Rarely,30-60 minutes,More than 6 hours,Other,Rarely,Always,Thinking about it,Not clear,Both hard and soft skills,4,4,1,Often,6-7 hours,Cyber Security Analyst,"No, not interested",Planning to start a project/internship soon,"Basic knowledge, learning while practicing","Rarely participate, mostly observe",Always,Less than 50%,"Technical/Hard Skills (Coding, Math, Logic)",Difficulty with Focus / Concentration,Never (Unaware or Not interested),Low Impact (Rarely affects study),High Risk,3,1
STU1142,4/8/2026 9:50,Third Year (TY),BCA,22,Male,7.0 - 8.4,Neutral,Less than 1 hour,1,Rarely,1-2 hours,More than 6 hours,Video content (YouTube/OTT),Rarely,Rarely,Actively preparing for a goal (placements/exams),Somewhat clear,"Soft skills (communication, teamwork, leadership, financial literacy)",4,3,2,Never,Unknown,Other,"No, not interested","Yes, actively working on projects/internship","Limited knowledge, theoretical only",Unknown,Often,50% - 65%,"Soft Skills (Communication, Leadership, Teamwork)",Procrastination / Low Motivation,Rarely (Passive),Low Impact (Rarely affects study),High Risk,3,1
STU1143,3/15/2026 11:11,Third Year (TY),BCom,21,Male,9.5 - 10.0,Satisfied,More than 2 hours,4,Daily,More than 2 hours,4-6 hours,Social media,Mostly consistent,Always,Planning to start soon,Somewhat clear,Both hard and soft skills,3,5,2,Always,More than 8 hours,Software Developer,Planning to enroll soon,Planning to start a project/internship soon,"Limited knowledge, theoretical only","Rarely participate, mostly observe",Always,Above 85%,"Soft Skills (Communication, Leadership, Teamwork)",Lack of Consistency or Determination (Difficulty sticking to a plan),Rarely (Passive),High Impact (Frequent disruption),Moderate Risk,2,3
STU1144,3/15/2026 18:04,First Year (PG),BCA,25,Male,7.0 - 8.4,Neutral,1-2 hours,4,Rarely,1-2 hours,4-6 hours,Social media,Sometimes,Rarely,Thinking about it,Somewhat clear,"Hard skills (programming, data analytics, technical skills)",4,4,2,Often,4-5 hours,Software Developer,"Yes, currently enrolled in one or more courses/certifications",Planning to start a project/internship soon,"Limited knowledge, theoretical only",Never participate in such events,Always,50% - 65%,"Soft Skills (Communication, Leadership, Teamwork)",Poor Time Management / Over-scheduling,Never (Unaware or Not interested),High Impact (Frequent disruption),High Risk,3,2
STU1145,3/23/2026 15:37,First Year (PG),BCA,25,Male,5.0 - 6.9,Neutral,1-2 hours,4,Rarely,More than 2 hours,2-4 hours,Video content (YouTube/OTT),Sometimes,Often,Planning to start soon,Somewhat clear,"Soft skills (communication, teamwork, leadership, financial literacy)",2,4,2,Always,6-7 hours,Automation Engineer,"No, not interested","Not currently, but intend to in the future","Basic knowledge, learning while practicing",Never participate in such events,Sometimes,50% - 65%,"Creative/Design Skills (Innovation, UI/UX, Content)",Procrastination / Low Motivation,Occasionally (When needed),High Impact (Frequent disruption),High Risk,3,2
STU1146,4/9/2026 16:29,Final Year,BCA,21,Female,8.5 - 9.4,Neutral,More than 2 hours,4,Rarely,More than 2 hours,More than 6 hours,Social media,Mostly consistent,Often,Planning to start soon,Somewhat clear,"Hard skills (programming, data analytics, technical skills)",4,2,1,Always,6-7 hours,AI / ML,"Not currently, but intend to in the future","Not currently, but intend to in the future","Limited knowledge, theoretical only",Never participate in such events,Always,Above 85%,"Soft Skills (Communication, Leadership, Teamwork)",Difficulty with Focus / Concentration,Unknown,High Impact (Frequent disruption),Low Risk,1,3
STU1147,3/20/2026 18:27,First Year (PG),BCA,24,Male,7.0 - 8.4,Very satisfied,1-2 hours,2,Rarely,1-2 hours,2-4 hours,Other,Rarely,Always,Planning to start soon,Not clear,Both hard and soft skills,4,3,Unknown,Sometimes,More than 8 hours,Digital Marketing Specialist,Planning to enroll soon,Planning to start a project/internship soon,"Basic knowledge, learning while practicing","Rarely participate, mostly observe",Rarely,50% - 65%,"Soft Skills (Communication, Leadership, Teamwork)",Poor Time Management / Over-scheduling,Rarely (Passive),Moderate Impact (Occasional disruption),High Risk,3,2
STU1148,4/2/2026 9:33,Second Year (PG),BCA,24,Male,8.5 - 9.4,Neutral,Less than 1 hour,2,Few times a week,1-2 hours,More than 6 hours,Other,Rarely,Sometimes,Planning to start soon,Not clear,"Hard skills (programming, data analytics, technical skills)",1,4,3,Always,6-7 hours,Data Analyst,"Yes, currently enrolled in one or more courses/certifications",Planning to start a project/internship soon,"Basic knowledge, learning while practicing",Never participate in such events,Always,76% - 85%,"Technical/Hard Skills (Coding, Math, Logic)",Lack of Consistency or Determination (Difficulty sticking to a plan),Never (Unaware or Not interested),Moderate Impact (Occasional disruption),High Risk,3,1
STU1149,3/29/2026 10:07,Second Year (SY),BA,20,Male,8.5 - 9.4,Very satisfied,More than 2 hours,4,Rarely,30-60 minutes,4-6 hours,Social media,Mostly consistent,Often,Thinking about it,Somewhat clear,Both hard and soft skills,3,3,3,Never,6-7 hours,Data Analyst,"Yes, currently enrolled in one or more courses/certifications","Not currently, but intend to in the future","Limited knowledge, theoretical only","Rarely participate, mostly observe",Always,66% - 75%,"Soft Skills (Communication, Leadership, Teamwork)",Procrastination / Low Motivation,Rarely (Passive),Moderate Impact (Occasional disruption),Moderate Risk,2,3
STU1150,3/27/2026 17:37,First Year (PG),BSc IT,23,Female,7.0 - 8.4,Neutral,More than 2 hours,4,Few times a week,1-2 hours,More than 6 hours,Social media,Rarely,Sometimes,Thinking about it,Somewhat clear,Both hard and soft skills,5,5,3,Always,6-7 hours,Digital Marketing Specialist,"Not currently, but intend to in the future","Not currently, but intend to in the future","Basic knowledge, learning while practicing","Rarely participate, mostly observe",Often,66% - 75%,"Creative/Design Skills (Innovation, UI/UX, Content)",Poor Time Management / Over-scheduling,Rarely (Passive),Moderate Impact (Occasional disruption),High Risk,3,3
STU1151,3/18/2026 11:08,First Year (FY),BSc Cyber Security,19,Male,9.5 - 10.0,Neutral,1-2 hours,5,Rarely,30-60 minutes,4-6 hours,Social media,Sometimes,Sometimes,Actively preparing for a goal (placements/exams),Very clear,"Soft skills (communication, teamwork, leadership, financial literacy)",3,2,2,Often,6-7 hours,Cyber Security Analyst,"Yes, currently enrolled in one or more courses/certifications",Planning to start a project/internship soon,"Limited knowledge, theoretical only",Never participate in such events,Always,Above 85%,"Soft Skills (Communication, Leadership, Teamwork)",Procrastination / Low Motivation,Occasionally (When needed),Moderate Impact (Occasional disruption),Low Risk,1,2
STU1152,4/14/2026 12:01,Third Year (TY),BCA,22,Male,7.0 - 8.4,Unsatisfied,Less than 1 hour,3,Never,1-2 hours,2-4 hours,Social media,Rarely,Sometimes,Planning to start soon,Very clear,"Hard skills (programming, data analytics, technical skills)",3,4,1,Often,4-5 hours,Digital Marketing Specialist,Planning to enroll soon,Planning to start a project/internship soon,"Basic knowledge, learning while practicing",Occasionally participate in events,Always,50% - 65%,"Technical/Hard Skills (Coding, Math, Logic)",Lack of Consistency or Determination (Difficulty sticking to a plan),Rarely (Passive),Moderate Impact (Occasional disruption),High Risk,3,1
STU1153,4/1/2026 15:58,Final Year,BSc IT,23,Male,7.0 - 8.4,Satisfied,Less than 1 hour,2,Rarely,30-60 minutes,Unknown,Video content (YouTube/OTT),Sometimes,Often,Actively preparing for a goal (placements/exams),Very clear,Both hard and soft skills,4,4,2,Sometimes,6-7 hours,Data Analyst,"No, not interested","Not currently, but intend to in the future","Limited knowledge, theoretical only",Occasionally participate in events,Sometimes,66% - 75%,"Management/Execution (Planning, Organizing, Discipline)",Lack of Consistency or Determination (Difficulty sticking to a plan),Occasionally (When needed),Moderate Impact (Occasional disruption),High Risk,3,1
STU1154,3/17/2026 7:26,Second Year (SY),BCA,20,Female,9.5 - 10.0,Satisfied,1-2 hours,3,Rarely,More than 2 hours,More than 6 hours,Social media,Mostly consistent,Sometimes,Planning to start soon,Very clear,"Hard skills (programming, data analytics, technical skills)",Unknown,5,1,Often,More than 8 hours,Digital Marketing Specialist,"Yes, currently enrolled in one or more courses/certifications",Planning to start a project/internship soon,Strong foundation in core concepts,"Rarely participate, mostly observe",Often,Above 85%,"Technical/Hard Skills (Coding, Math, Logic)",Difficulty with Focus / Concentration,Rarely (Passive),Moderate Impact (Occasional disruption),Moderate Risk,2,2
STU1155,4/3/2026 9:00,Third Year (TY),BSc IT,20,Male,8.5 - 9.4,Satisfied,More than 2 hours,3,Daily,30-60 minutes,4-6 hours,Social media,Mostly consistent,Sometimes,Actively preparing for a goal (placements/exams),Very clear,"Hard skills (programming, data analytics, technical skills)",4,2,3,Sometimes,6-7 hours,Automation Engineer,Planning to enroll soon,"Not currently, but intend to in the future","Basic knowledge, learning while practicing",Never participate in such events,Often,76% - 85%,"Technical/Hard Skills (Coding, Math, Logic)",Lack of Consistency or Determination (Difficulty sticking to a plan),Rarely (Passive),Low Impact (Rarely affects study),Low Risk,1,3
STU1156,3/19/2026 9:36,First Year (FY),BCA,17,Male,7.0 - 8.4,Very unsatisfied,Less than 1 hour,3,Rarely,30-60 minutes,More than 6 hours,Social interactions,Sometimes,Often,Actively preparing for a goal (placements/exams),Somewhat clear,"Hard skills (programming, data analytics, technical skills)",3,Unknown,3,Sometimes,4-5 hours,Software Developer,"Not currently, but intend to in the future","Not currently, but intend to in the future","Basic knowledge, learning while practicing",Never participate in such events,Often,66% - 75%,"Management/Execution (Planning, Organizing, Discipline)",Lack of Consistency or Determination (Difficulty sticking to a plan),Occasionally (When needed),High Impact (Frequent disruption),High Risk,3,1
STU1157,3/25/2026 16:45,First Year (FY),BCA,19,Male,8.5 - 9.4,Neutral,1-2 hours,4,Few times a week,More than 2 hours,More than 6 hours,Social interactions,Sometimes,Often,Actively preparing for a goal (placements/exams),Not clear,Both hard and soft skills,3,4,3,Always,4-5 hours,Cyber Security Analyst,"Not currently, but intend to in the future","Not currently, but intend to in the future","Basic knowledge, learning while practicing","Rarely participate, mostly observe",Often,66% - 75%,"Soft Skills (Communication, Leadership, Teamwork)",Procrastination / Low Motivation,Rarely (Passive),Low Impact (Rarely affects study),Moderate Risk,2,2
STU1158,4/10/2026 11:26,Second Year (SY),BCA,21,Male,7.0 - 8.4,Neutral,Less than 1 hour,4,Never,More than 2 hours,More than 6 hours,Social media,Sometimes,Always,Planning to start soon,Not clear,"Soft skills (communication, teamwork, leadership, financial literacy)",4,4,1,Sometimes,6-7 hours,AI / ML,"No, not interested",Planning to start a project/internship soon,Strong foundation in core concepts,"Rarely participate, mostly observe",Often,50% - 65%,"Management/Execution (Planning, Organizing, Discipline)",Difficulty with Focus / Concentration,Never (Unaware or Not interested),Low Impact (Rarely affects study),High Risk,3,1
STU1159,3/26/2026 15:09,Second Year (SY),BCA,21,Male,8.5 - 9.4,Very satisfied,Less than 1 hour,2,Rarely,30-60 minutes,More than 6 hours,Social media,Sometimes,Often,Thinking about it,Somewhat clear,"Soft skills (communication, teamwork, leadership, financial literacy)",2,5,2,Never,More than 8 hours,AI / ML,Planning to enroll soon,Planning to start a project/internship soon,"Basic knowledge, learning while practicing",Never participate in such events,Sometimes,76% - 85%,"Creative/Design Skills (Innovation, UI/UX, Content)",Lack of Consistency or Determination (Difficulty sticking to a plan),Occasionally (When needed),Moderate Impact (Occasional disruption),High Risk,3,1
STU1160,3/19/2026 11:58,First Year (FY),BCA,18,Male,7.0 - 8.4,Satisfied,Less than 1 hour,3,Few times a week,1-2 hours,More than 6 hours,Social interactions,Mostly consistent,Always,Thinking about it,Somewhat clear,"Soft skills (communication, teamwork, leadership, financial literacy)",2,3,3,Often,6-7 hours,Data Analyst,"Yes, currently enrolled in one or more courses/certifications","Not currently, but intend to in the future","Basic knowledge, learning while practicing",Occasionally participate in events,Always,76% - 85%,"Creative/Design Skills (Innovation, UI/UX, Content)",Lack of Consistency or Determination (Difficulty sticking to a plan),Rarely (Passive),Moderate Impact (Occasional disruption),Moderate Risk,2,1
STU1161,3/24/2026 9:35,Third Year (TY),BCA,20,Male,7.0 - 8.4,Very satisfied,1-2 hours,3,Rarely,30-60 minutes,4-6 hours,Video content (YouTube/OTT),Sometimes,Rarely,Planning to start soon,Very clear,"Hard skills (programming, data analytics, technical skills)",3,5,2,Sometimes,6-7 hours,Software Developer,Planning to enroll soon,Planning to start a project/internship soon,"Basic knowledge, learning while practicing",Never participate in such events,Often,66% - 75%,"Technical/Hard Skills (Coding, Math, Logic)",Procrastination / Low Motivation,Rarely (Passive),Low Impact (Rarely affects study),High Risk,3,2
STU1162,3/27/2026 14:03,Third Year (TY),BCom,21,Male,8.5 - 9.4,Neutral,1-2 hours,4,Never,More than 2 hours,More than 6 hours,Social media,Sometimes,Rarely,Planning to start soon,Somewhat clear,"Hard skills (programming, data analytics, technical skills)",5,4,3,Sometimes,Unknown,Other,Unknown,"Not currently, but intend to in the future","Limited knowledge, theoretical only","Rarely participate, mostly observe",Rarely,Less than 50%,"Soft Skills (Communication, Leadership, Teamwork)",Difficulty with Focus / Concentration,Never (Unaware or Not interested),Moderate Impact (Occasional disruption),High Risk,3,2
STU1163,4/6/2026 9:40,Second Year (SY),BCA,20,Male,5.0 - 6.9,Neutral,Less than 1 hour,1,Few times a week,30-60 minutes,4-6 hours,Other,Sometimes,Rarely,Thinking about it,Somewhat clear,"Soft skills (communication, teamwork, leadership, financial literacy)",2,5,2,Often,4-5 hours,AI / ML,"Yes, currently enrolled in one or more courses/certifications",Planning to start a project/internship soon,Strong foundation in core concepts,Occasionally participate in events,Always,50% - 65%,"Soft Skills (Communication, Leadership, Teamwork)",Procrastination / Low Motivation,Unknown,Moderate Impact (Occasional disruption),High Risk,3,1
STU1164,4/6/2026 15:18,Third Year (TY),BCA,21,Female,5.0 - 6.9,Unsatisfied,Less than 1 hour,2,Few times a week,30-60 minutes,More than 6 hours,Social interactions,Sometimes,Rarely,Actively preparing for a goal (placements/exams),Very clear,"Hard skills (programming, data analytics, technical skills)",Unknown,3,2,Sometimes,More than 8 hours,Cyber Security Analyst,Planning to enroll soon,"Yes, actively working on projects/internship","Limited knowledge, theoretical only",Occasionally participate in events,Often,76% - 85%,"Technical/Hard Skills (Coding, Math, Logic)",Difficulty with Focus / Concentration,Rarely (Passive),Low Impact (Rarely affects study),High Risk,3,1
STU1165,4/12/2026 18:00,Second Year (SY),BCA,19,Male,5.0 - 6.9,Neutral,Less than 1 hour,2,Rarely,30-60 minutes,2-4 hours,Gaming,Sometimes,Sometimes,Thinking about it,Very clear,Both hard and soft skills,4,3,3,Sometimes,Unknown,Other,"Yes, currently enrolled in one or more courses/certifications",Planning to start a project/internship soon,"Limited knowledge, theoretical only",Never participate in such events,Often,76% - 85%,"Creative/Design Skills (Innovation, UI/UX, Content)",Poor Time Management / Over-scheduling,Rarely (Passive),Moderate Impact (Occasional disruption),High Risk,3,1
STU1166,3/21/2026 11:21,Third Year (TY),BCA,22,Male,5.0 - 6.9,Very unsatisfied,Less than 1 hour,1,Rarely,30-60 minutes,More than 6 hours,Social media,Rarely,Often,Actively preparing for a goal (placements/exams),Not clear,Both hard and soft skills,4,3,1,Often,6-7 hours,Data Analyst,Planning to enroll soon,Planning to start a project/internship soon,"Limited knowledge, theoretical only","Rarely participate, mostly observe",Sometimes,76% - 85%,"Management/Execution (Planning, Organizing, Discipline)",Difficulty with Focus / Concentration,Occasionally (When needed),Moderate Impact (Occasional disruption),High Risk,3,1
STU1167,4/6/2026 6:28,Third Year (TY),BSc Cyber Security,20,Male,5.0 - 6.9,Satisfied,1-2 hours,2,Rarely,30-60 minutes,4-6 hours,Gaming,Sometimes,Sometimes,Planning to start soon,Somewhat clear,Both hard and soft skills,4,1,1,Sometimes,Unknown,Other,"No, not interested","Not currently, but intend to in the future","Basic knowledge, learning while practicing",Never participate in such events,Always,Less than 50%,"Soft Skills (Communication, Leadership, Teamwork)",Difficulty with Focus / Concentration,Unknown,Moderate Impact (Occasional disruption),Moderate Risk,2,2
STU1168,4/3/2026 19:43,First Year (PG),BA,23,Male,7.0 - 8.4,Neutral,Less than 1 hour,1,Few times a week,Unknown,2-4 hours,Social media,Mostly consistent,Often,Planning to start soon,Very clear,"Soft skills (communication, teamwork, leadership, financial literacy)",3,Unknown,1,Always,4-5 hours,Data Analyst,"Not currently, but intend to in the future",Planning to start a project/internship soon,"Basic knowledge, learning while practicing","Rarely participate, mostly observe",Sometimes,50% - 65%,"Soft Skills (Communication, Leadership, Teamwork)",Procrastination / Low Motivation,Rarely (Passive),No Impact (Fully supportive environment),Moderate Risk,2,1
STU1169,3/17/2026 11:04,Final Year,BCA,23,Female,8.5 - 9.4,Unsatisfied,1-2 hours,5,Rarely,More than 2 hours,More than 6 hours,Video content (YouTube/OTT),Mostly consistent,Often,Planning to start soon,Somewhat clear,"Hard skills (programming, data analytics, technical skills)",5,3,3,Often,6-7 hours,Data Analyst,"Yes, currently enrolled in one or more courses/certifications","Yes, actively working on projects/internship","Basic knowledge, learning while practicing","Rarely participate, mostly observe",Always,66% - 75%,"Technical/Hard Skills (Coding, Math, Logic)",Difficulty with Focus / Concentration,Occasionally (When needed),Moderate Impact (Occasional disruption),Moderate Risk,2,2
STU1170,3/19/2026 9:21,Second Year (SY),BA,19,Male,8.5 - 9.4,Neutral,1-2 hours,4,Rarely,30-60 minutes,2-4 hours,Video content (YouTube/OTT),Sometimes,Sometimes,Thinking about it,Not clear,Both hard and soft skills,4,2,3,Often,More than 8 hours,Software Developer,"Yes, currently enrolled in one or more courses/certifications",Planning to start a project/internship soon,Strong foundation in core concepts,"Rarely participate, mostly observe",Often,76% - 85%,"Technical/Hard Skills (Coding, Math, Logic)",Lack of Consistency or Determination (Difficulty sticking to a plan),Occasionally (When needed),Moderate Impact (Occasional disruption),Moderate Risk,2,2
STU1171,3/29/2026 23:45,Second Year (PG),BSc Cyber Security,26,Male,8.5 - 9.4,Neutral,Less than 1 hour,1,Rarely,30-60 minutes,More than 6 hours,Gaming,Sometimes,Sometimes,Actively preparing for a goal (placements/exams),Very clear,"Hard skills (programming, data analytics, technical skills)",4,3,2,Sometimes,More than 8 hours,Digital Marketing Specialist,Planning to enroll soon,"Yes, actively working on projects/internship","Basic knowledge, learning while practicing",Occasionally participate in events,Often,50% - 65%,"Soft Skills (Communication, Leadership, Teamwork)",Poor Time Management / Over-scheduling,Never (Unaware or Not interested),Moderate Impact (Occasional disruption),Moderate Risk,2,1
STU1172,4/11/2026 22:23,First Year (FY),BSc IT,17,Male,8.5 - 9.4,Satisfied,1-2 hours,Unknown,Never,1-2 hours,More than 6 hours,Social media,Mostly consistent,Sometimes,Actively preparing for a goal (placements/exams),Very clear,"Hard skills (programming, data analytics, technical skills)",3,3,Unknown,Often,6-7 hours,Other,"Yes, currently enrolled in one or more courses/certifications",Planning to start a project/internship soon,Unknown,Never participate in such events,Rarely,Above 85%,"Soft Skills (Communication, Leadership, Teamwork)",Poor Time Management / Over-scheduling,Occasionally (When needed),High Impact (Frequent disruption),Low Risk,1,2
STU1173,4/12/2026 13:08,Third Year (TY),BSc Computer Science,21,Male,5.0 - 6.9,Unsatisfied,Less than 1 hour,3,Rarely,1-2 hours,More than 6 hours,Video content (YouTube/OTT),Sometimes,Often,Thinking about it,Very clear,"Soft skills (communication, teamwork, leadership, financial literacy)",3,1,3,Sometimes,More than 8 hours,Other,"Yes, currently enrolled in one or more courses/certifications","Yes, actively working on projects/internship","Basic knowledge, learning while practicing",Occasionally participate in events,Often,66% - 75%,"Soft Skills (Communication, Leadership, Teamwork)",Procrastination / Low Motivation,Occasionally (When needed),Low Impact (Rarely affects study),Moderate Risk,2,1
STU1174,4/9/2026 16:47,Final Year,BSc IT,21,Female,9.5 - 10.0,Satisfied,1-2 hours,4,Rarely,1-2 hours,4-6 hours,Other,Mostly consistent,Often,Actively preparing for a goal (placements/exams),Very clear,"Hard skills (programming, data analytics, technical skills)",5,1,3,Sometimes,More than 8 hours,Software Developer,"No, not interested",Planning to start a project/internship soon,"Basic knowledge, learning while practicing",Never participate in such events,Always,50% - 65%,"Management/Execution (Planning, Organizing, Discipline)",Procrastination / Low Motivation,Unknown,High Impact (Frequent disruption),Low Risk,1,2
STU1175,3/17/2026 16:07,Final Year,BCA,22,Male,9.5 - 10.0,Very satisfied,Less than 1 hour,3,Rarely,1-2 hours,4-6 hours,Social interactions,Mostly consistent,Rarely,Planning to start soon,Somewhat clear,Both hard and soft skills,4,3,3,Often,6-7 hours,Data Analyst,"No, not interested",Planning to start a project/internship soon,"Basic knowledge, learning while practicing","Rarely participate, mostly observe",Often,76% - 85%,"Management/Execution (Planning, Organizing, Discipline)",Poor Time Management / Over-scheduling,Never (Unaware or Not interested),Moderate Impact (Occasional disruption),Low Risk,1,1
STU1176,3/25/2026 9:28,First Year (FY),BCom,19,Male,5.0 - 6.9,Satisfied,Less than 1 hour,2,Never,1-2 hours,4-6 hours,Video content (YouTube/OTT),Mostly consistent,Often,Planning to start soon,Somewhat clear,Both hard and soft skills,3,5,3,Often,6-7 hours,Other,"No, not interested","Not currently, but intend to in the future","Basic knowledge, learning while practicing",Never participate in such events,Always,50% - 65%,"Soft Skills (Communication, Leadership, Teamwork)",Procrastination / Low Motivation,Never (Unaware or Not interested),Moderate Impact (Occasional disruption),High Risk,3,1
STU1177,3/29/2026 9:09,Second Year (SY),BBA,20,Female,7.0 - 8.4,Neutral,Less than 1 hour,1,Rarely,1-2 hours,4-6 hours,Video content (YouTube/OTT),Rarely,Always,Planning to start soon,Not clear,"Hard skills (programming, data analytics, technical skills)",1,4,2,Often,4-5 hours,Automation Engineer,"No, not interested",Planning to start a project/internship soon,"Limited knowledge, theoretical only",Occasionally participate in events,Rarely,66% - 75%,"Technical/Hard Skills (Coding, Math, Logic)",Lack of Consistency or Determination (Difficulty sticking to a plan),Occasionally (When needed),Moderate Impact (Occasional disruption),High Risk,3,1
STU1178,3/20/2026 13:00,First Year (FY),BSc IT,17,Male,8.5 - 9.4,Neutral,1-2 hours,3,Never,30-60 minutes,2-4 hours,Other,Sometimes,Rarely,Thinking about it,Somewhat clear,"Hard skills (programming, data analytics, technical skills)",1,2,3,Always,6-7 hours,Automation Engineer,"No, not interested","Yes, actively working on projects/internship","Limited knowledge, theoretical only",Occasionally participate in events,Often,Above 85%,"Creative/Design Skills (Innovation, UI/UX, Content)",Lack of Consistency or Determination (Difficulty sticking to a plan),Rarely (Passive),Low Impact (Rarely affects study),Low Risk,1,2
STU1179,3/18/2026 14:36,Second Year (SY),BCA,20,Male,8.5 - 9.4,Very satisfied,1-2 hours,3,Never,1-2 hours,More than 6 hours,Social interactions,Sometimes,Sometimes,Thinking about it,Not clear,"Hard skills (programming, data analytics, technical skills)",5,4,2,Never,More than 8 hours,Cyber Security Analyst,"Not currently, but intend to in the future",Planning to start a project/internship soon,"Limited knowledge, theoretical only",Never participate in such events,Often,76% - 85%,"Creative/Design Skills (Innovation, UI/UX, Content)",Procrastination / Low Motivation,Rarely (Passive),Low Impact (Rarely affects study),Moderate Risk,2,2
STU1180,4/1/2026 9:24,First Year (FY),BCA,19,Other,7.0 - 8.4,Unsatisfied,Less than 1 hour,1,Rarely,30-60 minutes,More than 6 hours,Gaming,Mostly consistent,Often,Planning to start soon,Somewhat clear,Both hard and soft skills,3,3,2,Always,6-7 hours,AI / ML,"Not currently, but intend to in the future",Planning to start a project/internship soon,"Limited knowledge, theoretical only",Never participate in such events,Often,76% - 85%,"Soft Skills (Communication, Leadership, Teamwork)",Procrastination / Low Motivation,Rarely (Passive),High Impact (Frequent disruption),Moderate Risk,2,1
STU1181,3/30/2026 18:37,First Year (FY),BCA,17,Male,8.5 - 9.4,Very satisfied,1-2 hours,4,Few times a week,More than 2 hours,More than 6 hours,Social media,Mostly consistent,Often,Actively preparing for a goal (placements/exams),Somewhat clear,"Hard skills (programming, data analytics, technical skills)",5,4,3,Sometimes,6-7 hours,Automation Engineer,"No, not interested","Not currently, but intend to in the future","Limited knowledge, theoretical only",Occasionally participate in events,Always,76% - 85%,"Management/Execution (Planning, Organizing, Discipline)",Poor Time Management / Over-scheduling,Rarely (Passive),High Impact (Frequent disruption),Moderate Risk,2,2
STU1182,3/19/2026 7:34,Second Year (SY),BSc Computer Science,21,Male,7.0 - 8.4,Unsatisfied,1-2 hours,1,Rarely,30-60 minutes,More than 6 hours,Social media,Mostly consistent,Often,Thinking about it,Somewhat clear,Both hard and soft skills,3,5,1,Sometimes,6-7 hours,Software Developer,Planning to enroll soon,"Yes, actively working on projects/internship","Basic knowledge, learning while practicing",Never participate in such events,Always,50% - 65%,"Soft Skills (Communication, Leadership, Teamwork)",Procrastination / Low Motivation,Rarely (Passive),Low Impact (Rarely affects study),High Risk,3,2
STU1183,3/28/2026 6:04,First Year (PG),BCA,24,Male,8.5 - 9.4,Neutral,1-2 hours,4,Rarely,30-60 minutes,2-4 hours,Social media,Rarely,Sometimes,Thinking about it,Somewhat clear,"Hard skills (programming, data analytics, technical skills)",4,2,1,Always,6-7 hours,Automation Engineer,"Not currently, but intend to in the future",Planning to start a project/internship soon,"Limited knowledge, theoretical only",Occasionally participate in events,Rarely,76% - 85%,"Soft Skills (Communication, Leadership, Teamwork)",Procrastination / Low Motivation,Occasionally (When needed),No Impact (Fully supportive environment),Moderate Risk,2,2
STU1184,4/6/2026 19:08,Second Year (SY),BCA,20,Female,7.0 - 8.4,Neutral,Less than 1 hour,2,Few times a week,30-60 minutes,4-6 hours,Other,Rarely,Sometimes,Thinking about it,Not clear,"Hard skills (programming, data analytics, technical skills)",1,4,1,Always,4-5 hours,Digital Marketing Specialist,Planning to enroll soon,"Not currently, but intend to in the future","Limited knowledge, theoretical only",Never participate in such events,Rarely,76% - 85%,"Management/Execution (Planning, Organizing, Discipline)",Procrastination / Low Motivation,Rarely (Passive),Moderate Impact (Occasional disruption),High Risk,3,1
STU1185,3/15/2026 10:12,Second Year (SY),BCA,21,Male,5.0 - 6.9,Unsatisfied,1-2 hours,4,Rarely,1-2 hours,2-4 hours,Social interactions,Sometimes,Often,Thinking about it,Somewhat clear,"Soft skills (communication, teamwork, leadership, financial literacy)",3,3,2,Always,4-5 hours,Data Analyst,"Yes, currently enrolled in one or more courses/certifications","Not currently, but intend to in the future","Basic knowledge, learning while practicing",Never participate in such events,Often,50% - 65%,"Soft Skills (Communication, Leadership, Teamwork)",Procrastination / Low Motivation,Occasionally (When needed),Moderate Impact (Occasional disruption),High Risk,3,2
STU1186,3/20/2026 9:41,First Year (FY),BCA,19,Male,8.5 - 9.4,Neutral,1-2 hours,4,Never,1-2 hours,4-6 hours,Other,Sometimes,Always,Actively preparing for a goal (placements/exams),Very clear,"Soft skills (communication, teamwork, leadership, financial literacy)",3,3,3,Often,6-7 hours,Digital Marketing Specialist,Planning to enroll soon,"Yes, actively working on projects/internship","Limited knowledge, theoretical only","Rarely participate, mostly observe",Always,Above 85%,"Technical/Hard Skills (Coding, Math, Logic)",Poor Time Management / Over-scheduling,Rarely (Passive),Moderate Impact (Occasional disruption),Moderate Risk,2,2
STU1187,3/23/2026 12:01,Second Year (SY),BCA,19,Female,5.0 - 6.9,Unsatisfied,1-2 hours,5,Daily,More than 2 hours,4-6 hours,Gaming,Rarely,Rarely,Planning to start soon,Very clear,"Hard skills (programming, data analytics, technical skills)",3,5,1,Sometimes,6-7 hours,Software Developer,"Yes, currently enrolled in one or more courses/certifications","Not currently, but intend to in the future","Limited knowledge, theoretical only","Rarely participate, mostly observe",Sometimes,76% - 85%,"Technical/Hard Skills (Coding, Math, Logic)",Procrastination / Low Motivation,Rarely (Passive),Moderate Impact (Occasional disruption),High Risk,3,2
STU1188,4/12/2026 13:35,Second Year (PG),BA,25,Male,7.0 - 8.4,Satisfied,More than 2 hours,2,Few times a week,1-2 hours,More than 6 hours,Social media,Sometimes,Sometimes,Actively preparing for a goal (placements/exams),Somewhat clear,"Hard skills (programming, data analytics, technical skills)",4,4,1,Never,6-7 hours,Digital Marketing Specialist,"Not currently, but intend to in the future","Yes, actively working on projects/internship","Limited knowledge, theoretical only",Never participate in such events,Often,66% - 75%,"Management/Execution (Planning, Organizing, Discipline)",Procrastination / Low Motivation,Rarely (Passive),Moderate Impact (Occasional disruption),High Risk,3,3
STU1189,3/24/2026 12:03,Second Year (PG),BCA,25,Male,9.5 - 10.0,Very satisfied,1-2 hours,3,Daily,1-2 hours,More than 6 hours,Video content (YouTube/OTT),Mostly consistent,Always,Thinking about it,Very clear,Both hard and soft skills,4,2,3,Often,6-7 hours,AI / ML,Planning to enroll soon,"Yes, actively working on projects/internship","Limited knowledge, theoretical only","Rarely participate, mostly observe",Often,Above 85%,"Creative/Design Skills (Innovation, UI/UX, Content)",Lack of Consistency or Determination (Difficulty sticking to a plan),Occasionally (When needed),Moderate Impact (Occasional disruption),Low Risk,1,2
STU1190,3/27/2026 15:38,Second Year (SY),BCA,19,Male,8.5 - 9.4,Satisfied,1-2 hours,3,Never,More than 2 hours,4-6 hours,Video content (YouTube/OTT),Sometimes,Sometimes,Actively preparing for a goal (placements/exams),Very clear,"Soft skills (communication, teamwork, leadership, financial literacy)",3,3,3,Sometimes,6-7 hours,Automation Engineer,"Not currently, but intend to in the future",Planning to start a project/internship soon,"Limited knowledge, theoretical only",Never participate in such events,Often,Above 85%,"Creative/Design Skills (Innovation, UI/UX, Content)",Poor Time Management / Over-scheduling,Never (Unaware or Not interested),Moderate Impact (Occasional disruption),Moderate Risk,2,2
STU1191,4/1/2026 12:41,Second Year (SY),BCom,21,Male,7.0 - 8.4,Neutral,1-2 hours,3,Rarely,30-60 minutes,More than 6 hours,Video content (YouTube/OTT),Mostly consistent,Often,Planning to start soon,Very clear,"Soft skills (communication, teamwork, leadership, financial literacy)",1,4,3,Often,More than 8 hours,Digital Marketing Specialist,"Yes, currently enrolled in one or more courses/certifications","Not currently, but intend to in the future","Basic knowledge, learning while practicing","Rarely participate, mostly observe",Often,66% - 75%,"Soft Skills (Communication, Leadership, Teamwork)",Lack of Consistency or Determination (Difficulty sticking to a plan),Rarely (Passive),Low Impact (Rarely affects study),Moderate Risk,2,2
STU1192,3/19/2026 12:26,Third Year (TY),BCA,22,Male,8.5 - 9.4,Satisfied,1-2 hours,1,Rarely,30-60 minutes,More than 6 hours,Social media,Sometimes,Sometimes,Planning to start soon,Very clear,Both hard and soft skills,4,1,1,Never,6-7 hours,AI / ML,Planning to enroll soon,Planning to start a project/internship soon,"Basic knowledge, learning while practicing",Never participate in such events,Always,Above 85%,"Technical/Hard Skills (Coding, Math, Logic)",Lack of Consistency or Determination (Difficulty sticking to a plan),Never (Unaware or Not interested),High Impact (Frequent disruption),Low Risk,1,2
STU1193,4/14/2026 12:29,Final Year,BCA,21,Male,5.0 - 6.9,Very unsatisfied,Less than 1 hour,1,Few times a week,30-60 minutes,More than 6 hours,Video content (YouTube/OTT),Rarely,Rarely,Planning to start soon,Very clear,Both hard and soft skills,3,3,2,Sometimes,Unknown,AI / ML,"Not currently, but intend to in the future",Planning to start a project/internship soon,"Basic knowledge, learning while practicing",Never participate in such events,Often,66% - 75%,"Creative/Design Skills (Innovation, UI/UX, Content)",Difficulty with Focus / Concentration,Rarely (Passive),High Impact (Frequent disruption),High Risk,3,1
STU1194,3/27/2026 14:31,Third Year (TY),BSc Computer Science,20,Male,5.0 - 6.9,Neutral,1-2 hours,3,Rarely,More than 2 hours,2-4 hours,Video content (YouTube/OTT),Sometimes,Sometimes,Planning to start soon,Not clear,"Soft skills (communication, teamwork, leadership, financial literacy)",3,4,3,Often,6-7 hours,Digital Marketing Specialist,"Yes, currently enrolled in one or more courses/certifications",Planning to start a project/internship soon,"Basic knowledge, learning while practicing",Never participate in such events,Always,Less than 50%,"Soft Skills (Communication, Leadership, Teamwork)",Lack of Consistency or Determination (Difficulty sticking to a plan),Rarely (Passive),Moderate Impact (Occasional disruption),High Risk,3,2
STU1195,4/7/2026 9:17,Second Year (SY),BSc IT,21,Female,7.0 - 8.4,Satisfied,More than 2 hours,4,Rarely,30-60 minutes,4-6 hours,Social media,Rarely,Rarely,Actively preparing for a goal (placements/exams),Very clear,"Hard skills (programming, data analytics, technical skills)",4,2,3,Sometimes,More than 8 hours,Software Developer,Planning to enroll soon,Planning to start a project/internship soon,"Basic knowledge, learning while practicing","Rarely participate, mostly observe",Often,Above 85%,"Soft Skills (Communication, Leadership, Teamwork)",Procrastination / Low Motivation,Occasionally (When needed),High Impact (Frequent disruption),Moderate Risk,2,3
STU1196,3/23/2026 10:57,Second Year (SY),BSc Cyber Security,19,Female,8.5 - 9.4,Very satisfied,1-2 hours,4,Few times a week,More than 2 hours,4-6 hours,Social interactions,Rarely,Sometimes,Planning to start soon,Very clear,"Hard skills (programming, data analytics, technical skills)",5,2,1,Often,6-7 hours,Software Developer,Planning to enroll soon,"Not currently, but intend to in the future","Basic knowledge, learning while practicing",Never participate in such events,Often,76% - 85%,"Management/Execution (Planning, Organizing, Discipline)",Procrastination / Low Motivation,Occasionally (When needed),High Impact (Frequent disruption),Moderate Risk,2,2
STU1197,3/19/2026 7:38,First Year (FY),BCA,18,Male,9.5 - 10.0,Unsatisfied,1-2 hours,3,Rarely,30-60 minutes,4-6 hours,Social media,Sometimes,Sometimes,Actively preparing for a goal (placements/exams),Very clear,Both hard and soft skills,4,4,3,Never,Unknown,Cyber Security Analyst,"Not currently, but intend to in the future",Planning to start a project/internship soon,Strong foundation in core concepts,Occasionally participate in events,Sometimes,76% - 85%,"Technical/Hard Skills (Coding, Math, Logic)",Lack of Consistency or Determination (Difficulty sticking to a plan),Rarely (Passive),Moderate Impact (Occasional disruption),Moderate Risk,2,2
STU1198,3/23/2026 14:07,First Year (FY),BSc IT,17,Female,7.0 - 8.4,Very unsatisfied,1-2 hours,3,Few times a week,1-2 hours,More than 6 hours,Social media,Sometimes,Always,Planning to start soon,Somewhat clear,"Soft skills (communication, teamwork, leadership, financial literacy)",1,5,3,Often,6-7 hours,AI / ML,"Not currently, but intend to in the future","Yes, actively working on projects/internship","Limited knowledge, theoretical only",Occasionally participate in events,Often,50% - 65%,"Management/Execution (Planning, Organizing, Discipline)",Lack of Consistency or Determination (Difficulty sticking to a plan),Never (Unaware or Not interested),Low Impact (Rarely affects study),High Risk,3,2
STU1199,3/21/2026 6:19,Second Year (SY),BCA,21,Male,8.5 - 9.4,Satisfied,Less than 1 hour,2,Rarely,30-60 minutes,More than 6 hours,Social media,Sometimes,Rarely,Thinking about it,Very clear,"Hard skills (programming, data analytics, technical skills)",3,4,3,Often,6-7 hours,AI / ML,Unknown,Planning to start a project/internship soon,"Basic knowledge, learning while practicing","Rarely participate, mostly observe",Always,50% - 65%,"Creative/Design Skills (Innovation, UI/UX, Content)",Procrastination / Low Motivation,Occasionally (When needed),High Impact (Frequent disruption),High Risk,3,1
STU1200,4/13/2026 12:22,First Year (FY),BCA,17,Female,7.0 - 8.4,Satisfied,Less than 1 hour,4,Rarely,More than 2 hours,More than 6 hours,Social media,Sometimes,Sometimes,Thinking about it,Somewhat clear,Both hard and soft skills,3,3,1,Sometimes,6-7 hours,Automation Engineer,"Yes, currently enrolled in one or more courses/certifications","Yes, actively working on projects/internship","Limited knowledge, theoretical only","Rarely participate, mostly observe",Often,50% - 65%,"Management/Execution (Planning, Organizing, Discipline)",Difficulty with Focus / Concentration,Rarely (Passive),No Impact (Fully supportive environment),High Risk,3,1
