student_id,timestamp,year_class,program_stream,age,gender,cgpa_category,academic_satisfaction,study_hours_daily,daily_productivity,revision_frequency,focus_duration,screen_time_non_study,main_distractor,study_consistency,tasks_on_time,preparation_status,career_goal_clarity,skills_developing,energy_level,stress_level,routine_rating,sleepy_during_study,sleep_hours,career_interest,online_courses,projects_internships,programming_foundation,events_participation,assignments_on_time,attendance_percentage,strongest_asset,internal_barrier,external_resources,external_pressure,performance_risk_level
STU0001,3/29/2026 20:54,Second Year (SY),BCA,20,Female,8.5 – 9.4,Neutral,Less than 1 hour,2,Never,1–2 hours,More than 6 hours,Social media,Rarely,Sometimes,Planning to start soon,Somewhat clear,"Hard skills (programming, data analytics, technical skills)",4,4,1,Sometimes,6–7 hours,Other,"Not currently, but intend to in the future","Yes, actively working on projects/internship","Basic knowledge, learning while practicing",Occasionally participate in events,Often,Above 85%,"Technical/Hard Skills (Coding, Math, Logic)",Lack of Consistency or Determination (Difficulty sticking to a plan),Occasionally (When needed),No Impact (Fully supportive environment),Moderate Risk
STU0002,3/29/2026 21:20,Second Year (SY),BCA,20,Male,8.5 – 9.4,Unsatisfied,1–2 hours,1,Rarely,30–60 minutes,2–4 hours,Video content (YouTube/OTT),Sometimes,Sometimes,Planning to start soon,Somewhat clear,Both hard and soft skills,2,3,1,Often,6–7 hours,Automation Engineer,"Yes, currently enrolled in one or more courses/certifications","Yes, actively working on projects/internship","Limited knowledge, theoretical only","Rarely participate, mostly observe",Often,76% – 85%,"Creative/Design Skills (Innovation, UI/UX, Content)",Lack of Consistency or Determination (Difficulty sticking to a plan),Occasionally (When needed),Moderate Impact (Occasional disruption),Moderate Risk
STU0003,3/29/2026 21:21,Second Year (SY),BCA,19,Male,5.0 – 6.9,Neutral,1–2 hours,2,Few times a week,1–2 hours,4–6 hours,Social interactions,Mostly consistent,Often,Actively preparing for a goal (placements/exams),Very clear,Both hard and soft skills,4,5,2,Often,6–7 hours,Cyber Security Analyst,Planning to enroll soon,"Yes, actively working on projects/internship","Basic knowledge, learning while practicing","Rarely participate, mostly observe",Often,Less than 50%,"Technical/Hard Skills (Coding, Math, Logic)",Difficulty with Focus / Concentration,Rarely (Passive),High Impact (Frequent disruption),High Risk
STU0004,3/29/2026 21:27,Second Year (SY),BCA,19,Female,8.5 – 9.4,Satisfied,1–2 hours,3,Rarely,1–2 hours,More than 6 hours,Social interactions,Sometimes,Often,Planning to start soon,Somewhat clear,Both hard and soft skills,3,2,2,Always,6–7 hours,Cyber Security Analyst,Planning to enroll soon,Planning to start a project/internship soon,"Basic knowledge, learning while practicing","Rarely participate, mostly observe",Often,Above 85%,"Management/Execution (Planning, Organizing, Discipline)",Procrastination / Low Motivation,Occasionally (When needed),High Impact (Frequent disruption),Low Risk
STU0005,3/29/2026 22:05,Second Year (SY),BCA,20,Female,8.5 – 9.4,Neutral,1–2 hours,2,Rarely,1–2 hours,4–6 hours,Social media,Sometimes,Sometimes,Planning to start soon,Somewhat clear,Both hard and soft skills,3,5,2,Always,4–5 hours,Data Analyst,Planning to enroll soon,Planning to start a project/internship soon,"Basic knowledge, learning while practicing",Occasionally participate in events,Often,76% – 85%,"Management/Execution (Planning, Organizing, Discipline)",Lack of Consistency or Determination (Difficulty sticking to a plan),Occasionally (When needed),High Impact (Frequent disruption),High Risk
STU0006,3/29/2026 22:16,Second Year (SY),BCA,19,Female,9.5 – 10.0,Neutral,1–2 hours,2,Few times a week,More than 2 hours,4–6 hours,Video content (YouTube/OTT),Mostly consistent,Often,Actively preparing for a goal (placements/exams),Somewhat clear,Both hard and soft skills,3,3,3,Sometimes,6–7 hours,AI / ML,Planning to enroll soon,"Yes, actively working on projects/internship","Basic knowledge, learning while practicing","Rarely participate, mostly observe",Often,Above 85%,"Technical/Hard Skills (Coding, Math, Logic)",Procrastination / Low Motivation,Rarely (Passive),Low Impact (Rarely affects study),Low Risk
STU0007,3/29/2026 22:42,Second Year (SY),BCA,20,Male,7.0 – 8.4,Neutral,1–2 hours,3,Rarely,1–2 hours,More than 6 hours,Social media,Sometimes,Always,Actively preparing for a goal (placements/exams),Somewhat clear,"Soft skills (communication, teamwork, leadership, financial literacy)",4,2,3,Often,4–5 hours,AI / ML,"Not currently, but intend to in the future","Yes, actively working on projects/internship","Basic knowledge, learning while practicing","Rarely participate, mostly observe",Sometimes,76% – 85%,"Management/Execution (Planning, Organizing, Discipline)",Difficulty with Focus / Concentration,Rarely (Passive),No Impact (Fully supportive environment),Moderate Risk
STU0008,3/30/2026 7:11,Second Year (SY),BCA,19,Male,5.0 – 6.9,Satisfied,1–2 hours,3,Few times a week,1–2 hours,4–6 hours,Gaming,Mostly consistent,Often,Actively preparing for a goal (placements/exams),Somewhat clear,Both hard and soft skills,3,3,3,Sometimes,6–7 hours,Data Analyst,Planning to enroll soon,"Yes, actively working on projects/internship","Basic knowledge, learning while practicing",Occasionally participate in events,Often,50% – 65%,"Soft Skills (Communication, Leadership, Teamwork)",Poor Time Management / Over-scheduling,Occasionally (When needed),Moderate Impact (Occasional disruption),High Risk
STU0009,3/30/2026 8:26,Second Year (SY),BCA,19,Male,7.0 – 8.4,Neutral,1–2 hours,1,Rarely,1–2 hours,More than 6 hours,Gaming,Mostly consistent,Often,Planning to start soon,Very clear,Both hard and soft skills,3,4,2,Sometimes,4–5 hours,AI / ML,Planning to enroll soon,"Yes, actively working on projects/internship","Basic knowledge, learning while practicing",Never participate in such events,Sometimes,Above 85%,"Soft Skills (Communication, Leadership, Teamwork)",Procrastination / Low Motivation,Occasionally (When needed),Moderate Impact (Occasional disruption),Moderate Risk
STU0010,3/30/2026 10:39,Second Year (SY),BCA,20,Male,9.5 – 10.0,Very satisfied,1–2 hours,3,Few times a week,More than 2 hours,More than 6 hours,Social media,Sometimes,Sometimes,Planning to start soon,Somewhat clear,"Hard skills (programming, data analytics, technical skills)",3,1,3,Sometimes,6–7 hours,AI / ML,Planning to enroll soon,"Yes, actively working on projects/internship","Basic knowledge, learning while practicing",Never participate in such events,Always,50% – 65%,"Technical/Hard Skills (Coding, Math, Logic)",Procrastination / Low Motivation,Rarely (Passive),No Impact (Fully supportive environment),Low Risk
STU0011,3/30/2026 10:43,Second Year (SY),BCA,20,Male,7.0 – 8.4,Neutral,1–2 hours,3,Few times a week,30–60 minutes,4–6 hours,Social media,Sometimes,Rarely,Planning to start soon,Very clear,"Soft skills (communication, teamwork, leadership, financial literacy)",4,2,3,Often,4–5 hours,Digital Marketing Specialist,"Not currently, but intend to in the future",Planning to start a project/internship soon,"Basic knowledge, learning while practicing","Rarely participate, mostly observe",Always,Less than 50%,"Creative/Design Skills (Innovation, UI/UX, Content)",Difficulty with Focus / Concentration,Occasionally (When needed),Moderate Impact (Occasional disruption),Moderate Risk
STU0012,3/30/2026 10:43,Second Year (SY),BCA,19,Male,9.5 – 10.0,Very satisfied,1–2 hours,2,Never,1–2 hours,More than 6 hours,Social media,Sometimes,Sometimes,Thinking about it,Somewhat clear,Both hard and soft skills,2,1,1,Often,More than 8 hours,Other,"Yes, currently enrolled in one or more courses/certifications","Yes, actively working on projects/internship","Basic knowledge, learning while practicing","Rarely participate, mostly observe",Always,50% – 65%,"Technical/Hard Skills (Coding, Math, Logic)",Lack of Consistency or Determination (Difficulty sticking to a plan),Rarely (Passive),Moderate Impact (Occasional disruption),Low Risk
STU0013,3/30/2026 10:52,Second Year (SY),BCA,20,Female,9.5 – 10.0,Neutral,1–2 hours,3,Few times a week,30–60 minutes,More than 6 hours,Social media,Mostly consistent,Sometimes,Planning to start soon,Very clear,"Soft skills (communication, teamwork, leadership, financial literacy)",4,3,3,Sometimes,6–7 hours,Data Analyst,"Yes, currently enrolled in one or more courses/certifications","Yes, actively working on projects/internship","Basic knowledge, learning while practicing",Occasionally participate in events,Always,Above 85%,"Technical/Hard Skills (Coding, Math, Logic)",Procrastination / Low Motivation,Occasionally (When needed),High Impact (Frequent disruption),Low Risk
STU0014,3/30/2026 11:54,Second Year (SY),BCA,19,Male,7.0 – 8.4,Unsatisfied,1–2 hours,3,Few times a week,More than 2 hours,2–4 hours,Video content (YouTube/OTT),Mostly consistent,Often,Planning to start soon,Somewhat clear,"Hard skills (programming, data analytics, technical skills)",4,3,3,Sometimes,6–7 hours,AI / ML,Planning to enroll soon,Planning to start a project/internship soon,"Basic knowledge, learning while practicing","Rarely participate, mostly observe",Often,66% – 75%,"Technical/Hard Skills (Coding, Math, Logic)",Lack of Consistency or Determination (Difficulty sticking to a plan),Occasionally (When needed),Moderate Impact (Occasional disruption),Moderate Risk
STU0015,3/30/2026 14:07,Second Year (SY),BCA,20,Male,9.5 – 10.0,Satisfied,Less than 1 hour,3,Rarely,30–60 minutes,More than 6 hours,Social media,Sometimes,Rarely,Planning to start soon,Very clear,"Hard skills (programming, data analytics, technical skills)",3,3,2,Sometimes,4–5 hours,Data Analyst,"No, not interested","Yes, actively working on projects/internship","Basic knowledge, learning while practicing",Never participate in such events,Sometimes,50% – 65%,"Technical/Hard Skills (Coding, Math, Logic)",Procrastination / Low Motivation,Never (Unaware or Not interested),Low Impact (Rarely affects study),Moderate Risk
STU0016,3/18/2026 13:40,First Year (FY),BCA,17,Female,9.5 – 10.0,Neutral,1–2 hours,1,Rarely,30–60 minutes,4–6 hours,Gaming,Rarely,Always,Planning to start soon,Very clear,"Soft skills (communication, teamwork, leadership, financial literacy)",3,2,3,Often,,Software Developer,"No, not interested",Planning to start a project/internship soon,Strong foundation in core concepts,Occasionally participate in events,Rarely,50% – 65%,"Technical/Hard Skills (Coding, Math, Logic)",Difficulty with Focus / Concentration,Occasionally (When needed),High Impact (Frequent disruption),Moderate Risk
STU0017,4/1/2026 10:44,Second Year (SY),BCA,20,Male,8.5 – 9.4,Very satisfied,More than 2 hours,4,Rarely,30–60 minutes,,Video content (YouTube/OTT),Mostly consistent,Always,Thinking about it,Somewhat clear,"Hard skills (programming, data analytics, technical skills)",4,2,1,Sometimes,More than 8 hours,Data Analyst,"Not currently, but intend to in the future","Not currently, but intend to in the future",Strong foundation in core concepts,"Rarely participate, mostly observe",Sometimes,Above 85%,"Creative/Design Skills (Innovation, UI/UX, Content)",Poor Time Management / Over-scheduling,Never (Unaware or Not interested),Moderate Impact (Occasional disruption),Low Risk
STU0018,3/23/2026 12:38,Second Year (SY),BCA,19,Male,5.0 – 6.9,Unsatisfied,Less than 1 hour,2,Few times a week,30–60 minutes,More than 6 hours,Video content (YouTube/OTT),Rarely,Rarely,Planning to start soon,Not clear,Both hard and soft skills,4,4,3,Sometimes,More than 8 hours,Software Developer,"Not currently, but intend to in the future","Not currently, but intend to in the future",Strong foundation in core concepts,"Rarely participate, mostly observe",Rarely,50% – 65%,"Soft Skills (Communication, Leadership, Teamwork)",Lack of Consistency or Determination (Difficulty sticking to a plan),Never (Unaware or Not interested),No Impact (Fully supportive environment),High Risk
STU0019,4/11/2026 12:05,Second Year (SY),BCA,19,Male,7.0 – 8.4,Unsatisfied,Less than 1 hour,2,Few times a week,30–60 minutes,More than 6 hours,Other,Rarely,Sometimes,Planning to start soon,Somewhat clear,"Hard skills (programming, data analytics, technical skills)",3,1,1,Always,6–7 hours,AI / ML,"Yes, currently enrolled in one or more courses/certifications",Planning to start a project/internship soon,Strong foundation in core concepts,Occasionally participate in events,Often,76% – 85%,"Technical/Hard Skills (Coding, Math, Logic)",Poor Time Management / Over-scheduling,Occasionally (When needed),Moderate Impact (Occasional disruption),Moderate Risk
STU0020,3/27/2026 14:29,Third Year (TY),BCA,21,Female,7.0 – 8.4,Satisfied,Less than 1 hour,3,Rarely,30–60 minutes,More than 6 hours,Social media,Sometimes,Rarely,Planning to start soon,Somewhat clear,Both hard and soft skills,2,3,3,Always,,AI / ML,"Not currently, but intend to in the future","Not currently, but intend to in the future","Limited knowledge, theoretical only","Rarely participate, mostly observe",Sometimes,Less than 50%,"Management/Execution (Planning, Organizing, Discipline)",Lack of Consistency or Determination (Difficulty sticking to a plan),Rarely (Passive),Low Impact (Rarely affects study),High Risk
STU0021,3/21/2026 10:20,Final Year,BCom,23,Female,8.5 – 9.4,Neutral,Less than 1 hour,1,Few times a week,1–2 hours,2–4 hours,Social media,Mostly consistent,Rarely,Thinking about it,Somewhat clear,Both hard and soft skills,2,5,1,Often,6–7 hours,Software Developer,"Not currently, but intend to in the future","Not currently, but intend to in the future","Limited knowledge, theoretical only","Rarely participate, mostly observe",Sometimes,76% – 85%,"Technical/Hard Skills (Coding, Math, Logic)",Procrastination / Low Motivation,Never (Unaware or Not interested),Low Impact (Rarely affects study),Moderate Risk
STU0022,3/17/2026 19:31,Third Year (TY),BSc Cyber Security,20,Male,8.5 – 9.4,Satisfied,Less than 1 hour,3,Never,30–60 minutes,More than 6 hours,Social media,Mostly consistent,Always,Actively preparing for a goal (placements/exams),Somewhat clear,"Hard skills (programming, data analytics, technical skills)",4,5,3,Often,More than 8 hours,Data Analyst,Planning to enroll soon,"Not currently, but intend to in the future","Basic knowledge, learning while practicing",Occasionally participate in events,Often,Above 85%,"Creative/Design Skills (Innovation, UI/UX, Content)",Poor Time Management / Over-scheduling,Occasionally (When needed),Moderate Impact (Occasional disruption),Moderate Risk
STU0023,4/1/2026 23:56,First Year (FY),BCA,18,Female,8.5 – 9.4,Neutral,More than 2 hours,3,Rarely,More than 2 hours,More than 6 hours,Social interactions,Mostly consistent,Often,Planning to start soon,Very clear,Both hard and soft skills,,4,2,Sometimes,6–7 hours,AI / ML,"Not currently, but intend to in the future","Yes, actively working on projects/internship","Basic knowledge, learning while practicing","Rarely participate, mostly observe",Often,76% – 85%,"Technical/Hard Skills (Coding, Math, Logic)",Procrastination / Low Motivation,Never (Unaware or Not interested),Low Impact (Rarely affects study),Moderate Risk
STU0024,4/3/2026 8:32,Third Year (TY),BSc IT,20,Male,8.5 – 9.4,Very satisfied,Less than 1 hour,2,Rarely,1–2 hours,More than 6 hours,Other,Mostly consistent,Often,Actively preparing for a goal (placements/exams),Somewhat clear,"Soft skills (communication, teamwork, leadership, financial literacy)",1,,3,Always,,Automation Engineer,"Yes, currently enrolled in one or more courses/certifications","Yes, actively working on projects/internship","Basic knowledge, learning while practicing","Rarely participate, mostly observe",Always,76% – 85%,"Technical/Hard Skills (Coding, Math, Logic)",Lack of Consistency or Determination (Difficulty sticking to a plan),Rarely (Passive),Moderate Impact (Occasional disruption),Moderate Risk
STU0025,4/2/2026 14:56,Second Year (SY),BCA,19,Male,8.5 – 9.4,Very satisfied,Less than 1 hour,1,Never,1–2 hours,More than 6 hours,Gaming,Rarely,Sometimes,Planning to start soon,Not clear,"Soft skills (communication, teamwork, leadership, financial literacy)",4,3,1,Sometimes,6–7 hours,Cyber Security Analyst,"Not currently, but intend to in the future","Not currently, but intend to in the future","Limited knowledge, theoretical only",Occasionally participate in events,Rarely,76% – 85%,"Technical/Hard Skills (Coding, Math, Logic)",Poor Time Management / Over-scheduling,Never (Unaware or Not interested),Moderate Impact (Occasional disruption),Moderate Risk
STU0026,4/6/2026 10:46,Third Year (TY),BCA,20,Male,9.5 – 10.0,Satisfied,More than 2 hours,5,Rarely,30–60 minutes,2–4 hours,Social media,Rarely,Often,Thinking about it,Somewhat clear,Both hard and soft skills,4,2,1,Always,4–5 hours,Cyber Security Analyst,,"Not currently, but intend to in the future","Limited knowledge, theoretical only",Occasionally participate in events,Rarely,Above 85%,"Management/Execution (Planning, Organizing, Discipline)",Lack of Consistency or Determination (Difficulty sticking to a plan),,Low Impact (Rarely affects study),Low Risk
STU0027,3/22/2026 16:03,Second Year (SY),BA,19,Female,7.0 – 8.4,Unsatisfied,1–2 hours,1,Few times a week,1–2 hours,More than 6 hours,Social media,Mostly consistent,Often,Thinking about it,Very clear,"Hard skills (programming, data analytics, technical skills)",5,5,2,Often,6–7 hours,Automation Engineer,Planning to enroll soon,Planning to start a project/internship soon,"Limited knowledge, theoretical only",Never participate in such events,Always,76% – 85%,"Technical/Hard Skills (Coding, Math, Logic)",Difficulty with Focus / Concentration,Occasionally (When needed),Moderate Impact (Occasional disruption),High Risk
STU0028,4/5/2026 11:06,First Year (PG),BCA,25,Male,5.0 – 6.9,Unsatisfied,1–2 hours,1,Never,1–2 hours,2–4 hours,Social interactions,Sometimes,Rarely,Thinking about it,Very clear,"Soft skills (communication, teamwork, leadership, financial literacy)",4,4,3,Often,6–7 hours,Data Analyst,"Yes, currently enrolled in one or more courses/certifications","Not currently, but intend to in the future","Limited knowledge, theoretical only","Rarely participate, mostly observe",Always,Less than 50%,"Soft Skills (Communication, Leadership, Teamwork)",Procrastination / Low Motivation,Rarely (Passive),No Impact (Fully supportive environment),High Risk
STU0029,3/23/2026 8:11,First Year (FY),BSc Computer Science,18,Female,8.5 – 9.4,Unsatisfied,1–2 hours,2,Few times a week,30–60 minutes,More than 6 hours,Social media,Mostly consistent,Rarely,Actively preparing for a goal (placements/exams),Somewhat clear,Both hard and soft skills,3,5,2,Often,4–5 hours,Software Developer,Planning to enroll soon,"Not currently, but intend to in the future","Limited knowledge, theoretical only",Never participate in such events,Rarely,66% – 75%,"Management/Execution (Planning, Organizing, Discipline)",Lack of Consistency or Determination (Difficulty sticking to a plan),Rarely (Passive),Moderate Impact (Occasional disruption),Moderate Risk
STU0030,4/11/2026 9:13,First Year (FY),BCA,18,Male,8.5 – 9.4,Very satisfied,More than 2 hours,5,Few times a week,,4–6 hours,Social interactions,Mostly consistent,Sometimes,Actively preparing for a goal (placements/exams),Very clear,Both hard and soft skills,4,2,3,Often,6–7 hours,AI / ML,"Yes, currently enrolled in one or more courses/certifications",Planning to start a project/internship soon,"Limited knowledge, theoretical only",Never participate in such events,Sometimes,76% – 85%,"Soft Skills (Communication, Leadership, Teamwork)",Lack of Consistency or Determination (Difficulty sticking to a plan),Never (Unaware or Not interested),High Impact (Frequent disruption),Low Risk
STU0031,4/14/2026 11:13,Second Year (SY),BCA,19,Male,9.5 – 10.0,Neutral,More than 2 hours,5,Few times a week,More than 2 hours,More than 6 hours,Social interactions,Sometimes,Sometimes,Thinking about it,Very clear,Both hard and soft skills,4,3,2,Never,6–7 hours,Automation Engineer,"Not currently, but intend to in the future","Not currently, but intend to in the future","Limited knowledge, theoretical only",Never participate in such events,Often,76% – 85%,"Management/Execution (Planning, Organizing, Discipline)",Difficulty with Focus / Concentration,Occasionally (When needed),No Impact (Fully supportive environment),Moderate Risk
STU0032,3/27/2026 16:15,Third Year (TY),BSc IT,20,Male,5.0 – 6.9,Very satisfied,Less than 1 hour,3,Rarely,1–2 hours,More than 6 hours,Social media,Sometimes,Often,Planning to start soon,Somewhat clear,Both hard and soft skills,3,5,3,Sometimes,More than 8 hours,Automation Engineer,"No, not interested",Planning to start a project/internship soon,"Basic knowledge, learning while practicing","Rarely participate, mostly observe",Sometimes,Less than 50%,"Technical/Hard Skills (Coding, Math, Logic)",Procrastination / Low Motivation,Occasionally (When needed),No Impact (Fully supportive environment),High Risk
STU0033,3/24/2026 14:41,First Year (FY),BCA,18,Female,7.0 – 8.4,Neutral,Less than 1 hour,1,Never,30–60 minutes,4–6 hours,Social media,Rarely,Rarely,Planning to start soon,Somewhat clear,"Soft skills (communication, teamwork, leadership, financial literacy)",4,1,2,Often,6–7 hours,AI / ML,"No, not interested","Not currently, but intend to in the future","Basic knowledge, learning while practicing",Occasionally participate in events,Often,76% – 85%,"Technical/Hard Skills (Coding, Math, Logic)",Procrastination / Low Motivation,Occasionally (When needed),Moderate Impact (Occasional disruption),Moderate Risk
STU0034,3/29/2026 14:10,Second Year (SY),BCA,21,Female,5.0 – 6.9,Neutral,1–2 hours,4,Rarely,1–2 hours,2–4 hours,Gaming,Sometimes,Rarely,Planning to start soon,Somewhat clear,"Hard skills (programming, data analytics, technical skills)",,4,2,Always,6–7 hours,Cyber Security Analyst,"Not currently, but intend to in the future","Not currently, but intend to in the future","Basic knowledge, learning while practicing",Occasionally participate in events,Sometimes,66% – 75%,"Creative/Design Skills (Innovation, UI/UX, Content)",Difficulty with Focus / Concentration,Occasionally (When needed),Low Impact (Rarely affects study),High Risk
STU0035,3/24/2026 10:17,Third Year (TY),BCA,22,Male,9.5 – 10.0,Neutral,1–2 hours,1,Never,30–60 minutes,4–6 hours,Social media,Sometimes,Rarely,Actively preparing for a goal (placements/exams),Somewhat clear,"Soft skills (communication, teamwork, leadership, financial literacy)",5,1,1,Always,6–7 hours,Software Developer,"No, not interested",Planning to start a project/internship soon,"Basic knowledge, learning while practicing","Rarely participate, mostly observe",Always,76% – 85%,"Soft Skills (Communication, Leadership, Teamwork)",Procrastination / Low Motivation,Never (Unaware or Not interested),Low Impact (Rarely affects study),Low Risk
STU0036,3/20/2026 10:16,Second Year (SY),BCA,21,Male,5.0 – 6.9,Unsatisfied,Less than 1 hour,3,Never,1–2 hours,More than 6 hours,Social media,Rarely,Rarely,Thinking about it,Very clear,"Soft skills (communication, teamwork, leadership, financial literacy)",3,4,2,Sometimes,More than 8 hours,Data Analyst,Planning to enroll soon,Planning to start a project/internship soon,Strong foundation in core concepts,Never participate in such events,Always,Less than 50%,"Creative/Design Skills (Innovation, UI/UX, Content)",Lack of Consistency or Determination (Difficulty sticking to a plan),Occasionally (When needed),No Impact (Fully supportive environment),High Risk
STU0037,4/9/2026 16:59,Third Year (TY),BCom,20,Male,8.5 – 9.4,Very satisfied,Less than 1 hour,1,Few times a week,1–2 hours,More than 6 hours,Gaming,Mostly consistent,Often,Actively preparing for a goal (placements/exams),Somewhat clear,"Soft skills (communication, teamwork, leadership, financial literacy)",3,4,2,Sometimes,6–7 hours,Other,Planning to enroll soon,Planning to start a project/internship soon,Strong foundation in core concepts,"Rarely participate, mostly observe",Sometimes,Above 85%,"Soft Skills (Communication, Leadership, Teamwork)",Difficulty with Focus / Concentration,Occasionally (When needed),High Impact (Frequent disruption),Moderate Risk
STU0038,3/28/2026 14:56,Third Year (TY),BCom,20,Female,5.0 – 6.9,Neutral,Less than 1 hour,3,Never,1–2 hours,More than 6 hours,Social interactions,Rarely,Often,Thinking about it,Very clear,"Hard skills (programming, data analytics, technical skills)",4,1,1,Often,6–7 hours,Software Developer,"Not currently, but intend to in the future","Not currently, but intend to in the future","Limited knowledge, theoretical only",Occasionally participate in events,Sometimes,50% – 65%,"Management/Execution (Planning, Organizing, Discipline)",Poor Time Management / Over-scheduling,Rarely (Passive),Moderate Impact (Occasional disruption),High Risk
STU0039,3/29/2026 20:58,First Year (FY),BCA,18,Male,8.5 – 9.4,Very satisfied,More than 2 hours,5,Few times a week,More than 2 hours,,Video content (YouTube/OTT),Sometimes,Sometimes,Planning to start soon,Somewhat clear,Both hard and soft skills,5,3,2,Always,More than 8 hours,Digital Marketing Specialist,"Yes, currently enrolled in one or more courses/certifications","Not currently, but intend to in the future",Strong foundation in core concepts,"Rarely participate, mostly observe",Often,76% – 85%,"Technical/Hard Skills (Coding, Math, Logic)",Difficulty with Focus / Concentration,Never (Unaware or Not interested),No Impact (Fully supportive environment),Moderate Risk
STU0040,3/18/2026 10:01,Second Year (SY),BCA,20,Female,7.0 – 8.4,Neutral,1–2 hours,3,Never,1–2 hours,4–6 hours,Social media,Sometimes,Sometimes,Actively preparing for a goal (placements/exams),Somewhat clear,Both hard and soft skills,1,5,2,Always,6–7 hours,AI / ML,Planning to enroll soon,"Yes, actively working on projects/internship",Strong foundation in core concepts,"Rarely participate, mostly observe",Often,Less than 50%,"Creative/Design Skills (Innovation, UI/UX, Content)",Procrastination / Low Motivation,Never (Unaware or Not interested),Low Impact (Rarely affects study),High Risk
STU0041,3/31/2026 8:00,First Year (FY),BCA,19,Male,5.0 – 6.9,Unsatisfied,1–2 hours,3,Rarely,1–2 hours,More than 6 hours,Social media,Rarely,Often,Actively preparing for a goal (placements/exams),Somewhat clear,"Hard skills (programming, data analytics, technical skills)",3,1,1,Often,6–7 hours,Automation Engineer,"Yes, currently enrolled in one or more courses/certifications","Yes, actively working on projects/internship","Basic knowledge, learning while practicing","Rarely participate, mostly observe",Rarely,Less than 50%,"Creative/Design Skills (Innovation, UI/UX, Content)",Procrastination / Low Motivation,Rarely (Passive),Low Impact (Rarely affects study),High Risk
STU0042,3/27/2026 7:20,Second Year (SY),BSc IT,21,Female,8.5 – 9.4,Satisfied,1–2 hours,2,Never,1–2 hours,2–4 hours,Social media,Sometimes,Rarely,Thinking about it,Somewhat clear,"Soft skills (communication, teamwork, leadership, financial literacy)",5,2,1,Sometimes,More than 8 hours,Digital Marketing Specialist,Planning to enroll soon,"Not currently, but intend to in the future",,"Rarely participate, mostly observe",Sometimes,66% – 75%,"Management/Execution (Planning, Organizing, Discipline)",Poor Time Management / Over-scheduling,Occasionally (When needed),High Impact (Frequent disruption),Moderate Risk
STU0043,3/25/2026 12:41,First Year (PG),BSc Cyber Security,25,Male,5.0 – 6.9,Neutral,1–2 hours,3,Never,30–60 minutes,More than 6 hours,Other,Sometimes,Rarely,Planning to start soon,Not clear,Both hard and soft skills,3,3,3,Always,4–5 hours,Software Developer,Planning to enroll soon,"Yes, actively working on projects/internship","Basic knowledge, learning while practicing",Never participate in such events,Always,66% – 75%,"Soft Skills (Communication, Leadership, Teamwork)",Poor Time Management / Over-scheduling,Occasionally (When needed),High Impact (Frequent disruption),High Risk
STU0044,3/22/2026 11:19,Second Year (SY),BCA,19,Male,5.0 – 6.9,Unsatisfied,Less than 1 hour,3,Never,1–2 hours,4–6 hours,Gaming,Sometimes,Sometimes,Planning to start soon,Somewhat clear,Both hard and soft skills,4,2,1,Sometimes,More than 8 hours,Cyber Security Analyst,"Yes, currently enrolled in one or more courses/certifications",Planning to start a project/internship soon,"Limited knowledge, theoretical only","Rarely participate, mostly observe",Often,Less than 50%,"Technical/Hard Skills (Coding, Math, Logic)",Poor Time Management / Over-scheduling,Rarely (Passive),Moderate Impact (Occasional disruption),High Risk
STU0045,4/8/2026 11:57,Second Year (SY),BSc Cyber Security,19,Female,8.5 – 9.4,Satisfied,1–2 hours,2,Never,More than 2 hours,4–6 hours,Other,Sometimes,Rarely,Planning to start soon,Very clear,Both hard and soft skills,4,3,3,Sometimes,More than 8 hours,Automation Engineer,Planning to enroll soon,"Not currently, but intend to in the future",Strong foundation in core concepts,Occasionally participate in events,Often,Above 85%,"Technical/Hard Skills (Coding, Math, Logic)",Poor Time Management / Over-scheduling,Never (Unaware or Not interested),No Impact (Fully supportive environment),Moderate Risk
STU0046,4/12/2026 15:48,Second Year (SY),BA,20,Other,9.5 – 10.0,Satisfied,More than 2 hours,5,Rarely,More than 2 hours,2–4 hours,Video content (YouTube/OTT),Sometimes,Rarely,Thinking about it,Very clear,"Soft skills (communication, teamwork, leadership, financial literacy)",1,4,3,Always,6–7 hours,Cyber Security Analyst,"Not currently, but intend to in the future","Not currently, but intend to in the future","Limited knowledge, theoretical only",Occasionally participate in events,Rarely,Above 85%,"Technical/Hard Skills (Coding, Math, Logic)",Lack of Consistency or Determination (Difficulty sticking to a plan),Rarely (Passive),High Impact (Frequent disruption),Moderate Risk
STU0047,3/22/2026 17:40,Second Year (PG),BCA,25,Female,7.0 – 8.4,Neutral,1–2 hours,4,Daily,More than 2 hours,4–6 hours,Gaming,Sometimes,Rarely,Thinking about it,Somewhat clear,"Hard skills (programming, data analytics, technical skills)",2,2,1,Always,6–7 hours,Data Analyst,Planning to enroll soon,"Not currently, but intend to in the future","Basic knowledge, learning while practicing",Never participate in such events,Often,Less than 50%,"Soft Skills (Communication, Leadership, Teamwork)",Lack of Consistency or Determination (Difficulty sticking to a plan),Never (Unaware or Not interested),Moderate Impact (Occasional disruption),Moderate Risk
STU0048,3/21/2026 14:03,First Year (FY),BBA,18,Male,9.5 – 10.0,Neutral,1–2 hours,3,Never,30–60 minutes,,Social media,Mostly consistent,Often,Thinking about it,Very clear,Both hard and soft skills,5,2,2,Often,More than 8 hours,Software Developer,"Yes, currently enrolled in one or more courses/certifications","Not currently, but intend to in the future","Basic knowledge, learning while practicing",Occasionally participate in events,Often,76% – 85%,"Soft Skills (Communication, Leadership, Teamwork)",Procrastination / Low Motivation,Never (Unaware or Not interested),Low Impact (Rarely affects study),Low Risk
STU0049,4/1/2026 8:47,First Year (PG),BBA,23,Female,8.5 – 9.4,Neutral,1–2 hours,1,Rarely,30–60 minutes,4–6 hours,Video content (YouTube/OTT),Sometimes,Rarely,Thinking about it,Somewhat clear,"Hard skills (programming, data analytics, technical skills)",4,3,2,Often,More than 8 hours,Cyber Security Analyst,"Not currently, but intend to in the future",Planning to start a project/internship soon,"Basic knowledge, learning while practicing",Never participate in such events,Often,76% – 85%,"Management/Execution (Planning, Organizing, Discipline)",Lack of Consistency or Determination (Difficulty sticking to a plan),Rarely (Passive),High Impact (Frequent disruption),Moderate Risk
STU0050,3/15/2026 15:42,Third Year (TY),BSc Computer Science,20,Female,5.0 – 6.9,Very unsatisfied,1–2 hours,1,Few times a week,30–60 minutes,4–6 hours,Video content (YouTube/OTT),Rarely,Often,Actively preparing for a goal (placements/exams),Somewhat clear,"Hard skills (programming, data analytics, technical skills)",4,5,2,Sometimes,6–7 hours,Digital Marketing Specialist,"Not currently, but intend to in the future","Not currently, but intend to in the future","Basic knowledge, learning while practicing",Never participate in such events,Sometimes,Above 85%,"Technical/Hard Skills (Coding, Math, Logic)",Poor Time Management / Over-scheduling,Never (Unaware or Not interested),No Impact (Fully supportive environment),High Risk
STU0051,4/7/2026 20:01,Third Year (TY),BCA,22,Male,8.5 – 9.4,Very satisfied,1–2 hours,2,Rarely,30–60 minutes,More than 6 hours,Other,Mostly consistent,Always,Thinking about it,Very clear,"Hard skills (programming, data analytics, technical skills)",2,4,,Always,4–5 hours,Data Analyst,Planning to enroll soon,"Not currently, but intend to in the future","Basic knowledge, learning while practicing","Rarely participate, mostly observe",Sometimes,Above 85%,"Creative/Design Skills (Innovation, UI/UX, Content)",Procrastination / Low Motivation,Occasionally (When needed),Moderate Impact (Occasional disruption),Moderate Risk
STU0052,3/29/2026 14:13,Second Year (SY),BBA,21,Male,7.0 – 8.4,Unsatisfied,Less than 1 hour,3,Rarely,30–60 minutes,More than 6 hours,Gaming,Mostly consistent,Sometimes,Thinking about it,Not clear,Both hard and soft skills,4,3,3,Sometimes,6–7 hours,Other,"Not currently, but intend to in the future","Not currently, but intend to in the future","Limited knowledge, theoretical only",Never participate in such events,Often,Less than 50%,"Technical/Hard Skills (Coding, Math, Logic)",Lack of Consistency or Determination (Difficulty sticking to a plan),Rarely (Passive),High Impact (Frequent disruption),Moderate Risk
STU0053,3/21/2026 11:45,First Year (FY),BCA,17,Female,7.0 – 8.4,Satisfied,1–2 hours,1,Rarely,30–60 minutes,More than 6 hours,Social media,Sometimes,Rarely,Thinking about it,Somewhat clear,"Soft skills (communication, teamwork, leadership, financial literacy)",3,4,3,Often,6–7 hours,AI / ML,Planning to enroll soon,"Yes, actively working on projects/internship","Basic knowledge, learning while practicing",Never participate in such events,Rarely,66% – 75%,"Soft Skills (Communication, Leadership, Teamwork)",Poor Time Management / Over-scheduling,Rarely (Passive),No Impact (Fully supportive environment),High Risk
STU0054,3/25/2026 10:41,Third Year (TY),BCA,20,Male,5.0 – 6.9,Satisfied,Less than 1 hour,1,Rarely,1–2 hours,More than 6 hours,Social media,Rarely,Rarely,Planning to start soon,Very clear,"Hard skills (programming, data analytics, technical skills)",2,4,2,Always,More than 8 hours,Automation Engineer,"No, not interested",Planning to start a project/internship soon,"Limited knowledge, theoretical only",Occasionally participate in events,Always,66% – 75%,"Management/Execution (Planning, Organizing, Discipline)",Difficulty with Focus / Concentration,Rarely (Passive),Moderate Impact (Occasional disruption),High Risk
STU0055,3/29/2026 16:30,First Year (FY),BCA,18,Male,5.0 – 6.9,Very unsatisfied,Less than 1 hour,5,Rarely,1–2 hours,More than 6 hours,Video content (YouTube/OTT),Sometimes,Sometimes,Actively preparing for a goal (placements/exams),Somewhat clear,Both hard and soft skills,4,2,3,Never,More than 8 hours,AI / ML,Planning to enroll soon,Planning to start a project/internship soon,Strong foundation in core concepts,Never participate in such events,Often,66% – 75%,"Technical/Hard Skills (Coding, Math, Logic)",Difficulty with Focus / Concentration,Never (Unaware or Not interested),No Impact (Fully supportive environment),Moderate Risk
STU0056,3/21/2026 18:31,Third Year (TY),BCA,21,Female,7.0 – 8.4,Unsatisfied,More than 2 hours,3,Rarely,1–2 hours,More than 6 hours,Social media,Sometimes,Sometimes,Actively preparing for a goal (placements/exams),Not clear,Both hard and soft skills,3,,3,Sometimes,More than 8 hours,Software Developer,Planning to enroll soon,"Yes, actively working on projects/internship",Strong foundation in core concepts,"Rarely participate, mostly observe",Sometimes,50% – 65%,"Soft Skills (Communication, Leadership, Teamwork)",Procrastination / Low Motivation,Occasionally (When needed),High Impact (Frequent disruption),Moderate Risk
STU0057,3/29/2026 9:31,Third Year (TY),BCA,20,Female,5.0 – 6.9,Very unsatisfied,1–2 hours,2,Never,30–60 minutes,More than 6 hours,Social media,Mostly consistent,Often,Thinking about it,Somewhat clear,Both hard and soft skills,2,2,2,Always,6–7 hours,Data Analyst,"No, not interested","Not currently, but intend to in the future","Limited knowledge, theoretical only",Never participate in such events,Often,Less than 50%,"Technical/Hard Skills (Coding, Math, Logic)",Procrastination / Low Motivation,Rarely (Passive),High Impact (Frequent disruption),Moderate Risk
STU0058,4/7/2026 5:07,First Year (FY),BCA,17,Female,7.0 – 8.4,Neutral,Less than 1 hour,1,Daily,More than 2 hours,2–4 hours,Other,Sometimes,Often,Planning to start soon,Somewhat clear,"Soft skills (communication, teamwork, leadership, financial literacy)",2,1,1,Always,6–7 hours,AI / ML,"Not currently, but intend to in the future","Not currently, but intend to in the future","Basic knowledge, learning while practicing","Rarely participate, mostly observe",Sometimes,76% – 85%,"Technical/Hard Skills (Coding, Math, Logic)",Poor Time Management / Over-scheduling,Never (Unaware or Not interested),High Impact (Frequent disruption),Moderate Risk
STU0059,3/20/2026 15:23,Second Year (SY),BSc Computer Science,20,Female,8.5 – 9.4,Very satisfied,More than 2 hours,,Few times a week,1–2 hours,More than 6 hours,Gaming,Mostly consistent,Sometimes,Planning to start soon,Very clear,"Hard skills (programming, data analytics, technical skills)",4,4,3,Sometimes,More than 8 hours,Software Developer,"No, not interested",Planning to start a project/internship soon,"Basic knowledge, learning while practicing","Rarely participate, mostly observe",Always,Above 85%,"Creative/Design Skills (Innovation, UI/UX, Content)",Difficulty with Focus / Concentration,Never (Unaware or Not interested),No Impact (Fully supportive environment),Moderate Risk
STU0060,4/14/2026 12:11,First Year (FY),BCA,17,Male,7.0 – 8.4,Neutral,Less than 1 hour,2,Never,30–60 minutes,4–6 hours,Social media,Sometimes,Often,Planning to start soon,Somewhat clear,"Soft skills (communication, teamwork, leadership, financial literacy)",4,3,1,Sometimes,More than 8 hours,Data Analyst,Planning to enroll soon,Planning to start a project/internship soon,"Limited knowledge, theoretical only","Rarely participate, mostly observe",Often,76% – 85%,"Creative/Design Skills (Innovation, UI/UX, Content)",Lack of Consistency or Determination (Difficulty sticking to a plan),Occasionally (When needed),Low Impact (Rarely affects study),Moderate Risk
STU0061,4/3/2026 0:26,Third Year (TY),BCom,22,Male,9.5 – 10.0,Very satisfied,More than 2 hours,3,Rarely,1–2 hours,4–6 hours,Social media,Sometimes,Often,Planning to start soon,Somewhat clear,Both hard and soft skills,3,3,2,Sometimes,6–7 hours,Software Developer,"Yes, currently enrolled in one or more courses/certifications",Planning to start a project/internship soon,"Limited knowledge, theoretical only",Occasionally participate in events,Often,66% – 75%,"Management/Execution (Planning, Organizing, Discipline)",Difficulty with Focus / Concentration,Never (Unaware or Not interested),Moderate Impact (Occasional disruption),Moderate Risk
STU0062,3/23/2026 5:13,Third Year (TY),BBA,22,Female,8.5 – 9.4,Neutral,1–2 hours,2,Rarely,30–60 minutes,More than 6 hours,Social interactions,Sometimes,Rarely,Actively preparing for a goal (placements/exams),Somewhat clear,Both hard and soft skills,4,1,2,Sometimes,,Digital Marketing Specialist,"Yes, currently enrolled in one or more courses/certifications","Not currently, but intend to in the future",Strong foundation in core concepts,Occasionally participate in events,Rarely,Less than 50%,"Creative/Design Skills (Innovation, UI/UX, Content)",Poor Time Management / Over-scheduling,Rarely (Passive),Low Impact (Rarely affects study),Moderate Risk
STU0063,4/9/2026 10:16,Third Year (TY),BCA,22,Other,5.0 – 6.9,Unsatisfied,Less than 1 hour,2,Few times a week,1–2 hours,More than 6 hours,Social media,Rarely,Often,Planning to start soon,Somewhat clear,"Hard skills (programming, data analytics, technical skills)",4,2,1,Sometimes,4–5 hours,Data Analyst,"Yes, currently enrolled in one or more courses/certifications",Planning to start a project/internship soon,"Basic knowledge, learning while practicing",Never participate in such events,Sometimes,66% – 75%,"Management/Execution (Planning, Organizing, Discipline)",Poor Time Management / Over-scheduling,Rarely (Passive),Low Impact (Rarely affects study),High Risk
STU0064,3/18/2026 10:28,Third Year (TY),BBA,21,Female,8.5 – 9.4,Neutral,1–2 hours,1,Rarely,More than 2 hours,4–6 hours,Video content (YouTube/OTT),Sometimes,Sometimes,Thinking about it,Somewhat clear,Both hard and soft skills,4,3,3,Sometimes,6–7 hours,Cyber Security Analyst,"Yes, currently enrolled in one or more courses/certifications","Not currently, but intend to in the future",Strong foundation in core concepts,"Rarely participate, mostly observe",Often,76% – 85%,"Soft Skills (Communication, Leadership, Teamwork)",Procrastination / Low Motivation,Never (Unaware or Not interested),No Impact (Fully supportive environment),Moderate Risk
STU0065,4/2/2026 17:36,Final Year,BSc IT,21,Male,7.0 – 8.4,Satisfied,Less than 1 hour,1,Few times a week,1–2 hours,4–6 hours,Gaming,Sometimes,Sometimes,Planning to start soon,Very clear,"Soft skills (communication, teamwork, leadership, financial literacy)",5,2,3,Never,More than 8 hours,Software Developer,Planning to enroll soon,"Not currently, but intend to in the future",Strong foundation in core concepts,Never participate in such events,Often,50% – 65%,"Technical/Hard Skills (Coding, Math, Logic)",Difficulty with Focus / Concentration,Occasionally (When needed),Moderate Impact (Occasional disruption),Moderate Risk
STU0066,3/28/2026 10:22,Second Year (PG),BSc Computer Science,25,Female,5.0 – 6.9,Very unsatisfied,More than 2 hours,3,Few times a week,More than 2 hours,4–6 hours,Gaming,Sometimes,Rarely,Planning to start soon,Not clear,"Hard skills (programming, data analytics, technical skills)",5,3,3,Often,4–5 hours,Cyber Security Analyst,"Not currently, but intend to in the future",Planning to start a project/internship soon,"Basic knowledge, learning while practicing","Rarely participate, mostly observe",Sometimes,66% – 75%,"Creative/Design Skills (Innovation, UI/UX, Content)",Procrastination / Low Motivation,Occasionally (When needed),High Impact (Frequent disruption),High Risk
STU0067,3/31/2026 11:55,First Year (FY),BBA,17,Male,8.5 – 9.4,Very unsatisfied,1–2 hours,1,Never,30–60 minutes,4–6 hours,Video content (YouTube/OTT),Rarely,Sometimes,Actively preparing for a goal (placements/exams),Very clear,Both hard and soft skills,4,3,2,Never,6–7 hours,Other,Planning to enroll soon,"Yes, actively working on projects/internship","Basic knowledge, learning while practicing","Rarely participate, mostly observe",Often,Above 85%,"Creative/Design Skills (Innovation, UI/UX, Content)",Procrastination / Low Motivation,Rarely (Passive),Moderate Impact (Occasional disruption),Moderate Risk
STU0068,3/15/2026 1:07,Second Year (SY),BSc IT,21,Male,7.0 – 8.4,Satisfied,Less than 1 hour,1,Daily,1–2 hours,More than 6 hours,Gaming,Rarely,Sometimes,Planning to start soon,Very clear,"Hard skills (programming, data analytics, technical skills)",2,4,2,Often,6–7 hours,Cyber Security Analyst,Planning to enroll soon,Planning to start a project/internship soon,"Limited knowledge, theoretical only",Never participate in such events,Always,76% – 85%,"Technical/Hard Skills (Coding, Math, Logic)",Poor Time Management / Over-scheduling,Rarely (Passive),Low Impact (Rarely affects study),High Risk
STU0069,4/6/2026 18:32,First Year (FY),BA,18,Male,8.5 – 9.4,Neutral,More than 2 hours,4,Few times a week,30–60 minutes,4–6 hours,Social media,Mostly consistent,Often,Planning to start soon,Not clear,"Hard skills (programming, data analytics, technical skills)",1,2,1,Always,6–7 hours,Software Developer,Planning to enroll soon,Planning to start a project/internship soon,"Basic knowledge, learning while practicing",Never participate in such events,Always,66% – 75%,"Technical/Hard Skills (Coding, Math, Logic)",Procrastination / Low Motivation,Rarely (Passive),High Impact (Frequent disruption),Low Risk
STU0070,3/31/2026 9:50,First Year (FY),BCA,18,Female,7.0 – 8.4,Unsatisfied,1–2 hours,2,Never,30–60 minutes,More than 6 hours,Video content (YouTube/OTT),Sometimes,Sometimes,Thinking about it,Very clear,Both hard and soft skills,5,3,2,Often,6–7 hours,Digital Marketing Specialist,"Not currently, but intend to in the future","Yes, actively working on projects/internship","Basic knowledge, learning while practicing",Never participate in such events,Sometimes,50% – 65%,"Soft Skills (Communication, Leadership, Teamwork)",Difficulty with Focus / Concentration,Rarely (Passive),High Impact (Frequent disruption),High Risk
STU0071,4/6/2026 9:12,First Year (FY),BCA,17,Female,8.5 – 9.4,Satisfied,More than 2 hours,5,Daily,More than 2 hours,4–6 hours,Video content (YouTube/OTT),Sometimes,Often,Actively preparing for a goal (placements/exams),Very clear,Both hard and soft skills,3,5,3,Never,6–7 hours,AI / ML,"Yes, currently enrolled in one or more courses/certifications","Not currently, but intend to in the future","Limited knowledge, theoretical only",Occasionally participate in events,Sometimes,Above 85%,"Creative/Design Skills (Innovation, UI/UX, Content)",Difficulty with Focus / Concentration,Rarely (Passive),Moderate Impact (Occasional disruption),Moderate Risk
STU0072,4/14/2026 9:32,Third Year (TY),BSc Computer Science,22,Female,8.5 – 9.4,Neutral,Less than 1 hour,2,Never,30–60 minutes,More than 6 hours,Other,Rarely,Sometimes,Actively preparing for a goal (placements/exams),Somewhat clear,Both hard and soft skills,4,,1,Often,6–7 hours,Digital Marketing Specialist,"Yes, currently enrolled in one or more courses/certifications","Not currently, but intend to in the future","Basic knowledge, learning while practicing",Never participate in such events,Sometimes,Above 85%,"Soft Skills (Communication, Leadership, Teamwork)",Difficulty with Focus / Concentration,Occasionally (When needed),Low Impact (Rarely affects study),Moderate Risk
STU0073,4/4/2026 18:25,Second Year (PG),BCA,23,Male,8.5 – 9.4,Neutral,1–2 hours,2,Rarely,1–2 hours,2–4 hours,Video content (YouTube/OTT),Sometimes,Often,Thinking about it,Somewhat clear,"Soft skills (communication, teamwork, leadership, financial literacy)",1,4,2,Often,6–7 hours,Cyber Security Analyst,"Not currently, but intend to in the future","Not currently, but intend to in the future","Basic knowledge, learning while practicing",Never participate in such events,Sometimes,50% – 65%,"Technical/Hard Skills (Coding, Math, Logic)",Difficulty with Focus / Concentration,Never (Unaware or Not interested),Moderate Impact (Occasional disruption),High Risk
STU0074,3/17/2026 17:47,Third Year (TY),BCA,21,Male,7.0 – 8.4,Neutral,Less than 1 hour,1,Rarely,1–2 hours,More than 6 hours,Other,Sometimes,Sometimes,Planning to start soon,Very clear,"Hard skills (programming, data analytics, technical skills)",4,2,,Sometimes,6–7 hours,AI / ML,Planning to enroll soon,Planning to start a project/internship soon,"Basic knowledge, learning while practicing",Occasionally participate in events,Often,50% – 65%,"Soft Skills (Communication, Leadership, Teamwork)",Procrastination / Low Motivation,Never (Unaware or Not interested),Low Impact (Rarely affects study),Moderate Risk
STU0075,4/9/2026 11:43,First Year (PG),BCom,23,Male,8.5 – 9.4,Satisfied,1–2 hours,1,Never,1–2 hours,More than 6 hours,Gaming,Mostly consistent,Always,Thinking about it,Somewhat clear,"Hard skills (programming, data analytics, technical skills)",4,5,1,Never,More than 8 hours,Data Analyst,Planning to enroll soon,"Yes, actively working on projects/internship",Strong foundation in core concepts,,Often,Above 85%,"Soft Skills (Communication, Leadership, Teamwork)",Lack of Consistency or Determination (Difficulty sticking to a plan),Occasionally (When needed),Moderate Impact (Occasional disruption),Moderate Risk
STU0076,4/1/2026 4:43,First Year (FY),BA,17,Male,7.0 – 8.4,Neutral,Less than 1 hour,4,Never,More than 2 hours,More than 6 hours,Video content (YouTube/OTT),Mostly consistent,Sometimes,Planning to start soon,Somewhat clear,Both hard and soft skills,3,4,2,Sometimes,More than 8 hours,Automation Engineer,"No, not interested","Not currently, but intend to in the future","Basic knowledge, learning while practicing",Occasionally participate in events,Sometimes,50% – 65%,"Technical/Hard Skills (Coding, Math, Logic)",Lack of Consistency or Determination (Difficulty sticking to a plan),Rarely (Passive),Moderate Impact (Occasional disruption),High Risk
STU0077,4/6/2026 7:18,First Year (PG),BSc IT,24,Male,8.5 – 9.4,Satisfied,Less than 1 hour,,Rarely,30–60 minutes,,Social interactions,Mostly consistent,Often,Planning to start soon,Somewhat clear,"Soft skills (communication, teamwork, leadership, financial literacy)",3,4,2,Sometimes,4–5 hours,Software Developer,Planning to enroll soon,Planning to start a project/internship soon,"Basic knowledge, learning while practicing","Rarely participate, mostly observe",Always,76% – 85%,"Technical/Hard Skills (Coding, Math, Logic)",Lack of Consistency or Determination (Difficulty sticking to a plan),Never (Unaware or Not interested),High Impact (Frequent disruption),Moderate Risk
STU0078,3/26/2026 9:51,Second Year (SY),BBA,19,Female,5.0 – 6.9,Satisfied,1–2 hours,4,Rarely,1–2 hours,2–4 hours,Video content (YouTube/OTT),Mostly consistent,Often,Actively preparing for a goal (placements/exams),Very clear,"Hard skills (programming, data analytics, technical skills)",3,4,3,Often,6–7 hours,Software Developer,Planning to enroll soon,"Not currently, but intend to in the future","Limited knowledge, theoretical only",Occasionally participate in events,Always,76% – 85%,"Technical/Hard Skills (Coding, Math, Logic)",Lack of Consistency or Determination (Difficulty sticking to a plan),Never (Unaware or Not interested),Low Impact (Rarely affects study),High Risk
STU0079,4/13/2026 22:05,First Year (FY),BCA,18,Male,9.5 – 10.0,Neutral,Less than 1 hour,2,Rarely,30–60 minutes,More than 6 hours,Social interactions,Mostly consistent,Always,Planning to start soon,Very clear,Both hard and soft skills,2,5,2,Sometimes,6–7 hours,AI / ML,"Not currently, but intend to in the future",Planning to start a project/internship soon,"Limited knowledge, theoretical only",Never participate in such events,Sometimes,Above 85%,"Technical/Hard Skills (Coding, Math, Logic)",Lack of Consistency or Determination (Difficulty sticking to a plan),Never (Unaware or Not interested),Moderate Impact (Occasional disruption),Moderate Risk
STU0080,3/25/2026 15:55,Second Year (SY),BCA,19,Female,7.0 – 8.4,Neutral,1–2 hours,4,Rarely,1–2 hours,More than 6 hours,Social interactions,Rarely,Rarely,Thinking about it,Somewhat clear,"Soft skills (communication, teamwork, leadership, financial literacy)",4,3,1,Often,6–7 hours,Data Analyst,"No, not interested","Not currently, but intend to in the future","Basic knowledge, learning while practicing","Rarely participate, mostly observe",Sometimes,66% – 75%,"Technical/Hard Skills (Coding, Math, Logic)",Procrastination / Low Motivation,Never (Unaware or Not interested),Low Impact (Rarely affects study),High Risk
STU0081,4/5/2026 18:23,Second Year (SY),BSc Computer Science,21,Female,7.0 – 8.4,Satisfied,Less than 1 hour,1,Rarely,1–2 hours,More than 6 hours,Social interactions,Sometimes,Often,Planning to start soon,Somewhat clear,Both hard and soft skills,3,2,,Sometimes,6–7 hours,Other,"Not currently, but intend to in the future",Planning to start a project/internship soon,Strong foundation in core concepts,Occasionally participate in events,Sometimes,Less than 50%,"Creative/Design Skills (Innovation, UI/UX, Content)",Lack of Consistency or Determination (Difficulty sticking to a plan),Occasionally (When needed),High Impact (Frequent disruption),Moderate Risk
STU0082,4/6/2026 9:58,First Year (PG),BSc IT,24,Female,5.0 – 6.9,Very unsatisfied,1–2 hours,2,Few times a week,30–60 minutes,More than 6 hours,Social media,Sometimes,Sometimes,Thinking about it,Somewhat clear,"Hard skills (programming, data analytics, technical skills)",3,3,1,Sometimes,6–7 hours,Software Developer,"Yes, currently enrolled in one or more courses/certifications","Not currently, but intend to in the future",Strong foundation in core concepts,"Rarely participate, mostly observe",Often,76% – 85%,"Technical/Hard Skills (Coding, Math, Logic)",Procrastination / Low Motivation,Occasionally (When needed),High Impact (Frequent disruption),High Risk
STU0083,4/7/2026 4:37,Third Year (TY),BBA,22,Female,7.0 – 8.4,Very satisfied,1–2 hours,3,Never,30–60 minutes,More than 6 hours,Video content (YouTube/OTT),Mostly consistent,Always,Planning to start soon,Somewhat clear,"Soft skills (communication, teamwork, leadership, financial literacy)",3,4,,Often,6–7 hours,Automation Engineer,"Not currently, but intend to in the future","Not currently, but intend to in the future","Limited knowledge, theoretical only",Never participate in such events,Often,66% – 75%,"Technical/Hard Skills (Coding, Math, Logic)",Difficulty with Focus / Concentration,Rarely (Passive),Moderate Impact (Occasional disruption),Moderate Risk
STU0084,4/12/2026 21:34,Third Year (TY),BSc IT,22,Male,8.5 – 9.4,Very satisfied,1–2 hours,2,Rarely,30–60 minutes,4–6 hours,Social media,Mostly consistent,Often,Planning to start soon,Not clear,Both hard and soft skills,2,4,1,Never,6–7 hours,Data Analyst,"Yes, currently enrolled in one or more courses/certifications","Yes, actively working on projects/internship",,Never participate in such events,Often,76% – 85%,"Technical/Hard Skills (Coding, Math, Logic)",Lack of Consistency or Determination (Difficulty sticking to a plan),Occasionally (When needed),No Impact (Fully supportive environment),Moderate Risk
STU0085,3/21/2026 14:36,First Year (FY),BCA,17,Male,9.5 – 10.0,Satisfied,More than 2 hours,5,Rarely,1–2 hours,4–6 hours,Gaming,Sometimes,Always,Actively preparing for a goal (placements/exams),Very clear,"Soft skills (communication, teamwork, leadership, financial literacy)",5,4,1,Often,More than 8 hours,AI / ML,Planning to enroll soon,"Yes, actively working on projects/internship","Limited knowledge, theoretical only","Rarely participate, mostly observe",Rarely,76% – 85%,"Soft Skills (Communication, Leadership, Teamwork)",Difficulty with Focus / Concentration,Occasionally (When needed),Moderate Impact (Occasional disruption),Moderate Risk
STU0086,4/5/2026 16:07,First Year (FY),BCA,17,Male,9.5 – 10.0,Neutral,1–2 hours,2,Rarely,30–60 minutes,More than 6 hours,Social interactions,Mostly consistent,Always,Actively preparing for a goal (placements/exams),Somewhat clear,Both hard and soft skills,,2,1,Often,4–5 hours,AI / ML,Planning to enroll soon,Planning to start a project/internship soon,"Basic knowledge, learning while practicing",Occasionally participate in events,Often,76% – 85%,"Creative/Design Skills (Innovation, UI/UX, Content)",Poor Time Management / Over-scheduling,Never (Unaware or Not interested),Moderate Impact (Occasional disruption),Low Risk
STU0087,3/31/2026 11:28,Third Year (TY),BCA,20,Male,8.5 – 9.4,Satisfied,More than 2 hours,5,Daily,More than 2 hours,4–6 hours,Social media,Mostly consistent,Often,Planning to start soon,Very clear,Both hard and soft skills,2,4,2,Always,6–7 hours,Data Analyst,"Yes, currently enrolled in one or more courses/certifications","Yes, actively working on projects/internship","Limited knowledge, theoretical only","Rarely participate, mostly observe",Often,50% – 65%,"Soft Skills (Communication, Leadership, Teamwork)",Difficulty with Focus / Concentration,Rarely (Passive),Moderate Impact (Occasional disruption),Moderate Risk
STU0088,4/12/2026 10:04,Second Year (SY),BBA,19,Male,8.5 – 9.4,Very satisfied,1–2 hours,1,Rarely,More than 2 hours,4–6 hours,Social media,Rarely,Sometimes,Thinking about it,Not clear,Both hard and soft skills,3,5,1,Always,6–7 hours,Cyber Security Analyst,"No, not interested","Not currently, but intend to in the future","Limited knowledge, theoretical only",Never participate in such events,Sometimes,Above 85%,"Soft Skills (Communication, Leadership, Teamwork)",Difficulty with Focus / Concentration,Occasionally (When needed),Moderate Impact (Occasional disruption),High Risk
STU0089,4/4/2026 8:41,Third Year (TY),BCA,22,Female,8.5 – 9.4,Satisfied,1–2 hours,2,Never,30–60 minutes,4–6 hours,Social media,Mostly consistent,Often,Planning to start soon,Somewhat clear,"Hard skills (programming, data analytics, technical skills)",4,3,2,Always,6–7 hours,Software Developer,"Not currently, but intend to in the future",Planning to start a project/internship soon,"Limited knowledge, theoretical only",Occasionally participate in events,Often,50% – 65%,"Soft Skills (Communication, Leadership, Teamwork)",Difficulty with Focus / Concentration,Occasionally (When needed),High Impact (Frequent disruption),Moderate Risk
STU0090,3/17/2026 19:04,Final Year,BCA,21,Female,5.0 – 6.9,Unsatisfied,Less than 1 hour,3,Never,More than 2 hours,More than 6 hours,Social media,Sometimes,Always,Planning to start soon,Very clear,Both hard and soft skills,3,2,3,Sometimes,6–7 hours,Cyber Security Analyst,Planning to enroll soon,Planning to start a project/internship soon,Strong foundation in core concepts,Never participate in such events,Sometimes,76% – 85%,"Creative/Design Skills (Innovation, UI/UX, Content)",Poor Time Management / Over-scheduling,Never (Unaware or Not interested),Low Impact (Rarely affects study),Moderate Risk
STU0091,3/16/2026 7:46,First Year (PG),BCA,24,Female,9.5 – 10.0,Very satisfied,More than 2 hours,3,Few times a week,1–2 hours,More than 6 hours,Social media,Sometimes,Often,Actively preparing for a goal (placements/exams),Very clear,"Hard skills (programming, data analytics, technical skills)",3,4,2,Sometimes,6–7 hours,Other,"Yes, currently enrolled in one or more courses/certifications","Not currently, but intend to in the future","Limited knowledge, theoretical only",Never participate in such events,Sometimes,Less than 50%,"Creative/Design Skills (Innovation, UI/UX, Content)",Lack of Consistency or Determination (Difficulty sticking to a plan),Rarely (Passive),No Impact (Fully supportive environment),Moderate Risk
STU0092,4/10/2026 16:49,Final Year,BSc Computer Science,23,Female,8.5 – 9.4,Neutral,Less than 1 hour,2,Never,,More than 6 hours,Social media,Sometimes,Rarely,Actively preparing for a goal (placements/exams),Very clear,"Hard skills (programming, data analytics, technical skills)",4,2,1,Sometimes,More than 8 hours,Software Developer,"Not currently, but intend to in the future","Yes, actively working on projects/internship","Basic knowledge, learning while practicing",,Sometimes,66% – 75%,"Technical/Hard Skills (Coding, Math, Logic)",Lack of Consistency or Determination (Difficulty sticking to a plan),Never (Unaware or Not interested),Moderate Impact (Occasional disruption),Moderate Risk
STU0093,3/17/2026 19:25,Second Year (SY),BCA,19,Male,8.5 – 9.4,Unsatisfied,1–2 hours,2,Rarely,30–60 minutes,More than 6 hours,Gaming,Sometimes,Sometimes,Planning to start soon,Not clear,Both hard and soft skills,4,4,3,Sometimes,6–7 hours,Cyber Security Analyst,"Yes, currently enrolled in one or more courses/certifications","Not currently, but intend to in the future","Basic knowledge, learning while practicing","Rarely participate, mostly observe",Sometimes,66% – 75%,"Soft Skills (Communication, Leadership, Teamwork)",Procrastination / Low Motivation,Rarely (Passive),Low Impact (Rarely affects study),Moderate Risk
STU0094,4/3/2026 0:48,Third Year (TY),BCA,20,Male,8.5 – 9.4,Very satisfied,More than 2 hours,1,Rarely,1–2 hours,4–6 hours,Social media,Sometimes,Sometimes,Actively preparing for a goal (placements/exams),Somewhat clear,Both hard and soft skills,4,4,1,Always,More than 8 hours,AI / ML,"Not currently, but intend to in the future",Planning to start a project/internship soon,"Basic knowledge, learning while practicing","Rarely participate, mostly observe",Often,Less than 50%,"Technical/Hard Skills (Coding, Math, Logic)",Poor Time Management / Over-scheduling,Rarely (Passive),High Impact (Frequent disruption),High Risk
STU0095,3/22/2026 16:02,Second Year (PG),BSc IT,26,Male,5.0 – 6.9,Unsatisfied,1–2 hours,1,Rarely,More than 2 hours,More than 6 hours,Gaming,Sometimes,Rarely,Planning to start soon,Somewhat clear,"Hard skills (programming, data analytics, technical skills)",4,4,3,Sometimes,More than 8 hours,Software Developer,Planning to enroll soon,"Not currently, but intend to in the future","Basic knowledge, learning while practicing","Rarely participate, mostly observe",Often,50% – 65%,"Technical/Hard Skills (Coding, Math, Logic)",Poor Time Management / Over-scheduling,Rarely (Passive),Low Impact (Rarely affects study),High Risk
STU0096,4/10/2026 14:35,Second Year (SY),BSc IT,21,Male,9.5 – 10.0,Satisfied,1–2 hours,1,Never,1–2 hours,4–6 hours,Social interactions,Rarely,Sometimes,Planning to start soon,Not clear,"Hard skills (programming, data analytics, technical skills)",,3,2,Sometimes,6–7 hours,AI / ML,Planning to enroll soon,"Not currently, but intend to in the future","Limited knowledge, theoretical only","Rarely participate, mostly observe",Sometimes,Above 85%,"Creative/Design Skills (Innovation, UI/UX, Content)",Difficulty with Focus / Concentration,Never (Unaware or Not interested),,Moderate Risk
STU0097,3/20/2026 1:20,Final Year,BSc Cyber Security,23,Male,7.0 – 8.4,Very satisfied,Less than 1 hour,3,Rarely,1–2 hours,4–6 hours,Social media,Rarely,Sometimes,Actively preparing for a goal (placements/exams),Very clear,"Hard skills (programming, data analytics, technical skills)",5,3,2,Sometimes,More than 8 hours,Cyber Security Analyst,"Yes, currently enrolled in one or more courses/certifications","Yes, actively working on projects/internship","Basic knowledge, learning while practicing","Rarely participate, mostly observe",Often,66% – 75%,"Technical/Hard Skills (Coding, Math, Logic)",Lack of Consistency or Determination (Difficulty sticking to a plan),Never (Unaware or Not interested),High Impact (Frequent disruption),High Risk
STU0098,3/18/2026 23:40,Third Year (TY),BBA,22,Male,7.0 – 8.4,Satisfied,Less than 1 hour,1,Rarely,1–2 hours,More than 6 hours,Social media,Mostly consistent,Often,Planning to start soon,Somewhat clear,"Hard skills (programming, data analytics, technical skills)",5,2,2,Often,6–7 hours,Software Developer,"Yes, currently enrolled in one or more courses/certifications","Yes, actively working on projects/internship","Basic knowledge, learning while practicing","Rarely participate, mostly observe",Often,Less than 50%,"Management/Execution (Planning, Organizing, Discipline)",Difficulty with Focus / Concentration,Occasionally (When needed),Moderate Impact (Occasional disruption),Moderate Risk
STU0099,4/4/2026 15:49,First Year (FY),BCA,18,Female,7.0 – 8.4,Neutral,Less than 1 hour,1,Never,30–60 minutes,4–6 hours,Social media,Mostly consistent,Always,Actively preparing for a goal (placements/exams),Very clear,"Hard skills (programming, data analytics, technical skills)",3,5,3,Often,More than 8 hours,Other,"Not currently, but intend to in the future",Planning to start a project/internship soon,"Basic knowledge, learning while practicing","Rarely participate, mostly observe",Sometimes,66% – 75%,"Management/Execution (Planning, Organizing, Discipline)",Procrastination / Low Motivation,Never (Unaware or Not interested),High Impact (Frequent disruption),High Risk
STU0100,3/23/2026 20:50,Second Year (PG),BCA,23,Other,8.5 – 9.4,Very satisfied,1–2 hours,3,Never,1–2 hours,More than 6 hours,Social media,Mostly consistent,Always,Planning to start soon,Not clear,"Hard skills (programming, data analytics, technical skills)",5,2,3,Sometimes,6–7 hours,Data Analyst,"No, not interested","Not currently, but intend to in the future","Basic knowledge, learning while practicing","Rarely participate, mostly observe",Rarely,76% – 85%,"Creative/Design Skills (Innovation, UI/UX, Content)",Procrastination / Low Motivation,Occasionally (When needed),Low Impact (Rarely affects study),Low Risk
STU0101,4/12/2026 20:47,Second Year (PG),BCA,23,Female,7.0 – 8.4,Neutral,1–2 hours,4,Daily,1–2 hours,4–6 hours,Video content (YouTube/OTT),Rarely,Sometimes,Planning to start soon,Somewhat clear,"Hard skills (programming, data analytics, technical skills)",5,1,2,Sometimes,6–7 hours,AI / ML,"Yes, currently enrolled in one or more courses/certifications","Yes, actively working on projects/internship",Strong foundation in core concepts,Occasionally participate in events,Always,66% – 75%,"Soft Skills (Communication, Leadership, Teamwork)",Poor Time Management / Over-scheduling,Rarely (Passive),High Impact (Frequent disruption),Moderate Risk
STU0102,4/6/2026 9:15,Second Year (SY),BCom,20,Female,9.5 – 10.0,Satisfied,More than 2 hours,4,Few times a week,1–2 hours,4–6 hours,Social media,Sometimes,Often,Thinking about it,Somewhat clear,"Hard skills (programming, data analytics, technical skills)",4,2,3,Often,More than 8 hours,Cyber Security Analyst,"Not currently, but intend to in the future","Not currently, but intend to in the future","Limited knowledge, theoretical only",Occasionally participate in events,Always,76% – 85%,"Technical/Hard Skills (Coding, Math, Logic)",Difficulty with Focus / Concentration,Occasionally (When needed),No Impact (Fully supportive environment),Low Risk
STU0103,3/24/2026 16:24,First Year (FY),BCA,18,Male,5.0 – 6.9,Very unsatisfied,Less than 1 hour,2,Rarely,30–60 minutes,2–4 hours,Video content (YouTube/OTT),Mostly consistent,Sometimes,Planning to start soon,Very clear,Both hard and soft skills,3,3,2,Often,6–7 hours,AI / ML,Planning to enroll soon,"Not currently, but intend to in the future","Limited knowledge, theoretical only",Never participate in such events,Always,50% – 65%,"Soft Skills (Communication, Leadership, Teamwork)",Poor Time Management / Over-scheduling,Occasionally (When needed),Moderate Impact (Occasional disruption),High Risk
STU0104,4/1/2026 15:19,First Year (FY),BSc Cyber Security,18,Male,9.5 – 10.0,Very satisfied,1–2 hours,3,Never,1–2 hours,More than 6 hours,Social media,Mostly consistent,Often,Planning to start soon,Very clear,Both hard and soft skills,4,3,3,Often,6–7 hours,Software Developer,"No, not interested",Planning to start a project/internship soon,"Limited knowledge, theoretical only",,Often,76% – 85%,"Management/Execution (Planning, Organizing, Discipline)",Lack of Consistency or Determination (Difficulty sticking to a plan),Rarely (Passive),Moderate Impact (Occasional disruption),Low Risk
STU0105,4/14/2026 13:21,Second Year (PG),BCA,26,Male,5.0 – 6.9,Unsatisfied,1–2 hours,2,Never,1–2 hours,2–4 hours,Video content (YouTube/OTT),Mostly consistent,Often,Thinking about it,Very clear,Both hard and soft skills,5,1,2,Often,6–7 hours,Software Developer,"Yes, currently enrolled in one or more courses/certifications","Not currently, but intend to in the future","Limited knowledge, theoretical only","Rarely participate, mostly observe",Sometimes,76% – 85%,"Technical/Hard Skills (Coding, Math, Logic)",Difficulty with Focus / Concentration,Occasionally (When needed),High Impact (Frequent disruption),Moderate Risk
STU0106,3/20/2026 15:09,Final Year,BCA,21,Female,8.5 – 9.4,Neutral,More than 2 hours,1,Few times a week,30–60 minutes,More than 6 hours,Social media,Sometimes,Sometimes,Planning to start soon,Somewhat clear,Both hard and soft skills,1,5,1,Often,6–7 hours,Automation Engineer,Planning to enroll soon,"Yes, actively working on projects/internship","Basic knowledge, learning while practicing",Never participate in such events,Often,76% – 85%,"Creative/Design Skills (Innovation, UI/UX, Content)",Procrastination / Low Motivation,Rarely (Passive),High Impact (Frequent disruption),High Risk
STU0107,4/14/2026 7:19,Second Year (SY),BCA,20,Male,9.5 – 10.0,Very satisfied,1–2 hours,2,Daily,30–60 minutes,More than 6 hours,Video content (YouTube/OTT),Mostly consistent,Often,Planning to start soon,Somewhat clear,"Hard skills (programming, data analytics, technical skills)",3,3,1,Often,6–7 hours,Other,"Not currently, but intend to in the future","Yes, actively working on projects/internship","Basic knowledge, learning while practicing",Never participate in such events,Often,50% – 65%,"Soft Skills (Communication, Leadership, Teamwork)",Poor Time Management / Over-scheduling,Rarely (Passive),Low Impact (Rarely affects study),Moderate Risk
STU0108,4/4/2026 1:03,Second Year (PG),BCA,26,Female,8.5 – 9.4,Neutral,1–2 hours,2,Rarely,1–2 hours,More than 6 hours,Social media,Sometimes,Always,Actively preparing for a goal (placements/exams),Very clear,"Hard skills (programming, data analytics, technical skills)",4,3,2,Never,6–7 hours,Cyber Security Analyst,Planning to enroll soon,Planning to start a project/internship soon,Strong foundation in core concepts,"Rarely participate, mostly observe",Often,66% – 75%,"Creative/Design Skills (Innovation, UI/UX, Content)",Lack of Consistency or Determination (Difficulty sticking to a plan),Occasionally (When needed),No Impact (Fully supportive environment),Moderate Risk
STU0109,4/12/2026 11:28,First Year (FY),BSc IT,18,Female,7.0 – 8.4,Satisfied,Less than 1 hour,3,Never,1–2 hours,More than 6 hours,Video content (YouTube/OTT),Rarely,Often,Thinking about it,Not clear,Both hard and soft skills,1,3,1,Often,6–7 hours,Data Analyst,"Yes, currently enrolled in one or more courses/certifications",Planning to start a project/internship soon,"Limited knowledge, theoretical only","Rarely participate, mostly observe",Often,Less than 50%,"Management/Execution (Planning, Organizing, Discipline)",Lack of Consistency or Determination (Difficulty sticking to a plan),Never (Unaware or Not interested),High Impact (Frequent disruption),High Risk
STU0110,4/10/2026 20:58,Third Year (TY),BCA,21,Female,8.5 – 9.4,Neutral,1–2 hours,1,Rarely,More than 2 hours,More than 6 hours,Gaming,Sometimes,Sometimes,Actively preparing for a goal (placements/exams),Somewhat clear,Both hard and soft skills,,2,2,Sometimes,6–7 hours,Data Analyst,"Not currently, but intend to in the future","Not currently, but intend to in the future","Basic knowledge, learning while practicing",Never participate in such events,Sometimes,76% – 85%,"Technical/Hard Skills (Coding, Math, Logic)",Difficulty with Focus / Concentration,Rarely (Passive),No Impact (Fully supportive environment),Moderate Risk
STU0111,3/18/2026 12:19,Second Year (PG),BCA,23,Female,7.0 – 8.4,Neutral,Less than 1 hour,1,Never,30–60 minutes,4–6 hours,Video content (YouTube/OTT),Mostly consistent,Always,Planning to start soon,Not clear,"Hard skills (programming, data analytics, technical skills)",2,4,2,Often,6–7 hours,Data Analyst,"No, not interested","Not currently, but intend to in the future","Basic knowledge, learning while practicing",Never participate in such events,Always,50% – 65%,"Soft Skills (Communication, Leadership, Teamwork)",Difficulty with Focus / Concentration,,High Impact (Frequent disruption),High Risk
STU0112,3/28/2026 7:36,Second Year (SY),BCA,19,Male,5.0 – 6.9,Very unsatisfied,1–2 hours,4,Few times a week,More than 2 hours,4–6 hours,Video content (YouTube/OTT),Rarely,Often,Thinking about it,Somewhat clear,"Hard skills (programming, data analytics, technical skills)",1,1,2,Always,4–5 hours,Cyber Security Analyst,"Yes, currently enrolled in one or more courses/certifications","Yes, actively working on projects/internship","Basic knowledge, learning while practicing",Occasionally participate in events,Always,50% – 65%,"Soft Skills (Communication, Leadership, Teamwork)",Procrastination / Low Motivation,Occasionally (When needed),Moderate Impact (Occasional disruption),High Risk
STU0113,3/26/2026 13:01,Second Year (SY),BCA,19,Male,7.0 – 8.4,Satisfied,More than 2 hours,3,Few times a week,1–2 hours,More than 6 hours,Gaming,Sometimes,Often,Thinking about it,Somewhat clear,"Soft skills (communication, teamwork, leadership, financial literacy)",4,3,2,Often,More than 8 hours,AI / ML,Planning to enroll soon,"Yes, actively working on projects/internship","Limited knowledge, theoretical only",Occasionally participate in events,Sometimes,76% – 85%,"Technical/Hard Skills (Coding, Math, Logic)",Difficulty with Focus / Concentration,Rarely (Passive),No Impact (Fully supportive environment),Moderate Risk
STU0114,3/20/2026 17:40,First Year (FY),BCA,17,Male,8.5 – 9.4,Neutral,1–2 hours,1,Few times a week,1–2 hours,More than 6 hours,Social interactions,Mostly consistent,Often,Planning to start soon,Very clear,"Soft skills (communication, teamwork, leadership, financial literacy)",4,4,2,Never,6–7 hours,Data Analyst,"No, not interested","Not currently, but intend to in the future","Basic knowledge, learning while practicing",Occasionally participate in events,Always,76% – 85%,"Soft Skills (Communication, Leadership, Teamwork)",Lack of Consistency or Determination (Difficulty sticking to a plan),Occasionally (When needed),Moderate Impact (Occasional disruption),Moderate Risk
STU0115,3/24/2026 7:12,Second Year (SY),BSc Cyber Security,20,Male,9.5 – 10.0,Satisfied,1–2 hours,2,Rarely,30–60 minutes,2–4 hours,Gaming,Sometimes,Often,Planning to start soon,Very clear,"Hard skills (programming, data analytics, technical skills)",4,3,1,Often,6–7 hours,Software Developer,"Not currently, but intend to in the future","Yes, actively working on projects/internship","Limited knowledge, theoretical only","Rarely participate, mostly observe",Often,Above 85%,"Management/Execution (Planning, Organizing, Discipline)",Difficulty with Focus / Concentration,Occasionally (When needed),Moderate Impact (Occasional disruption),Low Risk
STU0116,3/31/2026 14:51,Final Year,BCA,22,Male,9.5 – 10.0,Neutral,More than 2 hours,4,Few times a week,More than 2 hours,More than 6 hours,Video content (YouTube/OTT),Mostly consistent,Sometimes,Planning to start soon,Very clear,"Hard skills (programming, data analytics, technical skills)",3,2,2,Sometimes,6–7 hours,Software Developer,"Not currently, but intend to in the future","Yes, actively working on projects/internship","Basic knowledge, learning while practicing","Rarely participate, mostly observe",Often,Above 85%,"Creative/Design Skills (Innovation, UI/UX, Content)",Lack of Consistency or Determination (Difficulty sticking to a plan),Occasionally (When needed),Moderate Impact (Occasional disruption),Low Risk
STU0117,3/29/2026 9:22,Second Year (PG),BSc Computer Science,23,Male,7.0 – 8.4,Satisfied,1–2 hours,2,Rarely,30–60 minutes,More than 6 hours,Social interactions,Sometimes,Often,Thinking about it,Not clear,Both hard and soft skills,3,1,1,Never,6–7 hours,Other,Planning to enroll soon,Planning to start a project/internship soon,"Basic knowledge, learning while practicing","Rarely participate, mostly observe",Sometimes,76% – 85%,"Management/Execution (Planning, Organizing, Discipline)",Difficulty with Focus / Concentration,Never (Unaware or Not interested),,Moderate Risk
STU0118,4/3/2026 17:54,First Year (PG),BCA,25,Male,5.0 – 6.9,Satisfied,More than 2 hours,,Few times a week,1–2 hours,More than 6 hours,Other,Rarely,Rarely,Planning to start soon,Not clear,"Hard skills (programming, data analytics, technical skills)",4,3,1,Often,6–7 hours,AI / ML,"Yes, currently enrolled in one or more courses/certifications","Not currently, but intend to in the future","Limited knowledge, theoretical only",Never participate in such events,Rarely,76% – 85%,"Soft Skills (Communication, Leadership, Teamwork)",Poor Time Management / Over-scheduling,Rarely (Passive),High Impact (Frequent disruption),High Risk
STU0119,3/25/2026 13:25,Third Year (TY),BBA,22,Female,7.0 – 8.4,Neutral,Less than 1 hour,1,Rarely,,More than 6 hours,Social media,Sometimes,Rarely,Actively preparing for a goal (placements/exams),Very clear,Both hard and soft skills,4,3,1,Sometimes,More than 8 hours,Software Developer,"Not currently, but intend to in the future",Planning to start a project/internship soon,Strong foundation in core concepts,Occasionally participate in events,Sometimes,66% – 75%,"Creative/Design Skills (Innovation, UI/UX, Content)",Poor Time Management / Over-scheduling,Occasionally (When needed),Low Impact (Rarely affects study),Moderate Risk
STU0120,3/18/2026 14:12,Third Year (TY),BCA,20,Female,7.0 – 8.4,Neutral,1–2 hours,2,Never,1–2 hours,More than 6 hours,Video content (YouTube/OTT),Mostly consistent,Always,Actively preparing for a goal (placements/exams),Somewhat clear,"Soft skills (communication, teamwork, leadership, financial literacy)",2,4,1,Always,6–7 hours,Cyber Security Analyst,"Not currently, but intend to in the future",Planning to start a project/internship soon,"Basic knowledge, learning while practicing",Occasionally participate in events,Often,Less than 50%,"Soft Skills (Communication, Leadership, Teamwork)",Lack of Consistency or Determination (Difficulty sticking to a plan),Never (Unaware or Not interested),Moderate Impact (Occasional disruption),High Risk
STU0121,4/6/2026 9:45,First Year (PG),BCom,23,Male,8.5 – 9.4,Satisfied,More than 2 hours,5,Never,More than 2 hours,More than 6 hours,Other,Sometimes,Often,Thinking about it,Somewhat clear,"Hard skills (programming, data analytics, technical skills)",5,4,,Never,More than 8 hours,Cyber Security Analyst,"Yes, currently enrolled in one or more courses/certifications","Yes, actively working on projects/internship","Basic knowledge, learning while practicing","Rarely participate, mostly observe",Sometimes,50% – 65%,"Technical/Hard Skills (Coding, Math, Logic)",Procrastination / Low Motivation,Never (Unaware or Not interested),High Impact (Frequent disruption),High Risk
STU0122,3/27/2026 21:19,Second Year (SY),BCA,21,Female,7.0 – 8.4,Satisfied,Less than 1 hour,1,Never,30–60 minutes,More than 6 hours,Social media,Rarely,Often,Thinking about it,Somewhat clear,Both hard and soft skills,2,4,1,Often,6–7 hours,Digital Marketing Specialist,"Yes, currently enrolled in one or more courses/certifications",Planning to start a project/internship soon,"Limited knowledge, theoretical only",Occasionally participate in events,Often,50% – 65%,"Soft Skills (Communication, Leadership, Teamwork)",Procrastination / Low Motivation,Rarely (Passive),Low Impact (Rarely affects study),High Risk
STU0123,4/8/2026 17:11,First Year (FY),BCA,17,Male,8.5 – 9.4,Satisfied,1–2 hours,4,Few times a week,1–2 hours,4–6 hours,Social interactions,Mostly consistent,Always,Planning to start soon,Not clear,"Soft skills (communication, teamwork, leadership, financial literacy)",3,3,3,Sometimes,6–7 hours,Software Developer,Planning to enroll soon,Planning to start a project/internship soon,"Basic knowledge, learning while practicing",Never participate in such events,Sometimes,66% – 75%,"Management/Execution (Planning, Organizing, Discipline)",Procrastination / Low Motivation,Rarely (Passive),Moderate Impact (Occasional disruption),Moderate Risk
STU0124,4/14/2026 12:40,Third Year (TY),BCA,22,Male,7.0 – 8.4,Neutral,Less than 1 hour,3,Never,30–60 minutes,4–6 hours,Social media,Mostly consistent,Often,Actively preparing for a goal (placements/exams),Very clear,Both hard and soft skills,2,5,2,Sometimes,4–5 hours,Cyber Security Analyst,"No, not interested","Not currently, but intend to in the future","Basic knowledge, learning while practicing","Rarely participate, mostly observe",Often,50% – 65%,"Management/Execution (Planning, Organizing, Discipline)",Procrastination / Low Motivation,Occasionally (When needed),No Impact (Fully supportive environment),High Risk
STU0125,3/15/2026 18:55,Final Year,BSc Computer Science,21,Female,5.0 – 6.9,Neutral,Less than 1 hour,1,Rarely,More than 2 hours,2–4 hours,Social media,Rarely,Rarely,Actively preparing for a goal (placements/exams),Somewhat clear,"Soft skills (communication, teamwork, leadership, financial literacy)",3,3,2,Sometimes,More than 8 hours,Other,"Not currently, but intend to in the future",Planning to start a project/internship soon,"Limited knowledge, theoretical only",Occasionally participate in events,Rarely,50% – 65%,"Technical/Hard Skills (Coding, Math, Logic)",Difficulty with Focus / Concentration,Rarely (Passive),High Impact (Frequent disruption),High Risk
STU0126,3/27/2026 12:43,Third Year (TY),BCA,21,Male,8.5 – 9.4,Satisfied,More than 2 hours,3,Never,1–2 hours,4–6 hours,Social media,Mostly consistent,Sometimes,Planning to start soon,Somewhat clear,"Hard skills (programming, data analytics, technical skills)",4,2,3,Never,6–7 hours,Digital Marketing Specialist,Planning to enroll soon,"Not currently, but intend to in the future","Limited knowledge, theoretical only",Never participate in such events,Often,50% – 65%,"Technical/Hard Skills (Coding, Math, Logic)",Lack of Consistency or Determination (Difficulty sticking to a plan),Rarely (Passive),High Impact (Frequent disruption),Moderate Risk
STU0127,4/1/2026 9:32,Second Year (SY),BCA,19,Female,8.5 – 9.4,Unsatisfied,1–2 hours,3,Rarely,1–2 hours,More than 6 hours,Other,Mostly consistent,Always,Planning to start soon,Somewhat clear,Both hard and soft skills,3,4,3,Always,4–5 hours,Data Analyst,Planning to enroll soon,"Yes, actively working on projects/internship","Basic knowledge, learning while practicing",Occasionally participate in events,Often,Above 85%,"Management/Execution (Planning, Organizing, Discipline)",Procrastination / Low Motivation,Occasionally (When needed),High Impact (Frequent disruption),Moderate Risk
STU0128,3/21/2026 6:20,First Year (FY),BCA,17,Male,5.0 – 6.9,Very unsatisfied,Less than 1 hour,2,Never,1–2 hours,More than 6 hours,Video content (YouTube/OTT),Sometimes,Sometimes,Actively preparing for a goal (placements/exams),Very clear,Both hard and soft skills,,3,2,Often,4–5 hours,Data Analyst,"No, not interested","Not currently, but intend to in the future",Strong foundation in core concepts,"Rarely participate, mostly observe",Often,50% – 65%,"Technical/Hard Skills (Coding, Math, Logic)",Procrastination / Low Motivation,Occasionally (When needed),Moderate Impact (Occasional disruption),High Risk
STU0129,4/5/2026 17:41,First Year (FY),BSc IT,18,Male,7.0 – 8.4,Neutral,Less than 1 hour,3,,30–60 minutes,4–6 hours,Gaming,Mostly consistent,Often,Actively preparing for a goal (placements/exams),Somewhat clear,Both hard and soft skills,4,3,3,Sometimes,More than 8 hours,Cyber Security Analyst,"Yes, currently enrolled in one or more courses/certifications","Not currently, but intend to in the future","Limited knowledge, theoretical only",Occasionally participate in events,Often,66% – 75%,"Technical/Hard Skills (Coding, Math, Logic)",Lack of Consistency or Determination (Difficulty sticking to a plan),Occasionally (When needed),No Impact (Fully supportive environment),Moderate Risk
STU0130,4/8/2026 13:28,Final Year,BCA,23,Female,7.0 – 8.4,Satisfied,Less than 1 hour,3,Never,More than 2 hours,More than 6 hours,Other,Rarely,Always,Planning to start soon,Somewhat clear,"Hard skills (programming, data analytics, technical skills)",3,3,1,Often,4–5 hours,AI / ML,"Not currently, but intend to in the future",Planning to start a project/internship soon,"Limited knowledge, theoretical only",Never participate in such events,Sometimes,50% – 65%,"Soft Skills (Communication, Leadership, Teamwork)",Lack of Consistency or Determination (Difficulty sticking to a plan),Occasionally (When needed),Low Impact (Rarely affects study),High Risk
STU0131,3/16/2026 7:02,Second Year (SY),BCA,19,Female,7.0 – 8.4,Neutral,1–2 hours,4,Rarely,1–2 hours,4–6 hours,Other,Rarely,Always,Planning to start soon,Somewhat clear,"Hard skills (programming, data analytics, technical skills)",3,2,2,Always,6–7 hours,Cyber Security Analyst,"Not currently, but intend to in the future","Yes, actively working on projects/internship","Basic knowledge, learning while practicing",Occasionally participate in events,Often,Above 85%,"Creative/Design Skills (Innovation, UI/UX, Content)",Procrastination / Low Motivation,Occasionally (When needed),Moderate Impact (Occasional disruption),Moderate Risk
STU0132,4/1/2026 10:32,First Year (PG),BSc Cyber Security,25,Female,7.0 – 8.4,Satisfied,Less than 1 hour,2,Rarely,1–2 hours,More than 6 hours,Social media,Sometimes,Rarely,Thinking about it,Very clear,"Hard skills (programming, data analytics, technical skills)",2,5,2,Sometimes,6–7 hours,Digital Marketing Specialist,"Not currently, but intend to in the future","Not currently, but intend to in the future","Basic knowledge, learning while practicing",,Always,Above 85%,"Creative/Design Skills (Innovation, UI/UX, Content)",Poor Time Management / Over-scheduling,Rarely (Passive),High Impact (Frequent disruption),High Risk
STU0133,4/8/2026 12:50,Third Year (TY),BCA,22,Female,8.5 – 9.4,Very satisfied,More than 2 hours,4,Daily,1–2 hours,4–6 hours,Social interactions,Sometimes,Often,Planning to start soon,Somewhat clear,"Soft skills (communication, teamwork, leadership, financial literacy)",3,1,2,Never,6–7 hours,Other,"No, not interested",Planning to start a project/internship soon,,"Rarely participate, mostly observe",Often,Above 85%,"Management/Execution (Planning, Organizing, Discipline)",Difficulty with Focus / Concentration,Never (Unaware or Not interested),,Low Risk
STU0134,3/28/2026 23:20,First Year (FY),BSc Computer Science,17,Female,8.5 – 9.4,Very satisfied,More than 2 hours,3,Few times a week,30–60 minutes,4–6 hours,Gaming,Sometimes,Rarely,Thinking about it,Somewhat clear,Both hard and soft skills,2,4,2,Never,More than 8 hours,Software Developer,"Not currently, but intend to in the future","Yes, actively working on projects/internship","Basic knowledge, learning while practicing",Occasionally participate in events,Often,Above 85%,"Technical/Hard Skills (Coding, Math, Logic)",Procrastination / Low Motivation,Never (Unaware or Not interested),High Impact (Frequent disruption),Moderate Risk
STU0135,3/29/2026 11:11,First Year (FY),BCA,19,Male,7.0 – 8.4,Very satisfied,1–2 hours,1,Few times a week,30–60 minutes,2–4 hours,Video content (YouTube/OTT),Sometimes,Always,Planning to start soon,Somewhat clear,Both hard and soft skills,5,2,2,Never,6–7 hours,Data Analyst,"No, not interested","Not currently, but intend to in the future","Basic knowledge, learning while practicing",Occasionally participate in events,Often,Above 85%,"Technical/Hard Skills (Coding, Math, Logic)",Difficulty with Focus / Concentration,Occasionally (When needed),High Impact (Frequent disruption),Moderate Risk
STU0136,4/6/2026 7:18,Second Year (SY),BSc IT,19,Male,7.0 – 8.4,Neutral,Less than 1 hour,2,Rarely,30–60 minutes,More than 6 hours,Social interactions,Sometimes,Rarely,Thinking about it,Somewhat clear,"Soft skills (communication, teamwork, leadership, financial literacy)",4,1,1,Sometimes,6–7 hours,Software Developer,"Yes, currently enrolled in one or more courses/certifications","Not currently, but intend to in the future","Basic knowledge, learning while practicing",Never participate in such events,Always,50% – 65%,"Technical/Hard Skills (Coding, Math, Logic)",Difficulty with Focus / Concentration,Occasionally (When needed),Moderate Impact (Occasional disruption),Moderate Risk
STU0137,3/24/2026 17:09,Third Year (TY),BSc Cyber Security,20,Male,5.0 – 6.9,Unsatisfied,Less than 1 hour,3,Never,30–60 minutes,More than 6 hours,Social media,Mostly consistent,Always,Actively preparing for a goal (placements/exams),Somewhat clear,Both hard and soft skills,3,3,3,Sometimes,More than 8 hours,Automation Engineer,Planning to enroll soon,Planning to start a project/internship soon,Strong foundation in core concepts,Occasionally participate in events,Always,66% – 75%,"Management/Execution (Planning, Organizing, Discipline)",Poor Time Management / Over-scheduling,Never (Unaware or Not interested),No Impact (Fully supportive environment),Moderate Risk
STU0138,3/16/2026 17:15,First Year (FY),BCom,19,Other,7.0 – 8.4,Satisfied,1–2 hours,2,Few times a week,30–60 minutes,4–6 hours,Other,Sometimes,Often,Planning to start soon,Somewhat clear,Both hard and soft skills,4,3,2,Sometimes,6–7 hours,Software Developer,Planning to enroll soon,"Not currently, but intend to in the future","Basic knowledge, learning while practicing","Rarely participate, mostly observe",Often,50% – 65%,"Technical/Hard Skills (Coding, Math, Logic)",Procrastination / Low Motivation,Rarely (Passive),High Impact (Frequent disruption),High Risk
STU0139,3/30/2026 5:30,Final Year,BCA,23,Male,9.5 – 10.0,Satisfied,1–2 hours,1,Never,30–60 minutes,2–4 hours,Video content (YouTube/OTT),Sometimes,Sometimes,Thinking about it,Somewhat clear,Both hard and soft skills,2,5,2,Often,More than 8 hours,Cyber Security Analyst,"Yes, currently enrolled in one or more courses/certifications","Yes, actively working on projects/internship","Limited knowledge, theoretical only","Rarely participate, mostly observe",Always,76% – 85%,"Technical/Hard Skills (Coding, Math, Logic)",Poor Time Management / Over-scheduling,Occasionally (When needed),Moderate Impact (Occasional disruption),Moderate Risk
STU0140,4/13/2026 15:11,First Year (PG),BSc Cyber Security,22,Female,8.5 – 9.4,Unsatisfied,1–2 hours,1,Never,30–60 minutes,More than 6 hours,Video content (YouTube/OTT),Mostly consistent,Rarely,Actively preparing for a goal (placements/exams),Somewhat clear,Both hard and soft skills,3,2,1,Often,,Other,"Not currently, but intend to in the future","Yes, actively working on projects/internship","Basic knowledge, learning while practicing",Never participate in such events,Always,50% – 65%,"Technical/Hard Skills (Coding, Math, Logic)",Poor Time Management / Over-scheduling,Occasionally (When needed),Low Impact (Rarely affects study),Moderate Risk
STU0141,3/31/2026 1:34,Third Year (TY),BCom,21,Female,8.5 – 9.4,Satisfied,Less than 1 hour,2,Rarely,1–2 hours,4–6 hours,Social media,Rarely,Sometimes,Thinking about it,Not clear,Both hard and soft skills,3,5,3,Sometimes,6–7 hours,Software Developer,Planning to enroll soon,Planning to start a project/internship soon,,"Rarely participate, mostly observe",Often,66% – 75%,"Technical/Hard Skills (Coding, Math, Logic)",Poor Time Management / Over-scheduling,Occasionally (When needed),Moderate Impact (Occasional disruption),High Risk
STU0142,3/20/2026 15:12,Final Year,BSc IT,23,Female,7.0 – 8.4,Neutral,1–2 hours,2,Never,30–60 minutes,More than 6 hours,Video content (YouTube/OTT),Mostly consistent,Sometimes,Thinking about it,Very clear,"Hard skills (programming, data analytics, technical skills)",3,3,1,Never,6–7 hours,AI / ML,"Not currently, but intend to in the future",Planning to start a project/internship soon,"Basic knowledge, learning while practicing","Rarely participate, mostly observe",Always,Less than 50%,"Soft Skills (Communication, Leadership, Teamwork)",Poor Time Management / Over-scheduling,Occasionally (When needed),Low Impact (Rarely affects study),Moderate Risk
STU0143,3/24/2026 14:21,First Year (PG),BSc Cyber Security,22,Male,8.5 – 9.4,Satisfied,1–2 hours,3,Never,1–2 hours,More than 6 hours,Gaming,Mostly consistent,Rarely,Planning to start soon,Not clear,Both hard and soft skills,3,4,2,Often,6–7 hours,Automation Engineer,Planning to enroll soon,"Not currently, but intend to in the future","Basic knowledge, learning while practicing",Occasionally participate in events,Often,Above 85%,"Soft Skills (Communication, Leadership, Teamwork)",Procrastination / Low Motivation,Occasionally (When needed),Moderate Impact (Occasional disruption),Moderate Risk
STU0144,4/3/2026 8:23,Third Year (TY),BBA,20,Male,7.0 – 8.4,Neutral,Less than 1 hour,4,Rarely,1–2 hours,More than 6 hours,Gaming,Sometimes,Rarely,Actively preparing for a goal (placements/exams),Very clear,Both hard and soft skills,3,3,3,Sometimes,More than 8 hours,Automation Engineer,Planning to enroll soon,"Yes, actively working on projects/internship","Basic knowledge, learning while practicing",Occasionally participate in events,Often,50% – 65%,"Technical/Hard Skills (Coding, Math, Logic)",Poor Time Management / Over-scheduling,Rarely (Passive),High Impact (Frequent disruption),High Risk
STU0145,4/9/2026 13:55,Second Year (SY),BSc Cyber Security,19,Male,5.0 – 6.9,Unsatisfied,More than 2 hours,2,Rarely,30–60 minutes,4–6 hours,Gaming,Sometimes,Rarely,Actively preparing for a goal (placements/exams),Very clear,Both hard and soft skills,2,4,2,Always,More than 8 hours,Software Developer,Planning to enroll soon,"Not currently, but intend to in the future","Basic knowledge, learning while practicing",Never participate in such events,Always,50% – 65%,"Creative/Design Skills (Innovation, UI/UX, Content)",Procrastination / Low Motivation,Rarely (Passive),Moderate Impact (Occasional disruption),High Risk
STU0146,4/2/2026 13:45,Second Year (PG),BSc Computer Science,26,Male,8.5 – 9.4,Unsatisfied,Less than 1 hour,5,Never,More than 2 hours,4–6 hours,Social media,Sometimes,Sometimes,Planning to start soon,Not clear,Both hard and soft skills,4,2,3,Never,More than 8 hours,Software Developer,"No, not interested",Planning to start a project/internship soon,"Basic knowledge, learning while practicing",Never participate in such events,Often,Above 85%,"Creative/Design Skills (Innovation, UI/UX, Content)",Lack of Consistency or Determination (Difficulty sticking to a plan),Rarely (Passive),Moderate Impact (Occasional disruption),Low Risk
STU0147,3/17/2026 21:37,Third Year (TY),BSc Computer Science,20,Male,8.5 – 9.4,Satisfied,Less than 1 hour,1,Rarely,1–2 hours,More than 6 hours,Social media,Mostly consistent,Sometimes,Planning to start soon,Not clear,"Hard skills (programming, data analytics, technical skills)",3,1,1,Sometimes,6–7 hours,Automation Engineer,Planning to enroll soon,"Not currently, but intend to in the future","Basic knowledge, learning while practicing","Rarely participate, mostly observe",Sometimes,50% – 65%,"Soft Skills (Communication, Leadership, Teamwork)",Poor Time Management / Over-scheduling,Never (Unaware or Not interested),Moderate Impact (Occasional disruption),Low Risk
STU0148,4/12/2026 21:23,First Year (FY),BCA,18,Male,5.0 – 6.9,Unsatisfied,1–2 hours,1,Few times a week,1–2 hours,4–6 hours,Social media,Rarely,Rarely,Thinking about it,Somewhat clear,"Hard skills (programming, data analytics, technical skills)",5,3,3,Never,6–7 hours,Data Analyst,"Not currently, but intend to in the future","Yes, actively working on projects/internship","Basic knowledge, learning while practicing","Rarely participate, mostly observe",Often,66% – 75%,"Soft Skills (Communication, Leadership, Teamwork)",Difficulty with Focus / Concentration,Occasionally (When needed),Low Impact (Rarely affects study),High Risk
STU0149,3/15/2026 8:53,First Year (FY),BBA,17,Male,8.5 – 9.4,Satisfied,1–2 hours,2,Never,30–60 minutes,More than 6 hours,Video content (YouTube/OTT),Mostly consistent,Often,Actively preparing for a goal (placements/exams),Not clear,"Hard skills (programming, data analytics, technical skills)",4,5,1,Often,6–7 hours,Software Developer,Planning to enroll soon,Planning to start a project/internship soon,"Basic knowledge, learning while practicing",Never participate in such events,Sometimes,Above 85%,"Technical/Hard Skills (Coding, Math, Logic)",Poor Time Management / Over-scheduling,,Moderate Impact (Occasional disruption),Moderate Risk
STU0150,4/8/2026 17:39,First Year (PG),BCom,22,Male,8.5 – 9.4,Very satisfied,1–2 hours,3,Rarely,1–2 hours,More than 6 hours,Social media,Mostly consistent,Often,Thinking about it,Not clear,Both hard and soft skills,5,5,2,Sometimes,More than 8 hours,Software Developer,Planning to enroll soon,Planning to start a project/internship soon,"Basic knowledge, learning while practicing","Rarely participate, mostly observe",Often,66% – 75%,"Soft Skills (Communication, Leadership, Teamwork)",Poor Time Management / Over-scheduling,Rarely (Passive),Low Impact (Rarely affects study),Moderate Risk
STU0151,3/22/2026 16:18,First Year (FY),BCA,19,Female,8.5 – 9.4,Satisfied,1–2 hours,3,Few times a week,1–2 hours,More than 6 hours,Gaming,Sometimes,Sometimes,Planning to start soon,Somewhat clear,"Soft skills (communication, teamwork, leadership, financial literacy)",1,4,2,Always,6–7 hours,AI / ML,"Not currently, but intend to in the future","Not currently, but intend to in the future","Basic knowledge, learning while practicing","Rarely participate, mostly observe",Rarely,76% – 85%,"Soft Skills (Communication, Leadership, Teamwork)",Difficulty with Focus / Concentration,Rarely (Passive),High Impact (Frequent disruption),Moderate Risk
STU0152,4/4/2026 8:11,First Year (FY),BCom,19,Male,9.5 – 10.0,Satisfied,More than 2 hours,3,Few times a week,More than 2 hours,More than 6 hours,Social media,Sometimes,Rarely,Thinking about it,Somewhat clear,Both hard and soft skills,3,4,1,Never,6–7 hours,Data Analyst,"Not currently, but intend to in the future","Yes, actively working on projects/internship","Basic knowledge, learning while practicing","Rarely participate, mostly observe",Often,Less than 50%,"Creative/Design Skills (Innovation, UI/UX, Content)",Poor Time Management / Over-scheduling,Never (Unaware or Not interested),High Impact (Frequent disruption),Moderate Risk
STU0153,4/11/2026 1:19,First Year (FY),BCom,19,Male,8.5 – 9.4,Neutral,1–2 hours,5,Daily,More than 2 hours,4–6 hours,Social interactions,Rarely,Rarely,Actively preparing for a goal (placements/exams),Somewhat clear,"Hard skills (programming, data analytics, technical skills)",4,3,2,Sometimes,4–5 hours,Software Developer,"Not currently, but intend to in the future",Planning to start a project/internship soon,"Basic knowledge, learning while practicing",Occasionally participate in events,Always,76% – 85%,"Management/Execution (Planning, Organizing, Discipline)",Difficulty with Focus / Concentration,Never (Unaware or Not interested),High Impact (Frequent disruption),Moderate Risk
STU0154,3/21/2026 15:53,Second Year (PG),BCA,23,Male,8.5 – 9.4,Neutral,1–2 hours,2,Rarely,30–60 minutes,More than 6 hours,Video content (YouTube/OTT),Mostly consistent,Sometimes,Planning to start soon,Somewhat clear,"Hard skills (programming, data analytics, technical skills)",5,2,2,Often,More than 8 hours,Digital Marketing Specialist,"Yes, currently enrolled in one or more courses/certifications","Not currently, but intend to in the future","Basic knowledge, learning while practicing","Rarely participate, mostly observe",Sometimes,76% – 85%,"Technical/Hard Skills (Coding, Math, Logic)",Procrastination / Low Motivation,Occasionally (When needed),,Low Risk
STU0155,3/21/2026 18:59,Second Year (SY),BCom,21,Female,8.5 – 9.4,Very satisfied,1–2 hours,5,Rarely,1–2 hours,4–6 hours,Video content (YouTube/OTT),Mostly consistent,Sometimes,Planning to start soon,Very clear,Both hard and soft skills,5,2,3,Always,4–5 hours,Software Developer,"No, not interested",Planning to start a project/internship soon,Strong foundation in core concepts,Occasionally participate in events,Always,Above 85%,"Creative/Design Skills (Innovation, UI/UX, Content)",Procrastination / Low Motivation,Never (Unaware or Not interested),Low Impact (Rarely affects study),Low Risk
STU0156,4/12/2026 6:32,Final Year,BCA,22,Female,7.0 – 8.4,Satisfied,1–2 hours,3,Never,1–2 hours,More than 6 hours,Video content (YouTube/OTT),Sometimes,Often,Actively preparing for a goal (placements/exams),Very clear,"Hard skills (programming, data analytics, technical skills)",4,3,2,Often,More than 8 hours,Automation Engineer,"Yes, currently enrolled in one or more courses/certifications",Planning to start a project/internship soon,Strong foundation in core concepts,,Always,66% – 75%,"Creative/Design Skills (Innovation, UI/UX, Content)",Procrastination / Low Motivation,Occasionally (When needed),High Impact (Frequent disruption),Moderate Risk
STU0157,3/28/2026 9:46,Final Year,BCA,22,Male,5.0 – 6.9,Unsatisfied,More than 2 hours,2,Few times a week,30–60 minutes,More than 6 hours,Gaming,Mostly consistent,Often,Planning to start soon,Not clear,Both hard and soft skills,1,5,2,Often,6–7 hours,Data Analyst,"Not currently, but intend to in the future","Yes, actively working on projects/internship","Limited knowledge, theoretical only","Rarely participate, mostly observe",Often,66% – 75%,"Technical/Hard Skills (Coding, Math, Logic)",Poor Time Management / Over-scheduling,Rarely (Passive),Low Impact (Rarely affects study),High Risk
STU0158,3/26/2026 13:50,Second Year (PG),BCA,24,Female,7.0 – 8.4,Very satisfied,Less than 1 hour,2,Never,30–60 minutes,More than 6 hours,Social interactions,Sometimes,Rarely,Thinking about it,Not clear,Both hard and soft skills,4,1,2,Sometimes,More than 8 hours,Data Analyst,"Not currently, but intend to in the future","Not currently, but intend to in the future","Basic knowledge, learning while practicing",Occasionally participate in events,Always,50% – 65%,"Technical/Hard Skills (Coding, Math, Logic)",Procrastination / Low Motivation,,Low Impact (Rarely affects study),Moderate Risk
STU0159,3/22/2026 17:40,Second Year (SY),BCA,19,Female,7.0 – 8.4,Unsatisfied,1–2 hours,1,,1–2 hours,More than 6 hours,Gaming,Mostly consistent,Always,Thinking about it,Somewhat clear,Both hard and soft skills,2,5,1,Never,More than 8 hours,Data Analyst,Planning to enroll soon,"Not currently, but intend to in the future",,Never participate in such events,Rarely,50% – 65%,"Technical/Hard Skills (Coding, Math, Logic)",Procrastination / Low Motivation,,Low Impact (Rarely affects study),High Risk
STU0160,4/1/2026 13:17,Second Year (SY),BCA,20,Male,9.5 – 10.0,Unsatisfied,1–2 hours,,Never,More than 2 hours,2–4 hours,Social media,Sometimes,Sometimes,Thinking about it,Very clear,"Hard skills (programming, data analytics, technical skills)",2,2,3,Sometimes,6–7 hours,Digital Marketing Specialist,"Not currently, but intend to in the future","Yes, actively working on projects/internship",Strong foundation in core concepts,Occasionally participate in events,Always,66% – 75%,"Management/Execution (Planning, Organizing, Discipline)",Procrastination / Low Motivation,Rarely (Passive),High Impact (Frequent disruption),Low Risk
STU0161,4/14/2026 20:23,First Year (PG),BSc Cyber Security,25,Female,5.0 – 6.9,Neutral,Less than 1 hour,2,Rarely,1–2 hours,4–6 hours,Video content (YouTube/OTT),Rarely,Sometimes,Planning to start soon,Very clear,Both hard and soft skills,2,4,1,Often,6–7 hours,Automation Engineer,,Planning to start a project/internship soon,Strong foundation in core concepts,Never participate in such events,Sometimes,Less than 50%,"Technical/Hard Skills (Coding, Math, Logic)",Difficulty with Focus / Concentration,Never (Unaware or Not interested),No Impact (Fully supportive environment),High Risk
STU0162,3/20/2026 16:44,First Year (FY),BBA,17,Male,8.5 – 9.4,Satisfied,1–2 hours,2,Never,More than 2 hours,More than 6 hours,Social interactions,Mostly consistent,Always,Thinking about it,Somewhat clear,"Soft skills (communication, teamwork, leadership, financial literacy)",3,2,2,Often,6–7 hours,Cyber Security Analyst,"Yes, currently enrolled in one or more courses/certifications","Yes, actively working on projects/internship","Basic knowledge, learning while practicing",Occasionally participate in events,Often,76% – 85%,"Creative/Design Skills (Innovation, UI/UX, Content)",Difficulty with Focus / Concentration,Never (Unaware or Not interested),Low Impact (Rarely affects study),Low Risk
STU0163,4/5/2026 11:04,First Year (PG),BCA,24,Male,9.5 – 10.0,Satisfied,1–2 hours,1,Rarely,,2–4 hours,Video content (YouTube/OTT),Sometimes,Sometimes,Thinking about it,Somewhat clear,"Hard skills (programming, data analytics, technical skills)",4,1,2,Sometimes,4–5 hours,Data Analyst,"No, not interested","Yes, actively working on projects/internship",Strong foundation in core concepts,Occasionally participate in events,Often,76% – 85%,"Management/Execution (Planning, Organizing, Discipline)",Poor Time Management / Over-scheduling,Rarely (Passive),Low Impact (Rarely affects study),Low Risk
STU0164,4/11/2026 8:53,First Year (PG),BCA,25,Male,8.5 – 9.4,Satisfied,More than 2 hours,4,Few times a week,More than 2 hours,2–4 hours,Social media,Sometimes,Rarely,Actively preparing for a goal (placements/exams),Very clear,"Soft skills (communication, teamwork, leadership, financial literacy)",5,2,3,Sometimes,6–7 hours,Software Developer,"Not currently, but intend to in the future","Not currently, but intend to in the future","Limited knowledge, theoretical only","Rarely participate, mostly observe",Sometimes,Above 85%,"Soft Skills (Communication, Leadership, Teamwork)",Lack of Consistency or Determination (Difficulty sticking to a plan),Never (Unaware or Not interested),Moderate Impact (Occasional disruption),Low Risk
STU0165,4/14/2026 16:39,First Year (PG),BCom,25,Male,5.0 – 6.9,Neutral,1–2 hours,3,Few times a week,1–2 hours,More than 6 hours,Social media,Sometimes,Sometimes,Thinking about it,Somewhat clear,Both hard and soft skills,2,5,3,Always,6–7 hours,Automation Engineer,Planning to enroll soon,"Not currently, but intend to in the future","Limited knowledge, theoretical only",Never participate in such events,Sometimes,66% – 75%,"Technical/Hard Skills (Coding, Math, Logic)",Procrastination / Low Motivation,Occasionally (When needed),No Impact (Fully supportive environment),High Risk
STU0166,4/6/2026 22:15,Second Year (SY),BSc Computer Science,19,Female,8.5 – 9.4,Very satisfied,More than 2 hours,4,Few times a week,More than 2 hours,More than 6 hours,Video content (YouTube/OTT),Sometimes,Sometimes,Thinking about it,Very clear,"Hard skills (programming, data analytics, technical skills)",4,3,2,Sometimes,,Other,Planning to enroll soon,"Not currently, but intend to in the future","Basic knowledge, learning while practicing",Never participate in such events,Often,66% – 75%,"Soft Skills (Communication, Leadership, Teamwork)",Procrastination / Low Motivation,Rarely (Passive),Moderate Impact (Occasional disruption),Moderate Risk
STU0167,4/1/2026 14:28,First Year (FY),BCA,19,Male,7.0 – 8.4,Neutral,1–2 hours,3,Rarely,More than 2 hours,More than 6 hours,Other,Sometimes,Sometimes,Thinking about it,Very clear,"Hard skills (programming, data analytics, technical skills)",3,3,3,Sometimes,,Data Analyst,"Not currently, but intend to in the future","Not currently, but intend to in the future","Limited knowledge, theoretical only",Never participate in such events,Often,66% – 75%,"Technical/Hard Skills (Coding, Math, Logic)",Poor Time Management / Over-scheduling,Rarely (Passive),Moderate Impact (Occasional disruption),Moderate Risk
STU0168,4/2/2026 12:15,Third Year (TY),BCA,22,Male,5.0 – 6.9,Unsatisfied,Less than 1 hour,1,Rarely,1–2 hours,More than 6 hours,Social media,Sometimes,Sometimes,Actively preparing for a goal (placements/exams),Very clear,"Soft skills (communication, teamwork, leadership, financial literacy)",4,1,2,Sometimes,6–7 hours,Software Developer,"Yes, currently enrolled in one or more courses/certifications",Planning to start a project/internship soon,"Limited knowledge, theoretical only","Rarely participate, mostly observe",Rarely,Above 85%,"Soft Skills (Communication, Leadership, Teamwork)",Poor Time Management / Over-scheduling,Occasionally (When needed),Moderate Impact (Occasional disruption),Moderate Risk
STU0169,4/3/2026 11:38,First Year (FY),BCA,17,Female,7.0 – 8.4,Satisfied,1–2 hours,4,Never,,2–4 hours,Social media,Rarely,Often,Thinking about it,Not clear,"Soft skills (communication, teamwork, leadership, financial literacy)",3,3,1,Sometimes,More than 8 hours,Cyber Security Analyst,"Not currently, but intend to in the future",Planning to start a project/internship soon,"Basic knowledge, learning while practicing",Occasionally participate in events,Sometimes,Less than 50%,"Creative/Design Skills (Innovation, UI/UX, Content)",Lack of Consistency or Determination (Difficulty sticking to a plan),Never (Unaware or Not interested),High Impact (Frequent disruption),High Risk
STU0170,4/14/2026 13:38,Final Year,BCA,23,Female,7.0 – 8.4,Neutral,1–2 hours,2,Rarely,More than 2 hours,2–4 hours,Gaming,Mostly consistent,Often,Planning to start soon,Somewhat clear,"Soft skills (communication, teamwork, leadership, financial literacy)",4,3,1,Never,More than 8 hours,Other,Planning to enroll soon,"Not currently, but intend to in the future","Basic knowledge, learning while practicing","Rarely participate, mostly observe",Always,66% – 75%,"Technical/Hard Skills (Coding, Math, Logic)",Poor Time Management / Over-scheduling,Never (Unaware or Not interested),Moderate Impact (Occasional disruption),Moderate Risk
STU0171,3/21/2026 19:36,Third Year (TY),BCom,22,Female,5.0 – 6.9,Neutral,Less than 1 hour,4,Few times a week,More than 2 hours,,Social media,Sometimes,Sometimes,Thinking about it,Somewhat clear,"Hard skills (programming, data analytics, technical skills)",3,2,3,Sometimes,6–7 hours,AI / ML,Planning to enroll soon,"Not currently, but intend to in the future","Basic knowledge, learning while practicing","Rarely participate, mostly observe",Rarely,Less than 50%,"Soft Skills (Communication, Leadership, Teamwork)",Lack of Consistency or Determination (Difficulty sticking to a plan),Never (Unaware or Not interested),No Impact (Fully supportive environment),High Risk
STU0172,4/4/2026 12:08,First Year (PG),BCA,24,Female,5.0 – 6.9,Very unsatisfied,1–2 hours,5,Rarely,1–2 hours,More than 6 hours,Social media,Rarely,Often,Actively preparing for a goal (placements/exams),Very clear,"Hard skills (programming, data analytics, technical skills)",4,1,1,Sometimes,More than 8 hours,Data Analyst,"No, not interested","Not currently, but intend to in the future","Limited knowledge, theoretical only",Never participate in such events,Sometimes,76% – 85%,"Soft Skills (Communication, Leadership, Teamwork)",Lack of Consistency or Determination (Difficulty sticking to a plan),Occasionally (When needed),High Impact (Frequent disruption),Moderate Risk
STU0173,4/6/2026 9:23,Second Year (SY),BSc IT,21,Male,8.5 – 9.4,Satisfied,More than 2 hours,3,Never,30–60 minutes,More than 6 hours,Social media,Sometimes,Sometimes,Thinking about it,Somewhat clear,Both hard and soft skills,3,4,3,Often,6–7 hours,Automation Engineer,"Not currently, but intend to in the future","Yes, actively working on projects/internship","Limited knowledge, theoretical only","Rarely participate, mostly observe",Rarely,76% – 85%,"Management/Execution (Planning, Organizing, Discipline)",Difficulty with Focus / Concentration,Rarely (Passive),High Impact (Frequent disruption),Moderate Risk
STU0174,3/15/2026 15:06,Third Year (TY),BSc Cyber Security,20,Female,7.0 – 8.4,Neutral,Less than 1 hour,5,Rarely,30–60 minutes,More than 6 hours,Gaming,Rarely,Sometimes,Planning to start soon,Very clear,"Hard skills (programming, data analytics, technical skills)",4,1,3,Sometimes,More than 8 hours,Data Analyst,Planning to enroll soon,"Not currently, but intend to in the future","Basic knowledge, learning while practicing",Occasionally participate in events,Rarely,50% – 65%,"Creative/Design Skills (Innovation, UI/UX, Content)",Difficulty with Focus / Concentration,,Low Impact (Rarely affects study),Moderate Risk
STU0175,4/13/2026 10:26,Second Year (PG),BCA,23,Other,7.0 – 8.4,Satisfied,1–2 hours,3,Few times a week,More than 2 hours,2–4 hours,Social media,Sometimes,Sometimes,Thinking about it,Not clear,"Hard skills (programming, data analytics, technical skills)",3,3,3,Sometimes,More than 8 hours,AI / ML,"Not currently, but intend to in the future","Yes, actively working on projects/internship","Limited knowledge, theoretical only",Never participate in such events,Sometimes,66% – 75%,"Soft Skills (Communication, Leadership, Teamwork)",Difficulty with Focus / Concentration,Never (Unaware or Not interested),High Impact (Frequent disruption),Moderate Risk
STU0176,3/15/2026 10:07,Third Year (TY),BA,21,Female,7.0 – 8.4,Neutral,Less than 1 hour,5,Never,1–2 hours,4–6 hours,Social media,Sometimes,Always,Thinking about it,Somewhat clear,"Hard skills (programming, data analytics, technical skills)",3,3,2,Sometimes,6–7 hours,AI / ML,Planning to enroll soon,"Not currently, but intend to in the future",Strong foundation in core concepts,"Rarely participate, mostly observe",Often,Above 85%,"Technical/Hard Skills (Coding, Math, Logic)",Lack of Consistency or Determination (Difficulty sticking to a plan),Never (Unaware or Not interested),No Impact (Fully supportive environment),Moderate Risk
STU0177,3/27/2026 8:27,Second Year (PG),BCA,23,Male,7.0 – 8.4,Neutral,1–2 hours,3,Daily,30–60 minutes,More than 6 hours,Gaming,Sometimes,Rarely,Actively preparing for a goal (placements/exams),Very clear,"Soft skills (communication, teamwork, leadership, financial literacy)",,4,3,Often,6–7 hours,Other,"Not currently, but intend to in the future",Planning to start a project/internship soon,"Limited knowledge, theoretical only",Occasionally participate in events,Sometimes,50% – 65%,"Soft Skills (Communication, Leadership, Teamwork)",Lack of Consistency or Determination (Difficulty sticking to a plan),Rarely (Passive),High Impact (Frequent disruption),High Risk
STU0178,3/29/2026 13:12,Second Year (SY),BSc Cyber Security,19,Male,7.0 – 8.4,Neutral,Less than 1 hour,1,Rarely,1–2 hours,More than 6 hours,Other,Sometimes,Often,Thinking about it,Somewhat clear,Both hard and soft skills,4,2,1,Sometimes,6–7 hours,Cyber Security Analyst,"No, not interested","Yes, actively working on projects/internship",Strong foundation in core concepts,Never participate in such events,Sometimes,50% – 65%,"Management/Execution (Planning, Organizing, Discipline)",Lack of Consistency or Determination (Difficulty sticking to a plan),Rarely (Passive),Low Impact (Rarely affects study),Moderate Risk
STU0179,4/2/2026 12:39,Third Year (TY),BCA,20,Female,5.0 – 6.9,Satisfied,Less than 1 hour,2,Rarely,1–2 hours,4–6 hours,Social media,Rarely,Always,Planning to start soon,Somewhat clear,Both hard and soft skills,3,4,2,Often,More than 8 hours,AI / ML,"Not currently, but intend to in the future","Yes, actively working on projects/internship","Limited knowledge, theoretical only",Never participate in such events,Sometimes,76% – 85%,"Technical/Hard Skills (Coding, Math, Logic)",Lack of Consistency or Determination (Difficulty sticking to a plan),Rarely (Passive),Low Impact (Rarely affects study),High Risk
STU0180,3/20/2026 8:59,Second Year (PG),BCA,24,Male,7.0 – 8.4,Neutral,1–2 hours,1,Never,30–60 minutes,4–6 hours,Gaming,Sometimes,Rarely,Planning to start soon,Somewhat clear,Both hard and soft skills,5,2,,Sometimes,More than 8 hours,AI / ML,"Not currently, but intend to in the future","Not currently, but intend to in the future",Strong foundation in core concepts,Never participate in such events,Sometimes,66% – 75%,"Technical/Hard Skills (Coding, Math, Logic)",Procrastination / Low Motivation,Rarely (Passive),No Impact (Fully supportive environment),Moderate Risk
STU0181,4/6/2026 11:26,Second Year (SY),BSc Computer Science,20,Female,7.0 – 8.4,Unsatisfied,Less than 1 hour,2,Few times a week,,More than 6 hours,Social media,Sometimes,Sometimes,Actively preparing for a goal (placements/exams),Not clear,Both hard and soft skills,3,3,1,Sometimes,6–7 hours,Other,"Not currently, but intend to in the future","Not currently, but intend to in the future","Limited knowledge, theoretical only",Occasionally participate in events,Sometimes,66% – 75%,"Technical/Hard Skills (Coding, Math, Logic)",Procrastination / Low Motivation,Rarely (Passive),Low Impact (Rarely affects study),Moderate Risk
STU0182,3/23/2026 9:07,Second Year (SY),BCA,21,Female,9.5 – 10.0,Neutral,Less than 1 hour,3,Few times a week,More than 2 hours,4–6 hours,Video content (YouTube/OTT),Mostly consistent,Often,Planning to start soon,Very clear,"Soft skills (communication, teamwork, leadership, financial literacy)",3,2,3,Often,4–5 hours,Cyber Security Analyst,"Yes, currently enrolled in one or more courses/certifications","Not currently, but intend to in the future","Limited knowledge, theoretical only",Occasionally participate in events,Sometimes,66% – 75%,"Management/Execution (Planning, Organizing, Discipline)",Difficulty with Focus / Concentration,Rarely (Passive),No Impact (Fully supportive environment),Low Risk
STU0183,4/11/2026 14:22,First Year (PG),BSc Cyber Security,22,Female,5.0 – 6.9,Satisfied,Less than 1 hour,2,Never,30–60 minutes,4–6 hours,Other,Sometimes,Often,Actively preparing for a goal (placements/exams),Not clear,Both hard and soft skills,4,2,3,Sometimes,6–7 hours,Data Analyst,"No, not interested","Yes, actively working on projects/internship","Limited knowledge, theoretical only",Never participate in such events,Often,Above 85%,"Management/Execution (Planning, Organizing, Discipline)",Procrastination / Low Motivation,Never (Unaware or Not interested),Moderate Impact (Occasional disruption),Moderate Risk
STU0184,4/2/2026 14:03,First Year (FY),BSc Computer Science,18,Other,9.5 – 10.0,Satisfied,Less than 1 hour,2,Few times a week,1–2 hours,More than 6 hours,Social media,Sometimes,Sometimes,Actively preparing for a goal (placements/exams),Very clear,"Soft skills (communication, teamwork, leadership, financial literacy)",1,5,1,Often,6–7 hours,Cyber Security Analyst,"Not currently, but intend to in the future","Not currently, but intend to in the future","Limited knowledge, theoretical only",Occasionally participate in events,Sometimes,50% – 65%,"Creative/Design Skills (Innovation, UI/UX, Content)",Procrastination / Low Motivation,Rarely (Passive),High Impact (Frequent disruption),High Risk
STU0185,3/23/2026 19:03,Second Year (SY),BCA,21,Male,8.5 – 9.4,Neutral,1–2 hours,3,Few times a week,More than 2 hours,4–6 hours,Video content (YouTube/OTT),Sometimes,Rarely,Actively preparing for a goal (placements/exams),Very clear,Both hard and soft skills,4,2,2,Often,4–5 hours,AI / ML,"Not currently, but intend to in the future",Planning to start a project/internship soon,"Basic knowledge, learning while practicing",Occasionally participate in events,Rarely,50% – 65%,"Soft Skills (Communication, Leadership, Teamwork)",Lack of Consistency or Determination (Difficulty sticking to a plan),Occasionally (When needed),No Impact (Fully supportive environment),Moderate Risk
STU0186,4/8/2026 13:56,First Year (PG),BCA,22,Male,8.5 – 9.4,Satisfied,Less than 1 hour,3,Rarely,1–2 hours,More than 6 hours,Video content (YouTube/OTT),Sometimes,Sometimes,Thinking about it,Not clear,Both hard and soft skills,5,3,2,Never,More than 8 hours,Digital Marketing Specialist,"Not currently, but intend to in the future","Not currently, but intend to in the future","Limited knowledge, theoretical only",Never participate in such events,Often,50% – 65%,"Creative/Design Skills (Innovation, UI/UX, Content)",Lack of Consistency or Determination (Difficulty sticking to a plan),Occasionally (When needed),Moderate Impact (Occasional disruption),Moderate Risk
STU0187,3/17/2026 10:54,Second Year (PG),BCA,26,Male,5.0 – 6.9,Unsatisfied,Less than 1 hour,1,Rarely,More than 2 hours,4–6 hours,Social media,Sometimes,Sometimes,Actively preparing for a goal (placements/exams),Not clear,Both hard and soft skills,2,5,2,Always,6–7 hours,Data Analyst,Planning to enroll soon,Planning to start a project/internship soon,Strong foundation in core concepts,Occasionally participate in events,Sometimes,50% – 65%,"Soft Skills (Communication, Leadership, Teamwork)",Procrastination / Low Motivation,Never (Unaware or Not interested),Low Impact (Rarely affects study),High Risk
STU0188,4/10/2026 19:50,First Year (FY),BSc Computer Science,18,Female,5.0 – 6.9,Very unsatisfied,1–2 hours,,Rarely,1–2 hours,2–4 hours,Social media,Rarely,Rarely,Thinking about it,Somewhat clear,Both hard and soft skills,1,4,1,Sometimes,4–5 hours,Data Analyst,"No, not interested","Not currently, but intend to in the future","Basic knowledge, learning while practicing","Rarely participate, mostly observe",Sometimes,66% – 75%,"Creative/Design Skills (Innovation, UI/UX, Content)",Poor Time Management / Over-scheduling,Occasionally (When needed),No Impact (Fully supportive environment),High Risk
STU0189,3/23/2026 11:23,First Year (PG),BCA,22,Female,9.5 – 10.0,Very satisfied,1–2 hours,3,Daily,More than 2 hours,More than 6 hours,Social media,Mostly consistent,Sometimes,Actively preparing for a goal (placements/exams),Very clear,"Soft skills (communication, teamwork, leadership, financial literacy)",3,3,2,Often,6–7 hours,Software Developer,"No, not interested","Yes, actively working on projects/internship",,Never participate in such events,Often,50% – 65%,"Technical/Hard Skills (Coding, Math, Logic)",Lack of Consistency or Determination (Difficulty sticking to a plan),Rarely (Passive),Moderate Impact (Occasional disruption),Moderate Risk
STU0190,3/29/2026 9:43,Final Year,BCA,21,Male,8.5 – 9.4,Very satisfied,More than 2 hours,,Few times a week,1–2 hours,More than 6 hours,Social media,Rarely,Always,Planning to start soon,Very clear,Both hard and soft skills,3,4,3,Always,6–7 hours,Cyber Security Analyst,"Not currently, but intend to in the future","Yes, actively working on projects/internship",Strong foundation in core concepts,Never participate in such events,Rarely,66% – 75%,"Technical/Hard Skills (Coding, Math, Logic)",Procrastination / Low Motivation,Never (Unaware or Not interested),Low Impact (Rarely affects study),High Risk
STU0191,4/8/2026 7:52,Second Year (SY),BBA,19,Female,7.0 – 8.4,Satisfied,More than 2 hours,4,Rarely,30–60 minutes,2–4 hours,Social media,Sometimes,Always,Planning to start soon,Very clear,"Soft skills (communication, teamwork, leadership, financial literacy)",4,2,2,Often,6–7 hours,AI / ML,Planning to enroll soon,Planning to start a project/internship soon,Strong foundation in core concepts,"Rarely participate, mostly observe",Often,66% – 75%,"Creative/Design Skills (Innovation, UI/UX, Content)",Poor Time Management / Over-scheduling,Never (Unaware or Not interested),Moderate Impact (Occasional disruption),Moderate Risk
STU0192,3/18/2026 13:57,Third Year (TY),BCA,20,Male,5.0 – 6.9,Very satisfied,1–2 hours,2,Never,1–2 hours,4–6 hours,Gaming,Rarely,Always,Actively preparing for a goal (placements/exams),Very clear,"Soft skills (communication, teamwork, leadership, financial literacy)",3,1,1,Sometimes,More than 8 hours,Data Analyst,"Not currently, but intend to in the future","Yes, actively working on projects/internship","Basic knowledge, learning while practicing",Never participate in such events,Sometimes,76% – 85%,"Technical/Hard Skills (Coding, Math, Logic)",Lack of Consistency or Determination (Difficulty sticking to a plan),Rarely (Passive),Low Impact (Rarely affects study),Moderate Risk
STU0193,4/11/2026 9:54,Third Year (TY),BSc Cyber Security,22,Male,7.0 – 8.4,Unsatisfied,1–2 hours,3,Rarely,30–60 minutes,More than 6 hours,Gaming,Mostly consistent,Often,Planning to start soon,Somewhat clear,Both hard and soft skills,4,3,3,Sometimes,More than 8 hours,Data Analyst,Planning to enroll soon,"Yes, actively working on projects/internship",Strong foundation in core concepts,"Rarely participate, mostly observe",Always,66% – 75%,"Creative/Design Skills (Innovation, UI/UX, Content)",Difficulty with Focus / Concentration,Occasionally (When needed),Low Impact (Rarely affects study),Moderate Risk
STU0194,3/15/2026 7:56,Third Year (TY),BCA,21,Female,7.0 – 8.4,Satisfied,Less than 1 hour,4,Few times a week,1–2 hours,4–6 hours,Social media,Mostly consistent,Often,Planning to start soon,Somewhat clear,"Hard skills (programming, data analytics, technical skills)",3,4,2,Often,More than 8 hours,Digital Marketing Specialist,"Not currently, but intend to in the future","Not currently, but intend to in the future",,Occasionally participate in events,Often,50% – 65%,"Management/Execution (Planning, Organizing, Discipline)",Difficulty with Focus / Concentration,Rarely (Passive),Moderate Impact (Occasional disruption),High Risk
STU0195,4/14/2026 9:03,Second Year (SY),BCA,20,Male,7.0 – 8.4,Very satisfied,1–2 hours,5,Rarely,1–2 hours,2–4 hours,Video content (YouTube/OTT),Mostly consistent,Sometimes,Thinking about it,Very clear,Both hard and soft skills,3,3,2,Always,4–5 hours,Digital Marketing Specialist,Planning to enroll soon,"Not currently, but intend to in the future","Basic knowledge, learning while practicing",Never participate in such events,Often,76% – 85%,"Management/Execution (Planning, Organizing, Discipline)",Procrastination / Low Motivation,Never (Unaware or Not interested),High Impact (Frequent disruption),Moderate Risk
STU0196,3/25/2026 17:34,Second Year (SY),BSc Cyber Security,20,Female,7.0 – 8.4,Very unsatisfied,Less than 1 hour,1,Rarely,1–2 hours,More than 6 hours,Social media,Mostly consistent,Rarely,Thinking about it,Not clear,Both hard and soft skills,4,4,1,Sometimes,More than 8 hours,Automation Engineer,Planning to enroll soon,"Yes, actively working on projects/internship","Limited knowledge, theoretical only","Rarely participate, mostly observe",Always,66% – 75%,"Technical/Hard Skills (Coding, Math, Logic)",Poor Time Management / Over-scheduling,Occasionally (When needed),High Impact (Frequent disruption),Moderate Risk
STU0197,4/7/2026 14:42,First Year (FY),BBA,19,Male,5.0 – 6.9,Unsatisfied,Less than 1 hour,3,Few times a week,More than 2 hours,More than 6 hours,Gaming,Sometimes,Rarely,Planning to start soon,Somewhat clear,"Hard skills (programming, data analytics, technical skills)",4,4,1,Never,6–7 hours,Data Analyst,"No, not interested","Yes, actively working on projects/internship","Limited knowledge, theoretical only",Occasionally participate in events,Often,50% – 65%,"Creative/Design Skills (Innovation, UI/UX, Content)",Procrastination / Low Motivation,Rarely (Passive),Low Impact (Rarely affects study),High Risk
STU0198,3/18/2026 15:56,First Year (PG),BCA,22,Female,8.5 – 9.4,Very satisfied,1–2 hours,2,Few times a week,1–2 hours,4–6 hours,Gaming,Mostly consistent,Always,Planning to start soon,Very clear,"Soft skills (communication, teamwork, leadership, financial literacy)",4,3,2,Sometimes,6–7 hours,Digital Marketing Specialist,"No, not interested",Planning to start a project/internship soon,"Basic knowledge, learning while practicing","Rarely participate, mostly observe",Often,66% – 75%,"Creative/Design Skills (Innovation, UI/UX, Content)",Difficulty with Focus / Concentration,Occasionally (When needed),No Impact (Fully supportive environment),Moderate Risk
STU0199,4/2/2026 9:57,Second Year (PG),BCA,23,Male,7.0 – 8.4,Satisfied,Less than 1 hour,2,Rarely,1–2 hours,4–6 hours,Gaming,Mostly consistent,Often,Planning to start soon,Somewhat clear,"Soft skills (communication, teamwork, leadership, financial literacy)",3,4,1,Sometimes,More than 8 hours,Digital Marketing Specialist,Planning to enroll soon,Planning to start a project/internship soon,"Basic knowledge, learning while practicing",Never participate in such events,Sometimes,76% – 85%,"Technical/Hard Skills (Coding, Math, Logic)",Lack of Consistency or Determination (Difficulty sticking to a plan),Occasionally (When needed),Moderate Impact (Occasional disruption),Moderate Risk
STU0200,3/22/2026 10:26,First Year (PG),BCA,24,Male,7.0 – 8.4,Satisfied,Less than 1 hour,4,Daily,1–2 hours,More than 6 hours,Gaming,Rarely,Often,Planning to start soon,Very clear,"Hard skills (programming, data analytics, technical skills)",1,3,1,Always,6–7 hours,Digital Marketing Specialist,"Not currently, but intend to in the future",Planning to start a project/internship soon,"Basic knowledge, learning while practicing",Occasionally participate in events,Sometimes,50% – 65%,"Creative/Design Skills (Innovation, UI/UX, Content)",Difficulty with Focus / Concentration,Occasionally (When needed),No Impact (Fully supportive environment),High Risk
STU0201,3/24/2026 7:55,Second Year (SY),BA,20,Female,8.5 – 9.4,Satisfied,1–2 hours,1,Few times a week,,4–6 hours,Gaming,Sometimes,Sometimes,Actively preparing for a goal (placements/exams),Somewhat clear,"Soft skills (communication, teamwork, leadership, financial literacy)",1,3,1,Always,4–5 hours,Software Developer,"Yes, currently enrolled in one or more courses/certifications","Not currently, but intend to in the future","Basic knowledge, learning while practicing","Rarely participate, mostly observe",Sometimes,76% – 85%,"Technical/Hard Skills (Coding, Math, Logic)",Difficulty with Focus / Concentration,Rarely (Passive),High Impact (Frequent disruption),Moderate Risk
STU0202,4/9/2026 6:48,First Year (FY),BCA,17,Female,5.0 – 6.9,Unsatisfied,1–2 hours,3,Rarely,,4–6 hours,Social media,Sometimes,Rarely,Thinking about it,Very clear,"Hard skills (programming, data analytics, technical skills)",5,2,,Never,More than 8 hours,Automation Engineer,"Not currently, but intend to in the future","Not currently, but intend to in the future",Strong foundation in core concepts,"Rarely participate, mostly observe",Rarely,50% – 65%,"Management/Execution (Planning, Organizing, Discipline)",Procrastination / Low Motivation,Occasionally (When needed),Moderate Impact (Occasional disruption),High Risk
STU0203,3/28/2026 10:15,Second Year (PG),BSc Computer Science,26,Male,9.5 – 10.0,Satisfied,1–2 hours,3,Never,1–2 hours,4–6 hours,Gaming,Sometimes,Often,Actively preparing for a goal (placements/exams),Somewhat clear,"Soft skills (communication, teamwork, leadership, financial literacy)",2,5,3,Sometimes,6–7 hours,Cyber Security Analyst,"Yes, currently enrolled in one or more courses/certifications","Not currently, but intend to in the future","Basic knowledge, learning while practicing",Never participate in such events,Often,76% – 85%,"Soft Skills (Communication, Leadership, Teamwork)",Lack of Consistency or Determination (Difficulty sticking to a plan),Rarely (Passive),Low Impact (Rarely affects study),Moderate Risk
STU0204,4/10/2026 10:40,First Year (PG),BSc Computer Science,25,Female,9.5 – 10.0,Neutral,More than 2 hours,2,Few times a week,1–2 hours,More than 6 hours,Video content (YouTube/OTT),Sometimes,Often,Actively preparing for a goal (placements/exams),Somewhat clear,"Soft skills (communication, teamwork, leadership, financial literacy)",3,1,2,Sometimes,6–7 hours,Digital Marketing Specialist,"Not currently, but intend to in the future","Not currently, but intend to in the future","Basic knowledge, learning while practicing",Occasionally participate in events,Always,66% – 75%,"Management/Execution (Planning, Organizing, Discipline)",Lack of Consistency or Determination (Difficulty sticking to a plan),Rarely (Passive),High Impact (Frequent disruption),Low Risk
STU0205,3/19/2026 7:12,Second Year (SY),BSc Computer Science,21,Male,9.5 – 10.0,Very satisfied,1–2 hours,3,Rarely,30–60 minutes,4–6 hours,Social interactions,Sometimes,Often,Planning to start soon,Very clear,Both hard and soft skills,3,5,3,Always,6–7 hours,Automation Engineer,"Yes, currently enrolled in one or more courses/certifications",Planning to start a project/internship soon,Strong foundation in core concepts,"Rarely participate, mostly observe",Always,Above 85%,"Soft Skills (Communication, Leadership, Teamwork)",Procrastination / Low Motivation,Rarely (Passive),Low Impact (Rarely affects study),Moderate Risk
STU0206,4/6/2026 16:45,Second Year (SY),BCA,21,Female,7.0 – 8.4,Neutral,Less than 1 hour,2,Rarely,1–2 hours,4–6 hours,Gaming,Sometimes,Sometimes,Planning to start soon,Very clear,Both hard and soft skills,4,1,2,Sometimes,6–7 hours,Cyber Security Analyst,Planning to enroll soon,"Yes, actively working on projects/internship","Basic knowledge, learning while practicing",,Sometimes,66% – 75%,"Technical/Hard Skills (Coding, Math, Logic)",Procrastination / Low Motivation,Rarely (Passive),Moderate Impact (Occasional disruption),Moderate Risk
STU0207,4/1/2026 12:47,Second Year (SY),BSc IT,19,Male,5.0 – 6.9,Neutral,Less than 1 hour,1,Rarely,1–2 hours,More than 6 hours,Gaming,Rarely,Sometimes,Actively preparing for a goal (placements/exams),Somewhat clear,Both hard and soft skills,3,1,2,Always,4–5 hours,Other,"Not currently, but intend to in the future",Planning to start a project/internship soon,Strong foundation in core concepts,"Rarely participate, mostly observe",Rarely,66% – 75%,"Technical/Hard Skills (Coding, Math, Logic)",Difficulty with Focus / Concentration,Rarely (Passive),Moderate Impact (Occasional disruption),Moderate Risk
STU0208,4/10/2026 10:58,First Year (FY),BCA,17,Female,8.5 – 9.4,Satisfied,More than 2 hours,,Rarely,30–60 minutes,More than 6 hours,Social interactions,Mostly consistent,Always,Planning to start soon,Somewhat clear,"Hard skills (programming, data analytics, technical skills)",3,4,3,Often,6–7 hours,AI / ML,"Not currently, but intend to in the future","Yes, actively working on projects/internship","Basic knowledge, learning while practicing",Never participate in such events,Always,Above 85%,"Technical/Hard Skills (Coding, Math, Logic)",Difficulty with Focus / Concentration,Occasionally (When needed),Moderate Impact (Occasional disruption),Moderate Risk
STU0209,3/30/2026 18:25,Third Year (TY),BCom,20,Male,9.5 – 10.0,Very satisfied,More than 2 hours,3,Rarely,1–2 hours,More than 6 hours,Social media,Sometimes,Often,Planning to start soon,Somewhat clear,"Soft skills (communication, teamwork, leadership, financial literacy)",5,3,3,Always,6–7 hours,Automation Engineer,"Yes, currently enrolled in one or more courses/certifications",Planning to start a project/internship soon,"Basic knowledge, learning while practicing",Occasionally participate in events,Always,Above 85%,"Technical/Hard Skills (Coding, Math, Logic)",Poor Time Management / Over-scheduling,Rarely (Passive),High Impact (Frequent disruption),Low Risk
STU0210,3/23/2026 19:05,Third Year (TY),BSc IT,21,Male,8.5 – 9.4,Very satisfied,Less than 1 hour,2,Never,30–60 minutes,More than 6 hours,Social media,Mostly consistent,Often,Actively preparing for a goal (placements/exams),Somewhat clear,"Hard skills (programming, data analytics, technical skills)",4,5,2,Sometimes,6–7 hours,Other,"Yes, currently enrolled in one or more courses/certifications","Not currently, but intend to in the future","Basic knowledge, learning while practicing",Occasionally participate in events,Often,66% – 75%,"Creative/Design Skills (Innovation, UI/UX, Content)",Lack of Consistency or Determination (Difficulty sticking to a plan),Occasionally (When needed),High Impact (Frequent disruption),Moderate Risk
STU0211,3/25/2026 6:32,Third Year (TY),BCA,21,Female,8.5 – 9.4,Neutral,More than 2 hours,4,,More than 2 hours,,Gaming,Sometimes,Sometimes,Thinking about it,Somewhat clear,"Soft skills (communication, teamwork, leadership, financial literacy)",1,3,3,Always,6–7 hours,Data Analyst,Planning to enroll soon,"Not currently, but intend to in the future","Limited knowledge, theoretical only",Occasionally participate in events,Sometimes,66% – 75%,"Management/Execution (Planning, Organizing, Discipline)",Procrastination / Low Motivation,Occasionally (When needed),No Impact (Fully supportive environment),Moderate Risk
STU0212,3/23/2026 9:15,Final Year,BCA,23,Male,7.0 – 8.4,Very satisfied,Less than 1 hour,3,Few times a week,More than 2 hours,More than 6 hours,Video content (YouTube/OTT),Rarely,Often,Actively preparing for a goal (placements/exams),Very clear,"Soft skills (communication, teamwork, leadership, financial literacy)",4,3,3,Sometimes,6–7 hours,AI / ML,Planning to enroll soon,"Not currently, but intend to in the future","Basic knowledge, learning while practicing",Occasionally participate in events,Always,Less than 50%,"Management/Execution (Planning, Organizing, Discipline)",Difficulty with Focus / Concentration,Never (Unaware or Not interested),Moderate Impact (Occasional disruption),High Risk
STU0213,3/26/2026 19:44,Second Year (PG),BCA,23,Male,7.0 – 8.4,Neutral,1–2 hours,3,Rarely,30–60 minutes,More than 6 hours,Other,Rarely,Sometimes,Thinking about it,Somewhat clear,"Soft skills (communication, teamwork, leadership, financial literacy)",2,4,2,Often,4–5 hours,AI / ML,"Not currently, but intend to in the future","Not currently, but intend to in the future","Basic knowledge, learning while practicing",Occasionally participate in events,Often,Above 85%,"Technical/Hard Skills (Coding, Math, Logic)",Difficulty with Focus / Concentration,Occasionally (When needed),Moderate Impact (Occasional disruption),High Risk
STU0214,3/31/2026 8:01,Second Year (SY),BSc Computer Science,20,Male,7.0 – 8.4,Neutral,1–2 hours,,Never,1–2 hours,2–4 hours,Video content (YouTube/OTT),Mostly consistent,Often,Planning to start soon,Somewhat clear,Both hard and soft skills,4,1,2,Sometimes,More than 8 hours,Automation Engineer,,"Yes, actively working on projects/internship","Limited knowledge, theoretical only","Rarely participate, mostly observe",Often,50% – 65%,"Management/Execution (Planning, Organizing, Discipline)",Poor Time Management / Over-scheduling,Occasionally (When needed),No Impact (Fully supportive environment),Moderate Risk
STU0215,3/26/2026 9:55,Second Year (PG),BCA,23,Male,8.5 – 9.4,Satisfied,More than 2 hours,4,Rarely,30–60 minutes,4–6 hours,Other,Sometimes,Often,Actively preparing for a goal (placements/exams),Somewhat clear,"Hard skills (programming, data analytics, technical skills)",3,2,2,Often,4–5 hours,Automation Engineer,"Yes, currently enrolled in one or more courses/certifications",Planning to start a project/internship soon,"Basic knowledge, learning while practicing","Rarely participate, mostly observe",Often,66% – 75%,"Management/Execution (Planning, Organizing, Discipline)",Poor Time Management / Over-scheduling,Rarely (Passive),Moderate Impact (Occasional disruption),Moderate Risk
STU0216,4/12/2026 11:44,First Year (FY),BSc Computer Science,19,Male,8.5 – 9.4,Satisfied,More than 2 hours,4,Never,1–2 hours,More than 6 hours,Video content (YouTube/OTT),Sometimes,Often,Planning to start soon,Somewhat clear,Both hard and soft skills,4,4,1,Often,More than 8 hours,Cyber Security Analyst,"Yes, currently enrolled in one or more courses/certifications","Yes, actively working on projects/internship","Basic knowledge, learning while practicing",Occasionally participate in events,Sometimes,66% – 75%,"Technical/Hard Skills (Coding, Math, Logic)",Poor Time Management / Over-scheduling,Rarely (Passive),Low Impact (Rarely affects study),Moderate Risk
STU0217,3/20/2026 16:02,First Year (PG),BSc IT,24,Male,8.5 – 9.4,Very satisfied,Less than 1 hour,2,Few times a week,30–60 minutes,2–4 hours,Social media,Mostly consistent,Often,Planning to start soon,Somewhat clear,"Soft skills (communication, teamwork, leadership, financial literacy)",2,5,1,Always,6–7 hours,AI / ML,Planning to enroll soon,Planning to start a project/internship soon,"Limited knowledge, theoretical only",Occasionally participate in events,Always,66% – 75%,"Creative/Design Skills (Innovation, UI/UX, Content)",Lack of Consistency or Determination (Difficulty sticking to a plan),Rarely (Passive),Moderate Impact (Occasional disruption),Moderate Risk
STU0218,4/7/2026 15:40,Second Year (SY),BSc Cyber Security,20,Male,8.5 – 9.4,Neutral,1–2 hours,2,Rarely,1–2 hours,More than 6 hours,Gaming,Mostly consistent,Always,Thinking about it,Somewhat clear,Both hard and soft skills,5,2,,Sometimes,More than 8 hours,Data Analyst,Planning to enroll soon,"Not currently, but intend to in the future","Basic knowledge, learning while practicing",Never participate in such events,Often,76% – 85%,"Technical/Hard Skills (Coding, Math, Logic)",Difficulty with Focus / Concentration,Occasionally (When needed),High Impact (Frequent disruption),Low Risk
STU0219,3/27/2026 17:34,Second Year (SY),BCA,19,Female,7.0 – 8.4,Satisfied,1–2 hours,5,Never,1–2 hours,More than 6 hours,Social media,Rarely,Sometimes,Actively preparing for a goal (placements/exams),Somewhat clear,Both hard and soft skills,1,5,2,Often,,Cyber Security Analyst,,"Yes, actively working on projects/internship","Basic knowledge, learning while practicing","Rarely participate, mostly observe",Often,66% – 75%,"Management/Execution (Planning, Organizing, Discipline)",Procrastination / Low Motivation,Occasionally (When needed),Low Impact (Rarely affects study),High Risk
STU0220,4/7/2026 8:10,Second Year (SY),BSc Cyber Security,19,Female,9.5 – 10.0,Very satisfied,More than 2 hours,3,Rarely,More than 2 hours,More than 6 hours,Social media,Sometimes,Sometimes,Actively preparing for a goal (placements/exams),Very clear,Both hard and soft skills,2,4,,Often,4–5 hours,Software Developer,"No, not interested","Not currently, but intend to in the future","Limited knowledge, theoretical only",Never participate in such events,Often,Above 85%,"Technical/Hard Skills (Coding, Math, Logic)",Difficulty with Focus / Concentration,Occasionally (When needed),Moderate Impact (Occasional disruption),Moderate Risk
STU0221,3/28/2026 9:12,Second Year (PG),BCA,25,Male,7.0 – 8.4,Very satisfied,Less than 1 hour,1,Rarely,30–60 minutes,More than 6 hours,Video content (YouTube/OTT),Sometimes,Sometimes,Planning to start soon,Very clear,"Hard skills (programming, data analytics, technical skills)",3,3,1,Sometimes,,Software Developer,"No, not interested","Not currently, but intend to in the future","Basic knowledge, learning while practicing","Rarely participate, mostly observe",Always,Above 85%,"Technical/Hard Skills (Coding, Math, Logic)",Lack of Consistency or Determination (Difficulty sticking to a plan),Occasionally (When needed),Low Impact (Rarely affects study),Moderate Risk
STU0222,3/20/2026 15:13,Second Year (SY),BA,21,Male,7.0 – 8.4,Unsatisfied,More than 2 hours,2,Few times a week,1–2 hours,4–6 hours,Other,Mostly consistent,Sometimes,Thinking about it,Not clear,Both hard and soft skills,3,3,2,Never,6–7 hours,Data Analyst,"No, not interested","Not currently, but intend to in the future","Limited knowledge, theoretical only",Occasionally participate in events,Often,66% – 75%,"Technical/Hard Skills (Coding, Math, Logic)",Lack of Consistency or Determination (Difficulty sticking to a plan),Rarely (Passive),No Impact (Fully supportive environment),Moderate Risk
STU0223,3/29/2026 19:16,Second Year (PG),BCA,26,Male,7.0 – 8.4,Neutral,Less than 1 hour,3,Daily,1–2 hours,2–4 hours,Video content (YouTube/OTT),Rarely,Often,Planning to start soon,Not clear,"Hard skills (programming, data analytics, technical skills)",3,4,1,Sometimes,More than 8 hours,Data Analyst,"No, not interested","Not currently, but intend to in the future","Basic knowledge, learning while practicing","Rarely participate, mostly observe",Rarely,66% – 75%,"Soft Skills (Communication, Leadership, Teamwork)",Lack of Consistency or Determination (Difficulty sticking to a plan),Never (Unaware or Not interested),Low Impact (Rarely affects study),High Risk
STU0224,3/28/2026 12:33,First Year (PG),BSc Cyber Security,25,Male,7.0 – 8.4,Neutral,Less than 1 hour,1,Never,1–2 hours,4–6 hours,Social media,Rarely,Often,Actively preparing for a goal (placements/exams),Somewhat clear,"Soft skills (communication, teamwork, leadership, financial literacy)",3,,1,Sometimes,More than 8 hours,Cyber Security Analyst,"No, not interested","Not currently, but intend to in the future","Basic knowledge, learning while practicing",Never participate in such events,Rarely,50% – 65%,"Soft Skills (Communication, Leadership, Teamwork)",Poor Time Management / Over-scheduling,Occasionally (When needed),Moderate Impact (Occasional disruption),High Risk
STU0225,3/21/2026 14:10,Third Year (TY),BSc Computer Science,20,Male,5.0 – 6.9,Neutral,Less than 1 hour,4,Rarely,1–2 hours,More than 6 hours,Gaming,Rarely,Often,Actively preparing for a goal (placements/exams),Somewhat clear,"Hard skills (programming, data analytics, technical skills)",4,1,1,Often,6–7 hours,AI / ML,"Not currently, but intend to in the future",Planning to start a project/internship soon,"Basic knowledge, learning while practicing",Occasionally participate in events,Often,50% – 65%,"Soft Skills (Communication, Leadership, Teamwork)",Poor Time Management / Over-scheduling,Rarely (Passive),High Impact (Frequent disruption),High Risk
STU0226,4/11/2026 12:20,Second Year (SY),BBA,20,Female,7.0 – 8.4,Satisfied,1–2 hours,2,Rarely,,4–6 hours,Video content (YouTube/OTT),Rarely,Sometimes,Planning to start soon,Somewhat clear,Both hard and soft skills,5,1,1,Sometimes,More than 8 hours,Other,"No, not interested","Not currently, but intend to in the future","Basic knowledge, learning while practicing","Rarely participate, mostly observe",Sometimes,50% – 65%,"Technical/Hard Skills (Coding, Math, Logic)",Lack of Consistency or Determination (Difficulty sticking to a plan),Occasionally (When needed),Low Impact (Rarely affects study),Moderate Risk
STU0227,3/18/2026 7:49,Second Year (PG),BCA,25,Female,9.5 – 10.0,Satisfied,1–2 hours,1,Never,1–2 hours,More than 6 hours,Gaming,Sometimes,Sometimes,Thinking about it,Somewhat clear,"Hard skills (programming, data analytics, technical skills)",4,2,1,Sometimes,6–7 hours,Software Developer,Planning to enroll soon,"Yes, actively working on projects/internship","Basic knowledge, learning while practicing",Never participate in such events,Often,Above 85%,"Management/Execution (Planning, Organizing, Discipline)",Lack of Consistency or Determination (Difficulty sticking to a plan),Rarely (Passive),Moderate Impact (Occasional disruption),Low Risk
STU0228,3/25/2026 5:56,Second Year (PG),BCA,24,Male,8.5 – 9.4,Satisfied,1–2 hours,3,Rarely,More than 2 hours,4–6 hours,Gaming,Mostly consistent,Often,Actively preparing for a goal (placements/exams),Somewhat clear,Both hard and soft skills,5,2,3,Never,6–7 hours,AI / ML,Planning to enroll soon,"Not currently, but intend to in the future","Limited knowledge, theoretical only",Never participate in such events,Often,76% – 85%,"Technical/Hard Skills (Coding, Math, Logic)",Lack of Consistency or Determination (Difficulty sticking to a plan),Occasionally (When needed),High Impact (Frequent disruption),Low Risk
STU0229,3/29/2026 19:47,Second Year (PG),BCA,25,Female,8.5 – 9.4,Very satisfied,1–2 hours,1,Rarely,30–60 minutes,4–6 hours,Gaming,Sometimes,Sometimes,Thinking about it,Somewhat clear,"Hard skills (programming, data analytics, technical skills)",4,3,2,Sometimes,6–7 hours,Automation Engineer,Planning to enroll soon,Planning to start a project/internship soon,"Limited knowledge, theoretical only",Occasionally participate in events,Often,76% – 85%,"Technical/Hard Skills (Coding, Math, Logic)",Procrastination / Low Motivation,Occasionally (When needed),High Impact (Frequent disruption),Moderate Risk
STU0230,3/27/2026 15:32,First Year (FY),BCA,17,Male,8.5 – 9.4,Very satisfied,1–2 hours,4,Never,1–2 hours,More than 6 hours,Video content (YouTube/OTT),Sometimes,Rarely,Thinking about it,Somewhat clear,Both hard and soft skills,4,4,3,Sometimes,,Cyber Security Analyst,"No, not interested","Not currently, but intend to in the future","Basic knowledge, learning while practicing","Rarely participate, mostly observe",Often,Above 85%,"Technical/Hard Skills (Coding, Math, Logic)",Difficulty with Focus / Concentration,Never (Unaware or Not interested),Moderate Impact (Occasional disruption),Moderate Risk
STU0231,4/4/2026 11:25,First Year (FY),BCA,17,Male,9.5 – 10.0,Satisfied,1–2 hours,3,Never,1–2 hours,More than 6 hours,Social interactions,Mostly consistent,Often,Thinking about it,Very clear,"Hard skills (programming, data analytics, technical skills)",3,5,3,Often,More than 8 hours,AI / ML,Planning to enroll soon,"Not currently, but intend to in the future","Limited knowledge, theoretical only",Occasionally participate in events,Always,Above 85%,"Technical/Hard Skills (Coding, Math, Logic)",Lack of Consistency or Determination (Difficulty sticking to a plan),Rarely (Passive),,Moderate Risk
STU0232,3/20/2026 10:03,Third Year (TY),BSc IT,22,Male,8.5 – 9.4,Neutral,More than 2 hours,2,Daily,1–2 hours,4–6 hours,Social media,Sometimes,Often,Planning to start soon,Very clear,"Hard skills (programming, data analytics, technical skills)",5,3,1,Sometimes,6–7 hours,Data Analyst,Planning to enroll soon,"Not currently, but intend to in the future","Limited knowledge, theoretical only",Occasionally participate in events,Always,76% – 85%,"Soft Skills (Communication, Leadership, Teamwork)",Difficulty with Focus / Concentration,Rarely (Passive),Moderate Impact (Occasional disruption),Moderate Risk
STU0233,3/15/2026 11:51,Third Year (TY),BCA,20,Female,7.0 – 8.4,Satisfied,1–2 hours,5,Few times a week,1–2 hours,2–4 hours,Gaming,Rarely,Always,Thinking about it,Somewhat clear,"Soft skills (communication, teamwork, leadership, financial literacy)",4,3,1,Sometimes,6–7 hours,Cyber Security Analyst,"Yes, currently enrolled in one or more courses/certifications","Not currently, but intend to in the future","Limited knowledge, theoretical only",Never participate in such events,Always,Above 85%,"Management/Execution (Planning, Organizing, Discipline)",Procrastination / Low Motivation,Occasionally (When needed),Low Impact (Rarely affects study),Moderate Risk
STU0234,3/15/2026 19:06,Second Year (PG),BCom,25,Male,9.5 – 10.0,Satisfied,Less than 1 hour,2,Never,1–2 hours,4–6 hours,Gaming,Mostly consistent,Always,Planning to start soon,Very clear,Both hard and soft skills,3,3,1,Never,More than 8 hours,Software Developer,"No, not interested","Yes, actively working on projects/internship","Limited knowledge, theoretical only",Never participate in such events,Always,66% – 75%,"Management/Execution (Planning, Organizing, Discipline)",Difficulty with Focus / Concentration,Rarely (Passive),No Impact (Fully supportive environment),Low Risk
STU0235,4/8/2026 5:33,Final Year,BCA,21,Male,5.0 – 6.9,Unsatisfied,Less than 1 hour,3,Never,30–60 minutes,4–6 hours,Gaming,Sometimes,Sometimes,Actively preparing for a goal (placements/exams),Somewhat clear,"Hard skills (programming, data analytics, technical skills)",4,2,1,Often,6–7 hours,Cyber Security Analyst,"Not currently, but intend to in the future","Yes, actively working on projects/internship","Basic knowledge, learning while practicing","Rarely participate, mostly observe",Sometimes,66% – 75%,"Soft Skills (Communication, Leadership, Teamwork)",Procrastination / Low Motivation,Never (Unaware or Not interested),High Impact (Frequent disruption),Moderate Risk
STU0236,4/2/2026 15:45,First Year (FY),BCA,17,Male,5.0 – 6.9,Very unsatisfied,Less than 1 hour,2,Rarely,1–2 hours,4–6 hours,Gaming,Rarely,Often,Thinking about it,Very clear,Both hard and soft skills,4,1,3,Sometimes,6–7 hours,Data Analyst,Planning to enroll soon,"Yes, actively working on projects/internship",Strong foundation in core concepts,Occasionally participate in events,Often,66% – 75%,"Management/Execution (Planning, Organizing, Discipline)",Procrastination / Low Motivation,Rarely (Passive),Moderate Impact (Occasional disruption),Moderate Risk
STU0237,3/23/2026 15:47,First Year (FY),BCA,19,Male,8.5 – 9.4,Very satisfied,1–2 hours,2,Few times a week,More than 2 hours,More than 6 hours,Gaming,Sometimes,Rarely,Planning to start soon,Somewhat clear,"Soft skills (communication, teamwork, leadership, financial literacy)",4,3,2,Sometimes,More than 8 hours,AI / ML,Planning to enroll soon,Planning to start a project/internship soon,"Limited knowledge, theoretical only",Never participate in such events,Sometimes,50% – 65%,"Soft Skills (Communication, Leadership, Teamwork)",Difficulty with Focus / Concentration,Occasionally (When needed),High Impact (Frequent disruption),Moderate Risk
STU0238,3/18/2026 22:54,Second Year (PG),BCA,26,Female,8.5 – 9.4,Satisfied,1–2 hours,4,Rarely,1–2 hours,4–6 hours,Video content (YouTube/OTT),Sometimes,Always,Planning to start soon,Somewhat clear,"Hard skills (programming, data analytics, technical skills)",2,2,3,Often,6–7 hours,Cyber Security Analyst,"Yes, currently enrolled in one or more courses/certifications",Planning to start a project/internship soon,"Basic knowledge, learning while practicing",Never participate in such events,Often,Above 85%,"Technical/Hard Skills (Coding, Math, Logic)",Procrastination / Low Motivation,Never (Unaware or Not interested),Low Impact (Rarely affects study),Low Risk
STU0239,3/28/2026 11:21,Third Year (TY),BCA,22,Female,7.0 – 8.4,Satisfied,Less than 1 hour,1,Few times a week,1–2 hours,4–6 hours,Social media,Sometimes,Sometimes,Planning to start soon,Somewhat clear,"Hard skills (programming, data analytics, technical skills)",5,2,2,Sometimes,6–7 hours,Data Analyst,Planning to enroll soon,"Not currently, but intend to in the future","Basic knowledge, learning while practicing","Rarely participate, mostly observe",Sometimes,50% – 65%,"Technical/Hard Skills (Coding, Math, Logic)",Poor Time Management / Over-scheduling,Occasionally (When needed),Moderate Impact (Occasional disruption),Moderate Risk
STU0240,4/8/2026 10:36,Second Year (SY),BCA,19,Male,5.0 – 6.9,Neutral,1–2 hours,3,Never,1–2 hours,4–6 hours,Social media,Rarely,Often,Thinking about it,Somewhat clear,"Hard skills (programming, data analytics, technical skills)",3,1,1,Often,4–5 hours,Data Analyst,"Not currently, but intend to in the future",Planning to start a project/internship soon,"Basic knowledge, learning while practicing","Rarely participate, mostly observe",Rarely,66% – 75%,"Soft Skills (Communication, Leadership, Teamwork)",Procrastination / Low Motivation,,High Impact (Frequent disruption),Moderate Risk
STU0241,3/31/2026 23:53,Third Year (TY),BCA,20,Male,7.0 – 8.4,Neutral,Less than 1 hour,,,1–2 hours,4–6 hours,Social interactions,Sometimes,Sometimes,Planning to start soon,Very clear,"Hard skills (programming, data analytics, technical skills)",4,2,3,Often,More than 8 hours,AI / ML,"No, not interested",Planning to start a project/internship soon,"Basic knowledge, learning while practicing",Occasionally participate in events,Sometimes,66% – 75%,"Soft Skills (Communication, Leadership, Teamwork)",Poor Time Management / Over-scheduling,Rarely (Passive),High Impact (Frequent disruption),Moderate Risk
STU0242,4/3/2026 13:33,First Year (PG),BCA,24,Male,7.0 – 8.4,Neutral,1–2 hours,1,Never,1–2 hours,4–6 hours,Video content (YouTube/OTT),Sometimes,Often,Thinking about it,Not clear,Both hard and soft skills,4,2,2,Always,More than 8 hours,Digital Marketing Specialist,"No, not interested","Yes, actively working on projects/internship",,"Rarely participate, mostly observe",Often,50% – 65%,"Technical/Hard Skills (Coding, Math, Logic)",Lack of Consistency or Determination (Difficulty sticking to a plan),Occasionally (When needed),Low Impact (Rarely affects study),Moderate Risk
STU0243,4/2/2026 12:01,Third Year (TY),BSc IT,22,Male,8.5 – 9.4,Satisfied,1–2 hours,3,Never,30–60 minutes,4–6 hours,Social media,Mostly consistent,Always,Actively preparing for a goal (placements/exams),Very clear,"Soft skills (communication, teamwork, leadership, financial literacy)",3,2,1,Sometimes,6–7 hours,Other,"Yes, currently enrolled in one or more courses/certifications","Yes, actively working on projects/internship","Limited knowledge, theoretical only",Occasionally participate in events,Always,Above 85%,"Management/Execution (Planning, Organizing, Discipline)",Difficulty with Focus / Concentration,,Moderate Impact (Occasional disruption),Low Risk
STU0244,3/29/2026 14:26,Second Year (SY),BCA,20,Male,7.0 – 8.4,Unsatisfied,1–2 hours,3,Never,1–2 hours,More than 6 hours,Social interactions,Mostly consistent,Sometimes,Actively preparing for a goal (placements/exams),Not clear,"Soft skills (communication, teamwork, leadership, financial literacy)",2,,1,Sometimes,6–7 hours,Cyber Security Analyst,"Not currently, but intend to in the future","Not currently, but intend to in the future","Limited knowledge, theoretical only","Rarely participate, mostly observe",Often,Less than 50%,"Technical/Hard Skills (Coding, Math, Logic)",Difficulty with Focus / Concentration,Rarely (Passive),Moderate Impact (Occasional disruption),High Risk
STU0245,4/7/2026 16:32,Third Year (TY),BCA,22,Male,8.5 – 9.4,Neutral,More than 2 hours,2,Daily,30–60 minutes,2–4 hours,Other,Sometimes,Often,Thinking about it,Somewhat clear,Both hard and soft skills,4,2,2,Sometimes,6–7 hours,AI / ML,Planning to enroll soon,"Yes, actively working on projects/internship",Strong foundation in core concepts,"Rarely participate, mostly observe",Sometimes,76% – 85%,"Technical/Hard Skills (Coding, Math, Logic)",Poor Time Management / Over-scheduling,Never (Unaware or Not interested),Moderate Impact (Occasional disruption),Moderate Risk
STU0246,3/30/2026 18:59,Third Year (TY),BCA,21,Female,7.0 – 8.4,Neutral,1–2 hours,3,,More than 2 hours,More than 6 hours,Video content (YouTube/OTT),Rarely,Always,Planning to start soon,Not clear,"Soft skills (communication, teamwork, leadership, financial literacy)",1,1,2,Often,6–7 hours,Data Analyst,Planning to enroll soon,"Yes, actively working on projects/internship","Limited knowledge, theoretical only","Rarely participate, mostly observe",Sometimes,50% – 65%,"Soft Skills (Communication, Leadership, Teamwork)",Procrastination / Low Motivation,Occasionally (When needed),No Impact (Fully supportive environment),Moderate Risk
STU0247,3/23/2026 17:18,Final Year,BSc IT,22,Female,8.5 – 9.4,Satisfied,1–2 hours,1,Rarely,1–2 hours,More than 6 hours,Gaming,Sometimes,Sometimes,Planning to start soon,Very clear,"Soft skills (communication, teamwork, leadership, financial literacy)",4,4,2,Sometimes,More than 8 hours,Digital Marketing Specialist,"Not currently, but intend to in the future","Not currently, but intend to in the future","Basic knowledge, learning while practicing",,Always,76% – 85%,"Soft Skills (Communication, Leadership, Teamwork)",Difficulty with Focus / Concentration,Occasionally (When needed),High Impact (Frequent disruption),Moderate Risk
STU0248,3/26/2026 16:21,Second Year (SY),BCA,20,Female,5.0 – 6.9,Very unsatisfied,Less than 1 hour,3,Few times a week,1–2 hours,More than 6 hours,Video content (YouTube/OTT),Rarely,Sometimes,Actively preparing for a goal (placements/exams),Very clear,Both hard and soft skills,1,2,2,Always,6–7 hours,Cyber Security Analyst,"No, not interested","Yes, actively working on projects/internship","Basic knowledge, learning while practicing",Occasionally participate in events,Sometimes,Less than 50%,"Management/Execution (Planning, Organizing, Discipline)",Procrastination / Low Motivation,Never (Unaware or Not interested),Moderate Impact (Occasional disruption),High Risk
STU0249,3/18/2026 22:10,Third Year (TY),BA,20,Male,8.5 – 9.4,Unsatisfied,Less than 1 hour,1,Rarely,More than 2 hours,More than 6 hours,Gaming,Sometimes,Rarely,Actively preparing for a goal (placements/exams),Not clear,Both hard and soft skills,3,4,1,Often,More than 8 hours,Data Analyst,"Not currently, but intend to in the future",Planning to start a project/internship soon,"Basic knowledge, learning while practicing","Rarely participate, mostly observe",Rarely,Above 85%,"Technical/Hard Skills (Coding, Math, Logic)",Poor Time Management / Over-scheduling,,Moderate Impact (Occasional disruption),Moderate Risk
STU0250,4/7/2026 8:53,Second Year (SY),BCA,19,Female,7.0 – 8.4,Unsatisfied,1–2 hours,2,Rarely,30–60 minutes,4–6 hours,Video content (YouTube/OTT),Sometimes,Sometimes,Planning to start soon,Somewhat clear,"Hard skills (programming, data analytics, technical skills)",3,4,,Sometimes,6–7 hours,Data Analyst,"Yes, currently enrolled in one or more courses/certifications",Planning to start a project/internship soon,"Limited knowledge, theoretical only",Never participate in such events,Sometimes,66% – 75%,"Technical/Hard Skills (Coding, Math, Logic)",Lack of Consistency or Determination (Difficulty sticking to a plan),Occasionally (When needed),High Impact (Frequent disruption),High Risk
STU0251,3/25/2026 12:55,Second Year (SY),BA,21,Male,8.5 – 9.4,Satisfied,1–2 hours,3,Rarely,1–2 hours,2–4 hours,Other,Sometimes,Rarely,Planning to start soon,Not clear,"Hard skills (programming, data analytics, technical skills)",3,2,2,Often,More than 8 hours,Other,Planning to enroll soon,"Yes, actively working on projects/internship","Basic knowledge, learning while practicing",Occasionally participate in events,Rarely,76% – 85%,"Technical/Hard Skills (Coding, Math, Logic)",Difficulty with Focus / Concentration,Occasionally (When needed),High Impact (Frequent disruption),Moderate Risk
STU0252,3/31/2026 19:10,Third Year (TY),BCA,21,Male,7.0 – 8.4,Neutral,1–2 hours,4,Few times a week,1–2 hours,4–6 hours,Social media,Rarely,Sometimes,Thinking about it,Very clear,"Hard skills (programming, data analytics, technical skills)",3,4,1,Often,6–7 hours,Cyber Security Analyst,Planning to enroll soon,"Yes, actively working on projects/internship","Basic knowledge, learning while practicing",Never participate in such events,Often,76% – 85%,"Soft Skills (Communication, Leadership, Teamwork)",Procrastination / Low Motivation,Occasionally (When needed),Low Impact (Rarely affects study),High Risk
STU0253,3/17/2026 15:28,Final Year,BCA,22,Male,7.0 – 8.4,Neutral,Less than 1 hour,1,Never,30–60 minutes,4–6 hours,Social media,Sometimes,Sometimes,Actively preparing for a goal (placements/exams),Not clear,"Soft skills (communication, teamwork, leadership, financial literacy)",1,5,1,Always,,Software Developer,"Not currently, but intend to in the future",Planning to start a project/internship soon,"Limited knowledge, theoretical only","Rarely participate, mostly observe",Often,Less than 50%,"Technical/Hard Skills (Coding, Math, Logic)",Difficulty with Focus / Concentration,Rarely (Passive),High Impact (Frequent disruption),High Risk
STU0254,4/4/2026 7:13,First Year (PG),BCA,25,Male,7.0 – 8.4,Neutral,Less than 1 hour,2,Few times a week,30–60 minutes,More than 6 hours,Social interactions,Sometimes,Sometimes,Planning to start soon,Very clear,Both hard and soft skills,3,4,1,Always,6–7 hours,AI / ML,"Not currently, but intend to in the future",Planning to start a project/internship soon,"Basic knowledge, learning while practicing",Never participate in such events,Sometimes,66% – 75%,"Technical/Hard Skills (Coding, Math, Logic)",Procrastination / Low Motivation,Occasionally (When needed),Moderate Impact (Occasional disruption),High Risk
STU0255,3/26/2026 8:21,First Year (FY),BCA,19,Female,8.5 – 9.4,Very satisfied,Less than 1 hour,4,Never,More than 2 hours,More than 6 hours,Video content (YouTube/OTT),Sometimes,Often,Actively preparing for a goal (placements/exams),Somewhat clear,"Soft skills (communication, teamwork, leadership, financial literacy)",2,4,3,Often,6–7 hours,Data Analyst,Planning to enroll soon,"Not currently, but intend to in the future",Strong foundation in core concepts,Occasionally participate in events,Sometimes,66% – 75%,"Soft Skills (Communication, Leadership, Teamwork)",Poor Time Management / Over-scheduling,Never (Unaware or Not interested),Low Impact (Rarely affects study),Moderate Risk
STU0256,3/21/2026 21:25,First Year (FY),BSc Computer Science,18,Male,9.5 – 10.0,Satisfied,1–2 hours,4,Never,30–60 minutes,More than 6 hours,Social media,Sometimes,Sometimes,Planning to start soon,Not clear,"Hard skills (programming, data analytics, technical skills)",2,5,3,Often,4–5 hours,Data Analyst,"No, not interested",Planning to start a project/internship soon,"Basic knowledge, learning while practicing",Never participate in such events,Often,Above 85%,"Creative/Design Skills (Innovation, UI/UX, Content)",Procrastination / Low Motivation,Occasionally (When needed),Moderate Impact (Occasional disruption),Moderate Risk
STU0257,3/31/2026 9:00,Second Year (SY),BSc Cyber Security,21,Female,7.0 – 8.4,Unsatisfied,1–2 hours,3,Never,30–60 minutes,4–6 hours,Social media,Rarely,Rarely,Planning to start soon,Very clear,"Hard skills (programming, data analytics, technical skills)",4,1,3,Sometimes,6–7 hours,Cyber Security Analyst,"Not currently, but intend to in the future",Planning to start a project/internship soon,"Limited knowledge, theoretical only",Occasionally participate in events,Often,66% – 75%,"Creative/Design Skills (Innovation, UI/UX, Content)",Procrastination / Low Motivation,Rarely (Passive),High Impact (Frequent disruption),Moderate Risk
STU0258,4/12/2026 11:32,Third Year (TY),BCA,21,Female,7.0 – 8.4,Unsatisfied,1–2 hours,3,Never,1–2 hours,More than 6 hours,Social media,Sometimes,Often,Planning to start soon,Somewhat clear,"Hard skills (programming, data analytics, technical skills)",3,2,2,Always,4–5 hours,Data Analyst,"No, not interested","Not currently, but intend to in the future","Basic knowledge, learning while practicing",Occasionally participate in events,Often,66% – 75%,"Technical/Hard Skills (Coding, Math, Logic)",Poor Time Management / Over-scheduling,Occasionally (When needed),High Impact (Frequent disruption),Moderate Risk
STU0259,4/11/2026 8:35,First Year (FY),BCA,18,Female,8.5 – 9.4,Neutral,1–2 hours,2,Never,1–2 hours,More than 6 hours,Video content (YouTube/OTT),Sometimes,Always,Thinking about it,Very clear,"Hard skills (programming, data analytics, technical skills)",3,3,2,Sometimes,6–7 hours,Data Analyst,"Not currently, but intend to in the future","Not currently, but intend to in the future","Limited knowledge, theoretical only",Occasionally participate in events,Often,76% – 85%,"Soft Skills (Communication, Leadership, Teamwork)",Difficulty with Focus / Concentration,Occasionally (When needed),No Impact (Fully supportive environment),Moderate Risk
STU0260,4/6/2026 9:20,First Year (FY),BSc Computer Science,17,Female,9.5 – 10.0,Neutral,Less than 1 hour,4,Few times a week,1–2 hours,4–6 hours,Other,Mostly consistent,Always,Thinking about it,Somewhat clear,"Soft skills (communication, teamwork, leadership, financial literacy)",4,5,2,Never,6–7 hours,Software Developer,"Not currently, but intend to in the future","Yes, actively working on projects/internship","Basic knowledge, learning while practicing",,Always,76% – 85%,"Technical/Hard Skills (Coding, Math, Logic)",Lack of Consistency or Determination (Difficulty sticking to a plan),Rarely (Passive),Moderate Impact (Occasional disruption),Moderate Risk
STU0261,4/5/2026 9:03,Final Year,BCA,21,Male,7.0 – 8.4,Satisfied,1–2 hours,1,Rarely,30–60 minutes,2–4 hours,Social media,Mostly consistent,Always,Thinking about it,Very clear,Both hard and soft skills,4,3,1,Sometimes,More than 8 hours,Other,"Not currently, but intend to in the future",Planning to start a project/internship soon,,Never participate in such events,Often,50% – 65%,"Management/Execution (Planning, Organizing, Discipline)",Procrastination / Low Motivation,Occasionally (When needed),High Impact (Frequent disruption),Moderate Risk
STU0262,4/1/2026 10:47,Second Year (SY),BCA,19,Female,5.0 – 6.9,Very unsatisfied,1–2 hours,2,Few times a week,30–60 minutes,More than 6 hours,Video content (YouTube/OTT),Mostly consistent,Sometimes,Planning to start soon,Somewhat clear,"Soft skills (communication, teamwork, leadership, financial literacy)",1,5,2,Sometimes,6–7 hours,Digital Marketing Specialist,"No, not interested",Planning to start a project/internship soon,"Basic knowledge, learning while practicing","Rarely participate, mostly observe",Often,50% – 65%,"Creative/Design Skills (Innovation, UI/UX, Content)",Procrastination / Low Motivation,Occasionally (When needed),No Impact (Fully supportive environment),High Risk
STU0263,4/7/2026 8:00,First Year (FY),BBA,18,Male,5.0 – 6.9,Neutral,More than 2 hours,3,Few times a week,More than 2 hours,4–6 hours,Social media,Rarely,Sometimes,Planning to start soon,Somewhat clear,"Hard skills (programming, data analytics, technical skills)",1,3,2,Always,6–7 hours,Cyber Security Analyst,"Not currently, but intend to in the future",Planning to start a project/internship soon,"Basic knowledge, learning while practicing",Occasionally participate in events,Sometimes,50% – 65%,"Technical/Hard Skills (Coding, Math, Logic)",Poor Time Management / Over-scheduling,Occasionally (When needed),Moderate Impact (Occasional disruption),High Risk
STU0264,3/20/2026 10:28,Third Year (TY),BCA,22,Male,7.0 – 8.4,Neutral,1–2 hours,2,Never,1–2 hours,4–6 hours,Video content (YouTube/OTT),Sometimes,Rarely,Planning to start soon,Somewhat clear,"Hard skills (programming, data analytics, technical skills)",4,3,1,Sometimes,6–7 hours,Automation Engineer,"Not currently, but intend to in the future","Not currently, but intend to in the future",,Never participate in such events,Often,Less than 50%,"Soft Skills (Communication, Leadership, Teamwork)",Difficulty with Focus / Concentration,Rarely (Passive),Low Impact (Rarely affects study),High Risk
STU0265,3/25/2026 13:59,First Year (PG),BSc Cyber Security,22,Female,9.5 – 10.0,Very satisfied,1–2 hours,3,Few times a week,30–60 minutes,More than 6 hours,Video content (YouTube/OTT),Mostly consistent,Sometimes,Thinking about it,Very clear,"Hard skills (programming, data analytics, technical skills)",1,5,2,Often,More than 8 hours,Software Developer,Planning to enroll soon,"Yes, actively working on projects/internship","Basic knowledge, learning while practicing","Rarely participate, mostly observe",Often,Above 85%,"Soft Skills (Communication, Leadership, Teamwork)",Difficulty with Focus / Concentration,Occasionally (When needed),No Impact (Fully supportive environment),Moderate Risk
STU0266,4/1/2026 10:34,Second Year (PG),BCom,26,Male,8.5 – 9.4,Neutral,1–2 hours,1,Never,1–2 hours,More than 6 hours,Video content (YouTube/OTT),Rarely,Rarely,Actively preparing for a goal (placements/exams),Very clear,Both hard and soft skills,1,5,2,Often,6–7 hours,Software Developer,Planning to enroll soon,"Yes, actively working on projects/internship","Basic knowledge, learning while practicing",Occasionally participate in events,Sometimes,76% – 85%,"Soft Skills (Communication, Leadership, Teamwork)",Difficulty with Focus / Concentration,,No Impact (Fully supportive environment),High Risk
STU0267,3/22/2026 13:28,Second Year (SY),BCA,21,Female,8.5 – 9.4,Neutral,1–2 hours,1,Rarely,30–60 minutes,More than 6 hours,Social media,Mostly consistent,Sometimes,Actively preparing for a goal (placements/exams),Very clear,"Soft skills (communication, teamwork, leadership, financial literacy)",4,4,2,Often,6–7 hours,Data Analyst,"No, not interested",Planning to start a project/internship soon,"Basic knowledge, learning while practicing",Never participate in such events,Always,76% – 85%,"Technical/Hard Skills (Coding, Math, Logic)",Difficulty with Focus / Concentration,Never (Unaware or Not interested),High Impact (Frequent disruption),Moderate Risk
STU0268,3/31/2026 17:51,First Year (FY),BCA,18,Female,8.5 – 9.4,Very satisfied,More than 2 hours,4,Rarely,1–2 hours,4–6 hours,Gaming,Rarely,Rarely,Actively preparing for a goal (placements/exams),Not clear,"Hard skills (programming, data analytics, technical skills)",3,4,2,Often,6–7 hours,Cyber Security Analyst,"Yes, currently enrolled in one or more courses/certifications","Yes, actively working on projects/internship","Basic knowledge, learning while practicing","Rarely participate, mostly observe",Often,76% – 85%,"Soft Skills (Communication, Leadership, Teamwork)",Procrastination / Low Motivation,Occasionally (When needed),Moderate Impact (Occasional disruption),High Risk
STU0269,3/28/2026 11:43,Third Year (TY),BCA,20,Female,9.5 – 10.0,Satisfied,1–2 hours,5,Rarely,1–2 hours,2–4 hours,Video content (YouTube/OTT),Rarely,Always,Actively preparing for a goal (placements/exams),Very clear,Both hard and soft skills,3,4,3,Sometimes,6–7 hours,Software Developer,,Planning to start a project/internship soon,"Basic knowledge, learning while practicing",Occasionally participate in events,Rarely,66% – 75%,"Soft Skills (Communication, Leadership, Teamwork)",Difficulty with Focus / Concentration,Rarely (Passive),High Impact (Frequent disruption),Moderate Risk
STU0270,4/1/2026 10:16,Second Year (SY),BCA,19,Male,8.5 – 9.4,Satisfied,More than 2 hours,2,Few times a week,30–60 minutes,4–6 hours,Social media,Sometimes,Sometimes,Thinking about it,Very clear,"Soft skills (communication, teamwork, leadership, financial literacy)",1,4,,Always,4–5 hours,Other,Planning to enroll soon,Planning to start a project/internship soon,"Basic knowledge, learning while practicing","Rarely participate, mostly observe",Sometimes,66% – 75%,"Technical/Hard Skills (Coding, Math, Logic)",Poor Time Management / Over-scheduling,Rarely (Passive),Low Impact (Rarely affects study),Moderate Risk
STU0271,4/11/2026 15:44,Third Year (TY),BCom,20,Male,8.5 – 9.4,Neutral,Less than 1 hour,3,Rarely,More than 2 hours,4–6 hours,Video content (YouTube/OTT),Sometimes,Always,Planning to start soon,Very clear,Both hard and soft skills,4,5,2,Sometimes,6–7 hours,Digital Marketing Specialist,Planning to enroll soon,"Yes, actively working on projects/internship",,Occasionally participate in events,Sometimes,66% – 75%,"Management/Execution (Planning, Organizing, Discipline)",Poor Time Management / Over-scheduling,Occasionally (When needed),Moderate Impact (Occasional disruption),High Risk
STU0272,4/9/2026 14:50,Second Year (PG),BCA,25,Male,9.5 – 10.0,Unsatisfied,More than 2 hours,4,Never,1–2 hours,4–6 hours,Social media,Mostly consistent,Sometimes,Planning to start soon,Very clear,"Hard skills (programming, data analytics, technical skills)",5,3,2,Sometimes,More than 8 hours,Data Analyst,Planning to enroll soon,Planning to start a project/internship soon,Strong foundation in core concepts,Occasionally participate in events,Always,Less than 50%,"Soft Skills (Communication, Leadership, Teamwork)",Lack of Consistency or Determination (Difficulty sticking to a plan),,Low Impact (Rarely affects study),Moderate Risk
STU0273,4/1/2026 14:34,Final Year,BSc Computer Science,21,Male,7.0 – 8.4,Very unsatisfied,More than 2 hours,3,Daily,1–2 hours,More than 6 hours,Social media,Sometimes,Sometimes,Thinking about it,Somewhat clear,Both hard and soft skills,4,4,1,Sometimes,6–7 hours,Software Developer,"Not currently, but intend to in the future",Planning to start a project/internship soon,"Basic knowledge, learning while practicing",Never participate in such events,Sometimes,76% – 85%,"Soft Skills (Communication, Leadership, Teamwork)",Poor Time Management / Over-scheduling,Never (Unaware or Not interested),Moderate Impact (Occasional disruption),High Risk
STU0274,3/16/2026 10:54,Third Year (TY),BSc Cyber Security,22,Male,7.0 – 8.4,Satisfied,More than 2 hours,1,Few times a week,30–60 minutes,More than 6 hours,Video content (YouTube/OTT),Rarely,Sometimes,Actively preparing for a goal (placements/exams),Very clear,"Hard skills (programming, data analytics, technical skills)",4,4,2,Sometimes,More than 8 hours,Other,"No, not interested",Planning to start a project/internship soon,"Basic knowledge, learning while practicing","Rarely participate, mostly observe",Sometimes,50% – 65%,"Technical/Hard Skills (Coding, Math, Logic)",Lack of Consistency or Determination (Difficulty sticking to a plan),Occasionally (When needed),Moderate Impact (Occasional disruption),High Risk
STU0275,3/30/2026 8:20,Second Year (SY),BCA,20,Male,8.5 – 9.4,Neutral,1–2 hours,3,Rarely,More than 2 hours,More than 6 hours,Gaming,Mostly consistent,Always,Thinking about it,Somewhat clear,Both hard and soft skills,3,3,2,Sometimes,6–7 hours,Automation Engineer,Planning to enroll soon,"Not currently, but intend to in the future",Strong foundation in core concepts,Occasionally participate in events,Often,76% – 85%,"Creative/Design Skills (Innovation, UI/UX, Content)",Procrastination / Low Motivation,Rarely (Passive),High Impact (Frequent disruption),Moderate Risk
STU0276,3/19/2026 11:23,First Year (PG),BBA,24,Male,7.0 – 8.4,Very unsatisfied,More than 2 hours,1,Never,30–60 minutes,More than 6 hours,Social media,Sometimes,Often,Thinking about it,Somewhat clear,"Hard skills (programming, data analytics, technical skills)",3,4,2,Sometimes,More than 8 hours,AI / ML,Planning to enroll soon,Planning to start a project/internship soon,"Limited knowledge, theoretical only",Never participate in such events,Sometimes,66% – 75%,"Soft Skills (Communication, Leadership, Teamwork)",Lack of Consistency or Determination (Difficulty sticking to a plan),Rarely (Passive),Low Impact (Rarely affects study),High Risk
STU0277,4/7/2026 9:04,Third Year (TY),BCA,20,Male,5.0 – 6.9,Unsatisfied,Less than 1 hour,1,Rarely,30–60 minutes,More than 6 hours,Gaming,Sometimes,Sometimes,Thinking about it,Not clear,Both hard and soft skills,3,1,2,Sometimes,6–7 hours,Cyber Security Analyst,"Not currently, but intend to in the future","Yes, actively working on projects/internship","Basic knowledge, learning while practicing",Never participate in such events,Always,Less than 50%,"Soft Skills (Communication, Leadership, Teamwork)",Procrastination / Low Motivation,Occasionally (When needed),Low Impact (Rarely affects study),Moderate Risk
STU0278,3/22/2026 8:25,Final Year,BCA,23,Male,5.0 – 6.9,Unsatisfied,Less than 1 hour,3,Rarely,1–2 hours,4–6 hours,Social media,Rarely,Rarely,Planning to start soon,Somewhat clear,"Hard skills (programming, data analytics, technical skills)",3,3,3,Often,4–5 hours,Data Analyst,"Not currently, but intend to in the future","Not currently, but intend to in the future","Limited knowledge, theoretical only","Rarely participate, mostly observe",Sometimes,50% – 65%,"Soft Skills (Communication, Leadership, Teamwork)",Poor Time Management / Over-scheduling,Rarely (Passive),No Impact (Fully supportive environment),High Risk
STU0279,4/2/2026 16:11,First Year (PG),BCA,23,Female,7.0 – 8.4,Unsatisfied,1–2 hours,3,Rarely,More than 2 hours,More than 6 hours,Social media,Sometimes,Rarely,Planning to start soon,Very clear,Both hard and soft skills,2,4,2,Sometimes,6–7 hours,Automation Engineer,Planning to enroll soon,Planning to start a project/internship soon,"Basic knowledge, learning while practicing",Never participate in such events,Sometimes,Less than 50%,"Technical/Hard Skills (Coding, Math, Logic)",Poor Time Management / Over-scheduling,Rarely (Passive),Moderate Impact (Occasional disruption),High Risk
STU0280,3/16/2026 11:02,First Year (FY),BCA,19,Male,5.0 – 6.9,Satisfied,Less than 1 hour,1,Rarely,30–60 minutes,4–6 hours,Social media,Mostly consistent,Always,Thinking about it,Somewhat clear,"Hard skills (programming, data analytics, technical skills)",1,5,2,Always,6–7 hours,AI / ML,"No, not interested","Not currently, but intend to in the future","Basic knowledge, learning while practicing","Rarely participate, mostly observe",Sometimes,50% – 65%,"Technical/Hard Skills (Coding, Math, Logic)",Poor Time Management / Over-scheduling,Rarely (Passive),High Impact (Frequent disruption),High Risk
STU0281,4/13/2026 8:24,Second Year (PG),BCA,24,Female,7.0 – 8.4,Satisfied,1–2 hours,2,Rarely,1–2 hours,More than 6 hours,Gaming,Sometimes,Rarely,Planning to start soon,Very clear,"Hard skills (programming, data analytics, technical skills)",3,3,2,Sometimes,4–5 hours,Cyber Security Analyst,"Yes, currently enrolled in one or more courses/certifications",Planning to start a project/internship soon,"Limited knowledge, theoretical only",Occasionally participate in events,Sometimes,Above 85%,"Creative/Design Skills (Innovation, UI/UX, Content)",Lack of Consistency or Determination (Difficulty sticking to a plan),Rarely (Passive),High Impact (Frequent disruption),Moderate Risk
STU0282,4/3/2026 5:23,First Year (FY),BCA,19,Male,8.5 – 9.4,Satisfied,1–2 hours,3,Rarely,1–2 hours,More than 6 hours,Social media,Rarely,Always,Thinking about it,Not clear,Both hard and soft skills,4,2,1,Sometimes,6–7 hours,Data Analyst,Planning to enroll soon,"Not currently, but intend to in the future","Limited knowledge, theoretical only",Never participate in such events,Rarely,76% – 85%,"Soft Skills (Communication, Leadership, Teamwork)",Lack of Consistency or Determination (Difficulty sticking to a plan),Occasionally (When needed),Moderate Impact (Occasional disruption),Moderate Risk
STU0283,4/4/2026 18:08,Second Year (SY),BCom,21,Male,8.5 – 9.4,Unsatisfied,1–2 hours,3,Never,More than 2 hours,More than 6 hours,Social media,Mostly consistent,Often,Thinking about it,Somewhat clear,"Hard skills (programming, data analytics, technical skills)",4,3,3,Often,6–7 hours,Digital Marketing Specialist,,"Not currently, but intend to in the future","Basic knowledge, learning while practicing","Rarely participate, mostly observe",Often,76% – 85%,"Management/Execution (Planning, Organizing, Discipline)",Procrastination / Low Motivation,Rarely (Passive),No Impact (Fully supportive environment),Moderate Risk
STU0284,4/3/2026 20:28,First Year (FY),BCA,18,Male,7.0 – 8.4,Satisfied,1–2 hours,3,Never,1–2 hours,More than 6 hours,Video content (YouTube/OTT),Sometimes,Often,Planning to start soon,Not clear,"Hard skills (programming, data analytics, technical skills)",5,3,1,Never,More than 8 hours,Data Analyst,"Not currently, but intend to in the future","Yes, actively working on projects/internship",Strong foundation in core concepts,"Rarely participate, mostly observe",Always,76% – 85%,"Creative/Design Skills (Innovation, UI/UX, Content)",Poor Time Management / Over-scheduling,Rarely (Passive),Moderate Impact (Occasional disruption),Moderate Risk
STU0285,3/27/2026 14:14,Third Year (TY),BBA,21,Female,8.5 – 9.4,Neutral,1–2 hours,1,,1–2 hours,More than 6 hours,Gaming,Mostly consistent,Often,Thinking about it,Somewhat clear,Both hard and soft skills,3,3,1,Never,6–7 hours,Other,Planning to enroll soon,"Yes, actively working on projects/internship","Basic knowledge, learning while practicing","Rarely participate, mostly observe",Often,76% – 85%,"Technical/Hard Skills (Coding, Math, Logic)",Lack of Consistency or Determination (Difficulty sticking to a plan),Occasionally (When needed),Low Impact (Rarely affects study),Moderate Risk
STU0286,3/30/2026 11:05,Second Year (SY),BCom,21,Female,7.0 – 8.4,Unsatisfied,1–2 hours,5,Never,1–2 hours,4–6 hours,Social interactions,Rarely,Sometimes,Planning to start soon,Somewhat clear,Both hard and soft skills,4,4,1,Sometimes,More than 8 hours,Automation Engineer,"Yes, currently enrolled in one or more courses/certifications",Planning to start a project/internship soon,"Limited knowledge, theoretical only","Rarely participate, mostly observe",Often,66% – 75%,"Technical/Hard Skills (Coding, Math, Logic)",Procrastination / Low Motivation,Rarely (Passive),Low Impact (Rarely affects study),High Risk
STU0287,3/26/2026 7:24,Second Year (SY),BCA,21,Male,8.5 – 9.4,Neutral,1–2 hours,4,Rarely,More than 2 hours,4–6 hours,Social media,Mostly consistent,Often,Actively preparing for a goal (placements/exams),Very clear,Both hard and soft skills,2,4,3,Often,6–7 hours,Cyber Security Analyst,"Yes, currently enrolled in one or more courses/certifications","Not currently, but intend to in the future","Basic knowledge, learning while practicing",Never participate in such events,Always,76% – 85%,"Creative/Design Skills (Innovation, UI/UX, Content)",Difficulty with Focus / Concentration,Rarely (Passive),,Moderate Risk
STU0288,4/9/2026 9:47,Third Year (TY),BCA,20,Male,7.0 – 8.4,Neutral,Less than 1 hour,1,Never,,4–6 hours,Social interactions,Rarely,Often,Planning to start soon,Very clear,"Soft skills (communication, teamwork, leadership, financial literacy)",3,3,2,Never,6–7 hours,Other,Planning to enroll soon,Planning to start a project/internship soon,"Limited knowledge, theoretical only","Rarely participate, mostly observe",Often,66% – 75%,"Creative/Design Skills (Innovation, UI/UX, Content)",Procrastination / Low Motivation,Never (Unaware or Not interested),Moderate Impact (Occasional disruption),High Risk
STU0289,4/5/2026 9:17,First Year (FY),BCA,18,Other,7.0 – 8.4,Neutral,Less than 1 hour,2,Rarely,More than 2 hours,More than 6 hours,Social interactions,Sometimes,Rarely,Planning to start soon,Somewhat clear,Both hard and soft skills,3,2,1,Always,More than 8 hours,Software Developer,"Not currently, but intend to in the future",Planning to start a project/internship soon,"Limited knowledge, theoretical only","Rarely participate, mostly observe",Sometimes,66% – 75%,"Technical/Hard Skills (Coding, Math, Logic)",Procrastination / Low Motivation,Never (Unaware or Not interested),High Impact (Frequent disruption),Moderate Risk
STU0290,3/22/2026 11:47,Third Year (TY),BCA,21,Female,8.5 – 9.4,Neutral,More than 2 hours,3,Rarely,1–2 hours,4–6 hours,Video content (YouTube/OTT),Sometimes,Rarely,Planning to start soon,Very clear,"Hard skills (programming, data analytics, technical skills)",3,1,3,Often,6–7 hours,Cyber Security Analyst,"No, not interested",Planning to start a project/internship soon,"Basic knowledge, learning while practicing",Never participate in such events,Sometimes,76% – 85%,"Creative/Design Skills (Innovation, UI/UX, Content)",Difficulty with Focus / Concentration,Rarely (Passive),No Impact (Fully supportive environment),Low Risk
STU0291,4/13/2026 9:30,First Year (FY),BSc Cyber Security,19,Male,8.5 – 9.4,Unsatisfied,1–2 hours,3,Rarely,1–2 hours,More than 6 hours,Video content (YouTube/OTT),Mostly consistent,Always,Actively preparing for a goal (placements/exams),Very clear,"Soft skills (communication, teamwork, leadership, financial literacy)",5,2,3,Sometimes,6–7 hours,Digital Marketing Specialist,"Not currently, but intend to in the future","Not currently, but intend to in the future","Basic knowledge, learning while practicing",Never participate in such events,Often,66% – 75%,"Creative/Design Skills (Innovation, UI/UX, Content)",Poor Time Management / Over-scheduling,Rarely (Passive),Low Impact (Rarely affects study),Low Risk
STU0292,3/30/2026 11:40,Third Year (TY),BCA,21,Male,9.5 – 10.0,Satisfied,More than 2 hours,,Few times a week,1–2 hours,More than 6 hours,Gaming,Mostly consistent,Often,Thinking about it,Very clear,"Hard skills (programming, data analytics, technical skills)",4,3,3,Often,4–5 hours,Software Developer,"Not currently, but intend to in the future","Not currently, but intend to in the future","Basic knowledge, learning while practicing",Never participate in such events,Always,Above 85%,"Technical/Hard Skills (Coding, Math, Logic)",Procrastination / Low Motivation,Occasionally (When needed),Low Impact (Rarely affects study),Low Risk
STU0293,3/23/2026 18:05,First Year (FY),BCA,18,Male,5.0 – 6.9,Neutral,1–2 hours,3,Never,1–2 hours,More than 6 hours,Social media,Sometimes,Often,Actively preparing for a goal (placements/exams),Very clear,"Hard skills (programming, data analytics, technical skills)",5,4,1,Always,More than 8 hours,Digital Marketing Specialist,"No, not interested","Yes, actively working on projects/internship","Limited knowledge, theoretical only",Never participate in such events,Often,66% – 75%,"Management/Execution (Planning, Organizing, Discipline)",Difficulty with Focus / Concentration,Rarely (Passive),Moderate Impact (Occasional disruption),High Risk
STU0294,4/14/2026 20:38,First Year (FY),BCA,17,Female,8.5 – 9.4,Satisfied,More than 2 hours,5,Never,,2–4 hours,Social media,Mostly consistent,Always,Actively preparing for a goal (placements/exams),Not clear,"Hard skills (programming, data analytics, technical skills)",3,3,3,Always,6–7 hours,Data Analyst,"No, not interested",Planning to start a project/internship soon,"Limited knowledge, theoretical only","Rarely participate, mostly observe",Sometimes,Above 85%,"Soft Skills (Communication, Leadership, Teamwork)",Poor Time Management / Over-scheduling,Occasionally (When needed),No Impact (Fully supportive environment),Low Risk
STU0295,4/6/2026 7:16,Second Year (SY),BSc Computer Science,20,Male,8.5 – 9.4,Neutral,More than 2 hours,4,Daily,1–2 hours,4–6 hours,Social media,Sometimes,Rarely,Planning to start soon,Somewhat clear,"Soft skills (communication, teamwork, leadership, financial literacy)",3,2,2,Often,More than 8 hours,AI / ML,,Planning to start a project/internship soon,"Limited knowledge, theoretical only","Rarely participate, mostly observe",Often,50% – 65%,"Technical/Hard Skills (Coding, Math, Logic)",Procrastination / Low Motivation,Occasionally (When needed),Low Impact (Rarely affects study),Moderate Risk
STU0296,4/6/2026 10:43,Third Year (TY),BSc Computer Science,20,Male,8.5 – 9.4,Satisfied,1–2 hours,3,Never,30–60 minutes,More than 6 hours,Other,Mostly consistent,Sometimes,Actively preparing for a goal (placements/exams),Very clear,Both hard and soft skills,4,2,3,Sometimes,More than 8 hours,Digital Marketing Specialist,"Not currently, but intend to in the future","Not currently, but intend to in the future",Strong foundation in core concepts,Never participate in such events,Always,Above 85%,"Technical/Hard Skills (Coding, Math, Logic)",Procrastination / Low Motivation,Rarely (Passive),High Impact (Frequent disruption),Low Risk
STU0297,4/12/2026 12:13,Final Year,BCA,23,Male,8.5 – 9.4,Very satisfied,1–2 hours,2,Rarely,1–2 hours,4–6 hours,Video content (YouTube/OTT),Rarely,Often,Planning to start soon,Somewhat clear,Both hard and soft skills,4,3,2,Sometimes,6–7 hours,Software Developer,"Not currently, but intend to in the future","Yes, actively working on projects/internship","Basic knowledge, learning while practicing",Never participate in such events,Often,Above 85%,"Soft Skills (Communication, Leadership, Teamwork)",Poor Time Management / Over-scheduling,Occasionally (When needed),Low Impact (Rarely affects study),Moderate Risk
STU0298,3/18/2026 14:06,Second Year (PG),BCA,23,Male,8.5 – 9.4,Satisfied,More than 2 hours,4,Never,More than 2 hours,More than 6 hours,Social interactions,Mostly consistent,Always,Thinking about it,Somewhat clear,Both hard and soft skills,1,5,3,Sometimes,6–7 hours,Software Developer,"Not currently, but intend to in the future",Planning to start a project/internship soon,"Limited knowledge, theoretical only","Rarely participate, mostly observe",Sometimes,66% – 75%,"Soft Skills (Communication, Leadership, Teamwork)",Difficulty with Focus / Concentration,Never (Unaware or Not interested),High Impact (Frequent disruption),Moderate Risk
STU0299,4/13/2026 13:48,Final Year,BCA,23,Male,9.5 – 10.0,Very satisfied,1–2 hours,3,Rarely,More than 2 hours,4–6 hours,Social media,Sometimes,Sometimes,Planning to start soon,Very clear,Both hard and soft skills,3,3,3,Always,More than 8 hours,Other,Planning to enroll soon,"Not currently, but intend to in the future","Basic knowledge, learning while practicing",Occasionally participate in events,Rarely,76% – 85%,"Soft Skills (Communication, Leadership, Teamwork)",Procrastination / Low Motivation,Rarely (Passive),Low Impact (Rarely affects study),Moderate Risk
STU0300,3/25/2026 13:29,Second Year (SY),BCA,21,Male,7.0 – 8.4,Neutral,Less than 1 hour,,Never,1–2 hours,More than 6 hours,Social media,Sometimes,Rarely,Planning to start soon,Somewhat clear,"Soft skills (communication, teamwork, leadership, financial literacy)",5,3,2,Sometimes,6–7 hours,Software Developer,"Not currently, but intend to in the future",Planning to start a project/internship soon,"Limited knowledge, theoretical only","Rarely participate, mostly observe",Often,76% – 85%,"Technical/Hard Skills (Coding, Math, Logic)",Poor Time Management / Over-scheduling,Occasionally (When needed),Low Impact (Rarely affects study),Moderate Risk
STU0301,4/6/2026 9:26,Final Year,BCA,22,Male,8.5 – 9.4,Very satisfied,Less than 1 hour,1,Rarely,1–2 hours,2–4 hours,Other,Mostly consistent,Often,Planning to start soon,Somewhat clear,Both hard and soft skills,1,5,1,Often,4–5 hours,Software Developer,"Not currently, but intend to in the future",Planning to start a project/internship soon,"Limited knowledge, theoretical only",Occasionally participate in events,Always,76% – 85%,"Management/Execution (Planning, Organizing, Discipline)",Lack of Consistency or Determination (Difficulty sticking to a plan),Never (Unaware or Not interested),High Impact (Frequent disruption),Moderate Risk
STU0302,3/19/2026 12:47,Second Year (SY),BCA,20,Female,9.5 – 10.0,Very satisfied,More than 2 hours,5,Daily,More than 2 hours,4–6 hours,Social media,Sometimes,Sometimes,Planning to start soon,Very clear,Both hard and soft skills,1,3,1,Often,6–7 hours,Cyber Security Analyst,"Yes, currently enrolled in one or more courses/certifications",Planning to start a project/internship soon,"Basic knowledge, learning while practicing","Rarely participate, mostly observe",Sometimes,76% – 85%,"Soft Skills (Communication, Leadership, Teamwork)",Lack of Consistency or Determination (Difficulty sticking to a plan),Occasionally (When needed),Moderate Impact (Occasional disruption),Moderate Risk
STU0303,3/21/2026 16:03,Third Year (TY),BA,21,Male,7.0 – 8.4,Satisfied,1–2 hours,2,Never,1–2 hours,More than 6 hours,Social media,Sometimes,Sometimes,Thinking about it,Somewhat clear,Both hard and soft skills,3,3,2,Always,6–7 hours,Software Developer,,Planning to start a project/internship soon,Strong foundation in core concepts,Occasionally participate in events,Always,Above 85%,"Technical/Hard Skills (Coding, Math, Logic)",Lack of Consistency or Determination (Difficulty sticking to a plan),Occasionally (When needed),High Impact (Frequent disruption),Moderate Risk
STU0304,4/4/2026 11:36,Second Year (SY),BSc Computer Science,21,Female,5.0 – 6.9,Unsatisfied,Less than 1 hour,2,Rarely,1–2 hours,4–6 hours,Social media,Rarely,Rarely,Planning to start soon,Very clear,"Hard skills (programming, data analytics, technical skills)",4,3,2,Often,More than 8 hours,AI / ML,"Not currently, but intend to in the future","Not currently, but intend to in the future","Limited knowledge, theoretical only",Never participate in such events,Rarely,66% – 75%,"Soft Skills (Communication, Leadership, Teamwork)",Difficulty with Focus / Concentration,Occasionally (When needed),Moderate Impact (Occasional disruption),High Risk
STU0305,3/25/2026 19:59,Second Year (SY),BSc Cyber Security,20,Male,5.0 – 6.9,Satisfied,Less than 1 hour,2,Rarely,1–2 hours,More than 6 hours,Social media,Rarely,Sometimes,Planning to start soon,Not clear,"Hard skills (programming, data analytics, technical skills)",5,2,2,Sometimes,More than 8 hours,Software Developer,"Not currently, but intend to in the future","Yes, actively working on projects/internship","Limited knowledge, theoretical only","Rarely participate, mostly observe",Sometimes,50% – 65%,"Soft Skills (Communication, Leadership, Teamwork)",Difficulty with Focus / Concentration,Occasionally (When needed),Low Impact (Rarely affects study),High Risk
STU0306,4/7/2026 1:23,Final Year,BCA,23,Male,8.5 – 9.4,Neutral,More than 2 hours,4,Rarely,More than 2 hours,More than 6 hours,Social media,Mostly consistent,Sometimes,Actively preparing for a goal (placements/exams),Very clear,Both hard and soft skills,4,2,3,Never,More than 8 hours,Data Analyst,"Not currently, but intend to in the future",Planning to start a project/internship soon,"Basic knowledge, learning while practicing","Rarely participate, mostly observe",Always,50% – 65%,"Soft Skills (Communication, Leadership, Teamwork)",Procrastination / Low Motivation,Rarely (Passive),No Impact (Fully supportive environment),Moderate Risk
STU0307,4/1/2026 15:30,Second Year (SY),BCA,19,Female,5.0 – 6.9,Neutral,Less than 1 hour,,Rarely,30–60 minutes,4–6 hours,Gaming,Sometimes,Often,Planning to start soon,Somewhat clear,"Hard skills (programming, data analytics, technical skills)",2,3,1,Often,6–7 hours,Cyber Security Analyst,"No, not interested","Yes, actively working on projects/internship","Limited knowledge, theoretical only",Never participate in such events,Often,50% – 65%,"Technical/Hard Skills (Coding, Math, Logic)",Procrastination / Low Motivation,Occasionally (When needed),Moderate Impact (Occasional disruption),High Risk
STU0308,3/20/2026 6:53,Second Year (SY),BSc IT,19,Female,7.0 – 8.4,Neutral,Less than 1 hour,1,Rarely,1–2 hours,More than 6 hours,Social media,Sometimes,Sometimes,Planning to start soon,Not clear,"Soft skills (communication, teamwork, leadership, financial literacy)",4,3,1,Sometimes,More than 8 hours,Cyber Security Analyst,"No, not interested","Not currently, but intend to in the future","Basic knowledge, learning while practicing","Rarely participate, mostly observe",Often,66% – 75%,"Soft Skills (Communication, Leadership, Teamwork)",Procrastination / Low Motivation,Rarely (Passive),Moderate Impact (Occasional disruption),Moderate Risk
STU0309,4/4/2026 17:47,Final Year,BCA,23,Female,8.5 – 9.4,Satisfied,Less than 1 hour,1,Rarely,30–60 minutes,More than 6 hours,Social media,Mostly consistent,Often,Thinking about it,Somewhat clear,"Soft skills (communication, teamwork, leadership, financial literacy)",3,2,2,Often,6–7 hours,Data Analyst,"Not currently, but intend to in the future","Not currently, but intend to in the future","Basic knowledge, learning while practicing",,Always,66% – 75%,"Technical/Hard Skills (Coding, Math, Logic)",Procrastination / Low Motivation,Occasionally (When needed),Moderate Impact (Occasional disruption),Low Risk
STU0310,3/26/2026 11:08,Final Year,BSc IT,22,Female,8.5 – 9.4,Very satisfied,1–2 hours,3,,30–60 minutes,More than 6 hours,Video content (YouTube/OTT),Sometimes,Often,Actively preparing for a goal (placements/exams),Somewhat clear,"Hard skills (programming, data analytics, technical skills)",3,,3,Often,More than 8 hours,Data Analyst,Planning to enroll soon,"Yes, actively working on projects/internship",,Occasionally participate in events,Often,Above 85%,"Technical/Hard Skills (Coding, Math, Logic)",Lack of Consistency or Determination (Difficulty sticking to a plan),Never (Unaware or Not interested),High Impact (Frequent disruption),Low Risk
STU0311,3/22/2026 9:25,Third Year (TY),BSc IT,20,Other,5.0 – 6.9,Unsatisfied,Less than 1 hour,1,Rarely,1–2 hours,More than 6 hours,Gaming,Mostly consistent,Often,Planning to start soon,Somewhat clear,"Soft skills (communication, teamwork, leadership, financial literacy)",5,3,2,Never,6–7 hours,Data Analyst,"Not currently, but intend to in the future","Yes, actively working on projects/internship","Basic knowledge, learning while practicing","Rarely participate, mostly observe",Rarely,50% – 65%,"Soft Skills (Communication, Leadership, Teamwork)",Poor Time Management / Over-scheduling,Never (Unaware or Not interested),Moderate Impact (Occasional disruption),High Risk
STU0312,3/28/2026 11:17,Second Year (PG),BSc Cyber Security,24,Male,5.0 – 6.9,Unsatisfied,1–2 hours,4,Few times a week,More than 2 hours,More than 6 hours,Gaming,Rarely,Often,Planning to start soon,Very clear,Both hard and soft skills,3,3,1,Sometimes,6–7 hours,Digital Marketing Specialist,,"Not currently, but intend to in the future","Basic knowledge, learning while practicing","Rarely participate, mostly observe",Often,66% – 75%,"Soft Skills (Communication, Leadership, Teamwork)",Lack of Consistency or Determination (Difficulty sticking to a plan),Rarely (Passive),Moderate Impact (Occasional disruption),High Risk
STU0313,3/19/2026 19:17,First Year (FY),BBA,19,Male,5.0 – 6.9,Very unsatisfied,Less than 1 hour,3,,More than 2 hours,,Social media,Sometimes,Rarely,Planning to start soon,Very clear,"Soft skills (communication, teamwork, leadership, financial literacy)",3,4,3,Never,6–7 hours,Digital Marketing Specialist,"No, not interested",Planning to start a project/internship soon,"Basic knowledge, learning while practicing",,Sometimes,50% – 65%,"Management/Execution (Planning, Organizing, Discipline)",Difficulty with Focus / Concentration,Never (Unaware or Not interested),High Impact (Frequent disruption),High Risk
STU0314,3/16/2026 15:09,First Year (FY),BCA,18,Male,9.5 – 10.0,Very satisfied,1–2 hours,3,Never,30–60 minutes,More than 6 hours,Social media,Rarely,Sometimes,Actively preparing for a goal (placements/exams),Very clear,"Soft skills (communication, teamwork, leadership, financial literacy)",3,5,1,Often,6–7 hours,Software Developer,"No, not interested","Yes, actively working on projects/internship","Basic knowledge, learning while practicing",Never participate in such events,Rarely,Above 85%,"Creative/Design Skills (Innovation, UI/UX, Content)",Poor Time Management / Over-scheduling,Occasionally (When needed),Moderate Impact (Occasional disruption),Moderate Risk
STU0315,3/21/2026 15:02,First Year (PG),BCA,25,Male,7.0 – 8.4,Satisfied,1–2 hours,4,Rarely,More than 2 hours,2–4 hours,Social media,Rarely,Sometimes,Actively preparing for a goal (placements/exams),Not clear,Both hard and soft skills,5,1,1,Never,6–7 hours,Data Analyst,Planning to enroll soon,"Not currently, but intend to in the future","Limited knowledge, theoretical only","Rarely participate, mostly observe",Sometimes,Less than 50%,"Soft Skills (Communication, Leadership, Teamwork)",Lack of Consistency or Determination (Difficulty sticking to a plan),Never (Unaware or Not interested),High Impact (Frequent disruption),Moderate Risk
STU0316,3/21/2026 17:19,First Year (FY),BCA,18,Male,7.0 – 8.4,Satisfied,1–2 hours,3,Few times a week,1–2 hours,More than 6 hours,Social media,Rarely,Often,Planning to start soon,Somewhat clear,"Soft skills (communication, teamwork, leadership, financial literacy)",3,3,2,Often,6–7 hours,Data Analyst,Planning to enroll soon,"Yes, actively working on projects/internship","Basic knowledge, learning while practicing",,Often,66% – 75%,"Technical/Hard Skills (Coding, Math, Logic)",Poor Time Management / Over-scheduling,Rarely (Passive),Moderate Impact (Occasional disruption),High Risk
STU0317,4/6/2026 13:30,Second Year (SY),BCA,21,Female,5.0 – 6.9,Unsatisfied,Less than 1 hour,1,Daily,More than 2 hours,2–4 hours,Gaming,Rarely,Sometimes,Actively preparing for a goal (placements/exams),Very clear,Both hard and soft skills,3,3,3,Often,6–7 hours,Cyber Security Analyst,Planning to enroll soon,Planning to start a project/internship soon,"Basic knowledge, learning while practicing",Never participate in such events,Sometimes,50% – 65%,"Soft Skills (Communication, Leadership, Teamwork)",Lack of Consistency or Determination (Difficulty sticking to a plan),Occasionally (When needed),High Impact (Frequent disruption),High Risk
STU0318,3/22/2026 19:31,Second Year (PG),BCA,25,Male,7.0 – 8.4,Neutral,Less than 1 hour,3,Rarely,More than 2 hours,2–4 hours,Video content (YouTube/OTT),Sometimes,Often,Actively preparing for a goal (placements/exams),Very clear,Both hard and soft skills,3,1,1,Sometimes,6–7 hours,AI / ML,Planning to enroll soon,"Yes, actively working on projects/internship","Basic knowledge, learning while practicing",Never participate in such events,Rarely,76% – 85%,"Technical/Hard Skills (Coding, Math, Logic)",Lack of Consistency or Determination (Difficulty sticking to a plan),Never (Unaware or Not interested),Moderate Impact (Occasional disruption),Moderate Risk
STU0319,3/30/2026 15:44,First Year (FY),BBA,17,Female,9.5 – 10.0,Neutral,1–2 hours,4,Never,1–2 hours,2–4 hours,Other,Sometimes,Rarely,Planning to start soon,Very clear,Both hard and soft skills,1,5,3,Always,6–7 hours,Automation Engineer,"No, not interested",Planning to start a project/internship soon,"Limited knowledge, theoretical only","Rarely participate, mostly observe",Sometimes,Above 85%,"Soft Skills (Communication, Leadership, Teamwork)",Difficulty with Focus / Concentration,Occasionally (When needed),No Impact (Fully supportive environment),Moderate Risk
STU0320,4/4/2026 13:49,Second Year (SY),BCA,21,Female,8.5 – 9.4,Neutral,1–2 hours,4,Few times a week,,More than 6 hours,Social media,Mostly consistent,Often,Thinking about it,Somewhat clear,"Hard skills (programming, data analytics, technical skills)",4,3,3,Sometimes,More than 8 hours,AI / ML,"Not currently, but intend to in the future","Not currently, but intend to in the future","Basic knowledge, learning while practicing",Never participate in such events,Often,66% – 75%,"Technical/Hard Skills (Coding, Math, Logic)",Difficulty with Focus / Concentration,Never (Unaware or Not interested),High Impact (Frequent disruption),Moderate Risk
STU0321,3/24/2026 10:39,Third Year (TY),BSc IT,21,Male,5.0 – 6.9,Very unsatisfied,1–2 hours,5,Rarely,More than 2 hours,4–6 hours,Social media,Sometimes,Sometimes,Thinking about it,Somewhat clear,"Hard skills (programming, data analytics, technical skills)",3,2,2,Never,,Digital Marketing Specialist,"Yes, currently enrolled in one or more courses/certifications","Not currently, but intend to in the future","Basic knowledge, learning while practicing",,Always,76% – 85%,"Technical/Hard Skills (Coding, Math, Logic)",Lack of Consistency or Determination (Difficulty sticking to a plan),Rarely (Passive),High Impact (Frequent disruption),Moderate Risk
STU0322,3/31/2026 13:31,Third Year (TY),BBA,22,Male,8.5 – 9.4,Satisfied,Less than 1 hour,1,Never,1–2 hours,More than 6 hours,Video content (YouTube/OTT),Rarely,Sometimes,Actively preparing for a goal (placements/exams),Somewhat clear,Both hard and soft skills,5,3,3,Sometimes,More than 8 hours,Other,Planning to enroll soon,Planning to start a project/internship soon,"Basic knowledge, learning while practicing",Never participate in such events,Sometimes,66% – 75%,"Technical/Hard Skills (Coding, Math, Logic)",Lack of Consistency or Determination (Difficulty sticking to a plan),Never (Unaware or Not interested),Moderate Impact (Occasional disruption),Moderate Risk
STU0323,3/28/2026 14:56,Second Year (SY),BCA,20,Female,5.0 – 6.9,Neutral,Less than 1 hour,2,Rarely,1–2 hours,4–6 hours,Gaming,Rarely,Rarely,Thinking about it,Very clear,"Soft skills (communication, teamwork, leadership, financial literacy)",4,3,2,Sometimes,6–7 hours,Data Analyst,"Not currently, but intend to in the future",Planning to start a project/internship soon,"Limited knowledge, theoretical only",Never participate in such events,Rarely,Less than 50%,"Creative/Design Skills (Innovation, UI/UX, Content)",Difficulty with Focus / Concentration,Occasionally (When needed),High Impact (Frequent disruption),High Risk
STU0324,3/22/2026 9:42,Second Year (PG),BSc IT,24,Female,7.0 – 8.4,Satisfied,1–2 hours,2,Rarely,30–60 minutes,4–6 hours,Social media,Sometimes,Rarely,Thinking about it,Somewhat clear,Both hard and soft skills,2,4,3,Always,6–7 hours,Digital Marketing Specialist,Planning to enroll soon,Planning to start a project/internship soon,"Basic knowledge, learning while practicing","Rarely participate, mostly observe",Often,Above 85%,"Technical/Hard Skills (Coding, Math, Logic)",Procrastination / Low Motivation,Rarely (Passive),Moderate Impact (Occasional disruption),Moderate Risk
STU0325,4/3/2026 17:34,First Year (FY),BCA,18,Male,7.0 – 8.4,Unsatisfied,1–2 hours,4,Rarely,More than 2 hours,4–6 hours,Social interactions,Rarely,Sometimes,Thinking about it,Somewhat clear,"Soft skills (communication, teamwork, leadership, financial literacy)",5,2,2,Always,6–7 hours,AI / ML,"Not currently, but intend to in the future",Planning to start a project/internship soon,"Basic knowledge, learning while practicing","Rarely participate, mostly observe",Always,Less than 50%,"Soft Skills (Communication, Leadership, Teamwork)",Difficulty with Focus / Concentration,Never (Unaware or Not interested),No Impact (Fully supportive environment),High Risk
STU0326,3/23/2026 15:47,Third Year (TY),BSc Computer Science,21,Female,8.5 – 9.4,Very satisfied,1–2 hours,2,Rarely,1–2 hours,4–6 hours,Gaming,Mostly consistent,Sometimes,Actively preparing for a goal (placements/exams),Somewhat clear,Both hard and soft skills,4,2,2,Sometimes,More than 8 hours,Other,"No, not interested","Yes, actively working on projects/internship","Basic knowledge, learning while practicing","Rarely participate, mostly observe",Sometimes,76% – 85%,"Technical/Hard Skills (Coding, Math, Logic)",Difficulty with Focus / Concentration,Occasionally (When needed),,Low Risk
STU0327,4/14/2026 15:52,Second Year (SY),BBA,21,Female,7.0 – 8.4,Very satisfied,1–2 hours,4,Few times a week,30–60 minutes,More than 6 hours,Social media,Sometimes,Always,Thinking about it,Very clear,"Soft skills (communication, teamwork, leadership, financial literacy)",3,5,1,Often,More than 8 hours,Digital Marketing Specialist,Planning to enroll soon,"Yes, actively working on projects/internship","Limited knowledge, theoretical only",Occasionally participate in events,Often,50% – 65%,"Management/Execution (Planning, Organizing, Discipline)",Procrastination / Low Motivation,Occasionally (When needed),Low Impact (Rarely affects study),High Risk
STU0328,3/27/2026 11:36,Second Year (SY),BCA,21,Female,8.5 – 9.4,Satisfied,Less than 1 hour,3,Never,More than 2 hours,4–6 hours,Gaming,Sometimes,Often,Thinking about it,Somewhat clear,"Hard skills (programming, data analytics, technical skills)",5,2,3,Always,6–7 hours,Cyber Security Analyst,Planning to enroll soon,Planning to start a project/internship soon,"Limited knowledge, theoretical only",Occasionally participate in events,Often,76% – 85%,"Technical/Hard Skills (Coding, Math, Logic)",Lack of Consistency or Determination (Difficulty sticking to a plan),Occasionally (When needed),No Impact (Fully supportive environment),Moderate Risk
STU0329,4/8/2026 14:05,First Year (PG),BCom,22,Female,9.5 – 10.0,Very satisfied,1–2 hours,4,Rarely,More than 2 hours,More than 6 hours,Gaming,Mostly consistent,Often,Planning to start soon,Very clear,"Soft skills (communication, teamwork, leadership, financial literacy)",3,4,3,Often,6–7 hours,Software Developer,Planning to enroll soon,"Not currently, but intend to in the future",Strong foundation in core concepts,Occasionally participate in events,Sometimes,Above 85%,"Management/Execution (Planning, Organizing, Discipline)",Lack of Consistency or Determination (Difficulty sticking to a plan),Never (Unaware or Not interested),Moderate Impact (Occasional disruption),Low Risk
STU0330,3/16/2026 14:33,Third Year (TY),BCA,21,Female,7.0 – 8.4,Neutral,1–2 hours,3,Never,30–60 minutes,4–6 hours,Social media,Mostly consistent,Sometimes,Planning to start soon,Somewhat clear,Both hard and soft skills,4,3,2,Sometimes,6–7 hours,Software Developer,"No, not interested","Not currently, but intend to in the future","Basic knowledge, learning while practicing","Rarely participate, mostly observe",Often,50% – 65%,"Soft Skills (Communication, Leadership, Teamwork)",Poor Time Management / Over-scheduling,Occasionally (When needed),High Impact (Frequent disruption),Moderate Risk
STU0331,3/25/2026 18:08,Second Year (SY),BCom,19,Male,8.5 – 9.4,Very satisfied,Less than 1 hour,3,Rarely,More than 2 hours,4–6 hours,Social media,Mostly consistent,Often,Planning to start soon,Somewhat clear,Both hard and soft skills,5,2,3,Sometimes,More than 8 hours,Software Developer,Planning to enroll soon,"Not currently, but intend to in the future","Limited knowledge, theoretical only",Never participate in such events,Always,Above 85%,"Management/Execution (Planning, Organizing, Discipline)",Difficulty with Focus / Concentration,Occasionally (When needed),Low Impact (Rarely affects study),Low Risk
STU0332,3/31/2026 1:47,Third Year (TY),BCA,20,Male,9.5 – 10.0,Unsatisfied,Less than 1 hour,2,Rarely,30–60 minutes,More than 6 hours,Gaming,Mostly consistent,Always,Actively preparing for a goal (placements/exams),Somewhat clear,Both hard and soft skills,3,1,2,Sometimes,6–7 hours,AI / ML,"Not currently, but intend to in the future","Not currently, but intend to in the future","Basic knowledge, learning while practicing",Occasionally participate in events,Always,Less than 50%,"Management/Execution (Planning, Organizing, Discipline)",Poor Time Management / Over-scheduling,Occasionally (When needed),Low Impact (Rarely affects study),Low Risk
STU0333,4/3/2026 0:22,Second Year (SY),BCA,20,Female,5.0 – 6.9,Unsatisfied,1–2 hours,2,Never,30–60 minutes,2–4 hours,Video content (YouTube/OTT),Rarely,Often,Planning to start soon,Somewhat clear,"Soft skills (communication, teamwork, leadership, financial literacy)",3,2,2,Sometimes,6–7 hours,Data Analyst,"Not currently, but intend to in the future",Planning to start a project/internship soon,"Limited knowledge, theoretical only","Rarely participate, mostly observe",Often,76% – 85%,"Soft Skills (Communication, Leadership, Teamwork)",Poor Time Management / Over-scheduling,Never (Unaware or Not interested),Moderate Impact (Occasional disruption),High Risk
STU0334,3/15/2026 11:18,Final Year,BCA,22,Male,9.5 – 10.0,Very satisfied,More than 2 hours,4,Daily,30–60 minutes,,Gaming,Sometimes,Rarely,Planning to start soon,Very clear,"Hard skills (programming, data analytics, technical skills)",4,3,3,Sometimes,6–7 hours,Other,"No, not interested",Planning to start a project/internship soon,"Basic knowledge, learning while practicing","Rarely participate, mostly observe",Sometimes,76% – 85%,"Soft Skills (Communication, Leadership, Teamwork)",Poor Time Management / Over-scheduling,Rarely (Passive),No Impact (Fully supportive environment),Moderate Risk
STU0335,3/27/2026 18:01,Second Year (SY),BBA,21,Male,9.5 – 10.0,Very satisfied,1–2 hours,1,Few times a week,1–2 hours,More than 6 hours,Other,Mostly consistent,Often,Actively preparing for a goal (placements/exams),Somewhat clear,"Soft skills (communication, teamwork, leadership, financial literacy)",5,5,3,Never,More than 8 hours,Software Developer,Planning to enroll soon,"Not currently, but intend to in the future","Basic knowledge, learning while practicing","Rarely participate, mostly observe",Often,66% – 75%,"Technical/Hard Skills (Coding, Math, Logic)",Lack of Consistency or Determination (Difficulty sticking to a plan),Never (Unaware or Not interested),No Impact (Fully supportive environment),Moderate Risk
STU0336,4/11/2026 16:23,Third Year (TY),BCA,20,Male,9.5 – 10.0,Neutral,1–2 hours,,Never,1–2 hours,4–6 hours,Social media,Mostly consistent,Always,Planning to start soon,Somewhat clear,Both hard and soft skills,4,4,3,Often,More than 8 hours,AI / ML,Planning to enroll soon,Planning to start a project/internship soon,"Limited knowledge, theoretical only",Never participate in such events,Always,66% – 75%,"Technical/Hard Skills (Coding, Math, Logic)",Difficulty with Focus / Concentration,Occasionally (When needed),Moderate Impact (Occasional disruption),Moderate Risk
STU0337,4/6/2026 19:59,Second Year (PG),BSc Computer Science,23,Female,7.0 – 8.4,Satisfied,1–2 hours,3,Few times a week,30–60 minutes,4–6 hours,Gaming,Mostly consistent,Often,Actively preparing for a goal (placements/exams),Very clear,"Hard skills (programming, data analytics, technical skills)",5,,3,Sometimes,6–7 hours,AI / ML,"No, not interested","Not currently, but intend to in the future",Strong foundation in core concepts,"Rarely participate, mostly observe",Always,76% – 85%,"Management/Execution (Planning, Organizing, Discipline)",Poor Time Management / Over-scheduling,Occasionally (When needed),High Impact (Frequent disruption),Moderate Risk
STU0338,4/12/2026 11:16,Third Year (TY),BCA,21,Male,7.0 – 8.4,Very satisfied,1–2 hours,3,Rarely,,2–4 hours,Social media,Sometimes,Rarely,Actively preparing for a goal (placements/exams),Somewhat clear,"Hard skills (programming, data analytics, technical skills)",1,5,3,Often,6–7 hours,AI / ML,Planning to enroll soon,Planning to start a project/internship soon,Strong foundation in core concepts,Occasionally participate in events,Often,66% – 75%,"Technical/Hard Skills (Coding, Math, Logic)",Difficulty with Focus / Concentration,Occasionally (When needed),High Impact (Frequent disruption),High Risk
STU0339,3/28/2026 9:14,Final Year,BCA,21,Female,5.0 – 6.9,Very unsatisfied,1–2 hours,5,Rarely,More than 2 hours,4–6 hours,Social media,Sometimes,Rarely,Actively preparing for a goal (placements/exams),Not clear,Both hard and soft skills,3,4,2,Sometimes,6–7 hours,AI / ML,"No, not interested","Not currently, but intend to in the future",Strong foundation in core concepts,Occasionally participate in events,Sometimes,50% – 65%,"Technical/Hard Skills (Coding, Math, Logic)",Procrastination / Low Motivation,Rarely (Passive),Low Impact (Rarely affects study),High Risk
STU0340,3/19/2026 12:58,First Year (PG),BSc Computer Science,25,Male,7.0 – 8.4,Neutral,Less than 1 hour,3,Rarely,More than 2 hours,More than 6 hours,Video content (YouTube/OTT),Sometimes,Rarely,Actively preparing for a goal (placements/exams),Somewhat clear,"Hard skills (programming, data analytics, technical skills)",2,5,2,Often,6–7 hours,Automation Engineer,"Not currently, but intend to in the future","Not currently, but intend to in the future",Strong foundation in core concepts,"Rarely participate, mostly observe",Rarely,66% – 75%,"Soft Skills (Communication, Leadership, Teamwork)",Poor Time Management / Over-scheduling,Rarely (Passive),Low Impact (Rarely affects study),High Risk
STU0341,3/28/2026 14:56,First Year (FY),BSc IT,18,Male,8.5 – 9.4,Very satisfied,1–2 hours,3,Never,More than 2 hours,More than 6 hours,Video content (YouTube/OTT),Sometimes,Sometimes,Planning to start soon,Somewhat clear,Both hard and soft skills,2,3,1,Often,6–7 hours,Software Developer,,"Yes, actively working on projects/internship",Strong foundation in core concepts,"Rarely participate, mostly observe",Always,Above 85%,"Creative/Design Skills (Innovation, UI/UX, Content)",Procrastination / Low Motivation,Occasionally (When needed),No Impact (Fully supportive environment),Moderate Risk
STU0342,3/22/2026 15:38,Second Year (SY),BSc Cyber Security,19,Male,8.5 – 9.4,Very satisfied,Less than 1 hour,2,Rarely,30–60 minutes,More than 6 hours,Social media,Sometimes,Often,Thinking about it,Very clear,Both hard and soft skills,2,4,2,Often,4–5 hours,Digital Marketing Specialist,"Not currently, but intend to in the future","Yes, actively working on projects/internship","Limited knowledge, theoretical only",Never participate in such events,Often,Above 85%,"Creative/Design Skills (Innovation, UI/UX, Content)",Procrastination / Low Motivation,Rarely (Passive),,Moderate Risk
STU0343,3/15/2026 6:48,Second Year (PG),BCA,25,Female,7.0 – 8.4,Very satisfied,More than 2 hours,4,Few times a week,1–2 hours,2–4 hours,Gaming,Rarely,Sometimes,Actively preparing for a goal (placements/exams),Somewhat clear,Both hard and soft skills,3,4,2,Often,6–7 hours,AI / ML,"Yes, currently enrolled in one or more courses/certifications","Not currently, but intend to in the future","Limited knowledge, theoretical only",Never participate in such events,Always,Less than 50%,"Soft Skills (Communication, Leadership, Teamwork)",Difficulty with Focus / Concentration,Rarely (Passive),High Impact (Frequent disruption),High Risk
STU0344,3/16/2026 9:49,Third Year (TY),BSc IT,22,Male,8.5 – 9.4,Neutral,More than 2 hours,3,Rarely,1–2 hours,2–4 hours,Other,Rarely,Often,Planning to start soon,Somewhat clear,"Hard skills (programming, data analytics, technical skills)",3,3,3,Sometimes,6–7 hours,Automation Engineer,"Not currently, but intend to in the future","Yes, actively working on projects/internship",Strong foundation in core concepts,"Rarely participate, mostly observe",Rarely,76% – 85%,"Soft Skills (Communication, Leadership, Teamwork)",Difficulty with Focus / Concentration,Rarely (Passive),No Impact (Fully supportive environment),Moderate Risk
STU0345,3/31/2026 9:15,First Year (PG),BCA,25,Female,5.0 – 6.9,Unsatisfied,Less than 1 hour,3,Never,30–60 minutes,4–6 hours,Social media,Rarely,Sometimes,Planning to start soon,Very clear,Both hard and soft skills,3,3,2,Often,6–7 hours,AI / ML,"Yes, currently enrolled in one or more courses/certifications","Not currently, but intend to in the future","Basic knowledge, learning while practicing",Never participate in such events,Always,Less than 50%,"Technical/Hard Skills (Coding, Math, Logic)",Difficulty with Focus / Concentration,Rarely (Passive),Low Impact (Rarely affects study),High Risk
STU0346,3/31/2026 15:44,Third Year (TY),BCA,20,Male,8.5 – 9.4,Very satisfied,More than 2 hours,3,Few times a week,More than 2 hours,More than 6 hours,Gaming,Sometimes,Often,Planning to start soon,Not clear,Both hard and soft skills,1,1,3,Always,6–7 hours,Data Analyst,Planning to enroll soon,Planning to start a project/internship soon,"Limited knowledge, theoretical only",,Always,66% – 75%,"Management/Execution (Planning, Organizing, Discipline)",Procrastination / Low Motivation,Never (Unaware or Not interested),Low Impact (Rarely affects study),Low Risk
STU0347,3/21/2026 7:57,First Year (PG),BCom,25,Male,8.5 – 9.4,Satisfied,More than 2 hours,3,Few times a week,1–2 hours,4–6 hours,Social interactions,Sometimes,Rarely,Planning to start soon,Somewhat clear,"Hard skills (programming, data analytics, technical skills)",5,2,3,Often,6–7 hours,Automation Engineer,"No, not interested","Not currently, but intend to in the future","Basic knowledge, learning while practicing","Rarely participate, mostly observe",Often,76% – 85%,"Management/Execution (Planning, Organizing, Discipline)",Difficulty with Focus / Concentration,Occasionally (When needed),Low Impact (Rarely affects study),Moderate Risk
STU0348,4/14/2026 5:39,First Year (FY),BCom,17,Female,8.5 – 9.4,Neutral,More than 2 hours,4,Daily,1–2 hours,More than 6 hours,Video content (YouTube/OTT),Sometimes,Sometimes,Planning to start soon,Not clear,Both hard and soft skills,1,5,3,Always,6–7 hours,Software Developer,Planning to enroll soon,Planning to start a project/internship soon,"Limited knowledge, theoretical only",Never participate in such events,Sometimes,Above 85%,"Management/Execution (Planning, Organizing, Discipline)",Poor Time Management / Over-scheduling,Never (Unaware or Not interested),Low Impact (Rarely affects study),Moderate Risk
STU0349,3/24/2026 21:28,Final Year,BCA,23,Female,7.0 – 8.4,Neutral,1–2 hours,1,Rarely,1–2 hours,,Social media,Rarely,Sometimes,Actively preparing for a goal (placements/exams),Very clear,Both hard and soft skills,2,,2,Often,6–7 hours,Automation Engineer,"No, not interested","Not currently, but intend to in the future","Basic knowledge, learning while practicing",Never participate in such events,Rarely,50% – 65%,"Soft Skills (Communication, Leadership, Teamwork)",Procrastination / Low Motivation,Occasionally (When needed),No Impact (Fully supportive environment),High Risk
STU0350,3/28/2026 14:29,First Year (PG),BBA,25,Male,8.5 – 9.4,Unsatisfied,Less than 1 hour,3,Few times a week,30–60 minutes,More than 6 hours,Social interactions,Rarely,Rarely,Thinking about it,Somewhat clear,"Soft skills (communication, teamwork, leadership, financial literacy)",3,5,1,Never,6–7 hours,Cyber Security Analyst,"Not currently, but intend to in the future",Planning to start a project/internship soon,"Basic knowledge, learning while practicing",Occasionally participate in events,Often,Above 85%,"Technical/Hard Skills (Coding, Math, Logic)",Difficulty with Focus / Concentration,Rarely (Passive),Moderate Impact (Occasional disruption),High Risk
STU0351,4/3/2026 10:53,First Year (PG),BCA,24,Male,8.5 – 9.4,Unsatisfied,More than 2 hours,1,Rarely,1–2 hours,4–6 hours,Video content (YouTube/OTT),Mostly consistent,Always,Actively preparing for a goal (placements/exams),Somewhat clear,Both hard and soft skills,4,3,1,Often,More than 8 hours,Cyber Security Analyst,Planning to enroll soon,"Not currently, but intend to in the future","Limited knowledge, theoretical only",Occasionally participate in events,Rarely,76% – 85%,"Soft Skills (Communication, Leadership, Teamwork)",Lack of Consistency or Determination (Difficulty sticking to a plan),Never (Unaware or Not interested),Moderate Impact (Occasional disruption),Moderate Risk
STU0352,3/17/2026 16:02,Second Year (SY),BSc IT,20,Male,7.0 – 8.4,Neutral,Less than 1 hour,3,Few times a week,1–2 hours,More than 6 hours,Social interactions,Sometimes,Sometimes,Planning to start soon,Somewhat clear,Both hard and soft skills,3,5,3,Always,6–7 hours,Software Developer,"No, not interested","Yes, actively working on projects/internship","Limited knowledge, theoretical only",Occasionally participate in events,Often,66% – 75%,"Technical/Hard Skills (Coding, Math, Logic)",Lack of Consistency or Determination (Difficulty sticking to a plan),Never (Unaware or Not interested),No Impact (Fully supportive environment),High Risk
STU0353,3/18/2026 13:03,Second Year (SY),BCA,21,Female,7.0 – 8.4,Unsatisfied,Less than 1 hour,3,Rarely,30–60 minutes,4–6 hours,Social interactions,Sometimes,Sometimes,Planning to start soon,Not clear,"Hard skills (programming, data analytics, technical skills)",2,5,3,Always,6–7 hours,Automation Engineer,"No, not interested",Planning to start a project/internship soon,"Limited knowledge, theoretical only",Never participate in such events,Often,Less than 50%,"Creative/Design Skills (Innovation, UI/UX, Content)",Lack of Consistency or Determination (Difficulty sticking to a plan),Never (Unaware or Not interested),Moderate Impact (Occasional disruption),High Risk
STU0354,4/3/2026 15:08,Second Year (PG),BCA,26,Female,7.0 – 8.4,Neutral,1–2 hours,2,Never,1–2 hours,4–6 hours,Social media,Mostly consistent,Often,Planning to start soon,Very clear,"Hard skills (programming, data analytics, technical skills)",3,4,3,Always,,Digital Marketing Specialist,,"Yes, actively working on projects/internship","Basic knowledge, learning while practicing",Occasionally participate in events,Always,66% – 75%,"Technical/Hard Skills (Coding, Math, Logic)",Lack of Consistency or Determination (Difficulty sticking to a plan),Occasionally (When needed),Moderate Impact (Occasional disruption),Moderate Risk
STU0355,3/28/2026 15:26,Second Year (SY),BCA,19,Male,7.0 – 8.4,Unsatisfied,More than 2 hours,3,Few times a week,1–2 hours,,Social media,Sometimes,Often,Planning to start soon,Not clear,Both hard and soft skills,3,3,3,Sometimes,6–7 hours,AI / ML,Planning to enroll soon,"Not currently, but intend to in the future","Basic knowledge, learning while practicing",,Rarely,76% – 85%,"Soft Skills (Communication, Leadership, Teamwork)",Difficulty with Focus / Concentration,Occasionally (When needed),High Impact (Frequent disruption),Moderate Risk
STU0356,4/2/2026 13:46,Final Year,BCom,23,Female,7.0 – 8.4,Very unsatisfied,Less than 1 hour,2,Few times a week,30–60 minutes,4–6 hours,Social media,Sometimes,Sometimes,Actively preparing for a goal (placements/exams),Very clear,Both hard and soft skills,5,2,1,Never,6–7 hours,Digital Marketing Specialist,"Yes, currently enrolled in one or more courses/certifications","Yes, actively working on projects/internship","Basic knowledge, learning while practicing",Occasionally participate in events,Often,76% – 85%,"Creative/Design Skills (Innovation, UI/UX, Content)",Procrastination / Low Motivation,Occasionally (When needed),High Impact (Frequent disruption),Moderate Risk
STU0357,4/9/2026 0:29,First Year (PG),BCA,25,Female,7.0 – 8.4,Neutral,1–2 hours,3,Rarely,1–2 hours,More than 6 hours,Social media,Rarely,Sometimes,Thinking about it,Somewhat clear,"Hard skills (programming, data analytics, technical skills)",2,4,,Never,6–7 hours,AI / ML,"No, not interested","Yes, actively working on projects/internship","Limited knowledge, theoretical only",Occasionally participate in events,Rarely,66% – 75%,"Soft Skills (Communication, Leadership, Teamwork)",Lack of Consistency or Determination (Difficulty sticking to a plan),Never (Unaware or Not interested),High Impact (Frequent disruption),High Risk
STU0358,3/15/2026 13:53,Second Year (SY),BCA,20,Female,8.5 – 9.4,Satisfied,1–2 hours,1,Few times a week,30–60 minutes,More than 6 hours,Social media,Mostly consistent,Rarely,Actively preparing for a goal (placements/exams),Not clear,Both hard and soft skills,2,4,1,Sometimes,6–7 hours,Software Developer,Planning to enroll soon,Planning to start a project/internship soon,"Basic knowledge, learning while practicing",,Always,76% – 85%,"Management/Execution (Planning, Organizing, Discipline)",Lack of Consistency or Determination (Difficulty sticking to a plan),Occasionally (When needed),Low Impact (Rarely affects study),Moderate Risk
STU0359,3/26/2026 18:15,Second Year (SY),BCA,20,Male,8.5 – 9.4,Neutral,Less than 1 hour,1,Few times a week,1–2 hours,More than 6 hours,Video content (YouTube/OTT),Sometimes,Often,Planning to start soon,Somewhat clear,Both hard and soft skills,5,2,3,Always,6–7 hours,AI / ML,"Not currently, but intend to in the future",Planning to start a project/internship soon,Strong foundation in core concepts,"Rarely participate, mostly observe",Often,76% – 85%,"Technical/Hard Skills (Coding, Math, Logic)",Procrastination / Low Motivation,Rarely (Passive),High Impact (Frequent disruption),Moderate Risk
STU0360,4/7/2026 13:30,Third Year (TY),BCA,22,Male,5.0 – 6.9,Unsatisfied,More than 2 hours,3,Never,30–60 minutes,More than 6 hours,Video content (YouTube/OTT),Sometimes,Sometimes,Actively preparing for a goal (placements/exams),Somewhat clear,"Soft skills (communication, teamwork, leadership, financial literacy)",2,4,3,Often,6–7 hours,Digital Marketing Specialist,"Not currently, but intend to in the future","Yes, actively working on projects/internship","Limited knowledge, theoretical only","Rarely participate, mostly observe",Sometimes,Less than 50%,"Soft Skills (Communication, Leadership, Teamwork)",Procrastination / Low Motivation,Occasionally (When needed),Moderate Impact (Occasional disruption),High Risk
STU0361,4/5/2026 10:02,Second Year (PG),BCA,23,Female,7.0 – 8.4,Neutral,Less than 1 hour,4,Rarely,More than 2 hours,4–6 hours,Social media,Sometimes,Rarely,Planning to start soon,Not clear,Both hard and soft skills,4,,3,Sometimes,More than 8 hours,Software Developer,"No, not interested","Not currently, but intend to in the future","Basic knowledge, learning while practicing","Rarely participate, mostly observe",Sometimes,66% – 75%,"Soft Skills (Communication, Leadership, Teamwork)",Lack of Consistency or Determination (Difficulty sticking to a plan),Never (Unaware or Not interested),Moderate Impact (Occasional disruption),High Risk
STU0362,3/18/2026 1:42,First Year (PG),BCA,24,Female,5.0 – 6.9,Neutral,More than 2 hours,1,Few times a week,,More than 6 hours,Social interactions,Rarely,Rarely,Planning to start soon,Somewhat clear,Both hard and soft skills,1,5,1,Always,4–5 hours,AI / ML,Planning to enroll soon,"Not currently, but intend to in the future","Basic knowledge, learning while practicing",Never participate in such events,Rarely,66% – 75%,"Creative/Design Skills (Innovation, UI/UX, Content)",Difficulty with Focus / Concentration,Never (Unaware or Not interested),Moderate Impact (Occasional disruption),High Risk
STU0363,4/12/2026 10:39,Third Year (TY),BCA,21,Male,7.0 – 8.4,Neutral,Less than 1 hour,3,Rarely,,4–6 hours,Gaming,Sometimes,Sometimes,Planning to start soon,Not clear,"Soft skills (communication, teamwork, leadership, financial literacy)",5,2,3,Often,6–7 hours,Data Analyst,"Not currently, but intend to in the future","Not currently, but intend to in the future",Strong foundation in core concepts,Occasionally participate in events,Sometimes,50% – 65%,"Technical/Hard Skills (Coding, Math, Logic)",Poor Time Management / Over-scheduling,Never (Unaware or Not interested),Low Impact (Rarely affects study),Moderate Risk
STU0364,3/24/2026 16:22,Third Year (TY),BCA,21,Male,8.5 – 9.4,Neutral,1–2 hours,1,Never,30–60 minutes,More than 6 hours,Video content (YouTube/OTT),Sometimes,Often,Planning to start soon,Somewhat clear,Both hard and soft skills,4,1,1,Always,4–5 hours,Software Developer,"Not currently, but intend to in the future",Planning to start a project/internship soon,"Limited knowledge, theoretical only",Never participate in such events,Rarely,Above 85%,"Soft Skills (Communication, Leadership, Teamwork)",Difficulty with Focus / Concentration,Rarely (Passive),Moderate Impact (Occasional disruption),Low Risk
STU0365,4/8/2026 20:45,Third Year (TY),BBA,21,Male,8.5 – 9.4,Neutral,1–2 hours,3,Rarely,More than 2 hours,More than 6 hours,Social media,Mostly consistent,Often,Planning to start soon,Very clear,"Soft skills (communication, teamwork, leadership, financial literacy)",3,1,3,Never,More than 8 hours,Software Developer,Planning to enroll soon,Planning to start a project/internship soon,"Basic knowledge, learning while practicing",Occasionally participate in events,Always,66% – 75%,"Creative/Design Skills (Innovation, UI/UX, Content)",Lack of Consistency or Determination (Difficulty sticking to a plan),Rarely (Passive),High Impact (Frequent disruption),Low Risk
STU0366,3/26/2026 7:07,Second Year (SY),BCom,20,Female,8.5 – 9.4,Neutral,1–2 hours,1,Few times a week,1–2 hours,More than 6 hours,Social interactions,Sometimes,Sometimes,Actively preparing for a goal (placements/exams),Very clear,"Soft skills (communication, teamwork, leadership, financial literacy)",2,5,1,Always,4–5 hours,Other,"No, not interested",Planning to start a project/internship soon,"Limited knowledge, theoretical only","Rarely participate, mostly observe",Rarely,50% – 65%,"Soft Skills (Communication, Leadership, Teamwork)",Lack of Consistency or Determination (Difficulty sticking to a plan),Occasionally (When needed),Low Impact (Rarely affects study),High Risk
STU0367,3/22/2026 22:26,First Year (FY),BSc Cyber Security,19,Male,5.0 – 6.9,Very unsatisfied,Less than 1 hour,3,Never,30–60 minutes,2–4 hours,Social media,Rarely,Often,Planning to start soon,Somewhat clear,"Soft skills (communication, teamwork, leadership, financial literacy)",5,3,3,Sometimes,More than 8 hours,Cyber Security Analyst,"Not currently, but intend to in the future","Not currently, but intend to in the future","Basic knowledge, learning while practicing","Rarely participate, mostly observe",Always,76% – 85%,"Soft Skills (Communication, Leadership, Teamwork)",Poor Time Management / Over-scheduling,Occasionally (When needed),No Impact (Fully supportive environment),High Risk
STU0368,4/13/2026 10:47,Second Year (SY),BCA,21,Female,7.0 – 8.4,Neutral,Less than 1 hour,1,Few times a week,1–2 hours,More than 6 hours,Other,Sometimes,Sometimes,Actively preparing for a goal (placements/exams),Very clear,Both hard and soft skills,5,2,2,Often,More than 8 hours,Automation Engineer,"Yes, currently enrolled in one or more courses/certifications",Planning to start a project/internship soon,"Basic knowledge, learning while practicing",Occasionally participate in events,Always,Less than 50%,"Technical/Hard Skills (Coding, Math, Logic)",Difficulty with Focus / Concentration,Rarely (Passive),Moderate Impact (Occasional disruption),Moderate Risk
STU0369,4/4/2026 9:31,First Year (FY),BCA,19,Male,7.0 – 8.4,Unsatisfied,1–2 hours,1,Few times a week,30–60 minutes,More than 6 hours,Social media,Sometimes,Often,Actively preparing for a goal (placements/exams),Somewhat clear,"Soft skills (communication, teamwork, leadership, financial literacy)",5,4,1,Never,6–7 hours,Data Analyst,"Yes, currently enrolled in one or more courses/certifications",Planning to start a project/internship soon,"Basic knowledge, learning while practicing","Rarely participate, mostly observe",Always,Above 85%,"Soft Skills (Communication, Leadership, Teamwork)",Poor Time Management / Over-scheduling,Never (Unaware or Not interested),No Impact (Fully supportive environment),Moderate Risk
STU0370,3/25/2026 15:56,Second Year (SY),BCA,20,Male,5.0 – 6.9,Unsatisfied,Less than 1 hour,2,Never,1–2 hours,More than 6 hours,Video content (YouTube/OTT),Sometimes,Sometimes,Thinking about it,Very clear,"Hard skills (programming, data analytics, technical skills)",3,2,1,Often,4–5 hours,Data Analyst,,"Not currently, but intend to in the future","Limited knowledge, theoretical only",Never participate in such events,Sometimes,50% – 65%,"Soft Skills (Communication, Leadership, Teamwork)",Difficulty with Focus / Concentration,Never (Unaware or Not interested),High Impact (Frequent disruption),High Risk
STU0371,4/12/2026 8:23,First Year (FY),BCA,19,Male,5.0 – 6.9,Unsatisfied,1–2 hours,3,,1–2 hours,More than 6 hours,Social interactions,Mostly consistent,Always,Planning to start soon,Somewhat clear,"Hard skills (programming, data analytics, technical skills)",2,4,,Often,6–7 hours,AI / ML,"Yes, currently enrolled in one or more courses/certifications","Yes, actively working on projects/internship","Basic knowledge, learning while practicing",Occasionally participate in events,Often,50% – 65%,"Management/Execution (Planning, Organizing, Discipline)",Difficulty with Focus / Concentration,Occasionally (When needed),Moderate Impact (Occasional disruption),High Risk
STU0372,4/5/2026 18:13,Third Year (TY),BCA,20,Male,8.5 – 9.4,Neutral,1–2 hours,4,Few times a week,1–2 hours,4–6 hours,Video content (YouTube/OTT),Mostly consistent,Rarely,Actively preparing for a goal (placements/exams),Not clear,"Soft skills (communication, teamwork, leadership, financial literacy)",3,3,2,Sometimes,More than 8 hours,AI / ML,Planning to enroll soon,Planning to start a project/internship soon,Strong foundation in core concepts,,Sometimes,Above 85%,"Technical/Hard Skills (Coding, Math, Logic)",Procrastination / Low Motivation,Occasionally (When needed),High Impact (Frequent disruption),Low Risk
STU0373,3/19/2026 20:27,First Year (FY),BCA,17,Male,7.0 – 8.4,Neutral,Less than 1 hour,3,Rarely,More than 2 hours,More than 6 hours,Gaming,Sometimes,Often,Planning to start soon,Somewhat clear,Both hard and soft skills,1,4,3,Always,6–7 hours,Software Developer,"Not currently, but intend to in the future","Yes, actively working on projects/internship","Limited knowledge, theoretical only",Never participate in such events,Rarely,50% – 65%,"Technical/Hard Skills (Coding, Math, Logic)",Poor Time Management / Over-scheduling,Never (Unaware or Not interested),Moderate Impact (Occasional disruption),High Risk
STU0374,4/2/2026 22:00,First Year (FY),BA,18,Female,7.0 – 8.4,Very unsatisfied,Less than 1 hour,4,Few times a week,More than 2 hours,4–6 hours,Social media,Sometimes,Sometimes,Actively preparing for a goal (placements/exams),Very clear,Both hard and soft skills,4,4,3,Sometimes,4–5 hours,AI / ML,"Yes, currently enrolled in one or more courses/certifications","Not currently, but intend to in the future","Limited knowledge, theoretical only",Never participate in such events,Sometimes,50% – 65%,"Soft Skills (Communication, Leadership, Teamwork)",Lack of Consistency or Determination (Difficulty sticking to a plan),Never (Unaware or Not interested),High Impact (Frequent disruption),High Risk
STU0375,3/31/2026 11:46,Third Year (TY),BCom,21,Male,7.0 – 8.4,Satisfied,Less than 1 hour,3,Never,30–60 minutes,4–6 hours,Video content (YouTube/OTT),Sometimes,Often,Thinking about it,Not clear,"Soft skills (communication, teamwork, leadership, financial literacy)",3,1,3,Often,6–7 hours,AI / ML,"Yes, currently enrolled in one or more courses/certifications","Not currently, but intend to in the future","Limited knowledge, theoretical only","Rarely participate, mostly observe",Often,76% – 85%,"Creative/Design Skills (Innovation, UI/UX, Content)",Difficulty with Focus / Concentration,Rarely (Passive),No Impact (Fully supportive environment),Moderate Risk
STU0376,3/15/2026 20:49,Third Year (TY),BCA,21,Female,9.5 – 10.0,Very unsatisfied,More than 2 hours,5,Rarely,More than 2 hours,More than 6 hours,Social media,Rarely,Always,Planning to start soon,Very clear,"Hard skills (programming, data analytics, technical skills)",2,3,2,Often,4–5 hours,AI / ML,"Yes, currently enrolled in one or more courses/certifications",Planning to start a project/internship soon,"Basic knowledge, learning while practicing",Never participate in such events,Sometimes,50% – 65%,"Soft Skills (Communication, Leadership, Teamwork)",Procrastination / Low Motivation,Occasionally (When needed),Low Impact (Rarely affects study),Moderate Risk
STU0377,3/30/2026 18:40,Second Year (PG),BSc Cyber Security,24,Male,7.0 – 8.4,Neutral,1–2 hours,5,Never,30–60 minutes,More than 6 hours,Social interactions,Mostly consistent,Often,Actively preparing for a goal (placements/exams),Somewhat clear,Both hard and soft skills,,2,2,Sometimes,More than 8 hours,Automation Engineer,"No, not interested","Yes, actively working on projects/internship","Basic knowledge, learning while practicing",Never participate in such events,Sometimes,50% – 65%,"Soft Skills (Communication, Leadership, Teamwork)",Poor Time Management / Over-scheduling,Occasionally (When needed),High Impact (Frequent disruption),Moderate Risk
STU0378,3/18/2026 11:47,First Year (PG),BCA,23,Male,5.0 – 6.9,Very satisfied,1–2 hours,1,Rarely,1–2 hours,4–6 hours,Social media,Sometimes,Always,Thinking about it,Not clear,Both hard and soft skills,5,1,3,Often,4–5 hours,Software Developer,Planning to enroll soon,"Not currently, but intend to in the future",,Occasionally participate in events,Often,66% – 75%,"Management/Execution (Planning, Organizing, Discipline)",Difficulty with Focus / Concentration,Never (Unaware or Not interested),Moderate Impact (Occasional disruption),Moderate Risk
STU0379,3/19/2026 22:52,Second Year (PG),BCA,26,Female,8.5 – 9.4,Very satisfied,1–2 hours,1,Few times a week,30–60 minutes,2–4 hours,Gaming,Mostly consistent,Always,Actively preparing for a goal (placements/exams),Somewhat clear,"Hard skills (programming, data analytics, technical skills)",3,3,1,Sometimes,6–7 hours,Data Analyst,"Not currently, but intend to in the future",Planning to start a project/internship soon,Strong foundation in core concepts,"Rarely participate, mostly observe",Often,Above 85%,"Soft Skills (Communication, Leadership, Teamwork)",Procrastination / Low Motivation,Rarely (Passive),Low Impact (Rarely affects study),Low Risk
STU0380,3/24/2026 18:30,Second Year (SY),BSc IT,20,Male,7.0 – 8.4,Very unsatisfied,1–2 hours,2,Never,30–60 minutes,More than 6 hours,Video content (YouTube/OTT),Sometimes,Sometimes,Actively preparing for a goal (placements/exams),Somewhat clear,"Hard skills (programming, data analytics, technical skills)",5,3,2,Often,6–7 hours,Other,,Planning to start a project/internship soon,Strong foundation in core concepts,Never participate in such events,Sometimes,66% – 75%,"Soft Skills (Communication, Leadership, Teamwork)",Procrastination / Low Motivation,Never (Unaware or Not interested),Moderate Impact (Occasional disruption),Moderate Risk
STU0381,4/14/2026 18:43,First Year (FY),BCA,17,Male,8.5 – 9.4,Satisfied,1–2 hours,1,Never,30–60 minutes,4–6 hours,Video content (YouTube/OTT),Mostly consistent,Often,Planning to start soon,Somewhat clear,"Hard skills (programming, data analytics, technical skills)",4,3,1,Sometimes,4–5 hours,Software Developer,"Not currently, but intend to in the future","Not currently, but intend to in the future","Basic knowledge, learning while practicing",Occasionally participate in events,Always,Above 85%,"Technical/Hard Skills (Coding, Math, Logic)",Lack of Consistency or Determination (Difficulty sticking to a plan),Never (Unaware or Not interested),Low Impact (Rarely affects study),Low Risk
STU0382,4/7/2026 11:15,First Year (FY),BCA,19,Female,7.0 – 8.4,Unsatisfied,More than 2 hours,1,Few times a week,1–2 hours,More than 6 hours,Video content (YouTube/OTT),Rarely,Sometimes,Planning to start soon,Very clear,"Soft skills (communication, teamwork, leadership, financial literacy)",3,5,2,Sometimes,More than 8 hours,Cyber Security Analyst,,Planning to start a project/internship soon,"Basic knowledge, learning while practicing",Occasionally participate in events,Sometimes,76% – 85%,"Soft Skills (Communication, Leadership, Teamwork)",Procrastination / Low Motivation,Never (Unaware or Not interested),Moderate Impact (Occasional disruption),High Risk
STU0383,3/23/2026 21:18,Third Year (TY),BCA,20,Male,8.5 – 9.4,Very satisfied,Less than 1 hour,,Never,30–60 minutes,More than 6 hours,Social media,Mostly consistent,Often,Planning to start soon,Not clear,"Hard skills (programming, data analytics, technical skills)",2,4,2,Often,6–7 hours,AI / ML,Planning to enroll soon,"Not currently, but intend to in the future",Strong foundation in core concepts,Never participate in such events,Often,76% – 85%,"Soft Skills (Communication, Leadership, Teamwork)",Lack of Consistency or Determination (Difficulty sticking to a plan),Occasionally (When needed),High Impact (Frequent disruption),Moderate Risk
STU0384,4/2/2026 15:41,Third Year (TY),BCA,20,Female,7.0 – 8.4,Satisfied,Less than 1 hour,4,Rarely,1–2 hours,2–4 hours,Video content (YouTube/OTT),Sometimes,Sometimes,Planning to start soon,Somewhat clear,Both hard and soft skills,5,3,2,Sometimes,6–7 hours,Digital Marketing Specialist,"Yes, currently enrolled in one or more courses/certifications",Planning to start a project/internship soon,"Limited knowledge, theoretical only","Rarely participate, mostly observe",Often,Less than 50%,"Creative/Design Skills (Innovation, UI/UX, Content)",Procrastination / Low Motivation,Occasionally (When needed),High Impact (Frequent disruption),High Risk
STU0385,3/23/2026 13:04,Second Year (SY),BCA,19,Female,7.0 – 8.4,Very unsatisfied,More than 2 hours,3,Few times a week,1–2 hours,More than 6 hours,Social media,Rarely,Rarely,Thinking about it,Not clear,"Soft skills (communication, teamwork, leadership, financial literacy)",4,2,1,Sometimes,More than 8 hours,AI / ML,"Not currently, but intend to in the future","Not currently, but intend to in the future","Basic knowledge, learning while practicing",Occasionally participate in events,Sometimes,Above 85%,"Creative/Design Skills (Innovation, UI/UX, Content)",Lack of Consistency or Determination (Difficulty sticking to a plan),Occasionally (When needed),High Impact (Frequent disruption),Moderate Risk
STU0386,4/3/2026 7:13,First Year (FY),BCom,19,Female,5.0 – 6.9,Satisfied,Less than 1 hour,1,Never,More than 2 hours,,Video content (YouTube/OTT),Sometimes,Sometimes,Actively preparing for a goal (placements/exams),Somewhat clear,"Soft skills (communication, teamwork, leadership, financial literacy)",3,4,3,Sometimes,,Software Developer,"Yes, currently enrolled in one or more courses/certifications","Not currently, but intend to in the future","Basic knowledge, learning while practicing",,Sometimes,66% – 75%,"Technical/Hard Skills (Coding, Math, Logic)",Lack of Consistency or Determination (Difficulty sticking to a plan),Occasionally (When needed),High Impact (Frequent disruption),High Risk
STU0387,4/6/2026 15:09,Second Year (SY),BCA,20,Female,8.5 – 9.4,Neutral,1–2 hours,3,Daily,30–60 minutes,More than 6 hours,Social media,Mostly consistent,Always,Planning to start soon,Not clear,"Hard skills (programming, data analytics, technical skills)",3,5,3,Sometimes,6–7 hours,Software Developer,Planning to enroll soon,Planning to start a project/internship soon,"Basic knowledge, learning while practicing",,Always,76% – 85%,"Technical/Hard Skills (Coding, Math, Logic)",Poor Time Management / Over-scheduling,Never (Unaware or Not interested),Low Impact (Rarely affects study),Moderate Risk
STU0388,3/18/2026 12:30,Second Year (PG),BCA,25,Female,8.5 – 9.4,Neutral,1–2 hours,2,Rarely,30–60 minutes,More than 6 hours,Social media,Rarely,Always,Planning to start soon,Very clear,"Hard skills (programming, data analytics, technical skills)",2,5,2,Sometimes,6–7 hours,Software Developer,"Yes, currently enrolled in one or more courses/certifications","Not currently, but intend to in the future",Strong foundation in core concepts,Never participate in such events,Always,76% – 85%,"Technical/Hard Skills (Coding, Math, Logic)",Procrastination / Low Motivation,Rarely (Passive),High Impact (Frequent disruption),High Risk
STU0389,4/5/2026 8:24,Third Year (TY),BCA,20,Male,8.5 – 9.4,Satisfied,More than 2 hours,3,Few times a week,30–60 minutes,4–6 hours,Video content (YouTube/OTT),Mostly consistent,Often,Planning to start soon,Somewhat clear,"Hard skills (programming, data analytics, technical skills)",5,1,3,Often,More than 8 hours,Data Analyst,"Not currently, but intend to in the future","Yes, actively working on projects/internship",,Occasionally participate in events,Always,76% – 85%,"Technical/Hard Skills (Coding, Math, Logic)",Lack of Consistency or Determination (Difficulty sticking to a plan),Occasionally (When needed),Low Impact (Rarely affects study),Low Risk
STU0390,4/1/2026 10:50,Second Year (SY),BA,21,Female,5.0 – 6.9,Unsatisfied,1–2 hours,4,Rarely,1–2 hours,4–6 hours,Gaming,Sometimes,Rarely,Actively preparing for a goal (placements/exams),Somewhat clear,Both hard and soft skills,4,4,3,Often,6–7 hours,Software Developer,Planning to enroll soon,"Not currently, but intend to in the future","Basic knowledge, learning while practicing","Rarely participate, mostly observe",Sometimes,76% – 85%,"Soft Skills (Communication, Leadership, Teamwork)",Difficulty with Focus / Concentration,Occasionally (When needed),High Impact (Frequent disruption),High Risk
STU0391,4/11/2026 7:43,First Year (FY),BCA,19,Other,9.5 – 10.0,Neutral,More than 2 hours,3,Daily,30–60 minutes,4–6 hours,Social media,Mostly consistent,Always,Planning to start soon,Very clear,"Soft skills (communication, teamwork, leadership, financial literacy)",3,4,3,Sometimes,6–7 hours,Cyber Security Analyst,Planning to enroll soon,"Not currently, but intend to in the future",Strong foundation in core concepts,Occasionally participate in events,Always,76% – 85%,"Technical/Hard Skills (Coding, Math, Logic)",Lack of Consistency or Determination (Difficulty sticking to a plan),Rarely (Passive),Low Impact (Rarely affects study),Moderate Risk
STU0392,4/10/2026 8:19,Second Year (SY),BCom,19,Female,9.5 – 10.0,Very satisfied,Less than 1 hour,1,Rarely,More than 2 hours,More than 6 hours,Social media,Mostly consistent,Always,Thinking about it,Very clear,"Soft skills (communication, teamwork, leadership, financial literacy)",2,4,2,Often,4–5 hours,Data Analyst,"Not currently, but intend to in the future","Not currently, but intend to in the future","Limited knowledge, theoretical only",Occasionally participate in events,Often,66% – 75%,"Technical/Hard Skills (Coding, Math, Logic)",Poor Time Management / Over-scheduling,Rarely (Passive),Moderate Impact (Occasional disruption),Moderate Risk
STU0393,3/18/2026 15:20,Second Year (SY),BCA,21,Female,7.0 – 8.4,Satisfied,Less than 1 hour,2,Never,1–2 hours,More than 6 hours,Social media,Rarely,Often,Thinking about it,Somewhat clear,"Hard skills (programming, data analytics, technical skills)",4,4,1,Sometimes,6–7 hours,AI / ML,"Yes, currently enrolled in one or more courses/certifications","Not currently, but intend to in the future","Limited knowledge, theoretical only","Rarely participate, mostly observe",Often,76% – 85%,"Management/Execution (Planning, Organizing, Discipline)",Procrastination / Low Motivation,Occasionally (When needed),Moderate Impact (Occasional disruption),High Risk
STU0394,4/2/2026 10:59,Second Year (PG),BSc Computer Science,23,Female,7.0 – 8.4,Unsatisfied,Less than 1 hour,5,Never,1–2 hours,More than 6 hours,Gaming,Sometimes,Always,Planning to start soon,Somewhat clear,"Hard skills (programming, data analytics, technical skills)",4,2,1,Sometimes,,AI / ML,"Yes, currently enrolled in one or more courses/certifications","Not currently, but intend to in the future","Basic knowledge, learning while practicing",Occasionally participate in events,Often,Less than 50%,"Technical/Hard Skills (Coding, Math, Logic)",Procrastination / Low Motivation,Rarely (Passive),Moderate Impact (Occasional disruption),Moderate Risk
STU0395,4/8/2026 15:50,Second Year (SY),BCA,20,Male,7.0 – 8.4,Unsatisfied,Less than 1 hour,2,Never,1–2 hours,More than 6 hours,Video content (YouTube/OTT),Mostly consistent,Often,Thinking about it,Somewhat clear,Both hard and soft skills,3,4,2,Often,6–7 hours,Cyber Security Analyst,"Not currently, but intend to in the future","Yes, actively working on projects/internship","Limited knowledge, theoretical only",Never participate in such events,Often,76% – 85%,"Creative/Design Skills (Innovation, UI/UX, Content)",Procrastination / Low Motivation,Rarely (Passive),No Impact (Fully supportive environment),Moderate Risk
STU0396,3/28/2026 21:22,First Year (PG),BCA,22,Male,8.5 – 9.4,Satisfied,Less than 1 hour,2,Rarely,30–60 minutes,More than 6 hours,Social interactions,Mostly consistent,Always,Thinking about it,Somewhat clear,"Hard skills (programming, data analytics, technical skills)",5,3,3,Often,More than 8 hours,Data Analyst,Planning to enroll soon,"Yes, actively working on projects/internship","Basic knowledge, learning while practicing","Rarely participate, mostly observe",Often,76% – 85%,"Soft Skills (Communication, Leadership, Teamwork)",Procrastination / Low Motivation,Rarely (Passive),Moderate Impact (Occasional disruption),Moderate Risk
STU0397,4/5/2026 10:09,First Year (PG),BCA,25,Female,9.5 – 10.0,Neutral,More than 2 hours,3,Never,30–60 minutes,4–6 hours,Social interactions,Mostly consistent,Sometimes,Thinking about it,Somewhat clear,Both hard and soft skills,4,4,2,Sometimes,6–7 hours,AI / ML,Planning to enroll soon,"Not currently, but intend to in the future","Limited knowledge, theoretical only",Never participate in such events,Often,Less than 50%,"Technical/Hard Skills (Coding, Math, Logic)",Difficulty with Focus / Concentration,Rarely (Passive),Low Impact (Rarely affects study),Moderate Risk
STU0398,4/9/2026 15:10,First Year (PG),BCA,22,Female,7.0 – 8.4,Neutral,1–2 hours,5,Rarely,1–2 hours,2–4 hours,Social media,Sometimes,Always,Planning to start soon,Not clear,"Hard skills (programming, data analytics, technical skills)",3,2,3,Never,6–7 hours,Cyber Security Analyst,"Not currently, but intend to in the future",Planning to start a project/internship soon,"Limited knowledge, theoretical only","Rarely participate, mostly observe",Often,66% – 75%,"Technical/Hard Skills (Coding, Math, Logic)",Lack of Consistency or Determination (Difficulty sticking to a plan),Never (Unaware or Not interested),Low Impact (Rarely affects study),Moderate Risk
STU0399,3/21/2026 7:55,First Year (FY),BCA,18,Male,5.0 – 6.9,Neutral,1–2 hours,2,Few times a week,1–2 hours,4–6 hours,Video content (YouTube/OTT),Sometimes,Sometimes,Thinking about it,Somewhat clear,Both hard and soft skills,2,5,2,Often,6–7 hours,Automation Engineer,"Not currently, but intend to in the future","Not currently, but intend to in the future","Limited knowledge, theoretical only","Rarely participate, mostly observe",Rarely,76% – 85%,"Management/Execution (Planning, Organizing, Discipline)",Procrastination / Low Motivation,Rarely (Passive),Low Impact (Rarely affects study),High Risk
STU0400,3/19/2026 16:21,Final Year,BCA,21,Female,5.0 – 6.9,Unsatisfied,1–2 hours,2,Never,30–60 minutes,More than 6 hours,Video content (YouTube/OTT),Rarely,Rarely,Thinking about it,Very clear,Both hard and soft skills,3,2,3,Always,4–5 hours,Automation Engineer,"No, not interested","Not currently, but intend to in the future","Limited knowledge, theoretical only","Rarely participate, mostly observe",Sometimes,50% – 65%,"Technical/Hard Skills (Coding, Math, Logic)",Poor Time Management / Over-scheduling,Occasionally (When needed),Low Impact (Rarely affects study),High Risk
STU0401,4/11/2026 11:35,Second Year (SY),BCA,19,Female,8.5 – 9.4,Neutral,1–2 hours,3,Never,More than 2 hours,4–6 hours,Social media,Mostly consistent,Sometimes,Planning to start soon,Not clear,"Hard skills (programming, data analytics, technical skills)",1,5,3,Often,6–7 hours,Software Developer,Planning to enroll soon,Planning to start a project/internship soon,"Basic knowledge, learning while practicing","Rarely participate, mostly observe",Often,76% – 85%,"Creative/Design Skills (Innovation, UI/UX, Content)",Difficulty with Focus / Concentration,Rarely (Passive),High Impact (Frequent disruption),Moderate Risk
STU0402,4/14/2026 9:37,Second Year (SY),BSc IT,19,Female,5.0 – 6.9,Neutral,1–2 hours,3,Never,More than 2 hours,More than 6 hours,Gaming,Sometimes,Often,Thinking about it,Somewhat clear,"Soft skills (communication, teamwork, leadership, financial literacy)",2,5,3,Often,More than 8 hours,Data Analyst,"Yes, currently enrolled in one or more courses/certifications","Not currently, but intend to in the future",Strong foundation in core concepts,"Rarely participate, mostly observe",Always,76% – 85%,"Soft Skills (Communication, Leadership, Teamwork)",Poor Time Management / Over-scheduling,Rarely (Passive),Moderate Impact (Occasional disruption),High Risk
STU0403,4/1/2026 6:05,Third Year (TY),BCA,20,Female,8.5 – 9.4,Very satisfied,1–2 hours,3,Rarely,30–60 minutes,More than 6 hours,Social media,Rarely,Rarely,Thinking about it,Very clear,Both hard and soft skills,3,2,,Never,6–7 hours,Cyber Security Analyst,"No, not interested","Yes, actively working on projects/internship","Limited knowledge, theoretical only",Occasionally participate in events,Sometimes,50% – 65%,"Soft Skills (Communication, Leadership, Teamwork)",Procrastination / Low Motivation,Occasionally (When needed),Moderate Impact (Occasional disruption),Moderate Risk
STU0404,4/8/2026 9:29,Third Year (TY),BA,20,Male,5.0 – 6.9,Neutral,1–2 hours,3,Rarely,30–60 minutes,More than 6 hours,Social media,Mostly consistent,Always,Thinking about it,Somewhat clear,"Hard skills (programming, data analytics, technical skills)",4,3,2,Sometimes,6–7 hours,Software Developer,"Not currently, but intend to in the future",Planning to start a project/internship soon,"Basic knowledge, learning while practicing",,Always,66% – 75%,"Soft Skills (Communication, Leadership, Teamwork)",Difficulty with Focus / Concentration,Never (Unaware or Not interested),Low Impact (Rarely affects study),Moderate Risk
STU0405,4/1/2026 8:39,Third Year (TY),BSc Computer Science,22,Female,9.5 – 10.0,Satisfied,Less than 1 hour,5,Rarely,More than 2 hours,More than 6 hours,Gaming,Sometimes,Often,Actively preparing for a goal (placements/exams),Very clear,"Soft skills (communication, teamwork, leadership, financial literacy)",1,4,2,Always,4–5 hours,Software Developer,"Not currently, but intend to in the future",Planning to start a project/internship soon,"Basic knowledge, learning while practicing",Never participate in such events,Sometimes,50% – 65%,"Soft Skills (Communication, Leadership, Teamwork)",Lack of Consistency or Determination (Difficulty sticking to a plan),Never (Unaware or Not interested),No Impact (Fully supportive environment),Moderate Risk
STU0406,4/4/2026 19:11,Second Year (SY),BCA,21,Female,9.5 – 10.0,Satisfied,1–2 hours,4,Few times a week,More than 2 hours,4–6 hours,Other,Mostly consistent,Sometimes,Actively preparing for a goal (placements/exams),Very clear,"Soft skills (communication, teamwork, leadership, financial literacy)",1,4,3,Sometimes,6–7 hours,Data Analyst,"No, not interested",Planning to start a project/internship soon,"Basic knowledge, learning while practicing","Rarely participate, mostly observe",Often,76% – 85%,"Management/Execution (Planning, Organizing, Discipline)",Difficulty with Focus / Concentration,Never (Unaware or Not interested),Moderate Impact (Occasional disruption),Moderate Risk
STU0407,3/26/2026 10:20,Third Year (TY),BSc IT,21,Male,5.0 – 6.9,Neutral,Less than 1 hour,2,Rarely,30–60 minutes,More than 6 hours,Social media,Rarely,Sometimes,Thinking about it,Very clear,"Hard skills (programming, data analytics, technical skills)",4,3,1,Sometimes,6–7 hours,Software Developer,"No, not interested","Not currently, but intend to in the future","Basic knowledge, learning while practicing",Never participate in such events,Rarely,Less than 50%,"Management/Execution (Planning, Organizing, Discipline)",Procrastination / Low Motivation,Occasionally (When needed),Low Impact (Rarely affects study),High Risk
STU0408,4/14/2026 11:43,Final Year,BSc Computer Science,23,Male,7.0 – 8.4,Unsatisfied,1–2 hours,2,Daily,1–2 hours,2–4 hours,Social media,Rarely,Often,Thinking about it,Somewhat clear,"Hard skills (programming, data analytics, technical skills)",3,5,3,Never,More than 8 hours,Automation Engineer,"Yes, currently enrolled in one or more courses/certifications","Not currently, but intend to in the future","Limited knowledge, theoretical only",Occasionally participate in events,Rarely,50% – 65%,"Management/Execution (Planning, Organizing, Discipline)",Poor Time Management / Over-scheduling,Never (Unaware or Not interested),Low Impact (Rarely affects study),High Risk
STU0409,3/21/2026 5:55,Second Year (PG),BCA,23,Female,7.0 – 8.4,Very satisfied,1–2 hours,5,Daily,1–2 hours,2–4 hours,Video content (YouTube/OTT),Sometimes,Often,Thinking about it,Very clear,Both hard and soft skills,4,2,3,Sometimes,More than 8 hours,Software Developer,"No, not interested","Not currently, but intend to in the future","Limited knowledge, theoretical only",Occasionally participate in events,Rarely,50% – 65%,"Technical/Hard Skills (Coding, Math, Logic)",Procrastination / Low Motivation,Occasionally (When needed),Low Impact (Rarely affects study),Moderate Risk
STU0410,4/2/2026 11:26,First Year (FY),BCA,18,Female,7.0 – 8.4,Neutral,1–2 hours,4,Rarely,More than 2 hours,More than 6 hours,Social interactions,Sometimes,Sometimes,Thinking about it,Somewhat clear,Both hard and soft skills,5,2,3,Sometimes,6–7 hours,AI / ML,"Not currently, but intend to in the future",Planning to start a project/internship soon,"Basic knowledge, learning while practicing",Never participate in such events,Sometimes,76% – 85%,"Technical/Hard Skills (Coding, Math, Logic)",Procrastination / Low Motivation,Never (Unaware or Not interested),Low Impact (Rarely affects study),Moderate Risk
STU0411,4/8/2026 13:18,Third Year (TY),BCA,20,Female,8.5 – 9.4,Satisfied,More than 2 hours,3,Few times a week,More than 2 hours,More than 6 hours,Social interactions,Mostly consistent,Always,Actively preparing for a goal (placements/exams),Somewhat clear,"Hard skills (programming, data analytics, technical skills)",4,2,1,Sometimes,6–7 hours,Other,"Not currently, but intend to in the future",Planning to start a project/internship soon,"Basic knowledge, learning while practicing","Rarely participate, mostly observe",Sometimes,50% – 65%,"Management/Execution (Planning, Organizing, Discipline)",Lack of Consistency or Determination (Difficulty sticking to a plan),Occasionally (When needed),No Impact (Fully supportive environment),Moderate Risk
STU0412,4/2/2026 10:20,Second Year (SY),BCA,19,Male,7.0 – 8.4,Unsatisfied,1–2 hours,3,Rarely,More than 2 hours,More than 6 hours,Social media,Rarely,Sometimes,Thinking about it,Somewhat clear,Both hard and soft skills,3,3,3,Sometimes,6–7 hours,Automation Engineer,"Yes, currently enrolled in one or more courses/certifications","Yes, actively working on projects/internship","Limited knowledge, theoretical only",Occasionally participate in events,Rarely,50% – 65%,"Soft Skills (Communication, Leadership, Teamwork)",Poor Time Management / Over-scheduling,,Moderate Impact (Occasional disruption),High Risk
STU0413,3/19/2026 8:49,Third Year (TY),BCA,21,Female,9.5 – 10.0,Unsatisfied,Less than 1 hour,4,Never,More than 2 hours,4–6 hours,Gaming,Rarely,Rarely,Actively preparing for a goal (placements/exams),Very clear,Both hard and soft skills,4,2,1,Never,6–7 hours,Data Analyst,Planning to enroll soon,"Yes, actively working on projects/internship","Basic knowledge, learning while practicing",Occasionally participate in events,Always,66% – 75%,"Soft Skills (Communication, Leadership, Teamwork)",Poor Time Management / Over-scheduling,Rarely (Passive),No Impact (Fully supportive environment),Moderate Risk
STU0414,4/13/2026 10:46,First Year (FY),BCA,18,Male,8.5 – 9.4,Neutral,1–2 hours,3,Rarely,More than 2 hours,4–6 hours,Video content (YouTube/OTT),Mostly consistent,Often,Planning to start soon,Somewhat clear,"Hard skills (programming, data analytics, technical skills)",1,3,,Always,4–5 hours,AI / ML,"No, not interested","Not currently, but intend to in the future",Strong foundation in core concepts,Never participate in such events,Often,50% – 65%,"Soft Skills (Communication, Leadership, Teamwork)",Poor Time Management / Over-scheduling,Never (Unaware or Not interested),High Impact (Frequent disruption),Moderate Risk
STU0415,3/22/2026 12:33,Second Year (SY),BCA,20,Male,7.0 – 8.4,Neutral,1–2 hours,3,Few times a week,1–2 hours,More than 6 hours,Social media,Mostly consistent,Often,Thinking about it,Not clear,Both hard and soft skills,2,4,3,Always,4–5 hours,Data Analyst,Planning to enroll soon,"Not currently, but intend to in the future","Limited knowledge, theoretical only",Never participate in such events,Often,50% – 65%,"Soft Skills (Communication, Leadership, Teamwork)",Poor Time Management / Over-scheduling,Occasionally (When needed),Low Impact (Rarely affects study),High Risk
STU0416,4/11/2026 6:45,Second Year (SY),BSc Cyber Security,20,Male,8.5 – 9.4,Unsatisfied,1–2 hours,3,Daily,More than 2 hours,4–6 hours,Social media,Sometimes,Often,Actively preparing for a goal (placements/exams),Somewhat clear,"Soft skills (communication, teamwork, leadership, financial literacy)",3,3,3,Sometimes,6–7 hours,Cyber Security Analyst,Planning to enroll soon,"Yes, actively working on projects/internship","Basic knowledge, learning while practicing",Occasionally participate in events,Sometimes,50% – 65%,"Technical/Hard Skills (Coding, Math, Logic)",Poor Time Management / Over-scheduling,Occasionally (When needed),Moderate Impact (Occasional disruption),Moderate Risk
STU0417,3/28/2026 15:57,Third Year (TY),BBA,22,Male,8.5 – 9.4,Unsatisfied,More than 2 hours,3,Rarely,30–60 minutes,More than 6 hours,Video content (YouTube/OTT),Sometimes,Sometimes,Planning to start soon,Somewhat clear,Both hard and soft skills,2,4,2,Often,More than 8 hours,Other,"No, not interested",Planning to start a project/internship soon,"Basic knowledge, learning while practicing",Occasionally participate in events,Sometimes,50% – 65%,"Soft Skills (Communication, Leadership, Teamwork)",Procrastination / Low Motivation,Occasionally (When needed),Low Impact (Rarely affects study),High Risk
STU0418,3/23/2026 22:58,Final Year,BCA,22,Male,7.0 – 8.4,Satisfied,1–2 hours,4,Rarely,More than 2 hours,4–6 hours,Other,Mostly consistent,Often,Planning to start soon,Somewhat clear,"Hard skills (programming, data analytics, technical skills)",3,2,2,Sometimes,6–7 hours,Software Developer,"Not currently, but intend to in the future","Not currently, but intend to in the future","Basic knowledge, learning while practicing","Rarely participate, mostly observe",Often,66% – 75%,"Technical/Hard Skills (Coding, Math, Logic)",Difficulty with Focus / Concentration,Occasionally (When needed),Low Impact (Rarely affects study),Moderate Risk
STU0419,3/15/2026 21:14,First Year (FY),BCA,17,Male,9.5 – 10.0,Satisfied,More than 2 hours,5,Rarely,1–2 hours,4–6 hours,Social interactions,Rarely,Sometimes,Planning to start soon,Very clear,"Soft skills (communication, teamwork, leadership, financial literacy)",2,4,2,Always,6–7 hours,AI / ML,"No, not interested","Not currently, but intend to in the future","Basic knowledge, learning while practicing",,Rarely,Above 85%,"Management/Execution (Planning, Organizing, Discipline)",Procrastination / Low Motivation,Occasionally (When needed),Low Impact (Rarely affects study),Moderate Risk
STU0420,4/3/2026 10:04,Second Year (SY),BCA,21,Female,5.0 – 6.9,Unsatisfied,1–2 hours,3,Few times a week,30–60 minutes,2–4 hours,Video content (YouTube/OTT),Sometimes,Sometimes,Actively preparing for a goal (placements/exams),Very clear,Both hard and soft skills,2,3,3,Often,More than 8 hours,Data Analyst,Planning to enroll soon,"Not currently, but intend to in the future",,"Rarely participate, mostly observe",Rarely,Less than 50%,"Technical/Hard Skills (Coding, Math, Logic)",Procrastination / Low Motivation,Never (Unaware or Not interested),No Impact (Fully supportive environment),High Risk
STU0421,4/12/2026 8:29,Third Year (TY),BCA,22,Male,5.0 – 6.9,Very unsatisfied,1–2 hours,2,Rarely,30–60 minutes,4–6 hours,Video content (YouTube/OTT),Mostly consistent,Sometimes,Actively preparing for a goal (placements/exams),Not clear,"Hard skills (programming, data analytics, technical skills)",1,5,2,Sometimes,4–5 hours,Other,"No, not interested","Not currently, but intend to in the future",Strong foundation in core concepts,Occasionally participate in events,Always,66% – 75%,"Management/Execution (Planning, Organizing, Discipline)",Lack of Consistency or Determination (Difficulty sticking to a plan),Occasionally (When needed),High Impact (Frequent disruption),High Risk
STU0422,3/20/2026 9:48,Second Year (SY),BCA,21,Female,7.0 – 8.4,Neutral,Less than 1 hour,5,Rarely,More than 2 hours,More than 6 hours,Gaming,Sometimes,Often,Actively preparing for a goal (placements/exams),Very clear,"Hard skills (programming, data analytics, technical skills)",4,3,3,Sometimes,More than 8 hours,Digital Marketing Specialist,"Not currently, but intend to in the future","Not currently, but intend to in the future","Basic knowledge, learning while practicing","Rarely participate, mostly observe",Often,Less than 50%,"Technical/Hard Skills (Coding, Math, Logic)",Lack of Consistency or Determination (Difficulty sticking to a plan),Occasionally (When needed),High Impact (Frequent disruption),High Risk
STU0423,3/25/2026 8:26,Second Year (SY),BSc IT,19,Female,8.5 – 9.4,Satisfied,More than 2 hours,3,Few times a week,30–60 minutes,More than 6 hours,Social media,Sometimes,Sometimes,Thinking about it,Not clear,Both hard and soft skills,4,3,1,Often,6–7 hours,AI / ML,"Not currently, but intend to in the future","Not currently, but intend to in the future","Limited knowledge, theoretical only","Rarely participate, mostly observe",Sometimes,76% – 85%,"Management/Execution (Planning, Organizing, Discipline)",Procrastination / Low Motivation,Occasionally (When needed),Moderate Impact (Occasional disruption),Moderate Risk
STU0424,3/18/2026 15:04,Second Year (SY),BA,19,Male,7.0 – 8.4,Neutral,Less than 1 hour,3,Never,30–60 minutes,4–6 hours,Other,Sometimes,Often,Planning to start soon,Somewhat clear,"Soft skills (communication, teamwork, leadership, financial literacy)",4,3,1,Sometimes,More than 8 hours,Automation Engineer,"No, not interested",Planning to start a project/internship soon,"Basic knowledge, learning while practicing",,Sometimes,Less than 50%,"Management/Execution (Planning, Organizing, Discipline)",Poor Time Management / Over-scheduling,Never (Unaware or Not interested),High Impact (Frequent disruption),High Risk
STU0425,4/6/2026 9:54,Third Year (TY),BCA,20,Female,7.0 – 8.4,Neutral,Less than 1 hour,2,Never,30–60 minutes,More than 6 hours,Social interactions,Rarely,Sometimes,Actively preparing for a goal (placements/exams),Not clear,Both hard and soft skills,4,3,2,Often,,AI / ML,Planning to enroll soon,Planning to start a project/internship soon,"Limited knowledge, theoretical only",Occasionally participate in events,Often,50% – 65%,"Technical/Hard Skills (Coding, Math, Logic)",Poor Time Management / Over-scheduling,,Moderate Impact (Occasional disruption),High Risk
STU0426,3/16/2026 6:37,Second Year (SY),BSc Computer Science,20,Male,7.0 – 8.4,Neutral,Less than 1 hour,2,Daily,1–2 hours,4–6 hours,Social media,Mostly consistent,Often,Planning to start soon,Very clear,"Soft skills (communication, teamwork, leadership, financial literacy)",5,3,1,Never,6–7 hours,Data Analyst,"Not currently, but intend to in the future",Planning to start a project/internship soon,"Basic knowledge, learning while practicing",Never participate in such events,Sometimes,Less than 50%,"Technical/Hard Skills (Coding, Math, Logic)",Procrastination / Low Motivation,Rarely (Passive),High Impact (Frequent disruption),Moderate Risk
STU0427,4/14/2026 19:17,Second Year (SY),BCA,21,Male,7.0 – 8.4,Very satisfied,More than 2 hours,2,Rarely,1–2 hours,More than 6 hours,Social media,Rarely,Sometimes,Planning to start soon,Somewhat clear,"Soft skills (communication, teamwork, leadership, financial literacy)",4,2,1,Sometimes,6–7 hours,Automation Engineer,,Planning to start a project/internship soon,"Basic knowledge, learning while practicing",Occasionally participate in events,Sometimes,50% – 65%,"Management/Execution (Planning, Organizing, Discipline)",Poor Time Management / Over-scheduling,Rarely (Passive),Moderate Impact (Occasional disruption),High Risk
STU0428,3/15/2026 12:34,First Year (FY),BCom,19,Other,5.0 – 6.9,Neutral,Less than 1 hour,3,Rarely,More than 2 hours,More than 6 hours,Gaming,Sometimes,Often,Planning to start soon,Somewhat clear,Both hard and soft skills,4,3,3,Often,6–7 hours,Digital Marketing Specialist,"Not currently, but intend to in the future",Planning to start a project/internship soon,"Basic knowledge, learning while practicing",Occasionally participate in events,Often,66% – 75%,"Management/Execution (Planning, Organizing, Discipline)",Difficulty with Focus / Concentration,Occasionally (When needed),Low Impact (Rarely affects study),High Risk
STU0429,4/8/2026 7:07,Final Year,BCA,22,Female,8.5 – 9.4,Satisfied,More than 2 hours,3,Rarely,More than 2 hours,More than 6 hours,Social media,Rarely,Rarely,Planning to start soon,Very clear,Both hard and soft skills,4,3,1,Always,6–7 hours,Digital Marketing Specialist,"No, not interested",Planning to start a project/internship soon,"Limited knowledge, theoretical only",Occasionally participate in events,Often,Above 85%,"Technical/Hard Skills (Coding, Math, Logic)",Lack of Consistency or Determination (Difficulty sticking to a plan),Rarely (Passive),No Impact (Fully supportive environment),Moderate Risk
STU0430,3/22/2026 16:28,First Year (FY),BSc Computer Science,19,Male,9.5 – 10.0,Satisfied,1–2 hours,1,Few times a week,1–2 hours,More than 6 hours,Gaming,Sometimes,Rarely,Planning to start soon,Somewhat clear,Both hard and soft skills,4,2,2,Never,More than 8 hours,Data Analyst,,Planning to start a project/internship soon,"Limited knowledge, theoretical only","Rarely participate, mostly observe",Rarely,76% – 85%,"Creative/Design Skills (Innovation, UI/UX, Content)",Procrastination / Low Motivation,Occasionally (When needed),High Impact (Frequent disruption),Low Risk
STU0431,3/17/2026 21:43,Second Year (PG),BSc Cyber Security,23,Male,7.0 – 8.4,Neutral,Less than 1 hour,5,Few times a week,More than 2 hours,2–4 hours,Social interactions,Mostly consistent,Sometimes,Actively preparing for a goal (placements/exams),Somewhat clear,"Hard skills (programming, data analytics, technical skills)",4,1,2,Always,6–7 hours,Software Developer,"Not currently, but intend to in the future","Yes, actively working on projects/internship","Basic knowledge, learning while practicing",Occasionally participate in events,Often,50% – 65%,"Technical/Hard Skills (Coding, Math, Logic)",Poor Time Management / Over-scheduling,Occasionally (When needed),High Impact (Frequent disruption),Moderate Risk
STU0432,3/30/2026 8:46,Second Year (SY),BCA,20,Male,5.0 – 6.9,Very unsatisfied,1–2 hours,3,Never,1–2 hours,More than 6 hours,Social media,Sometimes,Often,Actively preparing for a goal (placements/exams),Very clear,Both hard and soft skills,4,3,3,Often,More than 8 hours,Other,"Yes, currently enrolled in one or more courses/certifications",Planning to start a project/internship soon,"Basic knowledge, learning while practicing",Occasionally participate in events,Sometimes,76% – 85%,"Technical/Hard Skills (Coding, Math, Logic)",Poor Time Management / Over-scheduling,Rarely (Passive),Low Impact (Rarely affects study),High Risk
STU0433,3/23/2026 9:07,Third Year (TY),BSc IT,21,Female,9.5 – 10.0,Unsatisfied,1–2 hours,4,Few times a week,More than 2 hours,2–4 hours,Other,Sometimes,Often,Thinking about it,Somewhat clear,"Hard skills (programming, data analytics, technical skills)",2,5,1,Often,6–7 hours,Data Analyst,"Not currently, but intend to in the future",Planning to start a project/internship soon,"Basic knowledge, learning while practicing","Rarely participate, mostly observe",Often,50% – 65%,"Technical/Hard Skills (Coding, Math, Logic)",Procrastination / Low Motivation,Never (Unaware or Not interested),Low Impact (Rarely affects study),High Risk
STU0434,4/5/2026 13:04,Second Year (SY),BCA,21,Male,5.0 – 6.9,Neutral,Less than 1 hour,1,Rarely,More than 2 hours,4–6 hours,Video content (YouTube/OTT),Mostly consistent,Always,Planning to start soon,Very clear,"Hard skills (programming, data analytics, technical skills)",3,2,2,Never,6–7 hours,Automation Engineer,Planning to enroll soon,Planning to start a project/internship soon,"Basic knowledge, learning while practicing",,Often,Above 85%,"Technical/Hard Skills (Coding, Math, Logic)",Procrastination / Low Motivation,Never (Unaware or Not interested),No Impact (Fully supportive environment),Moderate Risk
STU0435,3/29/2026 18:24,Third Year (TY),BCA,21,Male,7.0 – 8.4,Satisfied,1–2 hours,3,Rarely,More than 2 hours,4–6 hours,Video content (YouTube/OTT),Sometimes,Often,Planning to start soon,Somewhat clear,Both hard and soft skills,1,4,2,Always,6–7 hours,Other,Planning to enroll soon,Planning to start a project/internship soon,"Limited knowledge, theoretical only",Occasionally participate in events,Sometimes,Above 85%,"Creative/Design Skills (Innovation, UI/UX, Content)",Procrastination / Low Motivation,Occasionally (When needed),Moderate Impact (Occasional disruption),Moderate Risk
STU0436,4/5/2026 16:31,First Year (PG),BCA,25,Female,8.5 – 9.4,Neutral,1–2 hours,1,Daily,30–60 minutes,4–6 hours,Social interactions,Mostly consistent,Always,Planning to start soon,Somewhat clear,Both hard and soft skills,4,2,3,Sometimes,4–5 hours,Cyber Security Analyst,"No, not interested",Planning to start a project/internship soon,"Limited knowledge, theoretical only",,Always,Above 85%,"Soft Skills (Communication, Leadership, Teamwork)",Procrastination / Low Motivation,Occasionally (When needed),Low Impact (Rarely affects study),Low Risk
STU0437,4/9/2026 8:22,Third Year (TY),BCA,22,Male,5.0 – 6.9,Unsatisfied,1–2 hours,2,Few times a week,30–60 minutes,More than 6 hours,Video content (YouTube/OTT),Rarely,Often,Actively preparing for a goal (placements/exams),Somewhat clear,Both hard and soft skills,3,2,1,Sometimes,6–7 hours,Software Developer,"Yes, currently enrolled in one or more courses/certifications",Planning to start a project/internship soon,"Limited knowledge, theoretical only",Never participate in such events,Always,76% – 85%,"Management/Execution (Planning, Organizing, Discipline)",Lack of Consistency or Determination (Difficulty sticking to a plan),Never (Unaware or Not interested),Moderate Impact (Occasional disruption),High Risk
STU0438,3/24/2026 7:55,Second Year (SY),BSc Computer Science,19,Male,7.0 – 8.4,Neutral,More than 2 hours,1,,1–2 hours,More than 6 hours,Other,Sometimes,Sometimes,Thinking about it,Somewhat clear,Both hard and soft skills,5,2,2,Sometimes,More than 8 hours,AI / ML,Planning to enroll soon,"Yes, actively working on projects/internship","Limited knowledge, theoretical only",Occasionally participate in events,Sometimes,Above 85%,"Soft Skills (Communication, Leadership, Teamwork)",Procrastination / Low Motivation,Occasionally (When needed),No Impact (Fully supportive environment),Moderate Risk
STU0439,3/18/2026 7:36,First Year (FY),BCA,18,Male,7.0 – 8.4,Unsatisfied,Less than 1 hour,4,Rarely,1–2 hours,More than 6 hours,Social media,Rarely,Often,Planning to start soon,Very clear,Both hard and soft skills,3,3,3,Often,6–7 hours,Software Developer,Planning to enroll soon,"Not currently, but intend to in the future","Basic knowledge, learning while practicing",Occasionally participate in events,Always,Less than 50%,"Management/Execution (Planning, Organizing, Discipline)",Procrastination / Low Motivation,Never (Unaware or Not interested),Low Impact (Rarely affects study),High Risk
STU0440,3/21/2026 10:34,Second Year (SY),BCA,20,Male,8.5 – 9.4,Very satisfied,Less than 1 hour,1,Rarely,1–2 hours,More than 6 hours,Social media,Mostly consistent,Always,Planning to start soon,Somewhat clear,"Soft skills (communication, teamwork, leadership, financial literacy)",1,3,2,Sometimes,4–5 hours,AI / ML,Planning to enroll soon,"Yes, actively working on projects/internship","Basic knowledge, learning while practicing",Never participate in such events,Rarely,76% – 85%,"Soft Skills (Communication, Leadership, Teamwork)",Poor Time Management / Over-scheduling,Rarely (Passive),Low Impact (Rarely affects study),Moderate Risk
STU0441,4/9/2026 18:22,Second Year (SY),BSc Cyber Security,19,Male,9.5 – 10.0,Neutral,More than 2 hours,4,Few times a week,More than 2 hours,More than 6 hours,Other,Sometimes,Often,Thinking about it,Very clear,"Hard skills (programming, data analytics, technical skills)",5,1,3,Sometimes,6–7 hours,AI / ML,Planning to enroll soon,Planning to start a project/internship soon,"Basic knowledge, learning while practicing",Never participate in such events,Always,66% – 75%,"Technical/Hard Skills (Coding, Math, Logic)",Difficulty with Focus / Concentration,,Low Impact (Rarely affects study),Low Risk
STU0442,3/20/2026 1:55,Third Year (TY),BBA,22,Male,7.0 – 8.4,Very unsatisfied,1–2 hours,3,Rarely,More than 2 hours,More than 6 hours,Social interactions,Sometimes,Often,Planning to start soon,Somewhat clear,Both hard and soft skills,3,2,3,Never,6–7 hours,Software Developer,"Not currently, but intend to in the future","Yes, actively working on projects/internship","Limited knowledge, theoretical only",Occasionally participate in events,Sometimes,50% – 65%,"Technical/Hard Skills (Coding, Math, Logic)",Lack of Consistency or Determination (Difficulty sticking to a plan),Occasionally (When needed),Moderate Impact (Occasional disruption),Moderate Risk
STU0443,3/19/2026 10:29,Third Year (TY),BCA,20,Female,8.5 – 9.4,Neutral,Less than 1 hour,3,Never,30–60 minutes,More than 6 hours,Gaming,Sometimes,Often,Planning to start soon,Somewhat clear,"Hard skills (programming, data analytics, technical skills)",3,3,3,Sometimes,6–7 hours,Data Analyst,"Not currently, but intend to in the future","Not currently, but intend to in the future","Limited knowledge, theoretical only",Occasionally participate in events,Rarely,66% – 75%,"Creative/Design Skills (Innovation, UI/UX, Content)",Lack of Consistency or Determination (Difficulty sticking to a plan),Rarely (Passive),Low Impact (Rarely affects study),Moderate Risk
STU0444,3/22/2026 16:25,First Year (PG),BCom,22,Female,9.5 – 10.0,Very satisfied,Less than 1 hour,1,,30–60 minutes,More than 6 hours,Gaming,Sometimes,Often,Thinking about it,Somewhat clear,Both hard and soft skills,3,4,3,Always,4–5 hours,Cyber Security Analyst,"Not currently, but intend to in the future","Yes, actively working on projects/internship","Basic knowledge, learning while practicing",,Sometimes,Above 85%,"Technical/Hard Skills (Coding, Math, Logic)",Poor Time Management / Over-scheduling,Rarely (Passive),Moderate Impact (Occasional disruption),Moderate Risk
STU0445,3/20/2026 22:35,Second Year (SY),BSc Computer Science,21,Male,5.0 – 6.9,Neutral,1–2 hours,1,Never,30–60 minutes,,Video content (YouTube/OTT),Sometimes,Sometimes,Actively preparing for a goal (placements/exams),Very clear,Both hard and soft skills,4,3,3,Always,More than 8 hours,AI / ML,"Yes, currently enrolled in one or more courses/certifications","Not currently, but intend to in the future","Basic knowledge, learning while practicing",Never participate in such events,Sometimes,Less than 50%,"Technical/Hard Skills (Coding, Math, Logic)",Procrastination / Low Motivation,Occasionally (When needed),Moderate Impact (Occasional disruption),High Risk
STU0446,4/7/2026 15:53,Second Year (PG),BCA,24,Male,7.0 – 8.4,Neutral,1–2 hours,1,Never,30–60 minutes,4–6 hours,Video content (YouTube/OTT),Rarely,Often,Actively preparing for a goal (placements/exams),Very clear,Both hard and soft skills,3,2,3,Often,6–7 hours,Software Developer,Planning to enroll soon,"Not currently, but intend to in the future","Basic knowledge, learning while practicing",Occasionally participate in events,Often,66% – 75%,"Management/Execution (Planning, Organizing, Discipline)",Procrastination / Low Motivation,Never (Unaware or Not interested),Moderate Impact (Occasional disruption),Moderate Risk
STU0447,4/2/2026 17:53,First Year (PG),BA,25,Male,9.5 – 10.0,Very satisfied,Less than 1 hour,2,Few times a week,1–2 hours,More than 6 hours,Video content (YouTube/OTT),Sometimes,Always,Thinking about it,Very clear,"Soft skills (communication, teamwork, leadership, financial literacy)",3,2,1,Sometimes,6–7 hours,Data Analyst,"Yes, currently enrolled in one or more courses/certifications",Planning to start a project/internship soon,"Limited knowledge, theoretical only","Rarely participate, mostly observe",Always,76% – 85%,"Creative/Design Skills (Innovation, UI/UX, Content)",Poor Time Management / Over-scheduling,Rarely (Passive),Moderate Impact (Occasional disruption),Low Risk
STU0448,3/28/2026 7:34,First Year (PG),BSc IT,25,Male,8.5 – 9.4,Very satisfied,1–2 hours,1,Few times a week,1–2 hours,More than 6 hours,Social media,Mostly consistent,Always,Thinking about it,Somewhat clear,"Hard skills (programming, data analytics, technical skills)",3,4,1,Sometimes,,Data Analyst,Planning to enroll soon,"Yes, actively working on projects/internship","Basic knowledge, learning while practicing","Rarely participate, mostly observe",Often,Above 85%,"Creative/Design Skills (Innovation, UI/UX, Content)",Procrastination / Low Motivation,Occasionally (When needed),High Impact (Frequent disruption),Moderate Risk
STU0449,4/13/2026 7:44,First Year (FY),BCA,19,Female,8.5 – 9.4,Very unsatisfied,More than 2 hours,3,Few times a week,30–60 minutes,4–6 hours,Social media,Sometimes,Rarely,Thinking about it,Somewhat clear,Both hard and soft skills,5,2,3,Sometimes,6–7 hours,AI / ML,"Yes, currently enrolled in one or more courses/certifications","Not currently, but intend to in the future",Strong foundation in core concepts,Occasionally participate in events,Rarely,76% – 85%,"Technical/Hard Skills (Coding, Math, Logic)",Difficulty with Focus / Concentration,Occasionally (When needed),Moderate Impact (Occasional disruption),Moderate Risk
STU0450,3/24/2026 9:16,Second Year (SY),BCA,19,Male,9.5 – 10.0,Satisfied,More than 2 hours,5,Daily,More than 2 hours,More than 6 hours,Social interactions,Rarely,Sometimes,Actively preparing for a goal (placements/exams),Very clear,Both hard and soft skills,5,3,2,Sometimes,More than 8 hours,Software Developer,"No, not interested","Not currently, but intend to in the future","Limited knowledge, theoretical only","Rarely participate, mostly observe",Rarely,Above 85%,"Soft Skills (Communication, Leadership, Teamwork)",Procrastination / Low Motivation,Occasionally (When needed),High Impact (Frequent disruption),Moderate Risk
STU0451,3/30/2026 18:31,First Year (PG),BSc Computer Science,25,Male,7.0 – 8.4,Very satisfied,1–2 hours,1,Rarely,1–2 hours,More than 6 hours,Other,Rarely,Often,Thinking about it,Not clear,"Soft skills (communication, teamwork, leadership, financial literacy)",3,3,1,Never,4–5 hours,Digital Marketing Specialist,"No, not interested",Planning to start a project/internship soon,"Limited knowledge, theoretical only",Never participate in such events,Often,50% – 65%,"Soft Skills (Communication, Leadership, Teamwork)",Poor Time Management / Over-scheduling,Rarely (Passive),Moderate Impact (Occasional disruption),High Risk
STU0452,3/16/2026 22:48,First Year (FY),BBA,19,Male,8.5 – 9.4,Very satisfied,1–2 hours,4,Few times a week,30–60 minutes,4–6 hours,Social media,Mostly consistent,Always,Thinking about it,Very clear,Both hard and soft skills,4,2,3,Sometimes,6–7 hours,Cyber Security Analyst,Planning to enroll soon,"Yes, actively working on projects/internship","Limited knowledge, theoretical only","Rarely participate, mostly observe",Often,Above 85%,"Soft Skills (Communication, Leadership, Teamwork)",Difficulty with Focus / Concentration,Never (Unaware or Not interested),High Impact (Frequent disruption),Low Risk
STU0453,4/3/2026 8:54,Second Year (SY),BBA,21,Male,7.0 – 8.4,Satisfied,Less than 1 hour,3,Few times a week,More than 2 hours,More than 6 hours,Social media,Rarely,Always,Planning to start soon,Somewhat clear,Both hard and soft skills,2,5,3,Sometimes,6–7 hours,Other,Planning to enroll soon,Planning to start a project/internship soon,Strong foundation in core concepts,Never participate in such events,Sometimes,50% – 65%,"Technical/Hard Skills (Coding, Math, Logic)",Poor Time Management / Over-scheduling,Occasionally (When needed),Moderate Impact (Occasional disruption),High Risk
STU0454,4/12/2026 7:53,Second Year (SY),BCA,21,Female,7.0 – 8.4,Satisfied,1–2 hours,3,Never,30–60 minutes,More than 6 hours,Gaming,Sometimes,Sometimes,Planning to start soon,Somewhat clear,Both hard and soft skills,2,4,1,Often,More than 8 hours,Software Developer,Planning to enroll soon,"Not currently, but intend to in the future","Limited knowledge, theoretical only",Never participate in such events,Often,Less than 50%,"Technical/Hard Skills (Coding, Math, Logic)",Difficulty with Focus / Concentration,Occasionally (When needed),Moderate Impact (Occasional disruption),High Risk
STU0455,4/14/2026 11:05,Second Year (PG),BCA,25,Female,9.5 – 10.0,Neutral,1–2 hours,3,Rarely,,4–6 hours,Social interactions,Sometimes,Sometimes,Actively preparing for a goal (placements/exams),Somewhat clear,"Soft skills (communication, teamwork, leadership, financial literacy)",3,4,2,Often,More than 8 hours,Data Analyst,Planning to enroll soon,Planning to start a project/internship soon,"Basic knowledge, learning while practicing",Occasionally participate in events,Sometimes,76% – 85%,"Soft Skills (Communication, Leadership, Teamwork)",Poor Time Management / Over-scheduling,Rarely (Passive),Moderate Impact (Occasional disruption),Moderate Risk
STU0456,3/30/2026 10:47,First Year (FY),BSc IT,18,Female,7.0 – 8.4,Neutral,1–2 hours,3,Rarely,30–60 minutes,More than 6 hours,Social media,Sometimes,Often,Planning to start soon,Not clear,Both hard and soft skills,5,2,2,Always,More than 8 hours,Digital Marketing Specialist,"No, not interested",Planning to start a project/internship soon,"Basic knowledge, learning while practicing",Never participate in such events,Sometimes,Less than 50%,"Technical/Hard Skills (Coding, Math, Logic)",Difficulty with Focus / Concentration,Occasionally (When needed),Moderate Impact (Occasional disruption),Moderate Risk
STU0457,4/2/2026 11:23,Final Year,BCA,23,Other,5.0 – 6.9,Unsatisfied,Less than 1 hour,3,Daily,More than 2 hours,More than 6 hours,Gaming,Mostly consistent,Always,Actively preparing for a goal (placements/exams),Somewhat clear,Both hard and soft skills,2,2,2,Always,6–7 hours,Software Developer,"Not currently, but intend to in the future","Not currently, but intend to in the future","Limited knowledge, theoretical only",Never participate in such events,Often,76% – 85%,"Creative/Design Skills (Innovation, UI/UX, Content)",Poor Time Management / Over-scheduling,Rarely (Passive),High Impact (Frequent disruption),Moderate Risk
STU0458,3/22/2026 9:59,Second Year (SY),BSc IT,20,Male,9.5 – 10.0,Satisfied,1–2 hours,4,Rarely,1–2 hours,4–6 hours,Social media,Mostly consistent,Sometimes,Actively preparing for a goal (placements/exams),Very clear,"Hard skills (programming, data analytics, technical skills)",3,2,2,Sometimes,6–7 hours,Software Developer,"Not currently, but intend to in the future",Planning to start a project/internship soon,"Limited knowledge, theoretical only",Never participate in such events,Often,Above 85%,"Technical/Hard Skills (Coding, Math, Logic)",Lack of Consistency or Determination (Difficulty sticking to a plan),Rarely (Passive),High Impact (Frequent disruption),Low Risk
STU0459,3/16/2026 12:35,Second Year (SY),BCA,21,Male,8.5 – 9.4,Satisfied,More than 2 hours,4,Few times a week,1–2 hours,More than 6 hours,Social interactions,Mostly consistent,Often,Planning to start soon,Not clear,"Soft skills (communication, teamwork, leadership, financial literacy)",3,4,2,Often,4–5 hours,Software Developer,"Yes, currently enrolled in one or more courses/certifications","Not currently, but intend to in the future","Basic knowledge, learning while practicing",Occasionally participate in events,Sometimes,Above 85%,"Soft Skills (Communication, Leadership, Teamwork)",Lack of Consistency or Determination (Difficulty sticking to a plan),Rarely (Passive),No Impact (Fully supportive environment),Moderate Risk
STU0460,4/7/2026 15:17,First Year (FY),BSc Cyber Security,18,Male,7.0 – 8.4,Unsatisfied,More than 2 hours,2,Daily,30–60 minutes,More than 6 hours,Video content (YouTube/OTT),Rarely,Sometimes,Thinking about it,Somewhat clear,"Hard skills (programming, data analytics, technical skills)",5,1,2,Sometimes,6–7 hours,Other,"Not currently, but intend to in the future",Planning to start a project/internship soon,"Basic knowledge, learning while practicing",Occasionally participate in events,Rarely,66% – 75%,"Technical/Hard Skills (Coding, Math, Logic)",Poor Time Management / Over-scheduling,Occasionally (When needed),Moderate Impact (Occasional disruption),Moderate Risk
STU0461,4/4/2026 8:42,Second Year (PG),BCom,26,Male,7.0 – 8.4,Neutral,Less than 1 hour,2,Never,More than 2 hours,More than 6 hours,Video content (YouTube/OTT),Sometimes,Always,Actively preparing for a goal (placements/exams),Very clear,"Hard skills (programming, data analytics, technical skills)",4,3,1,Never,6–7 hours,Other,"No, not interested",Planning to start a project/internship soon,Strong foundation in core concepts,"Rarely participate, mostly observe",Often,66% – 75%,"Technical/Hard Skills (Coding, Math, Logic)",Difficulty with Focus / Concentration,Rarely (Passive),Moderate Impact (Occasional disruption),Moderate Risk
STU0462,3/18/2026 7:31,Second Year (PG),BCA,24,Male,7.0 – 8.4,Neutral,Less than 1 hour,3,Rarely,1–2 hours,More than 6 hours,Social media,Sometimes,Often,Thinking about it,Somewhat clear,Both hard and soft skills,3,5,2,Never,6–7 hours,Software Developer,"No, not interested",Planning to start a project/internship soon,"Limited knowledge, theoretical only",Never participate in such events,Often,50% – 65%,"Technical/Hard Skills (Coding, Math, Logic)",Difficulty with Focus / Concentration,Never (Unaware or Not interested),High Impact (Frequent disruption),High Risk
STU0463,4/13/2026 21:26,First Year (PG),BCA,22,Male,8.5 – 9.4,Neutral,1–2 hours,1,Few times a week,1–2 hours,4–6 hours,Video content (YouTube/OTT),Mostly consistent,Sometimes,Actively preparing for a goal (placements/exams),Somewhat clear,"Hard skills (programming, data analytics, technical skills)",4,5,3,Always,6–7 hours,AI / ML,"Yes, currently enrolled in one or more courses/certifications",Planning to start a project/internship soon,"Basic knowledge, learning while practicing",Never participate in such events,Always,Above 85%,"Technical/Hard Skills (Coding, Math, Logic)",Difficulty with Focus / Concentration,,Low Impact (Rarely affects study),Moderate Risk
STU0464,4/5/2026 13:45,Second Year (SY),BCA,20,Male,5.0 – 6.9,Unsatisfied,Less than 1 hour,1,Rarely,30–60 minutes,,Social media,Sometimes,Often,Planning to start soon,Very clear,"Soft skills (communication, teamwork, leadership, financial literacy)",4,2,2,Sometimes,6–7 hours,Data Analyst,"Not currently, but intend to in the future","Yes, actively working on projects/internship","Basic knowledge, learning while practicing",Occasionally participate in events,Sometimes,50% – 65%,"Soft Skills (Communication, Leadership, Teamwork)",Lack of Consistency or Determination (Difficulty sticking to a plan),Never (Unaware or Not interested),Low Impact (Rarely affects study),High Risk
STU0465,4/9/2026 22:03,Third Year (TY),BCA,22,Female,8.5 – 9.4,Neutral,Less than 1 hour,2,Few times a week,1–2 hours,More than 6 hours,Video content (YouTube/OTT),Mostly consistent,Often,Planning to start soon,Not clear,Both hard and soft skills,1,5,2,Sometimes,6–7 hours,Data Analyst,"Yes, currently enrolled in one or more courses/certifications",Planning to start a project/internship soon,"Basic knowledge, learning while practicing",,Always,76% – 85%,"Technical/Hard Skills (Coding, Math, Logic)",Lack of Consistency or Determination (Difficulty sticking to a plan),Rarely (Passive),No Impact (Fully supportive environment),Moderate Risk
STU0466,3/24/2026 17:25,Second Year (SY),BCA,21,Male,7.0 – 8.4,Unsatisfied,Less than 1 hour,1,Few times a week,More than 2 hours,More than 6 hours,Gaming,Rarely,Often,Thinking about it,Not clear,"Soft skills (communication, teamwork, leadership, financial literacy)",1,4,1,Sometimes,6–7 hours,AI / ML,Planning to enroll soon,"Not currently, but intend to in the future","Limited knowledge, theoretical only","Rarely participate, mostly observe",Sometimes,Less than 50%,"Technical/Hard Skills (Coding, Math, Logic)",Procrastination / Low Motivation,Rarely (Passive),Moderate Impact (Occasional disruption),High Risk
STU0467,3/27/2026 13:56,Second Year (SY),BCA,20,Female,7.0 – 8.4,Neutral,1–2 hours,3,Few times a week,More than 2 hours,More than 6 hours,Gaming,Rarely,Always,Planning to start soon,Not clear,"Soft skills (communication, teamwork, leadership, financial literacy)",3,3,1,Sometimes,4–5 hours,Software Developer,"Not currently, but intend to in the future","Not currently, but intend to in the future","Basic knowledge, learning while practicing",Never participate in such events,Sometimes,50% – 65%,"Technical/Hard Skills (Coding, Math, Logic)",Difficulty with Focus / Concentration,Occasionally (When needed),High Impact (Frequent disruption),High Risk
STU0468,3/30/2026 6:59,Second Year (SY),BCA,21,Male,8.5 – 9.4,Very satisfied,More than 2 hours,3,Few times a week,1–2 hours,More than 6 hours,Social interactions,Mostly consistent,Often,Planning to start soon,Very clear,Both hard and soft skills,2,5,3,Often,4–5 hours,Data Analyst,"Not currently, but intend to in the future","Not currently, but intend to in the future","Basic knowledge, learning while practicing",Occasionally participate in events,Sometimes,50% – 65%,"Soft Skills (Communication, Leadership, Teamwork)",Difficulty with Focus / Concentration,Occasionally (When needed),Moderate Impact (Occasional disruption),High Risk
STU0469,4/13/2026 16:04,Second Year (SY),BCA,19,Other,7.0 – 8.4,Unsatisfied,1–2 hours,4,Few times a week,More than 2 hours,More than 6 hours,Other,Sometimes,Rarely,Planning to start soon,Very clear,Both hard and soft skills,1,5,2,Often,6–7 hours,Automation Engineer,"Not currently, but intend to in the future","Yes, actively working on projects/internship",,Occasionally participate in events,Sometimes,66% – 75%,"Soft Skills (Communication, Leadership, Teamwork)",Procrastination / Low Motivation,Occasionally (When needed),Low Impact (Rarely affects study),High Risk
STU0470,3/27/2026 22:53,Second Year (SY),BCom,19,Female,7.0 – 8.4,Neutral,Less than 1 hour,3,Never,More than 2 hours,2–4 hours,Video content (YouTube/OTT),Rarely,Often,Planning to start soon,Somewhat clear,"Soft skills (communication, teamwork, leadership, financial literacy)",4,4,1,Always,6–7 hours,Digital Marketing Specialist,"No, not interested",Planning to start a project/internship soon,"Basic knowledge, learning while practicing",Never participate in such events,Sometimes,66% – 75%,"Technical/Hard Skills (Coding, Math, Logic)",Procrastination / Low Motivation,Rarely (Passive),Moderate Impact (Occasional disruption),High Risk
STU0471,3/23/2026 13:38,First Year (FY),BCA,19,Male,7.0 – 8.4,Unsatisfied,1–2 hours,1,Few times a week,,More than 6 hours,Social media,Sometimes,Rarely,Planning to start soon,Not clear,"Hard skills (programming, data analytics, technical skills)",2,3,2,Never,4–5 hours,Cyber Security Analyst,"Yes, currently enrolled in one or more courses/certifications","Not currently, but intend to in the future",Strong foundation in core concepts,Occasionally participate in events,Often,Less than 50%,"Management/Execution (Planning, Organizing, Discipline)",Difficulty with Focus / Concentration,Occasionally (When needed),Low Impact (Rarely affects study),High Risk
STU0472,4/6/2026 7:23,Second Year (SY),BSc Computer Science,21,Male,7.0 – 8.4,Satisfied,Less than 1 hour,1,Few times a week,30–60 minutes,More than 6 hours,Social media,Rarely,Sometimes,Planning to start soon,Somewhat clear,Both hard and soft skills,3,3,2,Never,6–7 hours,Automation Engineer,"Yes, currently enrolled in one or more courses/certifications","Yes, actively working on projects/internship",,Never participate in such events,Always,Less than 50%,"Soft Skills (Communication, Leadership, Teamwork)",Poor Time Management / Over-scheduling,Occasionally (When needed),High Impact (Frequent disruption),High Risk
STU0473,4/4/2026 16:53,First Year (PG),BCA,23,Male,8.5 – 9.4,Neutral,More than 2 hours,2,Few times a week,1–2 hours,2–4 hours,Gaming,Mostly consistent,Sometimes,Planning to start soon,Somewhat clear,"Soft skills (communication, teamwork, leadership, financial literacy)",3,3,3,Always,More than 8 hours,AI / ML,"Not currently, but intend to in the future","Yes, actively working on projects/internship",,Occasionally participate in events,Often,Above 85%,"Creative/Design Skills (Innovation, UI/UX, Content)",Lack of Consistency or Determination (Difficulty sticking to a plan),Rarely (Passive),Moderate Impact (Occasional disruption),Low Risk
STU0474,4/10/2026 15:53,Second Year (PG),BSc IT,26,Female,9.5 – 10.0,Very satisfied,More than 2 hours,5,,1–2 hours,4–6 hours,Video content (YouTube/OTT),Sometimes,Sometimes,Planning to start soon,Somewhat clear,"Soft skills (communication, teamwork, leadership, financial literacy)",3,3,2,Sometimes,6–7 hours,AI / ML,"Yes, currently enrolled in one or more courses/certifications",Planning to start a project/internship soon,"Limited knowledge, theoretical only",Occasionally participate in events,Rarely,Above 85%,"Technical/Hard Skills (Coding, Math, Logic)",Lack of Consistency or Determination (Difficulty sticking to a plan),Rarely (Passive),Low Impact (Rarely affects study),Low Risk
STU0475,4/13/2026 9:39,Third Year (TY),BCA,22,Male,5.0 – 6.9,Unsatisfied,1–2 hours,1,Rarely,30–60 minutes,More than 6 hours,Social media,Sometimes,Always,Thinking about it,Somewhat clear,"Hard skills (programming, data analytics, technical skills)",,4,3,Sometimes,6–7 hours,Cyber Security Analyst,"Not currently, but intend to in the future",Planning to start a project/internship soon,"Basic knowledge, learning while practicing",Occasionally participate in events,Sometimes,66% – 75%,"Creative/Design Skills (Innovation, UI/UX, Content)",Poor Time Management / Over-scheduling,Occasionally (When needed),No Impact (Fully supportive environment),High Risk
STU0476,4/6/2026 19:28,Third Year (TY),BCom,21,Male,7.0 – 8.4,Neutral,1–2 hours,,Never,30–60 minutes,More than 6 hours,Other,Mostly consistent,Always,Thinking about it,Not clear,"Hard skills (programming, data analytics, technical skills)",4,4,1,Often,6–7 hours,Other,Planning to enroll soon,"Yes, actively working on projects/internship","Basic knowledge, learning while practicing","Rarely participate, mostly observe",Often,66% – 75%,"Technical/Hard Skills (Coding, Math, Logic)",Lack of Consistency or Determination (Difficulty sticking to a plan),Rarely (Passive),Moderate Impact (Occasional disruption),Moderate Risk
STU0477,3/27/2026 21:45,First Year (FY),BCA,18,Female,7.0 – 8.4,Unsatisfied,Less than 1 hour,1,Rarely,30–60 minutes,More than 6 hours,Video content (YouTube/OTT),Mostly consistent,Always,Thinking about it,Very clear,Both hard and soft skills,4,3,2,Often,6–7 hours,AI / ML,"Yes, currently enrolled in one or more courses/certifications","Not currently, but intend to in the future","Basic knowledge, learning while practicing",Occasionally participate in events,Rarely,66% – 75%,"Soft Skills (Communication, Leadership, Teamwork)",Poor Time Management / Over-scheduling,Occasionally (When needed),Moderate Impact (Occasional disruption),Moderate Risk
STU0478,4/9/2026 11:06,Third Year (TY),BCA,21,Female,9.5 – 10.0,Neutral,More than 2 hours,3,Few times a week,1–2 hours,More than 6 hours,Social interactions,Mostly consistent,Always,Planning to start soon,Very clear,Both hard and soft skills,3,4,3,Sometimes,6–7 hours,Cyber Security Analyst,Planning to enroll soon,"Not currently, but intend to in the future","Basic knowledge, learning while practicing",Occasionally participate in events,Often,76% – 85%,"Technical/Hard Skills (Coding, Math, Logic)",Poor Time Management / Over-scheduling,Never (Unaware or Not interested),High Impact (Frequent disruption),Moderate Risk
STU0479,4/3/2026 7:07,Second Year (PG),BSc Computer Science,24,Male,5.0 – 6.9,Neutral,1–2 hours,1,Never,1–2 hours,More than 6 hours,Video content (YouTube/OTT),Sometimes,Rarely,Actively preparing for a goal (placements/exams),Somewhat clear,Both hard and soft skills,2,5,2,Sometimes,6–7 hours,Other,"Not currently, but intend to in the future","Not currently, but intend to in the future","Limited knowledge, theoretical only",Never participate in such events,Rarely,50% – 65%,"Soft Skills (Communication, Leadership, Teamwork)",Procrastination / Low Motivation,Rarely (Passive),Low Impact (Rarely affects study),High Risk
STU0480,4/14/2026 9:59,First Year (FY),BSc IT,18,Female,7.0 – 8.4,Neutral,Less than 1 hour,3,Never,1–2 hours,More than 6 hours,Social interactions,Sometimes,Often,Planning to start soon,Very clear,"Soft skills (communication, teamwork, leadership, financial literacy)",4,1,2,Never,6–7 hours,Software Developer,"Yes, currently enrolled in one or more courses/certifications","Not currently, but intend to in the future","Basic knowledge, learning while practicing",Occasionally participate in events,Sometimes,50% – 65%,"Soft Skills (Communication, Leadership, Teamwork)",Poor Time Management / Over-scheduling,Rarely (Passive),No Impact (Fully supportive environment),Moderate Risk
STU0481,3/20/2026 14:23,First Year (PG),BSc IT,24,Female,7.0 – 8.4,Unsatisfied,Less than 1 hour,1,Few times a week,More than 2 hours,More than 6 hours,Social media,Rarely,Sometimes,Actively preparing for a goal (placements/exams),Not clear,Both hard and soft skills,4,4,2,Sometimes,6–7 hours,Software Developer,"Not currently, but intend to in the future","Not currently, but intend to in the future","Limited knowledge, theoretical only",Occasionally participate in events,Often,50% – 65%,"Management/Execution (Planning, Organizing, Discipline)",Procrastination / Low Motivation,,Low Impact (Rarely affects study),High Risk
STU0482,3/25/2026 10:30,Second Year (SY),BSc IT,20,Male,9.5 – 10.0,Satisfied,1–2 hours,4,Never,1–2 hours,4–6 hours,Gaming,Sometimes,Often,Thinking about it,Very clear,Both hard and soft skills,4,1,3,Sometimes,6–7 hours,Digital Marketing Specialist,"No, not interested",Planning to start a project/internship soon,"Limited knowledge, theoretical only","Rarely participate, mostly observe",Rarely,Above 85%,"Technical/Hard Skills (Coding, Math, Logic)",Poor Time Management / Over-scheduling,Occasionally (When needed),High Impact (Frequent disruption),Low Risk
STU0483,4/14/2026 8:29,Third Year (TY),BCA,22,Male,7.0 – 8.4,Neutral,Less than 1 hour,2,Rarely,,4–6 hours,Other,Sometimes,Rarely,Planning to start soon,Very clear,"Hard skills (programming, data analytics, technical skills)",,2,3,Sometimes,6–7 hours,AI / ML,"No, not interested","Not currently, but intend to in the future",Strong foundation in core concepts,"Rarely participate, mostly observe",Often,76% – 85%,"Technical/Hard Skills (Coding, Math, Logic)",Lack of Consistency or Determination (Difficulty sticking to a plan),Rarely (Passive),No Impact (Fully supportive environment),Moderate Risk
STU0484,4/13/2026 12:42,First Year (FY),BSc IT,19,Male,9.5 – 10.0,Very satisfied,1–2 hours,2,Rarely,1–2 hours,More than 6 hours,Social interactions,Mostly consistent,Sometimes,Planning to start soon,Very clear,"Soft skills (communication, teamwork, leadership, financial literacy)",3,3,1,Often,6–7 hours,Automation Engineer,"Yes, currently enrolled in one or more courses/certifications","Yes, actively working on projects/internship",Strong foundation in core concepts,Never participate in such events,Always,76% – 85%,"Management/Execution (Planning, Organizing, Discipline)",Poor Time Management / Over-scheduling,Never (Unaware or Not interested),High Impact (Frequent disruption),Low Risk
STU0485,3/15/2026 10:22,Second Year (SY),BCA,20,Male,8.5 – 9.4,Neutral,More than 2 hours,4,Never,30–60 minutes,4–6 hours,Gaming,Mostly consistent,Rarely,Actively preparing for a goal (placements/exams),Somewhat clear,Both hard and soft skills,2,5,3,Often,6–7 hours,Cyber Security Analyst,"Yes, currently enrolled in one or more courses/certifications","Not currently, but intend to in the future",Strong foundation in core concepts,Occasionally participate in events,Often,Above 85%,"Technical/Hard Skills (Coding, Math, Logic)",Poor Time Management / Over-scheduling,Rarely (Passive),Moderate Impact (Occasional disruption),Moderate Risk
STU0486,3/24/2026 11:56,Second Year (SY),BCA,19,Female,8.5 – 9.4,Neutral,1–2 hours,2,Never,1–2 hours,More than 6 hours,Social media,Sometimes,Rarely,Planning to start soon,Very clear,Both hard and soft skills,5,4,2,Sometimes,More than 8 hours,Digital Marketing Specialist,Planning to enroll soon,Planning to start a project/internship soon,"Basic knowledge, learning while practicing","Rarely participate, mostly observe",Sometimes,66% – 75%,"Soft Skills (Communication, Leadership, Teamwork)",Lack of Consistency or Determination (Difficulty sticking to a plan),Rarely (Passive),,Moderate Risk
STU0487,4/1/2026 8:50,First Year (FY),BCA,19,Male,8.5 – 9.4,Neutral,More than 2 hours,5,Few times a week,1–2 hours,4–6 hours,Social media,Sometimes,Rarely,Planning to start soon,Not clear,"Hard skills (programming, data analytics, technical skills)",4,3,3,Never,6–7 hours,AI / ML,"Yes, currently enrolled in one or more courses/certifications","Not currently, but intend to in the future","Limited knowledge, theoretical only",Occasionally participate in events,Sometimes,Above 85%,"Soft Skills (Communication, Leadership, Teamwork)",Lack of Consistency or Determination (Difficulty sticking to a plan),Occasionally (When needed),Low Impact (Rarely affects study),Moderate Risk
STU0488,4/7/2026 16:36,Third Year (TY),BSc Computer Science,20,Male,8.5 – 9.4,Neutral,1–2 hours,2,Few times a week,30–60 minutes,More than 6 hours,Video content (YouTube/OTT),Mostly consistent,Often,Planning to start soon,Very clear,Both hard and soft skills,3,3,2,Often,6–7 hours,Other,"Yes, currently enrolled in one or more courses/certifications",Planning to start a project/internship soon,"Basic knowledge, learning while practicing",Never participate in such events,Always,76% – 85%,"Technical/Hard Skills (Coding, Math, Logic)",Poor Time Management / Over-scheduling,Occasionally (When needed),High Impact (Frequent disruption),Moderate Risk
STU0489,3/19/2026 16:43,Second Year (SY),BCA,21,Female,7.0 – 8.4,Satisfied,More than 2 hours,4,Daily,1–2 hours,2–4 hours,Social media,Rarely,Often,Thinking about it,Very clear,"Hard skills (programming, data analytics, technical skills)",5,2,1,Sometimes,6–7 hours,AI / ML,Planning to enroll soon,Planning to start a project/internship soon,"Limited knowledge, theoretical only",Never participate in such events,Sometimes,Less than 50%,"Soft Skills (Communication, Leadership, Teamwork)",Procrastination / Low Motivation,Rarely (Passive),Moderate Impact (Occasional disruption),High Risk
STU0490,3/29/2026 8:13,First Year (PG),BA,22,Female,7.0 – 8.4,Neutral,More than 2 hours,2,Daily,30–60 minutes,2–4 hours,Video content (YouTube/OTT),Sometimes,Often,Actively preparing for a goal (placements/exams),Not clear,"Hard skills (programming, data analytics, technical skills)",3,4,2,Never,More than 8 hours,Data Analyst,"Not currently, but intend to in the future","Not currently, but intend to in the future","Limited knowledge, theoretical only","Rarely participate, mostly observe",Sometimes,50% – 65%,"Technical/Hard Skills (Coding, Math, Logic)",Difficulty with Focus / Concentration,Occasionally (When needed),Low Impact (Rarely affects study),High Risk
STU0491,3/31/2026 11:09,Second Year (SY),BCA,19,Male,7.0 – 8.4,Very satisfied,More than 2 hours,1,Daily,30–60 minutes,More than 6 hours,Social media,Sometimes,Sometimes,Actively preparing for a goal (placements/exams),Somewhat clear,"Hard skills (programming, data analytics, technical skills)",2,5,1,Often,,Automation Engineer,Planning to enroll soon,"Yes, actively working on projects/internship","Limited knowledge, theoretical only",Never participate in such events,Always,50% – 65%,"Soft Skills (Communication, Leadership, Teamwork)",Difficulty with Focus / Concentration,Occasionally (When needed),High Impact (Frequent disruption),High Risk
STU0492,3/18/2026 10:07,Second Year (SY),BCA,20,Female,9.5 – 10.0,Neutral,1–2 hours,4,Rarely,30–60 minutes,2–4 hours,Social media,Sometimes,Often,Planning to start soon,Somewhat clear,Both hard and soft skills,4,2,2,Never,More than 8 hours,AI / ML,Planning to enroll soon,Planning to start a project/internship soon,"Basic knowledge, learning while practicing",Occasionally participate in events,Rarely,76% – 85%,"Soft Skills (Communication, Leadership, Teamwork)",Poor Time Management / Over-scheduling,Occasionally (When needed),Low Impact (Rarely affects study),Low Risk
STU0493,3/20/2026 7:13,Second Year (SY),BCom,21,Other,8.5 – 9.4,Unsatisfied,1–2 hours,1,Daily,30–60 minutes,More than 6 hours,Social media,Sometimes,Sometimes,Planning to start soon,Somewhat clear,"Soft skills (communication, teamwork, leadership, financial literacy)",5,3,2,Sometimes,6–7 hours,Software Developer,"Yes, currently enrolled in one or more courses/certifications","Yes, actively working on projects/internship","Basic knowledge, learning while practicing",Never participate in such events,Rarely,50% – 65%,"Soft Skills (Communication, Leadership, Teamwork)",Procrastination / Low Motivation,Rarely (Passive),Moderate Impact (Occasional disruption),Moderate Risk
STU0494,4/4/2026 11:32,First Year (FY),BCA,18,Female,9.5 – 10.0,Very satisfied,Less than 1 hour,1,Rarely,1–2 hours,4–6 hours,Video content (YouTube/OTT),Mostly consistent,Always,Thinking about it,Somewhat clear,"Hard skills (programming, data analytics, technical skills)",5,3,1,Sometimes,More than 8 hours,AI / ML,"Not currently, but intend to in the future",Planning to start a project/internship soon,"Basic knowledge, learning while practicing",Never participate in such events,Often,76% – 85%,"Technical/Hard Skills (Coding, Math, Logic)",Lack of Consistency or Determination (Difficulty sticking to a plan),Rarely (Passive),High Impact (Frequent disruption),Low Risk
STU0495,4/4/2026 12:17,Second Year (PG),BCom,23,Male,9.5 – 10.0,Satisfied,1–2 hours,1,Rarely,1–2 hours,More than 6 hours,Social media,Sometimes,Rarely,Planning to start soon,Somewhat clear,Both hard and soft skills,3,4,2,Never,6–7 hours,Automation Engineer,"Yes, currently enrolled in one or more courses/certifications","Not currently, but intend to in the future","Limited knowledge, theoretical only",Occasionally participate in events,Often,50% – 65%,"Creative/Design Skills (Innovation, UI/UX, Content)",Lack of Consistency or Determination (Difficulty sticking to a plan),Never (Unaware or Not interested),Low Impact (Rarely affects study),Moderate Risk
STU0496,4/8/2026 10:12,First Year (FY),BSc Computer Science,18,Male,7.0 – 8.4,Unsatisfied,Less than 1 hour,1,,30–60 minutes,2–4 hours,Gaming,Rarely,Rarely,Actively preparing for a goal (placements/exams),Somewhat clear,Both hard and soft skills,3,5,1,Sometimes,6–7 hours,Other,"Not currently, but intend to in the future",Planning to start a project/internship soon,"Basic knowledge, learning while practicing","Rarely participate, mostly observe",Always,Less than 50%,"Technical/Hard Skills (Coding, Math, Logic)",Difficulty with Focus / Concentration,Occasionally (When needed),Low Impact (Rarely affects study),High Risk
STU0497,3/16/2026 9:37,First Year (FY),BCA,18,Female,5.0 – 6.9,Neutral,Less than 1 hour,4,,More than 2 hours,2–4 hours,Social interactions,Sometimes,Sometimes,Planning to start soon,Very clear,Both hard and soft skills,5,2,3,Never,More than 8 hours,Software Developer,"Yes, currently enrolled in one or more courses/certifications","Not currently, but intend to in the future","Basic knowledge, learning while practicing","Rarely participate, mostly observe",Rarely,50% – 65%,"Management/Execution (Planning, Organizing, Discipline)",Procrastination / Low Motivation,Rarely (Passive),No Impact (Fully supportive environment),High Risk
STU0498,4/14/2026 10:19,First Year (FY),BCA,18,Female,7.0 – 8.4,Satisfied,1–2 hours,1,Never,1–2 hours,4–6 hours,Video content (YouTube/OTT),Sometimes,Often,Actively preparing for a goal (placements/exams),Not clear,"Soft skills (communication, teamwork, leadership, financial literacy)",2,5,2,Often,6–7 hours,Cyber Security Analyst,"Yes, currently enrolled in one or more courses/certifications",Planning to start a project/internship soon,"Limited knowledge, theoretical only","Rarely participate, mostly observe",Sometimes,66% – 75%,"Soft Skills (Communication, Leadership, Teamwork)",Difficulty with Focus / Concentration,Rarely (Passive),Low Impact (Rarely affects study),High Risk
STU0499,4/8/2026 15:15,First Year (PG),BCA,23,Female,7.0 – 8.4,Neutral,1–2 hours,3,Few times a week,30–60 minutes,4–6 hours,Video content (YouTube/OTT),Mostly consistent,Always,Planning to start soon,Somewhat clear,"Soft skills (communication, teamwork, leadership, financial literacy)",3,4,3,Often,More than 8 hours,Data Analyst,"No, not interested",Planning to start a project/internship soon,Strong foundation in core concepts,Occasionally participate in events,Often,76% – 85%,"Creative/Design Skills (Innovation, UI/UX, Content)",Lack of Consistency or Determination (Difficulty sticking to a plan),Occasionally (When needed),No Impact (Fully supportive environment),Moderate Risk
STU0500,3/18/2026 11:43,First Year (FY),BBA,17,Male,7.0 – 8.4,Very satisfied,1–2 hours,2,Never,30–60 minutes,4–6 hours,Other,Rarely,Sometimes,Actively preparing for a goal (placements/exams),Very clear,Both hard and soft skills,4,3,1,Sometimes,More than 8 hours,Software Developer,"Not currently, but intend to in the future","Not currently, but intend to in the future","Limited knowledge, theoretical only",Occasionally participate in events,Always,66% – 75%,"Technical/Hard Skills (Coding, Math, Logic)",Lack of Consistency or Determination (Difficulty sticking to a plan),Rarely (Passive),High Impact (Frequent disruption),High Risk
STU0501,4/1/2026 12:58,Second Year (SY),BSc Cyber Security,20,Male,7.0 – 8.4,Satisfied,1–2 hours,1,Few times a week,30–60 minutes,More than 6 hours,Other,Rarely,Sometimes,Actively preparing for a goal (placements/exams),Very clear,"Soft skills (communication, teamwork, leadership, financial literacy)",4,4,2,Sometimes,6–7 hours,Other,Planning to enroll soon,"Yes, actively working on projects/internship","Basic knowledge, learning while practicing",Occasionally participate in events,Rarely,50% – 65%,"Technical/Hard Skills (Coding, Math, Logic)",Poor Time Management / Over-scheduling,Occasionally (When needed),Low Impact (Rarely affects study),High Risk
STU0502,4/2/2026 7:13,First Year (FY),BCA,19,Male,9.5 – 10.0,Neutral,More than 2 hours,3,Rarely,30–60 minutes,More than 6 hours,Social media,Mostly consistent,Sometimes,Thinking about it,Very clear,Both hard and soft skills,4,4,3,Always,More than 8 hours,AI / ML,"Not currently, but intend to in the future","Not currently, but intend to in the future","Basic knowledge, learning while practicing",Never participate in such events,Always,76% – 85%,"Soft Skills (Communication, Leadership, Teamwork)",Difficulty with Focus / Concentration,Never (Unaware or Not interested),Moderate Impact (Occasional disruption),Moderate Risk
STU0503,4/5/2026 5:56,Third Year (TY),BCA,21,Female,7.0 – 8.4,Neutral,1–2 hours,1,Never,30–60 minutes,4–6 hours,Social media,Mostly consistent,Always,Actively preparing for a goal (placements/exams),Very clear,"Soft skills (communication, teamwork, leadership, financial literacy)",2,5,2,Sometimes,6–7 hours,Data Analyst,"Not currently, but intend to in the future",Planning to start a project/internship soon,Strong foundation in core concepts,"Rarely participate, mostly observe",Always,66% – 75%,"Creative/Design Skills (Innovation, UI/UX, Content)",Lack of Consistency or Determination (Difficulty sticking to a plan),Never (Unaware or Not interested),No Impact (Fully supportive environment),High Risk
STU0504,4/12/2026 9:00,Second Year (SY),BCA,19,Female,9.5 – 10.0,Very satisfied,1–2 hours,2,Few times a week,More than 2 hours,More than 6 hours,Social media,Mostly consistent,Often,Planning to start soon,Very clear,Both hard and soft skills,3,3,2,Sometimes,6–7 hours,Data Analyst,"Yes, currently enrolled in one or more courses/certifications",Planning to start a project/internship soon,,"Rarely participate, mostly observe",Often,76% – 85%,"Soft Skills (Communication, Leadership, Teamwork)",Difficulty with Focus / Concentration,Never (Unaware or Not interested),Moderate Impact (Occasional disruption),Low Risk
STU0505,4/10/2026 22:22,Second Year (SY),BSc Computer Science,20,Male,8.5 – 9.4,Neutral,More than 2 hours,5,Rarely,1–2 hours,4–6 hours,Video content (YouTube/OTT),Sometimes,Often,Actively preparing for a goal (placements/exams),Somewhat clear,"Hard skills (programming, data analytics, technical skills)",3,,3,Always,4–5 hours,Digital Marketing Specialist,"Not currently, but intend to in the future","Yes, actively working on projects/internship",Strong foundation in core concepts,,Always,76% – 85%,"Creative/Design Skills (Innovation, UI/UX, Content)",Procrastination / Low Motivation,Rarely (Passive),High Impact (Frequent disruption),Moderate Risk
STU0506,3/21/2026 16:22,Final Year,BCA,21,Other,9.5 – 10.0,Very satisfied,More than 2 hours,3,Few times a week,1–2 hours,More than 6 hours,Social media,Sometimes,Sometimes,Planning to start soon,Very clear,"Hard skills (programming, data analytics, technical skills)",5,4,3,Sometimes,6–7 hours,Data Analyst,"Not currently, but intend to in the future","Yes, actively working on projects/internship",Strong foundation in core concepts,,Always,50% – 65%,"Management/Execution (Planning, Organizing, Discipline)",Procrastination / Low Motivation,Occasionally (When needed),Moderate Impact (Occasional disruption),Moderate Risk
STU0507,4/11/2026 9:07,Final Year,BCA,22,Male,9.5 – 10.0,Satisfied,More than 2 hours,4,Few times a week,1–2 hours,4–6 hours,Gaming,Sometimes,Sometimes,Planning to start soon,Very clear,"Hard skills (programming, data analytics, technical skills)",3,2,2,Never,6–7 hours,Other,"Not currently, but intend to in the future","Yes, actively working on projects/internship","Basic knowledge, learning while practicing",Never participate in such events,Sometimes,Above 85%,"Management/Execution (Planning, Organizing, Discipline)",Poor Time Management / Over-scheduling,Occasionally (When needed),High Impact (Frequent disruption),Low Risk
STU0508,4/7/2026 21:33,Third Year (TY),BSc Computer Science,21,Male,7.0 – 8.4,Neutral,More than 2 hours,3,Few times a week,30–60 minutes,4–6 hours,Gaming,Rarely,Sometimes,Planning to start soon,Very clear,Both hard and soft skills,2,4,3,Often,6–7 hours,AI / ML,"Yes, currently enrolled in one or more courses/certifications",Planning to start a project/internship soon,"Basic knowledge, learning while practicing",Never participate in such events,Often,50% – 65%,"Technical/Hard Skills (Coding, Math, Logic)",Procrastination / Low Motivation,Never (Unaware or Not interested),Moderate Impact (Occasional disruption),High Risk
STU0509,4/11/2026 14:27,Second Year (SY),BSc Computer Science,20,Male,7.0 – 8.4,Neutral,1–2 hours,2,Never,30–60 minutes,More than 6 hours,Video content (YouTube/OTT),Mostly consistent,Rarely,Thinking about it,Not clear,"Soft skills (communication, teamwork, leadership, financial literacy)",4,2,2,Often,6–7 hours,Other,"No, not interested","Not currently, but intend to in the future",Strong foundation in core concepts,,Sometimes,Less than 50%,"Creative/Design Skills (Innovation, UI/UX, Content)",Lack of Consistency or Determination (Difficulty sticking to a plan),Occasionally (When needed),Moderate Impact (Occasional disruption),Moderate Risk
STU0510,4/9/2026 16:36,Second Year (PG),BSc Computer Science,23,Other,7.0 – 8.4,Neutral,1–2 hours,2,Never,1–2 hours,More than 6 hours,Video content (YouTube/OTT),Rarely,Sometimes,Planning to start soon,Not clear,Both hard and soft skills,1,5,1,Always,4–5 hours,Digital Marketing Specialist,"No, not interested","Yes, actively working on projects/internship",,"Rarely participate, mostly observe",Often,50% – 65%,"Technical/Hard Skills (Coding, Math, Logic)",Lack of Consistency or Determination (Difficulty sticking to a plan),,No Impact (Fully supportive environment),High Risk
STU0511,3/25/2026 10:59,Third Year (TY),BCA,21,Male,5.0 – 6.9,Unsatisfied,1–2 hours,3,Rarely,30–60 minutes,4–6 hours,Social media,Sometimes,Sometimes,Actively preparing for a goal (placements/exams),Not clear,Both hard and soft skills,3,5,2,Never,6–7 hours,Automation Engineer,Planning to enroll soon,"Yes, actively working on projects/internship","Basic knowledge, learning while practicing","Rarely participate, mostly observe",Often,50% – 65%,"Soft Skills (Communication, Leadership, Teamwork)",Difficulty with Focus / Concentration,Rarely (Passive),High Impact (Frequent disruption),High Risk
STU0512,4/13/2026 5:03,Second Year (PG),BCA,23,Female,7.0 – 8.4,Neutral,1–2 hours,4,Never,1–2 hours,4–6 hours,Social interactions,Rarely,Often,Actively preparing for a goal (placements/exams),Very clear,Both hard and soft skills,5,3,2,Sometimes,6–7 hours,Automation Engineer,Planning to enroll soon,"Yes, actively working on projects/internship","Limited knowledge, theoretical only","Rarely participate, mostly observe",Often,50% – 65%,"Soft Skills (Communication, Leadership, Teamwork)",Difficulty with Focus / Concentration,Rarely (Passive),Low Impact (Rarely affects study),High Risk
STU0513,3/18/2026 15:25,First Year (PG),BCA,25,Male,8.5 – 9.4,Neutral,More than 2 hours,4,Few times a week,1–2 hours,,Social media,Mostly consistent,Sometimes,Actively preparing for a goal (placements/exams),Very clear,Both hard and soft skills,4,4,2,Never,More than 8 hours,Digital Marketing Specialist,"Yes, currently enrolled in one or more courses/certifications","Not currently, but intend to in the future","Limited knowledge, theoretical only",Never participate in such events,Often,76% – 85%,"Technical/Hard Skills (Coding, Math, Logic)",Lack of Consistency or Determination (Difficulty sticking to a plan),Occasionally (When needed),Moderate Impact (Occasional disruption),Moderate Risk
STU0514,3/18/2026 9:12,First Year (FY),BCA,17,Male,8.5 – 9.4,Very satisfied,1–2 hours,,Never,1–2 hours,More than 6 hours,Social media,Rarely,Sometimes,Planning to start soon,Somewhat clear,"Soft skills (communication, teamwork, leadership, financial literacy)",2,4,1,Often,More than 8 hours,Other,"Not currently, but intend to in the future","Not currently, but intend to in the future","Basic knowledge, learning while practicing",Occasionally participate in events,Rarely,76% – 85%,"Technical/Hard Skills (Coding, Math, Logic)",Procrastination / Low Motivation,Rarely (Passive),Low Impact (Rarely affects study),High Risk
STU0515,3/24/2026 8:08,Second Year (SY),BCom,21,Male,8.5 – 9.4,Neutral,1–2 hours,2,Rarely,1–2 hours,4–6 hours,Social media,Sometimes,Often,Planning to start soon,Somewhat clear,"Soft skills (communication, teamwork, leadership, financial literacy)",4,3,3,Often,More than 8 hours,AI / ML,"Yes, currently enrolled in one or more courses/certifications","Not currently, but intend to in the future","Limited knowledge, theoretical only",,Often,76% – 85%,"Soft Skills (Communication, Leadership, Teamwork)",Poor Time Management / Over-scheduling,Occasionally (When needed),High Impact (Frequent disruption),Moderate Risk
STU0516,3/22/2026 16:03,Third Year (TY),BCA,22,Male,7.0 – 8.4,Neutral,1–2 hours,2,Rarely,1–2 hours,2–4 hours,Gaming,Sometimes,Sometimes,Planning to start soon,Somewhat clear,Both hard and soft skills,2,2,1,Often,4–5 hours,AI / ML,"No, not interested","Not currently, but intend to in the future","Basic knowledge, learning while practicing","Rarely participate, mostly observe",Sometimes,76% – 85%,"Soft Skills (Communication, Leadership, Teamwork)",Procrastination / Low Motivation,Never (Unaware or Not interested),Moderate Impact (Occasional disruption),Moderate Risk
STU0517,4/2/2026 12:54,First Year (PG),BA,24,Male,8.5 – 9.4,Very unsatisfied,1–2 hours,2,Never,1–2 hours,More than 6 hours,Social media,Mostly consistent,Always,Actively preparing for a goal (placements/exams),Not clear,"Soft skills (communication, teamwork, leadership, financial literacy)",3,4,3,Sometimes,,Software Developer,"Yes, currently enrolled in one or more courses/certifications",Planning to start a project/internship soon,"Basic knowledge, learning while practicing","Rarely participate, mostly observe",Often,Above 85%,"Creative/Design Skills (Innovation, UI/UX, Content)",Difficulty with Focus / Concentration,Rarely (Passive),No Impact (Fully supportive environment),Moderate Risk
STU0518,3/25/2026 8:52,Third Year (TY),BSc Computer Science,22,Female,7.0 – 8.4,Neutral,1–2 hours,5,Never,1–2 hours,,Other,Rarely,Sometimes,Planning to start soon,Somewhat clear,"Hard skills (programming, data analytics, technical skills)",,3,1,Often,4–5 hours,AI / ML,"No, not interested",Planning to start a project/internship soon,"Limited knowledge, theoretical only","Rarely participate, mostly observe",Always,66% – 75%,"Soft Skills (Communication, Leadership, Teamwork)",Difficulty with Focus / Concentration,Rarely (Passive),Moderate Impact (Occasional disruption),High Risk
STU0519,3/21/2026 9:12,First Year (FY),BSc Computer Science,18,Male,5.0 – 6.9,Neutral,1–2 hours,4,Never,1–2 hours,More than 6 hours,Video content (YouTube/OTT),Rarely,Often,Planning to start soon,Somewhat clear,Both hard and soft skills,4,1,,Never,More than 8 hours,AI / ML,Planning to enroll soon,"Not currently, but intend to in the future",,"Rarely participate, mostly observe",Often,Less than 50%,"Technical/Hard Skills (Coding, Math, Logic)",Procrastination / Low Motivation,Never (Unaware or Not interested),No Impact (Fully supportive environment),High Risk
STU0520,3/25/2026 18:07,Third Year (TY),BCA,20,Male,8.5 – 9.4,Unsatisfied,More than 2 hours,3,Few times a week,1–2 hours,More than 6 hours,Video content (YouTube/OTT),Mostly consistent,Often,Planning to start soon,Somewhat clear,"Hard skills (programming, data analytics, technical skills)",5,3,1,Often,6–7 hours,AI / ML,Planning to enroll soon,Planning to start a project/internship soon,"Limited knowledge, theoretical only","Rarely participate, mostly observe",Often,Above 85%,"Technical/Hard Skills (Coding, Math, Logic)",Lack of Consistency or Determination (Difficulty sticking to a plan),Occasionally (When needed),High Impact (Frequent disruption),Low Risk
STU0521,4/1/2026 15:12,Third Year (TY),BCA,21,Female,5.0 – 6.9,Very unsatisfied,Less than 1 hour,1,Rarely,1–2 hours,2–4 hours,Other,Mostly consistent,Often,Planning to start soon,Very clear,"Soft skills (communication, teamwork, leadership, financial literacy)",5,5,3,Sometimes,6–7 hours,AI / ML,Planning to enroll soon,Planning to start a project/internship soon,"Basic knowledge, learning while practicing","Rarely participate, mostly observe",Often,76% – 85%,"Creative/Design Skills (Innovation, UI/UX, Content)",Lack of Consistency or Determination (Difficulty sticking to a plan),Occasionally (When needed),No Impact (Fully supportive environment),High Risk
STU0522,4/11/2026 17:08,Third Year (TY),BCA,22,Male,7.0 – 8.4,Neutral,1–2 hours,4,Rarely,1–2 hours,More than 6 hours,Gaming,Sometimes,Always,Actively preparing for a goal (placements/exams),Very clear,"Hard skills (programming, data analytics, technical skills)",4,1,3,Sometimes,6–7 hours,Digital Marketing Specialist,"Not currently, but intend to in the future","Yes, actively working on projects/internship","Basic knowledge, learning while practicing","Rarely participate, mostly observe",Often,66% – 75%,"Management/Execution (Planning, Organizing, Discipline)",Difficulty with Focus / Concentration,Rarely (Passive),No Impact (Fully supportive environment),Moderate Risk
STU0523,4/6/2026 20:20,First Year (FY),BCA,18,Female,7.0 – 8.4,Neutral,Less than 1 hour,3,Rarely,More than 2 hours,More than 6 hours,Video content (YouTube/OTT),Sometimes,Sometimes,Planning to start soon,Somewhat clear,Both hard and soft skills,3,3,3,Never,6–7 hours,Data Analyst,Planning to enroll soon,Planning to start a project/internship soon,"Basic knowledge, learning while practicing","Rarely participate, mostly observe",Always,Above 85%,"Soft Skills (Communication, Leadership, Teamwork)",Procrastination / Low Motivation,Never (Unaware or Not interested),Moderate Impact (Occasional disruption),Moderate Risk
STU0524,4/12/2026 10:27,First Year (FY),BCA,18,Male,5.0 – 6.9,Very unsatisfied,1–2 hours,3,Few times a week,More than 2 hours,More than 6 hours,Other,Sometimes,Always,Actively preparing for a goal (placements/exams),Not clear,Both hard and soft skills,5,2,3,Never,6–7 hours,Data Analyst,"Yes, currently enrolled in one or more courses/certifications",Planning to start a project/internship soon,"Limited knowledge, theoretical only",Occasionally participate in events,Sometimes,50% – 65%,"Technical/Hard Skills (Coding, Math, Logic)",Difficulty with Focus / Concentration,Occasionally (When needed),Moderate Impact (Occasional disruption),High Risk
STU0525,3/26/2026 4:26,First Year (FY),BCA,18,Male,5.0 – 6.9,Unsatisfied,1–2 hours,3,Never,1–2 hours,More than 6 hours,Social media,Mostly consistent,Always,Actively preparing for a goal (placements/exams),Very clear,Both hard and soft skills,4,4,3,Sometimes,6–7 hours,Data Analyst,"No, not interested","Yes, actively working on projects/internship","Limited knowledge, theoretical only",Never participate in such events,Always,Above 85%,"Creative/Design Skills (Innovation, UI/UX, Content)",Procrastination / Low Motivation,Never (Unaware or Not interested),Low Impact (Rarely affects study),Moderate Risk
STU0526,3/26/2026 11:04,Second Year (SY),BCA,19,Male,7.0 – 8.4,Neutral,1–2 hours,2,Never,1–2 hours,More than 6 hours,Social interactions,Rarely,Often,Planning to start soon,Somewhat clear,"Hard skills (programming, data analytics, technical skills)",2,3,2,Always,6–7 hours,Automation Engineer,"Not currently, but intend to in the future",Planning to start a project/internship soon,"Basic knowledge, learning while practicing",Never participate in such events,Often,50% – 65%,"Technical/Hard Skills (Coding, Math, Logic)",Poor Time Management / Over-scheduling,Rarely (Passive),No Impact (Fully supportive environment),High Risk
STU0527,3/15/2026 17:16,Final Year,BSc Computer Science,22,Male,7.0 – 8.4,Unsatisfied,1–2 hours,2,Never,30–60 minutes,4–6 hours,Video content (YouTube/OTT),Mostly consistent,Often,Thinking about it,Very clear,"Hard skills (programming, data analytics, technical skills)",4,4,,Never,More than 8 hours,Automation Engineer,Planning to enroll soon,Planning to start a project/internship soon,Strong foundation in core concepts,Never participate in such events,Always,50% – 65%,"Creative/Design Skills (Innovation, UI/UX, Content)",Poor Time Management / Over-scheduling,Rarely (Passive),High Impact (Frequent disruption),High Risk
STU0528,3/30/2026 8:13,Second Year (SY),BCA,19,Female,8.5 – 9.4,Satisfied,Less than 1 hour,1,Never,1–2 hours,4–6 hours,Social media,Mostly consistent,Often,Actively preparing for a goal (placements/exams),Not clear,"Soft skills (communication, teamwork, leadership, financial literacy)",2,3,3,Always,6–7 hours,AI / ML,Planning to enroll soon,"Not currently, but intend to in the future","Basic knowledge, learning while practicing","Rarely participate, mostly observe",Always,Above 85%,"Soft Skills (Communication, Leadership, Teamwork)",Procrastination / Low Motivation,Occasionally (When needed),High Impact (Frequent disruption),Low Risk
STU0529,3/19/2026 19:23,Third Year (TY),BSc IT,22,Female,8.5 – 9.4,Neutral,1–2 hours,3,Never,1–2 hours,More than 6 hours,Social media,Mostly consistent,Often,Actively preparing for a goal (placements/exams),Not clear,Both hard and soft skills,5,1,3,Often,6–7 hours,Cyber Security Analyst,"No, not interested","Not currently, but intend to in the future","Basic knowledge, learning while practicing",Occasionally participate in events,Often,66% – 75%,"Management/Execution (Planning, Organizing, Discipline)",Lack of Consistency or Determination (Difficulty sticking to a plan),Occasionally (When needed),Moderate Impact (Occasional disruption),Low Risk
STU0530,4/9/2026 12:36,First Year (FY),BCA,17,Male,7.0 – 8.4,Neutral,1–2 hours,1,Few times a week,1–2 hours,More than 6 hours,Gaming,Mostly consistent,Always,Planning to start soon,Somewhat clear,Both hard and soft skills,5,3,2,Never,6–7 hours,AI / ML,"No, not interested",Planning to start a project/internship soon,"Basic knowledge, learning while practicing",Never participate in such events,Always,50% – 65%,"Technical/Hard Skills (Coding, Math, Logic)",Difficulty with Focus / Concentration,Occasionally (When needed),High Impact (Frequent disruption),Moderate Risk
STU0531,3/25/2026 10:06,First Year (PG),BSc Cyber Security,25,Female,7.0 – 8.4,Neutral,Less than 1 hour,2,Few times a week,1–2 hours,More than 6 hours,Social media,Rarely,Always,Planning to start soon,Somewhat clear,"Soft skills (communication, teamwork, leadership, financial literacy)",4,1,2,Sometimes,,Other,"Not currently, but intend to in the future","Yes, actively working on projects/internship","Limited knowledge, theoretical only",Occasionally participate in events,Sometimes,Less than 50%,"Soft Skills (Communication, Leadership, Teamwork)",Procrastination / Low Motivation,Rarely (Passive),High Impact (Frequent disruption),Moderate Risk
STU0532,3/17/2026 15:33,First Year (FY),BCA,18,Female,9.5 – 10.0,Very satisfied,More than 2 hours,4,Few times a week,More than 2 hours,More than 6 hours,Social interactions,Sometimes,Sometimes,Planning to start soon,Somewhat clear,Both hard and soft skills,2,4,3,Always,6–7 hours,Data Analyst,"Not currently, but intend to in the future","Yes, actively working on projects/internship",Strong foundation in core concepts,"Rarely participate, mostly observe",Often,Above 85%,"Technical/Hard Skills (Coding, Math, Logic)",Difficulty with Focus / Concentration,Never (Unaware or Not interested),No Impact (Fully supportive environment),Moderate Risk
STU0533,3/24/2026 15:13,Second Year (PG),BCA,26,Female,9.5 – 10.0,Neutral,1–2 hours,2,Never,1–2 hours,More than 6 hours,Video content (YouTube/OTT),Sometimes,Rarely,Actively preparing for a goal (placements/exams),Very clear,Both hard and soft skills,4,3,2,Sometimes,6–7 hours,Software Developer,"Not currently, but intend to in the future",Planning to start a project/internship soon,"Basic knowledge, learning while practicing",Occasionally participate in events,Sometimes,66% – 75%,"Technical/Hard Skills (Coding, Math, Logic)",Difficulty with Focus / Concentration,Occasionally (When needed),High Impact (Frequent disruption),Moderate Risk
STU0534,3/31/2026 11:15,Third Year (TY),BCA,21,Male,7.0 – 8.4,Unsatisfied,1–2 hours,2,Rarely,30–60 minutes,More than 6 hours,Other,Sometimes,Often,Actively preparing for a goal (placements/exams),Very clear,Both hard and soft skills,4,3,3,Often,More than 8 hours,Automation Engineer,Planning to enroll soon,Planning to start a project/internship soon,"Basic knowledge, learning while practicing","Rarely participate, mostly observe",Sometimes,Above 85%,"Soft Skills (Communication, Leadership, Teamwork)",Lack of Consistency or Determination (Difficulty sticking to a plan),Occasionally (When needed),High Impact (Frequent disruption),Moderate Risk
STU0535,3/28/2026 14:11,Third Year (TY),BCA,20,Male,8.5 – 9.4,Satisfied,More than 2 hours,5,Daily,More than 2 hours,More than 6 hours,Social interactions,Sometimes,Sometimes,Thinking about it,Not clear,"Hard skills (programming, data analytics, technical skills)",3,3,2,Always,4–5 hours,Digital Marketing Specialist,"No, not interested","Not currently, but intend to in the future","Basic knowledge, learning while practicing","Rarely participate, mostly observe",Sometimes,66% – 75%,"Soft Skills (Communication, Leadership, Teamwork)",Lack of Consistency or Determination (Difficulty sticking to a plan),Occasionally (When needed),Low Impact (Rarely affects study),Moderate Risk
STU0536,4/13/2026 8:42,Final Year,BCA,21,Male,5.0 – 6.9,Neutral,Less than 1 hour,2,Never,1–2 hours,More than 6 hours,Video content (YouTube/OTT),Sometimes,Sometimes,Thinking about it,Somewhat clear,"Soft skills (communication, teamwork, leadership, financial literacy)",4,4,2,Never,6–7 hours,Cyber Security Analyst,"Yes, currently enrolled in one or more courses/certifications","Not currently, but intend to in the future","Basic knowledge, learning while practicing",Occasionally participate in events,Always,66% – 75%,"Soft Skills (Communication, Leadership, Teamwork)",Procrastination / Low Motivation,Rarely (Passive),High Impact (Frequent disruption),High Risk
STU0537,3/16/2026 13:32,Second Year (PG),BCA,26,Male,8.5 – 9.4,Satisfied,Less than 1 hour,,Rarely,1–2 hours,More than 6 hours,Video content (YouTube/OTT),Mostly consistent,Sometimes,Planning to start soon,Very clear,Both hard and soft skills,3,3,2,Often,4–5 hours,Cyber Security Analyst,"Yes, currently enrolled in one or more courses/certifications","Not currently, but intend to in the future","Limited knowledge, theoretical only",Never participate in such events,Sometimes,76% – 85%,"Soft Skills (Communication, Leadership, Teamwork)",Difficulty with Focus / Concentration,Rarely (Passive),High Impact (Frequent disruption),Moderate Risk
STU0538,3/17/2026 2:29,Second Year (PG),BSc Cyber Security,23,Female,8.5 – 9.4,Satisfied,More than 2 hours,3,Daily,30–60 minutes,4–6 hours,Video content (YouTube/OTT),Sometimes,Sometimes,Planning to start soon,Very clear,"Soft skills (communication, teamwork, leadership, financial literacy)",2,4,3,Always,,AI / ML,Planning to enroll soon,Planning to start a project/internship soon,"Basic knowledge, learning while practicing","Rarely participate, mostly observe",Often,66% – 75%,"Soft Skills (Communication, Leadership, Teamwork)",Poor Time Management / Over-scheduling,Occasionally (When needed),Moderate Impact (Occasional disruption),Moderate Risk
STU0539,3/15/2026 12:48,Second Year (SY),BSc Cyber Security,21,Male,9.5 – 10.0,Satisfied,1–2 hours,4,Few times a week,More than 2 hours,More than 6 hours,Gaming,Mostly consistent,Sometimes,Thinking about it,Very clear,"Hard skills (programming, data analytics, technical skills)",4,1,2,Sometimes,6–7 hours,Digital Marketing Specialist,"Not currently, but intend to in the future",Planning to start a project/internship soon,"Limited knowledge, theoretical only",Never participate in such events,Often,76% – 85%,"Management/Execution (Planning, Organizing, Discipline)",Difficulty with Focus / Concentration,Occasionally (When needed),No Impact (Fully supportive environment),Low Risk
STU0540,3/24/2026 14:44,First Year (FY),BCA,18,Female,7.0 – 8.4,Satisfied,1–2 hours,2,,1–2 hours,4–6 hours,Social interactions,Rarely,Always,Thinking about it,Somewhat clear,"Hard skills (programming, data analytics, technical skills)",3,4,2,Often,4–5 hours,Data Analyst,"Not currently, but intend to in the future",Planning to start a project/internship soon,"Limited knowledge, theoretical only","Rarely participate, mostly observe",Rarely,76% – 85%,"Creative/Design Skills (Innovation, UI/UX, Content)",Poor Time Management / Over-scheduling,Occasionally (When needed),Low Impact (Rarely affects study),High Risk
STU0541,4/14/2026 10:14,Second Year (SY),BCA,19,Female,8.5 – 9.4,Satisfied,1–2 hours,4,Never,More than 2 hours,More than 6 hours,Video content (YouTube/OTT),Mostly consistent,Often,Thinking about it,Somewhat clear,"Soft skills (communication, teamwork, leadership, financial literacy)",3,3,3,Often,4–5 hours,Data Analyst,"No, not interested","Yes, actively working on projects/internship","Limited knowledge, theoretical only",Never participate in such events,Often,76% – 85%,"Soft Skills (Communication, Leadership, Teamwork)",Lack of Consistency or Determination (Difficulty sticking to a plan),Rarely (Passive),Moderate Impact (Occasional disruption),Moderate Risk
STU0542,3/18/2026 16:13,Second Year (SY),BSc IT,20,Female,9.5 – 10.0,Neutral,1–2 hours,5,,More than 2 hours,,Other,Mostly consistent,Always,Thinking about it,Very clear,Both hard and soft skills,3,3,2,Sometimes,6–7 hours,Data Analyst,Planning to enroll soon,"Yes, actively working on projects/internship","Basic knowledge, learning while practicing",Occasionally participate in events,Always,76% – 85%,"Soft Skills (Communication, Leadership, Teamwork)",Difficulty with Focus / Concentration,Rarely (Passive),High Impact (Frequent disruption),Low Risk
STU0543,3/18/2026 8:31,Second Year (SY),BBA,21,Male,5.0 – 6.9,Neutral,Less than 1 hour,5,Never,More than 2 hours,More than 6 hours,Video content (YouTube/OTT),Rarely,Rarely,Planning to start soon,Somewhat clear,Both hard and soft skills,5,3,2,Often,6–7 hours,AI / ML,Planning to enroll soon,"Yes, actively working on projects/internship","Basic knowledge, learning while practicing","Rarely participate, mostly observe",Sometimes,66% – 75%,"Management/Execution (Planning, Organizing, Discipline)",Procrastination / Low Motivation,Rarely (Passive),No Impact (Fully supportive environment),High Risk
STU0544,4/6/2026 10:56,Third Year (TY),BA,21,Male,5.0 – 6.9,Neutral,Less than 1 hour,1,Rarely,30–60 minutes,,Video content (YouTube/OTT),Sometimes,Rarely,Actively preparing for a goal (placements/exams),Somewhat clear,Both hard and soft skills,3,3,1,Never,6–7 hours,Cyber Security Analyst,"No, not interested","Not currently, but intend to in the future","Basic knowledge, learning while practicing",,Always,76% – 85%,"Technical/Hard Skills (Coding, Math, Logic)",Lack of Consistency or Determination (Difficulty sticking to a plan),,Moderate Impact (Occasional disruption),High Risk
STU0545,3/24/2026 12:07,First Year (PG),BA,23,Female,5.0 – 6.9,Very unsatisfied,Less than 1 hour,2,Rarely,1–2 hours,More than 6 hours,Gaming,Mostly consistent,Sometimes,Planning to start soon,Very clear,"Hard skills (programming, data analytics, technical skills)",4,3,2,Sometimes,6–7 hours,Other,"Yes, currently enrolled in one or more courses/certifications",Planning to start a project/internship soon,"Basic knowledge, learning while practicing","Rarely participate, mostly observe",Always,Above 85%,"Creative/Design Skills (Innovation, UI/UX, Content)",Difficulty with Focus / Concentration,Never (Unaware or Not interested),Moderate Impact (Occasional disruption),Moderate Risk
STU0546,3/19/2026 13:21,Third Year (TY),BCA,21,Female,5.0 – 6.9,Unsatisfied,1–2 hours,4,Few times a week,1–2 hours,More than 6 hours,Gaming,Sometimes,Always,Actively preparing for a goal (placements/exams),Very clear,"Hard skills (programming, data analytics, technical skills)",5,2,3,Often,More than 8 hours,Cyber Security Analyst,"No, not interested",Planning to start a project/internship soon,"Limited knowledge, theoretical only",Never participate in such events,Sometimes,76% – 85%,"Soft Skills (Communication, Leadership, Teamwork)",Difficulty with Focus / Concentration,Occasionally (When needed),Low Impact (Rarely affects study),Moderate Risk
STU0547,4/9/2026 16:15,Second Year (PG),BCA,24,Male,5.0 – 6.9,Unsatisfied,More than 2 hours,3,Few times a week,1–2 hours,2–4 hours,Video content (YouTube/OTT),Sometimes,Often,Actively preparing for a goal (placements/exams),Very clear,Both hard and soft skills,,3,2,Sometimes,More than 8 hours,Digital Marketing Specialist,"Yes, currently enrolled in one or more courses/certifications","Yes, actively working on projects/internship","Basic knowledge, learning while practicing",Never participate in such events,Sometimes,50% – 65%,"Technical/Hard Skills (Coding, Math, Logic)",Poor Time Management / Over-scheduling,Occasionally (When needed),Low Impact (Rarely affects study),High Risk
STU0548,4/9/2026 14:53,Third Year (TY),BCA,20,Female,7.0 – 8.4,Unsatisfied,Less than 1 hour,1,Few times a week,1–2 hours,4–6 hours,Social media,Mostly consistent,Always,Planning to start soon,Somewhat clear,"Hard skills (programming, data analytics, technical skills)",1,4,1,Often,6–7 hours,Data Analyst,Planning to enroll soon,"Yes, actively working on projects/internship","Basic knowledge, learning while practicing",Never participate in such events,Often,76% – 85%,"Soft Skills (Communication, Leadership, Teamwork)",Difficulty with Focus / Concentration,Rarely (Passive),High Impact (Frequent disruption),Moderate Risk
STU0549,4/14/2026 7:05,First Year (FY),BSc Computer Science,18,Female,9.5 – 10.0,Satisfied,1–2 hours,3,Rarely,1–2 hours,More than 6 hours,Video content (YouTube/OTT),Sometimes,Sometimes,Planning to start soon,Very clear,"Soft skills (communication, teamwork, leadership, financial literacy)",1,4,3,Often,4–5 hours,Digital Marketing Specialist,,"Yes, actively working on projects/internship",Strong foundation in core concepts,Never participate in such events,Rarely,Above 85%,"Technical/Hard Skills (Coding, Math, Logic)",Lack of Consistency or Determination (Difficulty sticking to a plan),Occasionally (When needed),Low Impact (Rarely affects study),Moderate Risk
STU0550,4/1/2026 13:38,First Year (PG),BCA,23,Female,5.0 – 6.9,Very unsatisfied,Less than 1 hour,4,Rarely,1–2 hours,More than 6 hours,Other,Sometimes,Rarely,Planning to start soon,Somewhat clear,"Soft skills (communication, teamwork, leadership, financial literacy)",1,5,3,Sometimes,6–7 hours,Cyber Security Analyst,"Not currently, but intend to in the future","Not currently, but intend to in the future","Basic knowledge, learning while practicing","Rarely participate, mostly observe",Sometimes,66% – 75%,"Creative/Design Skills (Innovation, UI/UX, Content)",Poor Time Management / Over-scheduling,,Moderate Impact (Occasional disruption),High Risk
STU0551,4/7/2026 21:46,First Year (FY),BCom,18,Female,8.5 – 9.4,Satisfied,1–2 hours,4,Rarely,30–60 minutes,More than 6 hours,Social media,Mostly consistent,Often,Actively preparing for a goal (placements/exams),Very clear,"Hard skills (programming, data analytics, technical skills)",4,2,3,Often,6–7 hours,AI / ML,"No, not interested","Yes, actively working on projects/internship","Basic knowledge, learning while practicing",Never participate in such events,Always,76% – 85%,"Technical/Hard Skills (Coding, Math, Logic)",Difficulty with Focus / Concentration,Occasionally (When needed),Low Impact (Rarely affects study),Low Risk
STU0552,4/8/2026 9:12,Third Year (TY),BA,21,Male,5.0 – 6.9,Unsatisfied,1–2 hours,5,Never,30–60 minutes,4–6 hours,Video content (YouTube/OTT),Sometimes,Sometimes,Thinking about it,Somewhat clear,Both hard and soft skills,4,3,2,Sometimes,6–7 hours,Automation Engineer,"Yes, currently enrolled in one or more courses/certifications","Not currently, but intend to in the future","Limited knowledge, theoretical only","Rarely participate, mostly observe",Rarely,Above 85%,"Technical/Hard Skills (Coding, Math, Logic)",Procrastination / Low Motivation,Occasionally (When needed),Moderate Impact (Occasional disruption),Moderate Risk
STU0553,4/4/2026 9:23,Third Year (TY),BCA,22,Male,7.0 – 8.4,Neutral,1–2 hours,1,Never,1–2 hours,More than 6 hours,Social media,Sometimes,Rarely,Planning to start soon,Not clear,Both hard and soft skills,4,3,3,Sometimes,6–7 hours,AI / ML,"No, not interested","Not currently, but intend to in the future","Limited knowledge, theoretical only",,Sometimes,76% – 85%,"Technical/Hard Skills (Coding, Math, Logic)",Poor Time Management / Over-scheduling,Rarely (Passive),No Impact (Fully supportive environment),Moderate Risk
STU0554,3/27/2026 9:58,Second Year (SY),BCA,20,Female,7.0 – 8.4,Satisfied,1–2 hours,3,Rarely,1–2 hours,More than 6 hours,Social media,Sometimes,Sometimes,Planning to start soon,Very clear,Both hard and soft skills,3,2,3,Sometimes,More than 8 hours,AI / ML,"Not currently, but intend to in the future",Planning to start a project/internship soon,"Basic knowledge, learning while practicing",Never participate in such events,Rarely,Less than 50%,"Technical/Hard Skills (Coding, Math, Logic)",Poor Time Management / Over-scheduling,Occasionally (When needed),Moderate Impact (Occasional disruption),Moderate Risk
STU0555,4/12/2026 14:48,First Year (PG),BCA,22,Female,7.0 – 8.4,Neutral,Less than 1 hour,1,Few times a week,30–60 minutes,4–6 hours,Gaming,Sometimes,Rarely,Thinking about it,Not clear,"Soft skills (communication, teamwork, leadership, financial literacy)",2,2,2,Always,6–7 hours,Automation Engineer,,"Yes, actively working on projects/internship",Strong foundation in core concepts,"Rarely participate, mostly observe",Always,50% – 65%,"Soft Skills (Communication, Leadership, Teamwork)",Difficulty with Focus / Concentration,Occasionally (When needed),High Impact (Frequent disruption),Moderate Risk
STU0556,3/31/2026 16:26,Second Year (PG),BSc Computer Science,26,Male,5.0 – 6.9,Very unsatisfied,1–2 hours,3,Rarely,1–2 hours,More than 6 hours,Social media,Rarely,Rarely,Actively preparing for a goal (placements/exams),Not clear,"Hard skills (programming, data analytics, technical skills)",3,3,1,Always,6–7 hours,Other,Planning to enroll soon,"Not currently, but intend to in the future","Limited knowledge, theoretical only",Occasionally participate in events,Sometimes,66% – 75%,"Soft Skills (Communication, Leadership, Teamwork)",Procrastination / Low Motivation,Never (Unaware or Not interested),Moderate Impact (Occasional disruption),High Risk
STU0557,3/21/2026 14:48,First Year (FY),BCA,18,Male,7.0 – 8.4,Unsatisfied,1–2 hours,2,Rarely,More than 2 hours,More than 6 hours,Social media,Sometimes,Rarely,Actively preparing for a goal (placements/exams),Somewhat clear,"Soft skills (communication, teamwork, leadership, financial literacy)",2,5,1,Often,4–5 hours,Software Developer,Planning to enroll soon,Planning to start a project/internship soon,"Limited knowledge, theoretical only",,Rarely,Less than 50%,"Soft Skills (Communication, Leadership, Teamwork)",Lack of Consistency or Determination (Difficulty sticking to a plan),Occasionally (When needed),Low Impact (Rarely affects study),High Risk
STU0558,3/18/2026 10:48,First Year (PG),BCA,22,Female,5.0 – 6.9,Very unsatisfied,1–2 hours,3,Rarely,,4–6 hours,Social media,Sometimes,Often,Actively preparing for a goal (placements/exams),Somewhat clear,Both hard and soft skills,4,3,3,Often,,Other,"No, not interested","Not currently, but intend to in the future","Basic knowledge, learning while practicing","Rarely participate, mostly observe",Often,50% – 65%,"Technical/Hard Skills (Coding, Math, Logic)",Difficulty with Focus / Concentration,Rarely (Passive),Moderate Impact (Occasional disruption),High Risk
STU0559,4/3/2026 9:21,Final Year,BCA,22,Male,7.0 – 8.4,Unsatisfied,1–2 hours,2,Few times a week,30–60 minutes,More than 6 hours,Social media,Rarely,Sometimes,Planning to start soon,Somewhat clear,Both hard and soft skills,4,2,1,Never,More than 8 hours,Cyber Security Analyst,"Yes, currently enrolled in one or more courses/certifications","Not currently, but intend to in the future","Limited knowledge, theoretical only",Occasionally participate in events,Sometimes,50% – 65%,"Soft Skills (Communication, Leadership, Teamwork)",Lack of Consistency or Determination (Difficulty sticking to a plan),,No Impact (Fully supportive environment),High Risk
STU0560,4/7/2026 16:25,First Year (FY),BSc IT,17,Male,7.0 – 8.4,Unsatisfied,1–2 hours,,Never,1–2 hours,2–4 hours,Gaming,Sometimes,Sometimes,Actively preparing for a goal (placements/exams),Very clear,Both hard and soft skills,4,2,2,Often,More than 8 hours,Other,Planning to enroll soon,Planning to start a project/internship soon,Strong foundation in core concepts,"Rarely participate, mostly observe",Rarely,66% – 75%,"Management/Execution (Planning, Organizing, Discipline)",Lack of Consistency or Determination (Difficulty sticking to a plan),,Low Impact (Rarely affects study),Moderate Risk
STU0561,3/25/2026 18:52,Third Year (TY),BCom,20,Male,5.0 – 6.9,Neutral,Less than 1 hour,3,Daily,1–2 hours,More than 6 hours,Gaming,Sometimes,Often,Actively preparing for a goal (placements/exams),Somewhat clear,Both hard and soft skills,2,5,3,Often,6–7 hours,Software Developer,"Not currently, but intend to in the future","Not currently, but intend to in the future","Limited knowledge, theoretical only",Never participate in such events,Sometimes,Less than 50%,"Management/Execution (Planning, Organizing, Discipline)",Poor Time Management / Over-scheduling,Never (Unaware or Not interested),No Impact (Fully supportive environment),High Risk
STU0562,4/11/2026 3:42,Second Year (PG),BCA,23,Female,8.5 – 9.4,Neutral,Less than 1 hour,3,Few times a week,1–2 hours,More than 6 hours,Gaming,Rarely,Often,Actively preparing for a goal (placements/exams),Very clear,Both hard and soft skills,3,4,2,Always,More than 8 hours,Digital Marketing Specialist,"No, not interested","Not currently, but intend to in the future",Strong foundation in core concepts,Occasionally participate in events,Often,76% – 85%,"Soft Skills (Communication, Leadership, Teamwork)",Procrastination / Low Motivation,Rarely (Passive),Low Impact (Rarely affects study),High Risk
STU0563,3/29/2026 11:55,Third Year (TY),BA,20,Female,7.0 – 8.4,Neutral,Less than 1 hour,2,Never,More than 2 hours,More than 6 hours,Social media,Sometimes,Sometimes,Planning to start soon,Not clear,Both hard and soft skills,1,2,2,Sometimes,6–7 hours,AI / ML,Planning to enroll soon,"Not currently, but intend to in the future","Basic knowledge, learning while practicing",,Sometimes,50% – 65%,"Soft Skills (Communication, Leadership, Teamwork)",Procrastination / Low Motivation,Occasionally (When needed),Moderate Impact (Occasional disruption),Moderate Risk
STU0564,4/8/2026 9:24,First Year (FY),BCA,18,Female,8.5 – 9.4,Neutral,More than 2 hours,5,Few times a week,More than 2 hours,4–6 hours,Social media,Mostly consistent,Always,Planning to start soon,Very clear,"Soft skills (communication, teamwork, leadership, financial literacy)",3,3,2,Often,6–7 hours,Software Developer,"No, not interested","Yes, actively working on projects/internship",Strong foundation in core concepts,"Rarely participate, mostly observe",Often,Above 85%,"Technical/Hard Skills (Coding, Math, Logic)",Procrastination / Low Motivation,Occasionally (When needed),Moderate Impact (Occasional disruption),Low Risk
STU0565,3/17/2026 10:38,Third Year (TY),BSc Computer Science,22,Female,9.5 – 10.0,Satisfied,Less than 1 hour,2,Rarely,1–2 hours,2–4 hours,Social media,Mostly consistent,Often,Actively preparing for a goal (placements/exams),Very clear,Both hard and soft skills,3,5,2,Sometimes,6–7 hours,Data Analyst,"Not currently, but intend to in the future","Not currently, but intend to in the future","Basic knowledge, learning while practicing",Occasionally participate in events,Always,Above 85%,"Technical/Hard Skills (Coding, Math, Logic)",Difficulty with Focus / Concentration,Rarely (Passive),Low Impact (Rarely affects study),Moderate Risk
STU0566,4/13/2026 19:37,First Year (FY),BCA,17,Male,7.0 – 8.4,Satisfied,Less than 1 hour,3,Never,More than 2 hours,4–6 hours,Video content (YouTube/OTT),Rarely,Rarely,Planning to start soon,Somewhat clear,Both hard and soft skills,4,2,,Often,More than 8 hours,Other,"No, not interested","Yes, actively working on projects/internship","Basic knowledge, learning while practicing","Rarely participate, mostly observe",Often,66% – 75%,"Creative/Design Skills (Innovation, UI/UX, Content)",Procrastination / Low Motivation,Occasionally (When needed),No Impact (Fully supportive environment),Moderate Risk
STU0567,4/13/2026 13:43,Third Year (TY),BCA,20,Female,5.0 – 6.9,Satisfied,1–2 hours,2,Rarely,1–2 hours,More than 6 hours,Social media,Sometimes,Often,Actively preparing for a goal (placements/exams),Very clear,"Hard skills (programming, data analytics, technical skills)",3,4,1,Never,6–7 hours,Automation Engineer,Planning to enroll soon,"Yes, actively working on projects/internship","Basic knowledge, learning while practicing","Rarely participate, mostly observe",Often,50% – 65%,"Technical/Hard Skills (Coding, Math, Logic)",Procrastination / Low Motivation,Occasionally (When needed),Moderate Impact (Occasional disruption),High Risk
STU0568,4/11/2026 7:42,Third Year (TY),BCA,22,Male,5.0 – 6.9,Satisfied,1–2 hours,,Few times a week,30–60 minutes,4–6 hours,Social media,Sometimes,Sometimes,Planning to start soon,Somewhat clear,"Hard skills (programming, data analytics, technical skills)",4,3,3,Sometimes,More than 8 hours,AI / ML,"Not currently, but intend to in the future","Yes, actively working on projects/internship","Basic knowledge, learning while practicing","Rarely participate, mostly observe",Often,66% – 75%,"Creative/Design Skills (Innovation, UI/UX, Content)",Procrastination / Low Motivation,Occasionally (When needed),No Impact (Fully supportive environment),High Risk
STU0569,4/10/2026 15:09,Second Year (PG),BCA,24,Male,7.0 – 8.4,Unsatisfied,1–2 hours,1,Daily,1–2 hours,4–6 hours,Other,Sometimes,Sometimes,Planning to start soon,Very clear,Both hard and soft skills,5,1,2,Often,4–5 hours,AI / ML,"Yes, currently enrolled in one or more courses/certifications","Not currently, but intend to in the future","Basic knowledge, learning while practicing","Rarely participate, mostly observe",Sometimes,76% – 85%,"Soft Skills (Communication, Leadership, Teamwork)",Procrastination / Low Motivation,Occasionally (When needed),,Moderate Risk
STU0570,3/25/2026 11:25,Second Year (SY),BA,20,Female,5.0 – 6.9,Very unsatisfied,1–2 hours,2,Never,1–2 hours,More than 6 hours,Social media,Rarely,Sometimes,Planning to start soon,Not clear,"Hard skills (programming, data analytics, technical skills)",4,3,1,Sometimes,6–7 hours,Cyber Security Analyst,"No, not interested","Not currently, but intend to in the future","Basic knowledge, learning while practicing","Rarely participate, mostly observe",Sometimes,66% – 75%,"Soft Skills (Communication, Leadership, Teamwork)",Lack of Consistency or Determination (Difficulty sticking to a plan),Never (Unaware or Not interested),Moderate Impact (Occasional disruption),High Risk
STU0571,3/16/2026 18:51,Final Year,BSc IT,23,Female,7.0 – 8.4,Satisfied,1–2 hours,4,Few times a week,30–60 minutes,More than 6 hours,Social media,Sometimes,Rarely,Thinking about it,Not clear,Both hard and soft skills,2,4,2,Always,6–7 hours,Cyber Security Analyst,Planning to enroll soon,"Not currently, but intend to in the future","Limited knowledge, theoretical only",Never participate in such events,Often,Above 85%,"Technical/Hard Skills (Coding, Math, Logic)",Lack of Consistency or Determination (Difficulty sticking to a plan),Never (Unaware or Not interested),Moderate Impact (Occasional disruption),Moderate Risk
STU0572,4/11/2026 15:50,Third Year (TY),BCA,20,Male,9.5 – 10.0,Satisfied,1–2 hours,4,Rarely,30–60 minutes,More than 6 hours,Video content (YouTube/OTT),Sometimes,Always,Thinking about it,Very clear,"Hard skills (programming, data analytics, technical skills)",3,3,3,Never,6–7 hours,Digital Marketing Specialist,"Not currently, but intend to in the future","Not currently, but intend to in the future","Limited knowledge, theoretical only",Occasionally participate in events,Rarely,Above 85%,"Management/Execution (Planning, Organizing, Discipline)",Difficulty with Focus / Concentration,Rarely (Passive),Moderate Impact (Occasional disruption),Low Risk
STU0573,3/27/2026 21:46,Second Year (PG),BBA,24,Female,9.5 – 10.0,Very satisfied,More than 2 hours,,Daily,1–2 hours,2–4 hours,Video content (YouTube/OTT),Mostly consistent,Sometimes,Planning to start soon,Very clear,"Soft skills (communication, teamwork, leadership, financial literacy)",2,5,3,Never,6–7 hours,Software Developer,"Not currently, but intend to in the future","Yes, actively working on projects/internship","Basic knowledge, learning while practicing","Rarely participate, mostly observe",Often,Above 85%,"Soft Skills (Communication, Leadership, Teamwork)",Procrastination / Low Motivation,Never (Unaware or Not interested),Low Impact (Rarely affects study),Moderate Risk
STU0574,4/4/2026 15:17,First Year (FY),BCA,19,Male,5.0 – 6.9,Neutral,Less than 1 hour,3,,30–60 minutes,More than 6 hours,Social media,Rarely,Often,Planning to start soon,Somewhat clear,"Hard skills (programming, data analytics, technical skills)",4,1,1,Often,More than 8 hours,Cyber Security Analyst,"Yes, currently enrolled in one or more courses/certifications",Planning to start a project/internship soon,"Basic knowledge, learning while practicing","Rarely participate, mostly observe",Often,66% – 75%,"Soft Skills (Communication, Leadership, Teamwork)",Lack of Consistency or Determination (Difficulty sticking to a plan),Rarely (Passive),Moderate Impact (Occasional disruption),Moderate Risk
STU0575,3/30/2026 9:24,Third Year (TY),BCA,22,Male,9.5 – 10.0,Neutral,More than 2 hours,4,Few times a week,1–2 hours,4–6 hours,Video content (YouTube/OTT),Sometimes,Often,Thinking about it,Very clear,Both hard and soft skills,4,5,2,Never,6–7 hours,AI / ML,"Not currently, but intend to in the future",Planning to start a project/internship soon,"Limited knowledge, theoretical only","Rarely participate, mostly observe",Often,Above 85%,"Soft Skills (Communication, Leadership, Teamwork)",Difficulty with Focus / Concentration,Occasionally (When needed),Moderate Impact (Occasional disruption),Moderate Risk
STU0576,3/31/2026 12:04,Second Year (SY),BA,21,Female,8.5 – 9.4,Satisfied,More than 2 hours,3,Rarely,1–2 hours,2–4 hours,Social media,Sometimes,Always,Planning to start soon,Very clear,"Hard skills (programming, data analytics, technical skills)",3,4,1,Sometimes,6–7 hours,Automation Engineer,Planning to enroll soon,"Not currently, but intend to in the future",,Occasionally participate in events,Always,66% – 75%,"Creative/Design Skills (Innovation, UI/UX, Content)",Lack of Consistency or Determination (Difficulty sticking to a plan),Never (Unaware or Not interested),Moderate Impact (Occasional disruption),Moderate Risk
STU0577,3/21/2026 14:36,Second Year (SY),BSc Computer Science,21,Male,7.0 – 8.4,Unsatisfied,Less than 1 hour,4,Few times a week,1–2 hours,4–6 hours,Gaming,Mostly consistent,Sometimes,Planning to start soon,Somewhat clear,Both hard and soft skills,4,1,2,Never,More than 8 hours,Other,"Not currently, but intend to in the future","Not currently, but intend to in the future","Limited knowledge, theoretical only",,Sometimes,50% – 65%,"Technical/Hard Skills (Coding, Math, Logic)",Poor Time Management / Over-scheduling,Occasionally (When needed),Moderate Impact (Occasional disruption),Moderate Risk
STU0578,4/12/2026 15:33,Second Year (SY),BCA,20,Male,7.0 – 8.4,Neutral,Less than 1 hour,3,Few times a week,30–60 minutes,More than 6 hours,Video content (YouTube/OTT),Sometimes,Rarely,Thinking about it,Somewhat clear,"Soft skills (communication, teamwork, leadership, financial literacy)",4,4,1,Never,More than 8 hours,Automation Engineer,Planning to enroll soon,Planning to start a project/internship soon,"Limited knowledge, theoretical only",Occasionally participate in events,Often,50% – 65%,"Creative/Design Skills (Innovation, UI/UX, Content)",Lack of Consistency or Determination (Difficulty sticking to a plan),Occasionally (When needed),High Impact (Frequent disruption),High Risk
STU0579,4/11/2026 12:19,Second Year (PG),BCA,24,Female,7.0 – 8.4,Unsatisfied,1–2 hours,3,Few times a week,1–2 hours,4–6 hours,Video content (YouTube/OTT),Sometimes,Sometimes,Planning to start soon,Very clear,Both hard and soft skills,2,5,3,Always,4–5 hours,Data Analyst,"Not currently, but intend to in the future","Not currently, but intend to in the future","Basic knowledge, learning while practicing","Rarely participate, mostly observe",Often,66% – 75%,"Management/Execution (Planning, Organizing, Discipline)",Lack of Consistency or Determination (Difficulty sticking to a plan),Never (Unaware or Not interested),High Impact (Frequent disruption),High Risk
STU0580,4/14/2026 12:27,Second Year (SY),BCom,21,Male,7.0 – 8.4,Neutral,Less than 1 hour,3,Rarely,30–60 minutes,More than 6 hours,Video content (YouTube/OTT),Sometimes,Sometimes,Actively preparing for a goal (placements/exams),Very clear,Both hard and soft skills,3,5,3,Sometimes,More than 8 hours,AI / ML,"Not currently, but intend to in the future","Not currently, but intend to in the future",Strong foundation in core concepts,Never participate in such events,Always,50% – 65%,"Management/Execution (Planning, Organizing, Discipline)",Difficulty with Focus / Concentration,Never (Unaware or Not interested),Low Impact (Rarely affects study),High Risk
STU0581,3/28/2026 12:50,Second Year (PG),BA,26,Female,8.5 – 9.4,Very satisfied,More than 2 hours,,Never,30–60 minutes,2–4 hours,Video content (YouTube/OTT),Sometimes,Sometimes,Planning to start soon,Somewhat clear,Both hard and soft skills,3,3,2,Often,6–7 hours,Cyber Security Analyst,Planning to enroll soon,"Not currently, but intend to in the future","Basic knowledge, learning while practicing",Never participate in such events,Sometimes,Above 85%,"Technical/Hard Skills (Coding, Math, Logic)",Difficulty with Focus / Concentration,Occasionally (When needed),High Impact (Frequent disruption),Moderate Risk
STU0582,3/18/2026 21:00,Second Year (SY),BSc Cyber Security,20,Female,9.5 – 10.0,Neutral,Less than 1 hour,3,Rarely,30–60 minutes,4–6 hours,Other,Mostly consistent,Always,Actively preparing for a goal (placements/exams),Very clear,"Hard skills (programming, data analytics, technical skills)",1,2,2,Often,6–7 hours,Software Developer,"No, not interested","Not currently, but intend to in the future",Strong foundation in core concepts,"Rarely participate, mostly observe",Always,76% – 85%,"Technical/Hard Skills (Coding, Math, Logic)",Lack of Consistency or Determination (Difficulty sticking to a plan),Occasionally (When needed),Moderate Impact (Occasional disruption),Low Risk
STU0583,4/3/2026 10:17,Third Year (TY),BBA,20,Male,9.5 – 10.0,Very satisfied,1–2 hours,2,Few times a week,30–60 minutes,More than 6 hours,Social media,Sometimes,Often,Thinking about it,Somewhat clear,"Hard skills (programming, data analytics, technical skills)",4,1,1,Sometimes,6–7 hours,Cyber Security Analyst,"No, not interested","Not currently, but intend to in the future","Limited knowledge, theoretical only","Rarely participate, mostly observe",Often,Above 85%,"Soft Skills (Communication, Leadership, Teamwork)",Lack of Consistency or Determination (Difficulty sticking to a plan),Rarely (Passive),,Low Risk
STU0584,4/6/2026 10:32,Final Year,BCA,21,Female,8.5 – 9.4,Neutral,1–2 hours,2,Never,1–2 hours,More than 6 hours,Video content (YouTube/OTT),Sometimes,Always,Actively preparing for a goal (placements/exams),Somewhat clear,Both hard and soft skills,4,5,1,Sometimes,More than 8 hours,Automation Engineer,"No, not interested","Not currently, but intend to in the future",Strong foundation in core concepts,"Rarely participate, mostly observe",Often,76% – 85%,"Soft Skills (Communication, Leadership, Teamwork)",Procrastination / Low Motivation,Never (Unaware or Not interested),High Impact (Frequent disruption),High Risk
STU0585,3/31/2026 9:29,First Year (FY),BSc Cyber Security,18,Female,9.5 – 10.0,Satisfied,Less than 1 hour,2,Never,30–60 minutes,4–6 hours,Social media,Sometimes,Always,Planning to start soon,Very clear,Both hard and soft skills,4,3,3,Often,6–7 hours,Digital Marketing Specialist,"No, not interested",Planning to start a project/internship soon,"Basic knowledge, learning while practicing",Never participate in such events,Sometimes,Above 85%,"Technical/Hard Skills (Coding, Math, Logic)",Difficulty with Focus / Concentration,Never (Unaware or Not interested),Low Impact (Rarely affects study),Low Risk
STU0586,3/20/2026 20:05,Second Year (PG),BCom,23,Male,8.5 – 9.4,Neutral,More than 2 hours,4,Daily,More than 2 hours,More than 6 hours,Social media,Sometimes,Sometimes,Planning to start soon,Very clear,"Hard skills (programming, data analytics, technical skills)",,3,2,Sometimes,More than 8 hours,AI / ML,"Yes, currently enrolled in one or more courses/certifications","Not currently, but intend to in the future","Basic knowledge, learning while practicing",Occasionally participate in events,Often,50% – 65%,"Soft Skills (Communication, Leadership, Teamwork)",Procrastination / Low Motivation,Occasionally (When needed),Moderate Impact (Occasional disruption),Moderate Risk
STU0587,3/27/2026 7:07,First Year (PG),BA,22,Male,9.5 – 10.0,Satisfied,Less than 1 hour,1,Rarely,1–2 hours,4–6 hours,Social interactions,Mostly consistent,Often,Actively preparing for a goal (placements/exams),Very clear,"Hard skills (programming, data analytics, technical skills)",3,3,2,Sometimes,6–7 hours,Software Developer,"Not currently, but intend to in the future",Planning to start a project/internship soon,"Basic knowledge, learning while practicing","Rarely participate, mostly observe",Often,76% – 85%,"Management/Execution (Planning, Organizing, Discipline)",Difficulty with Focus / Concentration,Occasionally (When needed),Moderate Impact (Occasional disruption),Low Risk
STU0588,3/29/2026 17:38,Final Year,BCA,21,Male,7.0 – 8.4,Neutral,More than 2 hours,3,Few times a week,1–2 hours,4–6 hours,Social interactions,Sometimes,Always,Planning to start soon,Not clear,Both hard and soft skills,2,4,3,Often,4–5 hours,AI / ML,"Not currently, but intend to in the future",Planning to start a project/internship soon,Strong foundation in core concepts,"Rarely participate, mostly observe",Often,50% – 65%,"Creative/Design Skills (Innovation, UI/UX, Content)",Poor Time Management / Over-scheduling,Never (Unaware or Not interested),No Impact (Fully supportive environment),High Risk
STU0589,4/10/2026 11:15,Third Year (TY),BCA,22,Male,9.5 – 10.0,Satisfied,More than 2 hours,2,Few times a week,1–2 hours,More than 6 hours,Other,Sometimes,Often,Planning to start soon,Somewhat clear,Both hard and soft skills,4,,3,Often,6–7 hours,AI / ML,"Not currently, but intend to in the future","Yes, actively working on projects/internship","Basic knowledge, learning while practicing",Occasionally participate in events,Rarely,66% – 75%,"Soft Skills (Communication, Leadership, Teamwork)",Difficulty with Focus / Concentration,Rarely (Passive),Low Impact (Rarely affects study),Low Risk
STU0590,3/29/2026 15:59,Final Year,BCA,23,Female,8.5 – 9.4,Neutral,1–2 hours,1,Few times a week,,4–6 hours,Gaming,Mostly consistent,Often,Actively preparing for a goal (placements/exams),Not clear,"Soft skills (communication, teamwork, leadership, financial literacy)",2,1,3,Often,4–5 hours,Digital Marketing Specialist,"Yes, currently enrolled in one or more courses/certifications","Yes, actively working on projects/internship",,"Rarely participate, mostly observe",Always,76% – 85%,"Technical/Hard Skills (Coding, Math, Logic)",Procrastination / Low Motivation,Occasionally (When needed),High Impact (Frequent disruption),Low Risk
STU0591,3/19/2026 11:57,Final Year,BSc Computer Science,22,Male,5.0 – 6.9,Unsatisfied,1–2 hours,2,Never,30–60 minutes,4–6 hours,Social media,Rarely,Sometimes,Thinking about it,Not clear,Both hard and soft skills,5,2,2,Sometimes,6–7 hours,Digital Marketing Specialist,"Yes, currently enrolled in one or more courses/certifications","Yes, actively working on projects/internship",Strong foundation in core concepts,"Rarely participate, mostly observe",Always,50% – 65%,"Technical/Hard Skills (Coding, Math, Logic)",Difficulty with Focus / Concentration,Rarely (Passive),Moderate Impact (Occasional disruption),High Risk
STU0592,3/19/2026 20:10,First Year (FY),BSc IT,18,Male,5.0 – 6.9,Unsatisfied,1–2 hours,1,,30–60 minutes,More than 6 hours,Social media,Rarely,Rarely,Actively preparing for a goal (placements/exams),Very clear,"Soft skills (communication, teamwork, leadership, financial literacy)",4,1,1,Always,More than 8 hours,Digital Marketing Specialist,"No, not interested","Not currently, but intend to in the future",,Occasionally participate in events,Rarely,Less than 50%,"Technical/Hard Skills (Coding, Math, Logic)",Difficulty with Focus / Concentration,Occasionally (When needed),Low Impact (Rarely affects study),High Risk
STU0593,3/18/2026 11:17,Second Year (SY),BCA,20,Male,8.5 – 9.4,Unsatisfied,Less than 1 hour,1,Few times a week,1–2 hours,More than 6 hours,Social media,Mostly consistent,Always,Planning to start soon,Not clear,Both hard and soft skills,5,1,2,Never,More than 8 hours,AI / ML,"Not currently, but intend to in the future",Planning to start a project/internship soon,"Limited knowledge, theoretical only","Rarely participate, mostly observe",Sometimes,76% – 85%,"Management/Execution (Planning, Organizing, Discipline)",Procrastination / Low Motivation,Rarely (Passive),Low Impact (Rarely affects study),Low Risk
STU0594,3/19/2026 11:08,Second Year (SY),BCA,20,Male,9.5 – 10.0,Neutral,1–2 hours,2,Rarely,30–60 minutes,4–6 hours,Gaming,Sometimes,Rarely,Planning to start soon,Very clear,"Hard skills (programming, data analytics, technical skills)",2,5,3,Often,4–5 hours,Software Developer,Planning to enroll soon,"Not currently, but intend to in the future","Basic knowledge, learning while practicing",Occasionally participate in events,Often,76% – 85%,"Soft Skills (Communication, Leadership, Teamwork)",Difficulty with Focus / Concentration,Rarely (Passive),Low Impact (Rarely affects study),Moderate Risk
STU0595,3/20/2026 6:32,First Year (PG),BCom,23,Other,8.5 – 9.4,Neutral,1–2 hours,1,Never,30–60 minutes,More than 6 hours,Social media,Mostly consistent,Often,Actively preparing for a goal (placements/exams),Not clear,"Hard skills (programming, data analytics, technical skills)",3,3,1,Never,More than 8 hours,Data Analyst,"Not currently, but intend to in the future",Planning to start a project/internship soon,"Limited knowledge, theoretical only",Occasionally participate in events,Always,Above 85%,"Technical/Hard Skills (Coding, Math, Logic)",Difficulty with Focus / Concentration,Occasionally (When needed),High Impact (Frequent disruption),Low Risk
STU0596,4/4/2026 16:40,First Year (PG),BCA,23,Male,5.0 – 6.9,Neutral,1–2 hours,1,Few times a week,1–2 hours,More than 6 hours,Social media,Mostly consistent,Always,Actively preparing for a goal (placements/exams),Very clear,Both hard and soft skills,2,5,2,Always,6–7 hours,Cyber Security Analyst,Planning to enroll soon,"Not currently, but intend to in the future",Strong foundation in core concepts,Occasionally participate in events,Often,66% – 75%,"Technical/Hard Skills (Coding, Math, Logic)",Procrastination / Low Motivation,Occasionally (When needed),High Impact (Frequent disruption),High Risk
STU0597,3/28/2026 5:21,Second Year (SY),BSc IT,20,Female,9.5 – 10.0,Satisfied,More than 2 hours,1,Few times a week,1–2 hours,4–6 hours,Gaming,Sometimes,Often,Planning to start soon,Very clear,"Hard skills (programming, data analytics, technical skills)",5,3,3,Sometimes,6–7 hours,Data Analyst,"Not currently, but intend to in the future",Planning to start a project/internship soon,"Basic knowledge, learning while practicing",,Sometimes,66% – 75%,"Technical/Hard Skills (Coding, Math, Logic)",Poor Time Management / Over-scheduling,Rarely (Passive),Moderate Impact (Occasional disruption),Moderate Risk
STU0598,3/30/2026 12:18,First Year (FY),BA,18,Female,8.5 – 9.4,Very satisfied,1–2 hours,3,Daily,More than 2 hours,More than 6 hours,Social media,Mostly consistent,Often,Actively preparing for a goal (placements/exams),Somewhat clear,"Soft skills (communication, teamwork, leadership, financial literacy)",2,4,3,Never,,Data Analyst,"Yes, currently enrolled in one or more courses/certifications",Planning to start a project/internship soon,Strong foundation in core concepts,Occasionally participate in events,Sometimes,Above 85%,"Management/Execution (Planning, Organizing, Discipline)",Procrastination / Low Motivation,Never (Unaware or Not interested),Moderate Impact (Occasional disruption),Moderate Risk
STU0599,4/2/2026 16:49,Second Year (SY),BBA,21,Male,7.0 – 8.4,Neutral,Less than 1 hour,4,Rarely,30–60 minutes,4–6 hours,Gaming,Mostly consistent,Often,Planning to start soon,Very clear,Both hard and soft skills,2,5,3,Always,6–7 hours,Other,"No, not interested","Not currently, but intend to in the future",Strong foundation in core concepts,Occasionally participate in events,Often,66% – 75%,"Technical/Hard Skills (Coding, Math, Logic)",Lack of Consistency or Determination (Difficulty sticking to a plan),Never (Unaware or Not interested),Moderate Impact (Occasional disruption),High Risk
STU0600,4/13/2026 23:28,Second Year (SY),BSc IT,19,Male,7.0 – 8.4,Satisfied,1–2 hours,3,Few times a week,1–2 hours,4–6 hours,Social media,Sometimes,Always,Thinking about it,Very clear,Both hard and soft skills,4,5,2,Never,More than 8 hours,Data Analyst,"No, not interested","Yes, actively working on projects/internship","Limited knowledge, theoretical only",Occasionally participate in events,Sometimes,Less than 50%,"Management/Execution (Planning, Organizing, Discipline)",Poor Time Management / Over-scheduling,Never (Unaware or Not interested),Moderate Impact (Occasional disruption),High Risk
STU0601,4/1/2026 22:58,Third Year (TY),BSc Computer Science,21,Male,7.0 – 8.4,Unsatisfied,1–2 hours,4,Few times a week,1–2 hours,More than 6 hours,Social media,Sometimes,Often,Actively preparing for a goal (placements/exams),Not clear,"Hard skills (programming, data analytics, technical skills)",2,5,3,Always,4–5 hours,Other,,"Yes, actively working on projects/internship","Basic knowledge, learning while practicing",Never participate in such events,Often,66% – 75%,"Technical/Hard Skills (Coding, Math, Logic)",Difficulty with Focus / Concentration,Never (Unaware or Not interested),No Impact (Fully supportive environment),High Risk
STU0602,3/16/2026 16:36,Second Year (SY),BCA,21,Female,7.0 – 8.4,Neutral,1–2 hours,3,Few times a week,1–2 hours,4–6 hours,Video content (YouTube/OTT),Sometimes,Rarely,Actively preparing for a goal (placements/exams),Somewhat clear,Both hard and soft skills,4,3,3,Sometimes,More than 8 hours,Software Developer,"Not currently, but intend to in the future","Yes, actively working on projects/internship","Limited knowledge, theoretical only",Never participate in such events,Often,76% – 85%,"Creative/Design Skills (Innovation, UI/UX, Content)",Difficulty with Focus / Concentration,Occasionally (When needed),,Moderate Risk
STU0603,3/21/2026 12:36,Third Year (TY),BSc IT,22,Female,7.0 – 8.4,Satisfied,Less than 1 hour,2,Rarely,1–2 hours,2–4 hours,Gaming,Sometimes,Sometimes,Planning to start soon,Somewhat clear,Both hard and soft skills,4,4,2,Often,6–7 hours,AI / ML,Planning to enroll soon,Planning to start a project/internship soon,"Basic knowledge, learning while practicing","Rarely participate, mostly observe",Sometimes,66% – 75%,"Management/Execution (Planning, Organizing, Discipline)",Procrastination / Low Motivation,Occasionally (When needed),Moderate Impact (Occasional disruption),High Risk
STU0604,4/4/2026 11:02,Final Year,BCA,21,Male,8.5 – 9.4,Neutral,1–2 hours,3,Never,30–60 minutes,4–6 hours,Gaming,Mostly consistent,Often,Thinking about it,Somewhat clear,"Soft skills (communication, teamwork, leadership, financial literacy)",3,3,3,Sometimes,6–7 hours,AI / ML,"Yes, currently enrolled in one or more courses/certifications",Planning to start a project/internship soon,"Basic knowledge, learning while practicing","Rarely participate, mostly observe",Always,Above 85%,"Soft Skills (Communication, Leadership, Teamwork)",Lack of Consistency or Determination (Difficulty sticking to a plan),Occasionally (When needed),High Impact (Frequent disruption),Low Risk
STU0605,4/12/2026 10:45,Second Year (SY),BCA,21,Male,9.5 – 10.0,Very satisfied,1–2 hours,2,Never,30–60 minutes,2–4 hours,Social media,Mostly consistent,Often,Thinking about it,Very clear,Both hard and soft skills,3,5,,Sometimes,6–7 hours,AI / ML,"No, not interested","Not currently, but intend to in the future","Limited knowledge, theoretical only","Rarely participate, mostly observe",Often,66% – 75%,"Management/Execution (Planning, Organizing, Discipline)",Lack of Consistency or Determination (Difficulty sticking to a plan),,Moderate Impact (Occasional disruption),Moderate Risk
STU0606,4/8/2026 8:55,Second Year (SY),BSc Computer Science,21,Male,7.0 – 8.4,Very satisfied,1–2 hours,4,Daily,More than 2 hours,4–6 hours,Social media,Mostly consistent,Often,Planning to start soon,Somewhat clear,Both hard and soft skills,2,5,3,Always,4–5 hours,Automation Engineer,Planning to enroll soon,"Not currently, but intend to in the future","Limited knowledge, theoretical only","Rarely participate, mostly observe",Often,Above 85%,"Soft Skills (Communication, Leadership, Teamwork)",Lack of Consistency or Determination (Difficulty sticking to a plan),Occasionally (When needed),Low Impact (Rarely affects study),Moderate Risk
STU0607,3/29/2026 18:09,First Year (FY),BCA,17,Male,8.5 – 9.4,Satisfied,1–2 hours,4,Rarely,30–60 minutes,2–4 hours,Other,Sometimes,Sometimes,Planning to start soon,Very clear,Both hard and soft skills,1,5,3,Always,6–7 hours,Data Analyst,"Not currently, but intend to in the future","Yes, actively working on projects/internship","Limited knowledge, theoretical only","Rarely participate, mostly observe",Sometimes,50% – 65%,"Technical/Hard Skills (Coding, Math, Logic)",Procrastination / Low Motivation,Occasionally (When needed),High Impact (Frequent disruption),High Risk
STU0608,3/20/2026 10:56,Final Year,BCA,22,Male,7.0 – 8.4,Very unsatisfied,1–2 hours,3,Few times a week,30–60 minutes,More than 6 hours,Social media,Rarely,Rarely,Actively preparing for a goal (placements/exams),Somewhat clear,Both hard and soft skills,2,5,3,Always,6–7 hours,Cyber Security Analyst,"Not currently, but intend to in the future","Not currently, but intend to in the future","Basic knowledge, learning while practicing",,Rarely,50% – 65%,"Soft Skills (Communication, Leadership, Teamwork)",Lack of Consistency or Determination (Difficulty sticking to a plan),Rarely (Passive),Moderate Impact (Occasional disruption),High Risk
STU0609,4/10/2026 15:07,Second Year (SY),BCA,19,Male,8.5 – 9.4,Very unsatisfied,1–2 hours,4,Rarely,More than 2 hours,4–6 hours,Social media,Rarely,Rarely,Planning to start soon,Very clear,"Hard skills (programming, data analytics, technical skills)",3,4,2,Often,,Cyber Security Analyst,Planning to enroll soon,"Not currently, but intend to in the future","Basic knowledge, learning while practicing",Occasionally participate in events,Rarely,76% – 85%,"Creative/Design Skills (Innovation, UI/UX, Content)",Poor Time Management / Over-scheduling,Rarely (Passive),No Impact (Fully supportive environment),High Risk
STU0610,3/17/2026 19:45,Third Year (TY),BCA,20,Male,5.0 – 6.9,Neutral,Less than 1 hour,1,Never,1–2 hours,More than 6 hours,Gaming,Sometimes,Always,Thinking about it,Very clear,Both hard and soft skills,2,4,2,Sometimes,4–5 hours,Cyber Security Analyst,"Not currently, but intend to in the future",Planning to start a project/internship soon,Strong foundation in core concepts,,Sometimes,Above 85%,"Technical/Hard Skills (Coding, Math, Logic)",Procrastination / Low Motivation,Occasionally (When needed),Moderate Impact (Occasional disruption),High Risk
STU0611,3/31/2026 14:06,Second Year (SY),BCA,20,Male,9.5 – 10.0,Neutral,1–2 hours,3,Rarely,,More than 6 hours,Video content (YouTube/OTT),Mostly consistent,Rarely,Actively preparing for a goal (placements/exams),Very clear,"Hard skills (programming, data analytics, technical skills)",5,1,3,Sometimes,6–7 hours,Data Analyst,"No, not interested",Planning to start a project/internship soon,"Basic knowledge, learning while practicing",Occasionally participate in events,Rarely,76% – 85%,"Creative/Design Skills (Innovation, UI/UX, Content)",Procrastination / Low Motivation,Rarely (Passive),Moderate Impact (Occasional disruption),Low Risk
STU0612,3/22/2026 9:07,Third Year (TY),BSc Computer Science,20,Male,7.0 – 8.4,Neutral,More than 2 hours,3,Few times a week,1–2 hours,2–4 hours,Video content (YouTube/OTT),Rarely,Rarely,Planning to start soon,Not clear,"Soft skills (communication, teamwork, leadership, financial literacy)",1,5,3,Sometimes,4–5 hours,Digital Marketing Specialist,Planning to enroll soon,Planning to start a project/internship soon,"Basic knowledge, learning while practicing",Occasionally participate in events,Often,Less than 50%,"Technical/Hard Skills (Coding, Math, Logic)",Poor Time Management / Over-scheduling,Rarely (Passive),Moderate Impact (Occasional disruption),High Risk
STU0613,4/5/2026 11:57,Second Year (SY),BCA,21,Male,7.0 – 8.4,Neutral,1–2 hours,3,Rarely,1–2 hours,4–6 hours,Gaming,Sometimes,Often,Planning to start soon,Very clear,Both hard and soft skills,4,5,2,Never,More than 8 hours,Cyber Security Analyst,"No, not interested",Planning to start a project/internship soon,"Basic knowledge, learning while practicing",,Often,50% – 65%,"Creative/Design Skills (Innovation, UI/UX, Content)",Lack of Consistency or Determination (Difficulty sticking to a plan),Never (Unaware or Not interested),Low Impact (Rarely affects study),High Risk
STU0614,3/19/2026 10:41,Second Year (SY),BCA,20,Male,8.5 – 9.4,Satisfied,More than 2 hours,5,Never,More than 2 hours,More than 6 hours,Gaming,Sometimes,Sometimes,Planning to start soon,Somewhat clear,"Hard skills (programming, data analytics, technical skills)",3,1,3,Sometimes,6–7 hours,Data Analyst,"Yes, currently enrolled in one or more courses/certifications","Not currently, but intend to in the future","Limited knowledge, theoretical only",Occasionally participate in events,Sometimes,76% – 85%,"Technical/Hard Skills (Coding, Math, Logic)",Poor Time Management / Over-scheduling,Never (Unaware or Not interested),Moderate Impact (Occasional disruption),Low Risk
STU0615,3/28/2026 9:31,First Year (PG),BCA,25,Female,5.0 – 6.9,Neutral,1–2 hours,2,Few times a week,1–2 hours,2–4 hours,Video content (YouTube/OTT),Sometimes,Rarely,Actively preparing for a goal (placements/exams),Very clear,"Hard skills (programming, data analytics, technical skills)",3,4,3,Sometimes,6–7 hours,Digital Marketing Specialist,Planning to enroll soon,Planning to start a project/internship soon,Strong foundation in core concepts,"Rarely participate, mostly observe",Sometimes,66% – 75%,"Technical/Hard Skills (Coding, Math, Logic)",Difficulty with Focus / Concentration,Never (Unaware or Not interested),Moderate Impact (Occasional disruption),High Risk
STU0616,4/6/2026 17:37,Second Year (SY),BCA,20,Other,7.0 – 8.4,Satisfied,1–2 hours,2,Never,1–2 hours,More than 6 hours,Video content (YouTube/OTT),Sometimes,Often,Actively preparing for a goal (placements/exams),Not clear,"Hard skills (programming, data analytics, technical skills)",1,4,1,Sometimes,4–5 hours,AI / ML,"Not currently, but intend to in the future",Planning to start a project/internship soon,"Limited knowledge, theoretical only",Occasionally participate in events,Often,Above 85%,"Creative/Design Skills (Innovation, UI/UX, Content)",Poor Time Management / Over-scheduling,Never (Unaware or Not interested),Low Impact (Rarely affects study),Moderate Risk
STU0617,4/11/2026 23:23,Final Year,BSc IT,21,Male,7.0 – 8.4,Neutral,1–2 hours,3,Never,1–2 hours,More than 6 hours,Social media,Rarely,Rarely,Planning to start soon,Somewhat clear,"Hard skills (programming, data analytics, technical skills)",5,3,1,Often,More than 8 hours,Digital Marketing Specialist,"No, not interested","Not currently, but intend to in the future","Limited knowledge, theoretical only",Never participate in such events,Rarely,Less than 50%,"Creative/Design Skills (Innovation, UI/UX, Content)",Procrastination / Low Motivation,Occasionally (When needed),,High Risk
STU0618,3/26/2026 9:27,Third Year (TY),BA,20,Male,7.0 – 8.4,Satisfied,Less than 1 hour,1,Never,30–60 minutes,4–6 hours,Video content (YouTube/OTT),Mostly consistent,Always,Planning to start soon,Not clear,Both hard and soft skills,2,,1,Sometimes,6–7 hours,Other,"No, not interested",Planning to start a project/internship soon,"Basic knowledge, learning while practicing","Rarely participate, mostly observe",Always,Less than 50%,"Soft Skills (Communication, Leadership, Teamwork)",Lack of Consistency or Determination (Difficulty sticking to a plan),Occasionally (When needed),High Impact (Frequent disruption),High Risk
STU0619,3/19/2026 21:47,Second Year (SY),BSc IT,21,Male,8.5 – 9.4,Neutral,1–2 hours,3,Few times a week,1–2 hours,4–6 hours,Social media,Mostly consistent,Always,Actively preparing for a goal (placements/exams),Somewhat clear,"Soft skills (communication, teamwork, leadership, financial literacy)",2,4,,Often,6–7 hours,Other,"Not currently, but intend to in the future","Not currently, but intend to in the future","Basic knowledge, learning while practicing",Never participate in such events,Always,Above 85%,"Soft Skills (Communication, Leadership, Teamwork)",Difficulty with Focus / Concentration,Rarely (Passive),Low Impact (Rarely affects study),Moderate Risk
STU0620,4/10/2026 15:25,First Year (PG),BCA,25,Male,8.5 – 9.4,Satisfied,1–2 hours,3,Rarely,More than 2 hours,More than 6 hours,Social interactions,Mostly consistent,Always,Thinking about it,Somewhat clear,"Hard skills (programming, data analytics, technical skills)",4,3,3,Sometimes,6–7 hours,Data Analyst,"No, not interested",Planning to start a project/internship soon,"Limited knowledge, theoretical only",Occasionally participate in events,Always,76% – 85%,"Creative/Design Skills (Innovation, UI/UX, Content)",Procrastination / Low Motivation,Rarely (Passive),High Impact (Frequent disruption),Moderate Risk
STU0621,3/27/2026 19:13,First Year (FY),BCA,19,Male,5.0 – 6.9,Unsatisfied,Less than 1 hour,2,Rarely,1–2 hours,More than 6 hours,Other,Rarely,Often,Thinking about it,Somewhat clear,"Hard skills (programming, data analytics, technical skills)",2,4,3,Always,4–5 hours,Other,"Not currently, but intend to in the future","Yes, actively working on projects/internship","Basic knowledge, learning while practicing","Rarely participate, mostly observe",Sometimes,66% – 75%,"Soft Skills (Communication, Leadership, Teamwork)",Difficulty with Focus / Concentration,Occasionally (When needed),No Impact (Fully supportive environment),High Risk
STU0622,3/21/2026 9:27,First Year (FY),BSc Cyber Security,18,Male,8.5 – 9.4,Satisfied,Less than 1 hour,3,Rarely,30–60 minutes,More than 6 hours,Social media,Sometimes,Often,Actively preparing for a goal (placements/exams),Somewhat clear,"Hard skills (programming, data analytics, technical skills)",,2,3,Always,More than 8 hours,AI / ML,"Not currently, but intend to in the future",Planning to start a project/internship soon,"Basic knowledge, learning while practicing",Never participate in such events,Always,66% – 75%,"Technical/Hard Skills (Coding, Math, Logic)",Lack of Consistency or Determination (Difficulty sticking to a plan),Rarely (Passive),Moderate Impact (Occasional disruption),Moderate Risk
STU0623,3/22/2026 13:02,Final Year,BSc IT,22,Female,7.0 – 8.4,Satisfied,1–2 hours,3,Rarely,1–2 hours,4–6 hours,Gaming,Sometimes,Often,Planning to start soon,Not clear,"Soft skills (communication, teamwork, leadership, financial literacy)",4,3,3,Sometimes,More than 8 hours,Software Developer,"Yes, currently enrolled in one or more courses/certifications",Planning to start a project/internship soon,"Basic knowledge, learning while practicing",Occasionally participate in events,Sometimes,66% – 75%,"Creative/Design Skills (Innovation, UI/UX, Content)",Poor Time Management / Over-scheduling,Rarely (Passive),Moderate Impact (Occasional disruption),Moderate Risk
STU0624,4/7/2026 14:25,Third Year (TY),BCA,21,Male,9.5 – 10.0,Very satisfied,More than 2 hours,2,Rarely,30–60 minutes,More than 6 hours,Social media,Mostly consistent,Always,Planning to start soon,Very clear,Both hard and soft skills,4,3,2,Sometimes,More than 8 hours,Data Analyst,Planning to enroll soon,"Yes, actively working on projects/internship","Basic knowledge, learning while practicing","Rarely participate, mostly observe",Always,Above 85%,"Soft Skills (Communication, Leadership, Teamwork)",Poor Time Management / Over-scheduling,Occasionally (When needed),Moderate Impact (Occasional disruption),Low Risk
STU0625,4/5/2026 7:09,Second Year (SY),BSc Computer Science,20,Male,5.0 – 6.9,Unsatisfied,Less than 1 hour,1,Never,30–60 minutes,4–6 hours,Video content (YouTube/OTT),Rarely,Often,Thinking about it,Somewhat clear,Both hard and soft skills,3,5,1,Sometimes,6–7 hours,Other,"Yes, currently enrolled in one or more courses/certifications","Yes, actively working on projects/internship","Basic knowledge, learning while practicing","Rarely participate, mostly observe",Sometimes,50% – 65%,"Soft Skills (Communication, Leadership, Teamwork)",Poor Time Management / Over-scheduling,Occasionally (When needed),Low Impact (Rarely affects study),High Risk
STU0626,3/25/2026 14:49,Second Year (PG),BSc Computer Science,26,Female,7.0 – 8.4,Satisfied,1–2 hours,4,Rarely,More than 2 hours,More than 6 hours,Social media,Rarely,Rarely,Planning to start soon,Not clear,Both hard and soft skills,2,3,3,Always,4–5 hours,Other,"No, not interested",Planning to start a project/internship soon,"Basic knowledge, learning while practicing",Occasionally participate in events,Sometimes,76% – 85%,"Technical/Hard Skills (Coding, Math, Logic)",Procrastination / Low Motivation,Rarely (Passive),Moderate Impact (Occasional disruption),High Risk
STU0627,3/18/2026 15:31,Second Year (SY),BSc Cyber Security,19,Male,5.0 – 6.9,Unsatisfied,More than 2 hours,1,Few times a week,1–2 hours,4–6 hours,Social interactions,Rarely,Often,Planning to start soon,Somewhat clear,"Hard skills (programming, data analytics, technical skills)",1,3,1,Always,6–7 hours,Cyber Security Analyst,"Not currently, but intend to in the future",Planning to start a project/internship soon,"Limited knowledge, theoretical only",Never participate in such events,Sometimes,76% – 85%,"Soft Skills (Communication, Leadership, Teamwork)",Lack of Consistency or Determination (Difficulty sticking to a plan),Rarely (Passive),Moderate Impact (Occasional disruption),High Risk
STU0628,4/6/2026 9:11,First Year (FY),BCA,18,Other,8.5 – 9.4,Satisfied,More than 2 hours,4,Rarely,30–60 minutes,2–4 hours,Social interactions,Mostly consistent,Often,Planning to start soon,Very clear,Both hard and soft skills,4,2,3,Sometimes,More than 8 hours,Digital Marketing Specialist,Planning to enroll soon,"Not currently, but intend to in the future","Basic knowledge, learning while practicing",Never participate in such events,Often,76% – 85%,"Soft Skills (Communication, Leadership, Teamwork)",Procrastination / Low Motivation,Never (Unaware or Not interested),Moderate Impact (Occasional disruption),Low Risk
STU0629,3/29/2026 12:08,First Year (PG),BCom,24,Male,9.5 – 10.0,Very satisfied,Less than 1 hour,3,Rarely,1–2 hours,4–6 hours,Gaming,Mostly consistent,Often,Actively preparing for a goal (placements/exams),Very clear,"Hard skills (programming, data analytics, technical skills)",3,4,1,Sometimes,6–7 hours,Other,"Not currently, but intend to in the future","Yes, actively working on projects/internship","Basic knowledge, learning while practicing",Never participate in such events,Always,66% – 75%,"Soft Skills (Communication, Leadership, Teamwork)",Lack of Consistency or Determination (Difficulty sticking to a plan),Never (Unaware or Not interested),High Impact (Frequent disruption),Moderate Risk
STU0630,3/15/2026 12:35,First Year (PG),BCA,23,Male,8.5 – 9.4,Satisfied,More than 2 hours,2,Daily,30–60 minutes,More than 6 hours,Social media,Mostly consistent,Always,Planning to start soon,Somewhat clear,"Soft skills (communication, teamwork, leadership, financial literacy)",3,2,1,Always,More than 8 hours,Data Analyst,"Yes, currently enrolled in one or more courses/certifications","Not currently, but intend to in the future","Limited knowledge, theoretical only",Occasionally participate in events,Always,76% – 85%,"Soft Skills (Communication, Leadership, Teamwork)",Difficulty with Focus / Concentration,Never (Unaware or Not interested),Low Impact (Rarely affects study),Low Risk
STU0631,3/18/2026 9:46,First Year (FY),BSc IT,18,Male,8.5 – 9.4,Very satisfied,1–2 hours,4,Rarely,More than 2 hours,4–6 hours,Video content (YouTube/OTT),Rarely,Sometimes,Actively preparing for a goal (placements/exams),Very clear,"Hard skills (programming, data analytics, technical skills)",1,5,2,Often,6–7 hours,AI / ML,"No, not interested",Planning to start a project/internship soon,"Basic knowledge, learning while practicing","Rarely participate, mostly observe",Sometimes,76% – 85%,"Management/Execution (Planning, Organizing, Discipline)",Lack of Consistency or Determination (Difficulty sticking to a plan),Rarely (Passive),High Impact (Frequent disruption),High Risk
STU0632,4/2/2026 11:20,Second Year (SY),BBA,19,Male,7.0 – 8.4,Very unsatisfied,Less than 1 hour,3,Few times a week,1–2 hours,2–4 hours,Gaming,Rarely,Sometimes,Actively preparing for a goal (placements/exams),Somewhat clear,"Soft skills (communication, teamwork, leadership, financial literacy)",3,4,1,Often,6–7 hours,Digital Marketing Specialist,,Planning to start a project/internship soon,"Basic knowledge, learning while practicing","Rarely participate, mostly observe",Sometimes,Above 85%,"Soft Skills (Communication, Leadership, Teamwork)",Lack of Consistency or Determination (Difficulty sticking to a plan),Occasionally (When needed),Low Impact (Rarely affects study),High Risk
STU0633,3/17/2026 2:09,Second Year (SY),BCom,20,Male,7.0 – 8.4,Satisfied,Less than 1 hour,3,Rarely,1–2 hours,4–6 hours,Other,Sometimes,Sometimes,Planning to start soon,Very clear,Both hard and soft skills,3,2,3,Often,6–7 hours,Digital Marketing Specialist,"Not currently, but intend to in the future","Yes, actively working on projects/internship","Limited knowledge, theoretical only",Never participate in such events,Always,50% – 65%,"Soft Skills (Communication, Leadership, Teamwork)",Lack of Consistency or Determination (Difficulty sticking to a plan),Rarely (Passive),Moderate Impact (Occasional disruption),Moderate Risk
STU0634,4/14/2026 20:22,Third Year (TY),BCA,21,Male,5.0 – 6.9,Very satisfied,More than 2 hours,3,Few times a week,More than 2 hours,More than 6 hours,Video content (YouTube/OTT),Rarely,Often,Thinking about it,Not clear,"Hard skills (programming, data analytics, technical skills)",3,4,1,Often,6–7 hours,AI / ML,"Yes, currently enrolled in one or more courses/certifications",Planning to start a project/internship soon,Strong foundation in core concepts,Never participate in such events,Always,66% – 75%,"Creative/Design Skills (Innovation, UI/UX, Content)",Poor Time Management / Over-scheduling,Rarely (Passive),No Impact (Fully supportive environment),High Risk
STU0635,3/25/2026 12:09,Second Year (SY),BCA,21,Male,5.0 – 6.9,Neutral,Less than 1 hour,5,Never,1–2 hours,More than 6 hours,Gaming,Rarely,Sometimes,Thinking about it,Somewhat clear,"Hard skills (programming, data analytics, technical skills)",4,3,2,Sometimes,6–7 hours,Data Analyst,"No, not interested","Yes, actively working on projects/internship",Strong foundation in core concepts,"Rarely participate, mostly observe",Often,50% – 65%,"Technical/Hard Skills (Coding, Math, Logic)",Poor Time Management / Over-scheduling,Never (Unaware or Not interested),Low Impact (Rarely affects study),High Risk
STU0636,3/29/2026 22:00,First Year (FY),BCA,17,Male,8.5 – 9.4,Unsatisfied,1–2 hours,1,Rarely,30–60 minutes,More than 6 hours,Gaming,Rarely,Sometimes,Planning to start soon,Very clear,Both hard and soft skills,2,3,1,Always,6–7 hours,Other,"Not currently, but intend to in the future","Not currently, but intend to in the future","Basic knowledge, learning while practicing","Rarely participate, mostly observe",Always,Above 85%,"Soft Skills (Communication, Leadership, Teamwork)",Procrastination / Low Motivation,Never (Unaware or Not interested),No Impact (Fully supportive environment),Moderate Risk
STU0637,3/26/2026 16:00,First Year (PG),BCA,24,Other,9.5 – 10.0,Unsatisfied,1–2 hours,,Rarely,30–60 minutes,4–6 hours,Gaming,Mostly consistent,Sometimes,Planning to start soon,Not clear,Both hard and soft skills,1,5,1,Often,6–7 hours,Digital Marketing Specialist,"Not currently, but intend to in the future","Yes, actively working on projects/internship",Strong foundation in core concepts,Never participate in such events,Often,76% – 85%,"Technical/Hard Skills (Coding, Math, Logic)",Poor Time Management / Over-scheduling,Rarely (Passive),High Impact (Frequent disruption),Moderate Risk
STU0638,3/29/2026 10:11,Third Year (TY),BCA,21,Male,5.0 – 6.9,Satisfied,1–2 hours,4,Rarely,1–2 hours,More than 6 hours,Social media,Sometimes,Sometimes,Actively preparing for a goal (placements/exams),Not clear,"Hard skills (programming, data analytics, technical skills)",5,3,3,Often,6–7 hours,Data Analyst,"Not currently, but intend to in the future","Not currently, but intend to in the future","Basic knowledge, learning while practicing","Rarely participate, mostly observe",Sometimes,66% – 75%,"Management/Execution (Planning, Organizing, Discipline)",Difficulty with Focus / Concentration,Occasionally (When needed),High Impact (Frequent disruption),High Risk
STU0639,3/18/2026 12:53,Third Year (TY),BCom,20,Male,8.5 – 9.4,Very satisfied,Less than 1 hour,2,Rarely,More than 2 hours,More than 6 hours,Social interactions,Sometimes,Always,Planning to start soon,Somewhat clear,Both hard and soft skills,1,5,2,Often,4–5 hours,Digital Marketing Specialist,"No, not interested","Not currently, but intend to in the future",,Occasionally participate in events,Sometimes,Above 85%,"Soft Skills (Communication, Leadership, Teamwork)",Difficulty with Focus / Concentration,Rarely (Passive),High Impact (Frequent disruption),Moderate Risk
STU0640,4/1/2026 13:29,Third Year (TY),BCA,21,Male,9.5 – 10.0,Unsatisfied,More than 2 hours,5,Daily,More than 2 hours,More than 6 hours,Video content (YouTube/OTT),Sometimes,Sometimes,Actively preparing for a goal (placements/exams),Somewhat clear,Both hard and soft skills,2,4,1,Sometimes,4–5 hours,AI / ML,"No, not interested","Yes, actively working on projects/internship","Basic knowledge, learning while practicing",Occasionally participate in events,Often,76% – 85%,"Creative/Design Skills (Innovation, UI/UX, Content)",Difficulty with Focus / Concentration,Occasionally (When needed),Moderate Impact (Occasional disruption),Moderate Risk
STU0641,4/12/2026 17:17,First Year (FY),BCA,19,Male,5.0 – 6.9,Unsatisfied,1–2 hours,2,Rarely,More than 2 hours,More than 6 hours,Social interactions,Sometimes,Sometimes,Planning to start soon,Not clear,"Soft skills (communication, teamwork, leadership, financial literacy)",3,4,1,Sometimes,,AI / ML,Planning to enroll soon,"Yes, actively working on projects/internship","Basic knowledge, learning while practicing","Rarely participate, mostly observe",Sometimes,66% – 75%,"Technical/Hard Skills (Coding, Math, Logic)",Difficulty with Focus / Concentration,Rarely (Passive),Low Impact (Rarely affects study),High Risk
STU0642,3/20/2026 17:21,Third Year (TY),BCA,22,Female,8.5 – 9.4,Very unsatisfied,1–2 hours,2,Never,1–2 hours,More than 6 hours,Video content (YouTube/OTT),Mostly consistent,Often,Planning to start soon,Very clear,Both hard and soft skills,5,2,2,Always,More than 8 hours,Cyber Security Analyst,Planning to enroll soon,Planning to start a project/internship soon,"Limited knowledge, theoretical only",Occasionally participate in events,Always,50% – 65%,"Soft Skills (Communication, Leadership, Teamwork)",Lack of Consistency or Determination (Difficulty sticking to a plan),Rarely (Passive),High Impact (Frequent disruption),Moderate Risk
STU0643,3/20/2026 10:33,Second Year (PG),BCA,26,Male,9.5 – 10.0,Neutral,1–2 hours,5,Rarely,More than 2 hours,4–6 hours,Gaming,Sometimes,Sometimes,Planning to start soon,Very clear,"Hard skills (programming, data analytics, technical skills)",2,5,3,Always,6–7 hours,Other,"Not currently, but intend to in the future","Not currently, but intend to in the future","Basic knowledge, learning while practicing",Occasionally participate in events,Sometimes,76% – 85%,"Management/Execution (Planning, Organizing, Discipline)",Poor Time Management / Over-scheduling,Occasionally (When needed),,Moderate Risk
STU0644,4/4/2026 12:00,First Year (FY),BCA,19,Female,8.5 – 9.4,Satisfied,1–2 hours,1,Rarely,1–2 hours,4–6 hours,Social media,Mostly consistent,Always,Planning to start soon,Not clear,"Hard skills (programming, data analytics, technical skills)",3,,3,Always,4–5 hours,Data Analyst,Planning to enroll soon,"Not currently, but intend to in the future",Strong foundation in core concepts,Never participate in such events,Sometimes,66% – 75%,"Creative/Design Skills (Innovation, UI/UX, Content)",Poor Time Management / Over-scheduling,Occasionally (When needed),Moderate Impact (Occasional disruption),Low Risk
STU0645,4/1/2026 16:12,Second Year (SY),BCom,19,Male,8.5 – 9.4,Neutral,1–2 hours,3,Few times a week,More than 2 hours,4–6 hours,Video content (YouTube/OTT),Mostly consistent,Often,Actively preparing for a goal (placements/exams),Not clear,"Hard skills (programming, data analytics, technical skills)",2,5,3,Often,,Software Developer,Planning to enroll soon,Planning to start a project/internship soon,"Basic knowledge, learning while practicing","Rarely participate, mostly observe",Sometimes,Above 85%,"Soft Skills (Communication, Leadership, Teamwork)",Difficulty with Focus / Concentration,Rarely (Passive),Low Impact (Rarely affects study),Moderate Risk
STU0646,3/24/2026 20:09,First Year (FY),BCom,18,Male,8.5 – 9.4,Satisfied,More than 2 hours,3,Few times a week,More than 2 hours,More than 6 hours,Gaming,Mostly consistent,Always,Thinking about it,Somewhat clear,"Soft skills (communication, teamwork, leadership, financial literacy)",4,3,1,Often,,Data Analyst,"No, not interested","Not currently, but intend to in the future",Strong foundation in core concepts,Never participate in such events,Often,76% – 85%,"Technical/Hard Skills (Coding, Math, Logic)",Procrastination / Low Motivation,Rarely (Passive),No Impact (Fully supportive environment),Moderate Risk
STU0647,4/4/2026 22:20,First Year (PG),BCA,25,Male,7.0 – 8.4,Unsatisfied,1–2 hours,2,Rarely,,More than 6 hours,Social media,Rarely,Often,Actively preparing for a goal (placements/exams),Very clear,"Soft skills (communication, teamwork, leadership, financial literacy)",3,1,,Never,6–7 hours,Data Analyst,"No, not interested",Planning to start a project/internship soon,Strong foundation in core concepts,Occasionally participate in events,Sometimes,66% – 75%,"Creative/Design Skills (Innovation, UI/UX, Content)",Difficulty with Focus / Concentration,Never (Unaware or Not interested),No Impact (Fully supportive environment),Moderate Risk
STU0648,3/23/2026 20:47,First Year (FY),BCom,17,Male,8.5 – 9.4,Neutral,Less than 1 hour,4,,,More than 6 hours,Social media,Sometimes,Sometimes,Actively preparing for a goal (placements/exams),Not clear,"Soft skills (communication, teamwork, leadership, financial literacy)",4,4,3,Often,6–7 hours,Automation Engineer,"Yes, currently enrolled in one or more courses/certifications","Not currently, but intend to in the future",Strong foundation in core concepts,Never participate in such events,Rarely,76% – 85%,"Soft Skills (Communication, Leadership, Teamwork)",Poor Time Management / Over-scheduling,Rarely (Passive),Moderate Impact (Occasional disruption),Moderate Risk
STU0649,3/21/2026 9:30,Second Year (PG),BSc Computer Science,23,Male,7.0 – 8.4,Unsatisfied,1–2 hours,3,Never,30–60 minutes,4–6 hours,Video content (YouTube/OTT),Sometimes,Sometimes,Actively preparing for a goal (placements/exams),Not clear,"Hard skills (programming, data analytics, technical skills)",2,2,3,Always,6–7 hours,Software Developer,"No, not interested","Not currently, but intend to in the future","Limited knowledge, theoretical only",Occasionally participate in events,Always,50% – 65%,"Technical/Hard Skills (Coding, Math, Logic)",Procrastination / Low Motivation,Never (Unaware or Not interested),High Impact (Frequent disruption),Moderate Risk
STU0650,4/9/2026 17:37,Third Year (TY),BCA,22,Other,8.5 – 9.4,Unsatisfied,1–2 hours,2,Few times a week,30–60 minutes,More than 6 hours,Gaming,Mostly consistent,Often,Actively preparing for a goal (placements/exams),Somewhat clear,Both hard and soft skills,5,3,1,Always,6–7 hours,AI / ML,Planning to enroll soon,"Yes, actively working on projects/internship",Strong foundation in core concepts,Occasionally participate in events,Often,Above 85%,"Management/Execution (Planning, Organizing, Discipline)",Procrastination / Low Motivation,Never (Unaware or Not interested),High Impact (Frequent disruption),Low Risk
STU0651,4/10/2026 7:40,First Year (PG),BCA,22,Female,7.0 – 8.4,Neutral,Less than 1 hour,3,Never,1–2 hours,4–6 hours,Social interactions,Rarely,Sometimes,Planning to start soon,Very clear,"Soft skills (communication, teamwork, leadership, financial literacy)",2,3,2,Always,More than 8 hours,AI / ML,"Yes, currently enrolled in one or more courses/certifications","Yes, actively working on projects/internship","Limited knowledge, theoretical only","Rarely participate, mostly observe",Often,Less than 50%,"Technical/Hard Skills (Coding, Math, Logic)",Difficulty with Focus / Concentration,Rarely (Passive),Moderate Impact (Occasional disruption),High Risk
STU0652,3/26/2026 8:11,Second Year (PG),BCA,24,Female,7.0 – 8.4,Satisfied,1–2 hours,4,Rarely,1–2 hours,4–6 hours,Video content (YouTube/OTT),Rarely,Often,Thinking about it,Not clear,"Hard skills (programming, data analytics, technical skills)",3,2,,Sometimes,6–7 hours,Automation Engineer,"Not currently, but intend to in the future","Not currently, but intend to in the future",Strong foundation in core concepts,Never participate in such events,Often,50% – 65%,"Creative/Design Skills (Innovation, UI/UX, Content)",Lack of Consistency or Determination (Difficulty sticking to a plan),Occasionally (When needed),Moderate Impact (Occasional disruption),High Risk
STU0653,3/21/2026 9:38,Third Year (TY),BCA,22,Male,8.5 – 9.4,Unsatisfied,1–2 hours,4,Rarely,1–2 hours,4–6 hours,Social media,Sometimes,Sometimes,Planning to start soon,Somewhat clear,"Soft skills (communication, teamwork, leadership, financial literacy)",4,1,2,Never,6–7 hours,AI / ML,Planning to enroll soon,"Yes, actively working on projects/internship","Basic knowledge, learning while practicing","Rarely participate, mostly observe",Rarely,76% – 85%,"Management/Execution (Planning, Organizing, Discipline)",Lack of Consistency or Determination (Difficulty sticking to a plan),Occasionally (When needed),High Impact (Frequent disruption),Low Risk
STU0654,3/30/2026 10:31,First Year (FY),BBA,17,Female,7.0 – 8.4,Neutral,1–2 hours,2,Never,1–2 hours,More than 6 hours,Social media,Sometimes,Rarely,Planning to start soon,Somewhat clear,Both hard and soft skills,2,4,1,Sometimes,4–5 hours,Software Developer,"Not currently, but intend to in the future","Yes, actively working on projects/internship","Limited knowledge, theoretical only",Never participate in such events,Rarely,66% – 75%,"Technical/Hard Skills (Coding, Math, Logic)",Procrastination / Low Motivation,Occasionally (When needed),Moderate Impact (Occasional disruption),High Risk
STU0655,4/14/2026 17:53,Second Year (SY),BSc Computer Science,20,Male,7.0 – 8.4,Neutral,1–2 hours,4,Few times a week,1–2 hours,More than 6 hours,Social media,Sometimes,Always,Thinking about it,Somewhat clear,Both hard and soft skills,,5,3,Sometimes,6–7 hours,AI / ML,"Not currently, but intend to in the future","Yes, actively working on projects/internship","Basic knowledge, learning while practicing","Rarely participate, mostly observe",Often,66% – 75%,"Soft Skills (Communication, Leadership, Teamwork)",Lack of Consistency or Determination (Difficulty sticking to a plan),Never (Unaware or Not interested),Low Impact (Rarely affects study),High Risk
STU0656,4/3/2026 15:31,Second Year (PG),BSc Computer Science,23,Female,7.0 – 8.4,Neutral,1–2 hours,3,Daily,30–60 minutes,2–4 hours,Social media,Sometimes,Rarely,Planning to start soon,Somewhat clear,"Soft skills (communication, teamwork, leadership, financial literacy)",4,3,3,Sometimes,6–7 hours,AI / ML,,"Not currently, but intend to in the future","Limited knowledge, theoretical only",,Often,66% – 75%,"Technical/Hard Skills (Coding, Math, Logic)",Procrastination / Low Motivation,Never (Unaware or Not interested),No Impact (Fully supportive environment),Moderate Risk
STU0657,4/7/2026 9:44,Second Year (SY),BCA,20,Male,5.0 – 6.9,Neutral,More than 2 hours,2,Few times a week,1–2 hours,More than 6 hours,Social interactions,Rarely,Often,Actively preparing for a goal (placements/exams),Very clear,"Hard skills (programming, data analytics, technical skills)",3,5,,Sometimes,4–5 hours,AI / ML,"Not currently, but intend to in the future","Not currently, but intend to in the future","Basic knowledge, learning while practicing",Occasionally participate in events,Sometimes,66% – 75%,"Creative/Design Skills (Innovation, UI/UX, Content)",Lack of Consistency or Determination (Difficulty sticking to a plan),Rarely (Passive),No Impact (Fully supportive environment),High Risk
STU0658,3/25/2026 15:16,Second Year (PG),BA,26,Female,7.0 – 8.4,Unsatisfied,1–2 hours,3,Never,More than 2 hours,More than 6 hours,Social media,Rarely,Sometimes,Planning to start soon,Not clear,Both hard and soft skills,4,2,2,Never,More than 8 hours,Cyber Security Analyst,Planning to enroll soon,"Not currently, but intend to in the future","Basic knowledge, learning while practicing",Occasionally participate in events,Sometimes,66% – 75%,"Management/Execution (Planning, Organizing, Discipline)",Lack of Consistency or Determination (Difficulty sticking to a plan),Occasionally (When needed),Low Impact (Rarely affects study),Moderate Risk
STU0659,3/30/2026 8:36,Final Year,BCA,23,Male,7.0 – 8.4,Satisfied,Less than 1 hour,2,Never,1–2 hours,More than 6 hours,Social media,Sometimes,Always,Actively preparing for a goal (placements/exams),Somewhat clear,Both hard and soft skills,3,5,2,Often,4–5 hours,AI / ML,"Not currently, but intend to in the future",Planning to start a project/internship soon,"Limited knowledge, theoretical only",Occasionally participate in events,Sometimes,66% – 75%,"Technical/Hard Skills (Coding, Math, Logic)",Procrastination / Low Motivation,Occasionally (When needed),Moderate Impact (Occasional disruption),High Risk
STU0660,3/30/2026 13:04,First Year (PG),BCA,22,Female,8.5 – 9.4,Satisfied,Less than 1 hour,2,Daily,30–60 minutes,4–6 hours,Social media,Mostly consistent,Often,Planning to start soon,Somewhat clear,"Soft skills (communication, teamwork, leadership, financial literacy)",3,4,3,Often,6–7 hours,AI / ML,"Not currently, but intend to in the future","Yes, actively working on projects/internship","Basic knowledge, learning while practicing",Never participate in such events,Always,76% – 85%,"Management/Execution (Planning, Organizing, Discipline)",Lack of Consistency or Determination (Difficulty sticking to a plan),Rarely (Passive),Moderate Impact (Occasional disruption),Moderate Risk
STU0661,3/31/2026 16:54,Second Year (SY),BCA,19,Female,7.0 – 8.4,Satisfied,Less than 1 hour,2,Daily,1–2 hours,More than 6 hours,Other,Mostly consistent,Often,Actively preparing for a goal (placements/exams),Somewhat clear,"Hard skills (programming, data analytics, technical skills)",4,3,2,Often,6–7 hours,AI / ML,"Yes, currently enrolled in one or more courses/certifications",Planning to start a project/internship soon,"Basic knowledge, learning while practicing","Rarely participate, mostly observe",Often,66% – 75%,"Technical/Hard Skills (Coding, Math, Logic)",Poor Time Management / Over-scheduling,Never (Unaware or Not interested),High Impact (Frequent disruption),Moderate Risk
STU0662,3/29/2026 18:09,Third Year (TY),BCA,20,Female,9.5 – 10.0,Very satisfied,1–2 hours,1,Few times a week,30–60 minutes,2–4 hours,Social interactions,Mostly consistent,Often,Planning to start soon,Somewhat clear,"Soft skills (communication, teamwork, leadership, financial literacy)",,4,2,Sometimes,6–7 hours,Cyber Security Analyst,"No, not interested","Yes, actively working on projects/internship","Basic knowledge, learning while practicing","Rarely participate, mostly observe",Often,66% – 75%,"Creative/Design Skills (Innovation, UI/UX, Content)",Poor Time Management / Over-scheduling,Never (Unaware or Not interested),Low Impact (Rarely affects study),Moderate Risk
STU0663,3/25/2026 16:32,First Year (FY),BCA,17,Male,7.0 – 8.4,Unsatisfied,Less than 1 hour,2,Never,1–2 hours,2–4 hours,Social interactions,Mostly consistent,Always,Thinking about it,Somewhat clear,"Hard skills (programming, data analytics, technical skills)",4,3,2,Never,More than 8 hours,Cyber Security Analyst,Planning to enroll soon,"Not currently, but intend to in the future",Strong foundation in core concepts,Never participate in such events,Always,50% – 65%,"Management/Execution (Planning, Organizing, Discipline)",Difficulty with Focus / Concentration,Rarely (Passive),Moderate Impact (Occasional disruption),Moderate Risk
STU0664,4/14/2026 1:15,Second Year (SY),BCA,19,Other,5.0 – 6.9,Unsatisfied,1–2 hours,2,Rarely,1–2 hours,4–6 hours,Video content (YouTube/OTT),Rarely,Rarely,Planning to start soon,Somewhat clear,Both hard and soft skills,4,2,1,Sometimes,More than 8 hours,Cyber Security Analyst,"No, not interested",Planning to start a project/internship soon,"Basic knowledge, learning while practicing","Rarely participate, mostly observe",Rarely,76% – 85%,"Soft Skills (Communication, Leadership, Teamwork)",Difficulty with Focus / Concentration,Occasionally (When needed),High Impact (Frequent disruption),High Risk
STU0665,3/30/2026 7:17,First Year (PG),BCA,23,Female,8.5 – 9.4,Very satisfied,More than 2 hours,4,Never,30–60 minutes,More than 6 hours,Video content (YouTube/OTT),Mostly consistent,Always,Planning to start soon,Very clear,Both hard and soft skills,5,,2,Often,6–7 hours,Data Analyst,"Yes, currently enrolled in one or more courses/certifications","Yes, actively working on projects/internship","Limited knowledge, theoretical only",Never participate in such events,Often,76% – 85%,"Technical/Hard Skills (Coding, Math, Logic)",Procrastination / Low Motivation,Occasionally (When needed),Low Impact (Rarely affects study),Low Risk
STU0666,3/17/2026 11:43,First Year (FY),BCA,17,Female,9.5 – 10.0,Unsatisfied,1–2 hours,1,Few times a week,30–60 minutes,,Video content (YouTube/OTT),Mostly consistent,Always,Actively preparing for a goal (placements/exams),Very clear,"Hard skills (programming, data analytics, technical skills)",3,5,1,Never,More than 8 hours,Digital Marketing Specialist,"Yes, currently enrolled in one or more courses/certifications","Not currently, but intend to in the future","Basic knowledge, learning while practicing",Never participate in such events,Always,76% – 85%,"Soft Skills (Communication, Leadership, Teamwork)",Procrastination / Low Motivation,Never (Unaware or Not interested),Low Impact (Rarely affects study),Moderate Risk
STU0667,3/15/2026 10:37,Third Year (TY),BCA,21,Male,5.0 – 6.9,Neutral,1–2 hours,1,Daily,30–60 minutes,,Video content (YouTube/OTT),Rarely,Sometimes,Actively preparing for a goal (placements/exams),Not clear,Both hard and soft skills,2,3,3,Sometimes,6–7 hours,Software Developer,"Not currently, but intend to in the future","Yes, actively working on projects/internship","Basic knowledge, learning while practicing",Never participate in such events,Often,66% – 75%,"Management/Execution (Planning, Organizing, Discipline)",Procrastination / Low Motivation,Never (Unaware or Not interested),High Impact (Frequent disruption),High Risk
STU0668,4/7/2026 15:31,First Year (PG),BCA,24,Female,8.5 – 9.4,Satisfied,1–2 hours,2,Rarely,30–60 minutes,4–6 hours,Social media,Mostly consistent,Often,Actively preparing for a goal (placements/exams),Not clear,"Soft skills (communication, teamwork, leadership, financial literacy)",,4,2,Sometimes,4–5 hours,Data Analyst,"No, not interested","Yes, actively working on projects/internship","Basic knowledge, learning while practicing","Rarely participate, mostly observe",Sometimes,Above 85%,"Soft Skills (Communication, Leadership, Teamwork)",Difficulty with Focus / Concentration,Rarely (Passive),Moderate Impact (Occasional disruption),Moderate Risk
STU0669,3/31/2026 7:43,Second Year (PG),BSc Computer Science,23,Male,8.5 – 9.4,Very satisfied,Less than 1 hour,3,Rarely,1–2 hours,4–6 hours,Video content (YouTube/OTT),Rarely,Sometimes,Planning to start soon,Somewhat clear,Both hard and soft skills,5,,2,Always,More than 8 hours,Other,"Not currently, but intend to in the future","Yes, actively working on projects/internship","Basic knowledge, learning while practicing",Never participate in such events,Sometimes,Above 85%,"Technical/Hard Skills (Coding, Math, Logic)",Difficulty with Focus / Concentration,Rarely (Passive),High Impact (Frequent disruption),High Risk
STU0670,4/14/2026 7:06,First Year (PG),BSc Cyber Security,24,Male,7.0 – 8.4,Very satisfied,Less than 1 hour,2,Never,30–60 minutes,More than 6 hours,Video content (YouTube/OTT),Sometimes,Rarely,Actively preparing for a goal (placements/exams),Very clear,"Soft skills (communication, teamwork, leadership, financial literacy)",5,3,2,Never,More than 8 hours,Data Analyst,"Yes, currently enrolled in one or more courses/certifications","Yes, actively working on projects/internship","Basic knowledge, learning while practicing",Never participate in such events,Sometimes,Above 85%,"Soft Skills (Communication, Leadership, Teamwork)",Procrastination / Low Motivation,Rarely (Passive),Low Impact (Rarely affects study),Moderate Risk
STU0671,4/2/2026 22:02,First Year (PG),BCA,24,Female,8.5 – 9.4,Very satisfied,1–2 hours,3,Never,More than 2 hours,2–4 hours,Gaming,Rarely,Always,Actively preparing for a goal (placements/exams),Not clear,"Soft skills (communication, teamwork, leadership, financial literacy)",4,1,3,Always,,Automation Engineer,Planning to enroll soon,Planning to start a project/internship soon,"Basic knowledge, learning while practicing","Rarely participate, mostly observe",Often,76% – 85%,"Soft Skills (Communication, Leadership, Teamwork)",Lack of Consistency or Determination (Difficulty sticking to a plan),Occasionally (When needed),Moderate Impact (Occasional disruption),Moderate Risk
STU0672,4/5/2026 16:35,First Year (FY),BSc IT,17,Female,8.5 – 9.4,Very satisfied,Less than 1 hour,2,Never,More than 2 hours,,Social media,Mostly consistent,Always,Planning to start soon,Somewhat clear,"Hard skills (programming, data analytics, technical skills)",4,4,1,Often,More than 8 hours,AI / ML,"No, not interested","Not currently, but intend to in the future","Basic knowledge, learning while practicing",Never participate in such events,Always,Above 85%,"Technical/Hard Skills (Coding, Math, Logic)",Difficulty with Focus / Concentration,,High Impact (Frequent disruption),Moderate Risk
STU0673,4/12/2026 10:22,First Year (PG),BCA,24,Female,7.0 – 8.4,Satisfied,1–2 hours,3,Rarely,1–2 hours,4–6 hours,Social media,Sometimes,Sometimes,Planning to start soon,Somewhat clear,Both hard and soft skills,1,5,3,Often,6–7 hours,Other,"Not currently, but intend to in the future",Planning to start a project/internship soon,"Basic knowledge, learning while practicing","Rarely participate, mostly observe",Sometimes,Less than 50%,"Technical/Hard Skills (Coding, Math, Logic)",Procrastination / Low Motivation,,Moderate Impact (Occasional disruption),High Risk
STU0674,4/9/2026 9:15,Second Year (PG),BCA,26,Male,5.0 – 6.9,Neutral,Less than 1 hour,3,Few times a week,30–60 minutes,4–6 hours,Social media,Mostly consistent,Always,Thinking about it,Somewhat clear,Both hard and soft skills,3,3,3,Always,6–7 hours,Other,"Not currently, but intend to in the future",Planning to start a project/internship soon,"Basic knowledge, learning while practicing","Rarely participate, mostly observe",Always,76% – 85%,"Soft Skills (Communication, Leadership, Teamwork)",Procrastination / Low Motivation,Rarely (Passive),High Impact (Frequent disruption),Moderate Risk
STU0675,3/21/2026 12:35,First Year (FY),BCA,18,Male,9.5 – 10.0,Very unsatisfied,More than 2 hours,4,Few times a week,1–2 hours,4–6 hours,Video content (YouTube/OTT),Sometimes,Often,Thinking about it,Somewhat clear,Both hard and soft skills,4,1,3,Often,More than 8 hours,Data Analyst,"Not currently, but intend to in the future",Planning to start a project/internship soon,"Basic knowledge, learning while practicing",Never participate in such events,Rarely,50% – 65%,"Technical/Hard Skills (Coding, Math, Logic)",Difficulty with Focus / Concentration,Occasionally (When needed),Low Impact (Rarely affects study),Low Risk
STU0676,3/28/2026 1:22,Second Year (SY),BCA,20,Male,8.5 – 9.4,Satisfied,Less than 1 hour,3,Daily,,2–4 hours,Video content (YouTube/OTT),Sometimes,Rarely,Planning to start soon,Somewhat clear,"Soft skills (communication, teamwork, leadership, financial literacy)",4,2,2,Sometimes,6–7 hours,Data Analyst,"No, not interested","Not currently, but intend to in the future",Strong foundation in core concepts,"Rarely participate, mostly observe",Sometimes,76% – 85%,"Soft Skills (Communication, Leadership, Teamwork)",Difficulty with Focus / Concentration,Never (Unaware or Not interested),Moderate Impact (Occasional disruption),Moderate Risk
STU0677,4/12/2026 9:36,Final Year,BCom,22,Male,8.5 – 9.4,Very satisfied,1–2 hours,1,Never,1–2 hours,4–6 hours,Video content (YouTube/OTT),Mostly consistent,Sometimes,Actively preparing for a goal (placements/exams),Somewhat clear,"Hard skills (programming, data analytics, technical skills)",3,3,3,Sometimes,6–7 hours,Other,"Not currently, but intend to in the future","Yes, actively working on projects/internship","Basic knowledge, learning while practicing",Occasionally participate in events,Often,Above 85%,"Soft Skills (Communication, Leadership, Teamwork)",Procrastination / Low Motivation,Rarely (Passive),No Impact (Fully supportive environment),Low Risk
STU0678,3/24/2026 15:52,Final Year,BBA,23,Male,7.0 – 8.4,Neutral,More than 2 hours,3,Rarely,1–2 hours,More than 6 hours,Video content (YouTube/OTT),Mostly consistent,Sometimes,Actively preparing for a goal (placements/exams),Not clear,Both hard and soft skills,4,3,1,Never,More than 8 hours,AI / ML,"Yes, currently enrolled in one or more courses/certifications",Planning to start a project/internship soon,"Basic knowledge, learning while practicing",Never participate in such events,Often,66% – 75%,"Creative/Design Skills (Innovation, UI/UX, Content)",Difficulty with Focus / Concentration,Occasionally (When needed),Low Impact (Rarely affects study),Moderate Risk
STU0679,3/19/2026 17:54,Third Year (TY),BCA,21,Female,5.0 – 6.9,Unsatisfied,Less than 1 hour,3,Few times a week,More than 2 hours,More than 6 hours,Social media,Mostly consistent,Often,Thinking about it,Very clear,"Hard skills (programming, data analytics, technical skills)",4,3,2,Always,4–5 hours,Software Developer,"Yes, currently enrolled in one or more courses/certifications","Not currently, but intend to in the future","Limited knowledge, theoretical only",Occasionally participate in events,Often,Less than 50%,"Creative/Design Skills (Innovation, UI/UX, Content)",Lack of Consistency or Determination (Difficulty sticking to a plan),Occasionally (When needed),,High Risk
STU0680,3/29/2026 16:32,Second Year (SY),BSc Computer Science,20,Male,9.5 – 10.0,Satisfied,1–2 hours,3,Rarely,More than 2 hours,More than 6 hours,Social interactions,Mostly consistent,Sometimes,Actively preparing for a goal (placements/exams),Very clear,Both hard and soft skills,2,4,2,Often,More than 8 hours,Software Developer,"No, not interested",Planning to start a project/internship soon,"Limited knowledge, theoretical only",Never participate in such events,Always,66% – 75%,"Soft Skills (Communication, Leadership, Teamwork)",Lack of Consistency or Determination (Difficulty sticking to a plan),Never (Unaware or Not interested),Moderate Impact (Occasional disruption),Moderate Risk
STU0681,3/19/2026 19:11,Second Year (SY),BCA,21,Female,5.0 – 6.9,Neutral,Less than 1 hour,3,Rarely,30–60 minutes,More than 6 hours,Social interactions,Sometimes,Sometimes,Actively preparing for a goal (placements/exams),Somewhat clear,"Soft skills (communication, teamwork, leadership, financial literacy)",3,2,3,Often,6–7 hours,Automation Engineer,"Not currently, but intend to in the future",Planning to start a project/internship soon,"Limited knowledge, theoretical only",Occasionally participate in events,Sometimes,76% – 85%,"Creative/Design Skills (Innovation, UI/UX, Content)",Difficulty with Focus / Concentration,Rarely (Passive),High Impact (Frequent disruption),Moderate Risk
STU0682,4/10/2026 13:26,Final Year,BBA,22,Female,8.5 – 9.4,Very satisfied,1–2 hours,3,Few times a week,1–2 hours,More than 6 hours,Social media,Mostly consistent,Often,Planning to start soon,Very clear,"Hard skills (programming, data analytics, technical skills)",3,,3,Always,4–5 hours,AI / ML,"Not currently, but intend to in the future","Not currently, but intend to in the future",Strong foundation in core concepts,Never participate in such events,Always,76% – 85%,"Technical/Hard Skills (Coding, Math, Logic)",Difficulty with Focus / Concentration,Rarely (Passive),Moderate Impact (Occasional disruption),Moderate Risk
STU0683,3/23/2026 14:29,Final Year,BCA,21,Female,5.0 – 6.9,Neutral,Less than 1 hour,4,Never,More than 2 hours,4–6 hours,Gaming,Mostly consistent,Often,Thinking about it,Somewhat clear,Both hard and soft skills,3,3,2,Sometimes,6–7 hours,Automation Engineer,"Not currently, but intend to in the future",Planning to start a project/internship soon,"Limited knowledge, theoretical only",Never participate in such events,Always,50% – 65%,"Technical/Hard Skills (Coding, Math, Logic)",Lack of Consistency or Determination (Difficulty sticking to a plan),Occasionally (When needed),No Impact (Fully supportive environment),High Risk
STU0684,3/19/2026 18:50,Second Year (SY),BCA,20,Male,8.5 – 9.4,Satisfied,More than 2 hours,4,Few times a week,1–2 hours,4–6 hours,Video content (YouTube/OTT),Sometimes,Always,Planning to start soon,Somewhat clear,"Soft skills (communication, teamwork, leadership, financial literacy)",4,2,3,Sometimes,More than 8 hours,Cyber Security Analyst,"Not currently, but intend to in the future","Not currently, but intend to in the future","Basic knowledge, learning while practicing",Occasionally participate in events,Often,50% – 65%,"Creative/Design Skills (Innovation, UI/UX, Content)",Procrastination / Low Motivation,Occasionally (When needed),No Impact (Fully supportive environment),Moderate Risk
STU0685,3/25/2026 12:44,Third Year (TY),BCA,22,Male,9.5 – 10.0,Satisfied,More than 2 hours,5,Daily,More than 2 hours,4–6 hours,Other,Mostly consistent,Always,Thinking about it,Very clear,Both hard and soft skills,2,3,3,Often,More than 8 hours,Data Analyst,"No, not interested","Yes, actively working on projects/internship","Basic knowledge, learning while practicing","Rarely participate, mostly observe",Often,66% – 75%,"Technical/Hard Skills (Coding, Math, Logic)",Procrastination / Low Motivation,Rarely (Passive),High Impact (Frequent disruption),Low Risk
STU0686,4/13/2026 12:51,Second Year (SY),BCA,21,Female,9.5 – 10.0,Satisfied,1–2 hours,3,Few times a week,1–2 hours,More than 6 hours,Video content (YouTube/OTT),Mostly consistent,Sometimes,Actively preparing for a goal (placements/exams),Somewhat clear,Both hard and soft skills,3,4,2,Never,6–7 hours,Data Analyst,"Not currently, but intend to in the future","Yes, actively working on projects/internship",Strong foundation in core concepts,Occasionally participate in events,Often,66% – 75%,"Soft Skills (Communication, Leadership, Teamwork)",Difficulty with Focus / Concentration,Rarely (Passive),Low Impact (Rarely affects study),Moderate Risk
STU0687,4/10/2026 6:40,Final Year,BSc Computer Science,21,Male,5.0 – 6.9,Very unsatisfied,Less than 1 hour,4,Rarely,1–2 hours,More than 6 hours,Social interactions,Sometimes,Sometimes,Planning to start soon,Very clear,Both hard and soft skills,2,3,2,Sometimes,6–7 hours,Software Developer,"Yes, currently enrolled in one or more courses/certifications",Planning to start a project/internship soon,"Limited knowledge, theoretical only",Occasionally participate in events,Rarely,Less than 50%,"Technical/Hard Skills (Coding, Math, Logic)",Lack of Consistency or Determination (Difficulty sticking to a plan),Rarely (Passive),No Impact (Fully supportive environment),High Risk
STU0688,4/9/2026 10:51,Second Year (SY),BCA,19,Male,7.0 – 8.4,Satisfied,Less than 1 hour,3,,More than 2 hours,2–4 hours,Video content (YouTube/OTT),Sometimes,Always,Planning to start soon,Very clear,"Hard skills (programming, data analytics, technical skills)",,4,,Sometimes,6–7 hours,Cyber Security Analyst,"Yes, currently enrolled in one or more courses/certifications",Planning to start a project/internship soon,"Basic knowledge, learning while practicing",Occasionally participate in events,Always,Less than 50%,"Creative/Design Skills (Innovation, UI/UX, Content)",Lack of Consistency or Determination (Difficulty sticking to a plan),Never (Unaware or Not interested),High Impact (Frequent disruption),High Risk
STU0689,4/4/2026 8:46,First Year (PG),BCA,25,Female,8.5 – 9.4,Neutral,Less than 1 hour,3,Few times a week,More than 2 hours,2–4 hours,Other,Rarely,Sometimes,Planning to start soon,Not clear,"Hard skills (programming, data analytics, technical skills)",4,1,2,Often,More than 8 hours,Cyber Security Analyst,"Yes, currently enrolled in one or more courses/certifications","Yes, actively working on projects/internship","Limited knowledge, theoretical only","Rarely participate, mostly observe",Often,Above 85%,"Soft Skills (Communication, Leadership, Teamwork)",Procrastination / Low Motivation,Never (Unaware or Not interested),Moderate Impact (Occasional disruption),Low Risk
STU0690,3/24/2026 14:33,Second Year (PG),BA,23,Male,7.0 – 8.4,Very unsatisfied,1–2 hours,3,Rarely,1–2 hours,More than 6 hours,Gaming,Mostly consistent,Always,Actively preparing for a goal (placements/exams),Very clear,Both hard and soft skills,2,5,3,Sometimes,6–7 hours,AI / ML,"Yes, currently enrolled in one or more courses/certifications","Not currently, but intend to in the future","Limited knowledge, theoretical only",Occasionally participate in events,Always,50% – 65%,"Creative/Design Skills (Innovation, UI/UX, Content)",Difficulty with Focus / Concentration,Rarely (Passive),Low Impact (Rarely affects study),High Risk
STU0691,3/22/2026 10:36,First Year (PG),BCA,24,Other,8.5 – 9.4,Satisfied,1–2 hours,1,Rarely,More than 2 hours,4–6 hours,Video content (YouTube/OTT),Sometimes,Often,Thinking about it,Somewhat clear,Both hard and soft skills,4,3,2,Often,,Cyber Security Analyst,"Yes, currently enrolled in one or more courses/certifications","Not currently, but intend to in the future","Limited knowledge, theoretical only",Occasionally participate in events,Sometimes,Above 85%,"Management/Execution (Planning, Organizing, Discipline)",Lack of Consistency or Determination (Difficulty sticking to a plan),Never (Unaware or Not interested),Low Impact (Rarely affects study),Moderate Risk
STU0692,4/10/2026 19:35,First Year (PG),BCA,24,Male,7.0 – 8.4,Neutral,Less than 1 hour,1,Never,30–60 minutes,4–6 hours,Video content (YouTube/OTT),Rarely,Always,Actively preparing for a goal (placements/exams),Very clear,Both hard and soft skills,2,3,3,Often,4–5 hours,Cyber Security Analyst,"Not currently, but intend to in the future","Not currently, but intend to in the future","Limited knowledge, theoretical only","Rarely participate, mostly observe",Sometimes,66% – 75%,"Technical/Hard Skills (Coding, Math, Logic)",Lack of Consistency or Determination (Difficulty sticking to a plan),Rarely (Passive),No Impact (Fully supportive environment),High Risk
STU0693,4/13/2026 20:39,Second Year (SY),BCom,19,Female,8.5 – 9.4,Very satisfied,1–2 hours,4,Few times a week,1–2 hours,4–6 hours,Social media,Mostly consistent,Sometimes,Thinking about it,Somewhat clear,"Hard skills (programming, data analytics, technical skills)",1,1,3,Often,More than 8 hours,Data Analyst,Planning to enroll soon,Planning to start a project/internship soon,Strong foundation in core concepts,Occasionally participate in events,Always,76% – 85%,"Technical/Hard Skills (Coding, Math, Logic)",Procrastination / Low Motivation,Rarely (Passive),Low Impact (Rarely affects study),Low Risk
STU0694,4/8/2026 9:01,Second Year (SY),BSc Computer Science,19,Male,5.0 – 6.9,Unsatisfied,1–2 hours,1,Few times a week,1–2 hours,More than 6 hours,Social media,Mostly consistent,Often,Planning to start soon,Somewhat clear,"Hard skills (programming, data analytics, technical skills)",4,1,1,Never,More than 8 hours,Digital Marketing Specialist,"Not currently, but intend to in the future",Planning to start a project/internship soon,"Basic knowledge, learning while practicing","Rarely participate, mostly observe",Often,Less than 50%,"Technical/Hard Skills (Coding, Math, Logic)",Procrastination / Low Motivation,Never (Unaware or Not interested),Moderate Impact (Occasional disruption),Moderate Risk
STU0695,3/26/2026 23:57,Second Year (SY),BCom,20,Female,7.0 – 8.4,Satisfied,1–2 hours,4,Never,1–2 hours,More than 6 hours,Other,Sometimes,Sometimes,Planning to start soon,Somewhat clear,Both hard and soft skills,4,2,3,Often,More than 8 hours,Other,"Not currently, but intend to in the future","Not currently, but intend to in the future","Limited knowledge, theoretical only","Rarely participate, mostly observe",Always,Less than 50%,"Creative/Design Skills (Innovation, UI/UX, Content)",Lack of Consistency or Determination (Difficulty sticking to a plan),,Moderate Impact (Occasional disruption),Moderate Risk
STU0696,3/16/2026 13:52,Final Year,BCom,21,Female,8.5 – 9.4,Satisfied,1–2 hours,3,Rarely,30–60 minutes,More than 6 hours,Gaming,Mostly consistent,Rarely,Planning to start soon,Somewhat clear,Both hard and soft skills,4,4,3,Sometimes,6–7 hours,Other,"Not currently, but intend to in the future",Planning to start a project/internship soon,"Limited knowledge, theoretical only",Never participate in such events,Always,Above 85%,"Technical/Hard Skills (Coding, Math, Logic)",Difficulty with Focus / Concentration,Occasionally (When needed),Low Impact (Rarely affects study),Moderate Risk
STU0697,3/30/2026 19:13,Second Year (SY),BSc Computer Science,21,Female,8.5 – 9.4,Very satisfied,1–2 hours,3,Rarely,More than 2 hours,More than 6 hours,Gaming,Mostly consistent,Often,Actively preparing for a goal (placements/exams),Somewhat clear,Both hard and soft skills,2,3,3,Always,6–7 hours,AI / ML,"Not currently, but intend to in the future","Not currently, but intend to in the future","Limited knowledge, theoretical only",Never participate in such events,Sometimes,76% – 85%,"Management/Execution (Planning, Organizing, Discipline)",Poor Time Management / Over-scheduling,Rarely (Passive),Moderate Impact (Occasional disruption),Moderate Risk
STU0698,3/26/2026 10:03,Final Year,BA,22,Male,9.5 – 10.0,Very satisfied,1–2 hours,4,Few times a week,More than 2 hours,More than 6 hours,Gaming,Mostly consistent,Often,Planning to start soon,Very clear,Both hard and soft skills,4,3,1,Often,6–7 hours,Automation Engineer,Planning to enroll soon,"Not currently, but intend to in the future","Limited knowledge, theoretical only",Never participate in such events,Always,76% – 85%,"Creative/Design Skills (Innovation, UI/UX, Content)",Procrastination / Low Motivation,Occasionally (When needed),No Impact (Fully supportive environment),Low Risk
STU0699,3/29/2026 11:44,Second Year (SY),BBA,21,Male,8.5 – 9.4,Satisfied,1–2 hours,2,Rarely,,More than 6 hours,Video content (YouTube/OTT),Mostly consistent,Sometimes,Actively preparing for a goal (placements/exams),Somewhat clear,Both hard and soft skills,3,2,3,Sometimes,6–7 hours,Other,Planning to enroll soon,"Yes, actively working on projects/internship","Limited knowledge, theoretical only",Occasionally participate in events,Always,Above 85%,"Creative/Design Skills (Innovation, UI/UX, Content)",Poor Time Management / Over-scheduling,,High Impact (Frequent disruption),Low Risk
STU0700,3/16/2026 9:28,Final Year,BCA,21,Other,8.5 – 9.4,Very unsatisfied,1–2 hours,2,Rarely,1–2 hours,More than 6 hours,Social media,Mostly consistent,Sometimes,Actively preparing for a goal (placements/exams),Not clear,Both hard and soft skills,3,5,1,Never,,AI / ML,"Not currently, but intend to in the future","Not currently, but intend to in the future","Basic knowledge, learning while practicing","Rarely participate, mostly observe",Sometimes,Above 85%,"Management/Execution (Planning, Organizing, Discipline)",Lack of Consistency or Determination (Difficulty sticking to a plan),Never (Unaware or Not interested),Low Impact (Rarely affects study),Moderate Risk
STU0701,3/21/2026 10:37,Final Year,BCA,21,Male,5.0 – 6.9,Neutral,1–2 hours,2,Never,1–2 hours,2–4 hours,Other,Rarely,Often,Planning to start soon,Not clear,"Soft skills (communication, teamwork, leadership, financial literacy)",4,3,1,Sometimes,6–7 hours,Data Analyst,"Yes, currently enrolled in one or more courses/certifications",Planning to start a project/internship soon,Strong foundation in core concepts,"Rarely participate, mostly observe",Often,66% – 75%,"Management/Execution (Planning, Organizing, Discipline)",Procrastination / Low Motivation,Never (Unaware or Not interested),High Impact (Frequent disruption),High Risk
STU0702,3/28/2026 8:29,Second Year (SY),BBA,21,Female,7.0 – 8.4,Neutral,Less than 1 hour,2,Rarely,30–60 minutes,More than 6 hours,Video content (YouTube/OTT),Mostly consistent,Sometimes,Actively preparing for a goal (placements/exams),Somewhat clear,"Soft skills (communication, teamwork, leadership, financial literacy)",4,2,1,Sometimes,More than 8 hours,Software Developer,"No, not interested","Not currently, but intend to in the future",Strong foundation in core concepts,Never participate in such events,Always,Less than 50%,"Management/Execution (Planning, Organizing, Discipline)",Difficulty with Focus / Concentration,Never (Unaware or Not interested),No Impact (Fully supportive environment),Moderate Risk
STU0703,3/25/2026 15:18,Final Year,BBA,23,Female,7.0 – 8.4,Neutral,Less than 1 hour,1,Never,30–60 minutes,More than 6 hours,Social interactions,Mostly consistent,Sometimes,Thinking about it,Somewhat clear,"Hard skills (programming, data analytics, technical skills)",2,4,2,Often,4–5 hours,Cyber Security Analyst,"Not currently, but intend to in the future","Not currently, but intend to in the future","Basic knowledge, learning while practicing",Occasionally participate in events,Often,Less than 50%,"Soft Skills (Communication, Leadership, Teamwork)",Procrastination / Low Motivation,Rarely (Passive),Low Impact (Rarely affects study),High Risk
STU0704,3/15/2026 16:28,First Year (FY),BCA,18,Male,5.0 – 6.9,Very unsatisfied,1–2 hours,1,Rarely,1–2 hours,More than 6 hours,Gaming,Mostly consistent,Sometimes,Planning to start soon,Somewhat clear,Both hard and soft skills,5,3,3,Often,More than 8 hours,Automation Engineer,"No, not interested","Yes, actively working on projects/internship","Limited knowledge, theoretical only",Never participate in such events,Always,76% – 85%,"Management/Execution (Planning, Organizing, Discipline)",Lack of Consistency or Determination (Difficulty sticking to a plan),Rarely (Passive),No Impact (Fully supportive environment),Moderate Risk
STU0705,4/11/2026 1:16,Third Year (TY),BCA,21,Male,7.0 – 8.4,Unsatisfied,Less than 1 hour,4,Few times a week,1–2 hours,4–6 hours,Video content (YouTube/OTT),Sometimes,Sometimes,Thinking about it,Somewhat clear,"Hard skills (programming, data analytics, technical skills)",3,4,3,Often,6–7 hours,Software Developer,"Not currently, but intend to in the future","Not currently, but intend to in the future","Basic knowledge, learning while practicing","Rarely participate, mostly observe",Often,Above 85%,"Soft Skills (Communication, Leadership, Teamwork)",Procrastination / Low Motivation,Never (Unaware or Not interested),Low Impact (Rarely affects study),Moderate Risk
STU0706,3/23/2026 0:45,First Year (PG),BCA,24,Female,9.5 – 10.0,Satisfied,1–2 hours,,Rarely,1–2 hours,More than 6 hours,Social media,Rarely,Sometimes,Planning to start soon,Very clear,"Soft skills (communication, teamwork, leadership, financial literacy)",3,5,1,Always,4–5 hours,Cyber Security Analyst,"Not currently, but intend to in the future","Yes, actively working on projects/internship",Strong foundation in core concepts,"Rarely participate, mostly observe",Often,66% – 75%,"Creative/Design Skills (Innovation, UI/UX, Content)",Lack of Consistency or Determination (Difficulty sticking to a plan),Occasionally (When needed),Low Impact (Rarely affects study),High Risk
STU0707,3/28/2026 14:43,First Year (FY),BSc IT,17,Male,5.0 – 6.9,Unsatisfied,Less than 1 hour,5,Few times a week,More than 2 hours,More than 6 hours,Social interactions,Rarely,Often,Thinking about it,Somewhat clear,Both hard and soft skills,1,3,2,Often,6–7 hours,Software Developer,"Not currently, but intend to in the future","Yes, actively working on projects/internship","Basic knowledge, learning while practicing","Rarely participate, mostly observe",Sometimes,50% – 65%,"Technical/Hard Skills (Coding, Math, Logic)",Difficulty with Focus / Concentration,Occasionally (When needed),Moderate Impact (Occasional disruption),High Risk
STU0708,3/19/2026 16:59,Third Year (TY),BSc Cyber Security,22,Male,7.0 – 8.4,Neutral,1–2 hours,,Few times a week,1–2 hours,2–4 hours,Video content (YouTube/OTT),Sometimes,Always,Planning to start soon,Somewhat clear,"Soft skills (communication, teamwork, leadership, financial literacy)",5,3,3,Never,More than 8 hours,Software Developer,"Not currently, but intend to in the future","Not currently, but intend to in the future","Basic knowledge, learning while practicing",,Sometimes,76% – 85%,"Technical/Hard Skills (Coding, Math, Logic)",Poor Time Management / Over-scheduling,Occasionally (When needed),No Impact (Fully supportive environment),Moderate Risk
STU0709,3/17/2026 14:41,First Year (FY),BSc Computer Science,17,Female,9.5 – 10.0,Very satisfied,More than 2 hours,3,Daily,More than 2 hours,2–4 hours,Gaming,Sometimes,Often,Planning to start soon,Very clear,Both hard and soft skills,5,2,3,Often,More than 8 hours,Other,"Yes, currently enrolled in one or more courses/certifications",Planning to start a project/internship soon,"Basic knowledge, learning while practicing","Rarely participate, mostly observe",Rarely,76% – 85%,"Creative/Design Skills (Innovation, UI/UX, Content)",Difficulty with Focus / Concentration,Rarely (Passive),No Impact (Fully supportive environment),Low Risk
STU0710,3/23/2026 18:20,Second Year (PG),BSc Computer Science,24,Female,5.0 – 6.9,Unsatisfied,Less than 1 hour,2,Rarely,1–2 hours,4–6 hours,Video content (YouTube/OTT),Sometimes,Often,Planning to start soon,Somewhat clear,"Soft skills (communication, teamwork, leadership, financial literacy)",4,3,2,Sometimes,More than 8 hours,Data Analyst,Planning to enroll soon,"Yes, actively working on projects/internship","Basic knowledge, learning while practicing",Occasionally participate in events,Sometimes,50% – 65%,"Management/Execution (Planning, Organizing, Discipline)",Poor Time Management / Over-scheduling,Never (Unaware or Not interested),No Impact (Fully supportive environment),High Risk
STU0711,4/1/2026 7:22,First Year (PG),BSc Computer Science,22,Male,7.0 – 8.4,Neutral,1–2 hours,1,Rarely,1–2 hours,More than 6 hours,Social interactions,Rarely,Often,Actively preparing for a goal (placements/exams),Very clear,Both hard and soft skills,2,3,2,Often,More than 8 hours,AI / ML,Planning to enroll soon,"Not currently, but intend to in the future","Basic knowledge, learning while practicing","Rarely participate, mostly observe",Rarely,Less than 50%,"Soft Skills (Communication, Leadership, Teamwork)",Procrastination / Low Motivation,Never (Unaware or Not interested),High Impact (Frequent disruption),High Risk
STU0712,4/9/2026 16:16,Second Year (SY),BCA,20,Male,7.0 – 8.4,Neutral,1–2 hours,1,Never,More than 2 hours,More than 6 hours,Other,Mostly consistent,Often,Planning to start soon,Very clear,"Hard skills (programming, data analytics, technical skills)",4,2,1,Often,6–7 hours,Automation Engineer,"Yes, currently enrolled in one or more courses/certifications",Planning to start a project/internship soon,"Basic knowledge, learning while practicing","Rarely participate, mostly observe",Always,76% – 85%,"Creative/Design Skills (Innovation, UI/UX, Content)",Procrastination / Low Motivation,Occasionally (When needed),Low Impact (Rarely affects study),Moderate Risk
STU0713,4/13/2026 9:45,First Year (FY),BCA,18,Male,8.5 – 9.4,Neutral,1–2 hours,1,Few times a week,,4–6 hours,Video content (YouTube/OTT),Mostly consistent,Often,Planning to start soon,Somewhat clear,"Soft skills (communication, teamwork, leadership, financial literacy)",5,3,1,Sometimes,6–7 hours,Automation Engineer,"Yes, currently enrolled in one or more courses/certifications",Planning to start a project/internship soon,Strong foundation in core concepts,"Rarely participate, mostly observe",Often,50% – 65%,"Soft Skills (Communication, Leadership, Teamwork)",Difficulty with Focus / Concentration,Occasionally (When needed),Moderate Impact (Occasional disruption),Moderate Risk
STU0714,3/24/2026 7:45,First Year (FY),BCA,17,Male,9.5 – 10.0,Very satisfied,1–2 hours,2,Rarely,1–2 hours,More than 6 hours,Video content (YouTube/OTT),Mostly consistent,Often,Actively preparing for a goal (placements/exams),Very clear,Both hard and soft skills,5,2,2,Never,More than 8 hours,Data Analyst,Planning to enroll soon,"Not currently, but intend to in the future","Limited knowledge, theoretical only",Never participate in such events,Rarely,76% – 85%,"Management/Execution (Planning, Organizing, Discipline)",Procrastination / Low Motivation,Occasionally (When needed),Moderate Impact (Occasional disruption),Low Risk
STU0715,3/30/2026 15:48,Second Year (SY),BCA,21,Female,7.0 – 8.4,Unsatisfied,Less than 1 hour,2,Rarely,1–2 hours,More than 6 hours,Video content (YouTube/OTT),Sometimes,Rarely,Thinking about it,Very clear,Both hard and soft skills,2,4,2,Always,More than 8 hours,Cyber Security Analyst,"Not currently, but intend to in the future",Planning to start a project/internship soon,"Basic knowledge, learning while practicing",Occasionally participate in events,Rarely,50% – 65%,"Technical/Hard Skills (Coding, Math, Logic)",Difficulty with Focus / Concentration,Rarely (Passive),High Impact (Frequent disruption),High Risk
STU0716,3/23/2026 18:37,Second Year (SY),BCA,19,Male,9.5 – 10.0,Satisfied,Less than 1 hour,3,Rarely,More than 2 hours,4–6 hours,Gaming,Mostly consistent,Always,Actively preparing for a goal (placements/exams),Very clear,"Hard skills (programming, data analytics, technical skills)",5,3,3,Sometimes,6–7 hours,Cyber Security Analyst,Planning to enroll soon,"Not currently, but intend to in the future",Strong foundation in core concepts,"Rarely participate, mostly observe",Often,76% – 85%,"Technical/Hard Skills (Coding, Math, Logic)",Lack of Consistency or Determination (Difficulty sticking to a plan),Occasionally (When needed),High Impact (Frequent disruption),Low Risk
STU0717,4/7/2026 15:56,Final Year,BA,21,Female,9.5 – 10.0,Very satisfied,1–2 hours,4,Never,More than 2 hours,More than 6 hours,Social interactions,Sometimes,Often,Planning to start soon,Very clear,"Soft skills (communication, teamwork, leadership, financial literacy)",3,2,2,Never,6–7 hours,Digital Marketing Specialist,"No, not interested","Yes, actively working on projects/internship","Basic knowledge, learning while practicing","Rarely participate, mostly observe",Often,66% – 75%,"Technical/Hard Skills (Coding, Math, Logic)",Procrastination / Low Motivation,Occasionally (When needed),Low Impact (Rarely affects study),Low Risk
STU0718,4/13/2026 10:06,Final Year,BSc Computer Science,21,Male,8.5 – 9.4,Satisfied,More than 2 hours,3,Few times a week,1–2 hours,4–6 hours,Social interactions,Sometimes,Often,Thinking about it,Somewhat clear,Both hard and soft skills,3,,3,Sometimes,6–7 hours,AI / ML,"Not currently, but intend to in the future",Planning to start a project/internship soon,"Basic knowledge, learning while practicing",,Sometimes,66% – 75%,"Management/Execution (Planning, Organizing, Discipline)",Difficulty with Focus / Concentration,Occasionally (When needed),,Moderate Risk
STU0719,3/24/2026 7:13,Third Year (TY),BCA,22,Male,7.0 – 8.4,Unsatisfied,Less than 1 hour,2,Few times a week,30–60 minutes,More than 6 hours,Video content (YouTube/OTT),Sometimes,Sometimes,Actively preparing for a goal (placements/exams),Somewhat clear,Both hard and soft skills,3,5,1,Always,6–7 hours,AI / ML,"No, not interested",Planning to start a project/internship soon,"Basic knowledge, learning while practicing",Never participate in such events,Sometimes,Less than 50%,"Technical/Hard Skills (Coding, Math, Logic)",Poor Time Management / Over-scheduling,Never (Unaware or Not interested),No Impact (Fully supportive environment),High Risk
STU0720,3/18/2026 11:42,First Year (FY),BSc IT,18,Male,7.0 – 8.4,Satisfied,1–2 hours,4,Rarely,30–60 minutes,4–6 hours,Video content (YouTube/OTT),Rarely,Rarely,Thinking about it,Very clear,Both hard and soft skills,2,4,3,Sometimes,6–7 hours,Other,"Not currently, but intend to in the future","Yes, actively working on projects/internship","Basic knowledge, learning while practicing",Never participate in such events,Sometimes,76% – 85%,"Technical/Hard Skills (Coding, Math, Logic)",Poor Time Management / Over-scheduling,Never (Unaware or Not interested),High Impact (Frequent disruption),High Risk
STU0721,4/13/2026 11:06,Third Year (TY),BCA,22,Male,7.0 – 8.4,Satisfied,Less than 1 hour,2,Daily,1–2 hours,More than 6 hours,Other,Rarely,Sometimes,Planning to start soon,Not clear,Both hard and soft skills,1,3,3,Always,,Automation Engineer,"Not currently, but intend to in the future",Planning to start a project/internship soon,"Limited knowledge, theoretical only","Rarely participate, mostly observe",Rarely,66% – 75%,"Technical/Hard Skills (Coding, Math, Logic)",Procrastination / Low Motivation,Never (Unaware or Not interested),Moderate Impact (Occasional disruption),High Risk
STU0722,3/30/2026 14:09,Second Year (SY),BCA,19,Female,8.5 – 9.4,Satisfied,More than 2 hours,5,Few times a week,More than 2 hours,4–6 hours,Gaming,Rarely,Sometimes,Actively preparing for a goal (placements/exams),Very clear,Both hard and soft skills,3,2,1,Sometimes,,Data Analyst,"Not currently, but intend to in the future",Planning to start a project/internship soon,"Basic knowledge, learning while practicing",Occasionally participate in events,Always,Less than 50%,"Technical/Hard Skills (Coding, Math, Logic)",Lack of Consistency or Determination (Difficulty sticking to a plan),Never (Unaware or Not interested),Moderate Impact (Occasional disruption),Moderate Risk
STU0723,4/3/2026 1:16,Second Year (SY),BBA,20,Female,8.5 – 9.4,Very satisfied,Less than 1 hour,1,Rarely,30–60 minutes,More than 6 hours,Social media,Mostly consistent,Sometimes,Planning to start soon,Not clear,Both hard and soft skills,2,5,2,Always,6–7 hours,Other,"No, not interested","Yes, actively working on projects/internship","Basic knowledge, learning while practicing",Never participate in such events,Often,66% – 75%,"Creative/Design Skills (Innovation, UI/UX, Content)",Procrastination / Low Motivation,Rarely (Passive),High Impact (Frequent disruption),Moderate Risk
STU0724,3/18/2026 16:18,Second Year (SY),BCA,19,Male,7.0 – 8.4,Satisfied,1–2 hours,3,Rarely,More than 2 hours,More than 6 hours,Social media,Sometimes,Often,Planning to start soon,Somewhat clear,"Hard skills (programming, data analytics, technical skills)",5,4,3,Often,6–7 hours,Software Developer,"No, not interested",Planning to start a project/internship soon,"Limited knowledge, theoretical only","Rarely participate, mostly observe",Rarely,66% – 75%,"Creative/Design Skills (Innovation, UI/UX, Content)",Lack of Consistency or Determination (Difficulty sticking to a plan),Never (Unaware or Not interested),No Impact (Fully supportive environment),High Risk
STU0725,4/12/2026 12:49,First Year (FY),BCA,18,Female,7.0 – 8.4,Unsatisfied,Less than 1 hour,2,Rarely,30–60 minutes,4–6 hours,Social media,Sometimes,Always,Actively preparing for a goal (placements/exams),Very clear,Both hard and soft skills,,3,2,Often,More than 8 hours,AI / ML,"Yes, currently enrolled in one or more courses/certifications","Not currently, but intend to in the future","Basic knowledge, learning while practicing",Never participate in such events,Often,50% – 65%,"Creative/Design Skills (Innovation, UI/UX, Content)",Lack of Consistency or Determination (Difficulty sticking to a plan),Occasionally (When needed),High Impact (Frequent disruption),High Risk
STU0726,3/29/2026 17:51,Second Year (SY),BCA,20,Male,7.0 – 8.4,Very satisfied,1–2 hours,2,Few times a week,30–60 minutes,More than 6 hours,Video content (YouTube/OTT),Mostly consistent,Often,Planning to start soon,Very clear,"Soft skills (communication, teamwork, leadership, financial literacy)",2,5,1,Often,4–5 hours,Cyber Security Analyst,"No, not interested",Planning to start a project/internship soon,"Basic knowledge, learning while practicing","Rarely participate, mostly observe",Often,76% – 85%,"Creative/Design Skills (Innovation, UI/UX, Content)",Poor Time Management / Over-scheduling,Never (Unaware or Not interested),High Impact (Frequent disruption),High Risk
STU0727,4/3/2026 11:39,Second Year (PG),BCA,25,Female,7.0 – 8.4,Unsatisfied,1–2 hours,4,Few times a week,More than 2 hours,,Social media,Rarely,Always,Planning to start soon,Somewhat clear,"Soft skills (communication, teamwork, leadership, financial literacy)",2,4,1,Sometimes,4–5 hours,Cyber Security Analyst,"Not currently, but intend to in the future","Yes, actively working on projects/internship","Limited knowledge, theoretical only",Never participate in such events,Sometimes,76% – 85%,"Management/Execution (Planning, Organizing, Discipline)",Procrastination / Low Motivation,Occasionally (When needed),Moderate Impact (Occasional disruption),High Risk
STU0728,4/10/2026 13:10,Second Year (SY),BCA,21,Female,5.0 – 6.9,Very unsatisfied,Less than 1 hour,4,Never,1–2 hours,4–6 hours,Other,Rarely,Sometimes,Actively preparing for a goal (placements/exams),Somewhat clear,"Soft skills (communication, teamwork, leadership, financial literacy)",5,2,2,Always,More than 8 hours,Other,,"Not currently, but intend to in the future","Basic knowledge, learning while practicing","Rarely participate, mostly observe",Rarely,50% – 65%,"Creative/Design Skills (Innovation, UI/UX, Content)",Difficulty with Focus / Concentration,Occasionally (When needed),Moderate Impact (Occasional disruption),High Risk
STU0729,3/30/2026 10:50,Second Year (PG),BCom,23,Male,9.5 – 10.0,Satisfied,1–2 hours,5,Rarely,More than 2 hours,4–6 hours,Social media,Mostly consistent,Always,Planning to start soon,Very clear,Both hard and soft skills,3,4,3,Never,6–7 hours,Other,"Not currently, but intend to in the future",Planning to start a project/internship soon,"Limited knowledge, theoretical only",Occasionally participate in events,Often,Above 85%,"Management/Execution (Planning, Organizing, Discipline)",Difficulty with Focus / Concentration,Rarely (Passive),Moderate Impact (Occasional disruption),Low Risk
STU0730,3/31/2026 10:04,First Year (FY),BCA,19,Female,5.0 – 6.9,Satisfied,Less than 1 hour,2,Rarely,,4–6 hours,Social interactions,Rarely,Sometimes,Actively preparing for a goal (placements/exams),Somewhat clear,Both hard and soft skills,1,4,2,Sometimes,6–7 hours,Data Analyst,"No, not interested","Yes, actively working on projects/internship","Basic knowledge, learning while practicing","Rarely participate, mostly observe",Often,76% – 85%,"Creative/Design Skills (Innovation, UI/UX, Content)",Difficulty with Focus / Concentration,Occasionally (When needed),Low Impact (Rarely affects study),High Risk
STU0731,3/15/2026 15:47,Final Year,BBA,22,Male,8.5 – 9.4,Satisfied,Less than 1 hour,2,Rarely,More than 2 hours,4–6 hours,Other,Mostly consistent,Sometimes,Thinking about it,Not clear,"Soft skills (communication, teamwork, leadership, financial literacy)",2,5,2,Always,4–5 hours,AI / ML,Planning to enroll soon,Planning to start a project/internship soon,Strong foundation in core concepts,Occasionally participate in events,Often,76% – 85%,"Soft Skills (Communication, Leadership, Teamwork)",Lack of Consistency or Determination (Difficulty sticking to a plan),Occasionally (When needed),Low Impact (Rarely affects study),Moderate Risk
STU0732,3/30/2026 17:01,Third Year (TY),BCA,22,Male,8.5 – 9.4,Unsatisfied,1–2 hours,4,Rarely,1–2 hours,2–4 hours,Video content (YouTube/OTT),Sometimes,Often,Planning to start soon,Very clear,"Soft skills (communication, teamwork, leadership, financial literacy)",3,3,3,Never,6–7 hours,Other,"No, not interested",Planning to start a project/internship soon,"Basic knowledge, learning while practicing",Occasionally participate in events,Sometimes,50% – 65%,"Soft Skills (Communication, Leadership, Teamwork)",Procrastination / Low Motivation,Rarely (Passive),Low Impact (Rarely affects study),Moderate Risk
STU0733,3/18/2026 8:05,Third Year (TY),BBA,22,Female,7.0 – 8.4,Unsatisfied,1–2 hours,4,Never,More than 2 hours,4–6 hours,Other,Rarely,Always,Actively preparing for a goal (placements/exams),Not clear,Both hard and soft skills,2,4,3,Often,4–5 hours,Digital Marketing Specialist,"Not currently, but intend to in the future","Not currently, but intend to in the future","Limited knowledge, theoretical only",Occasionally participate in events,Sometimes,Less than 50%,"Creative/Design Skills (Innovation, UI/UX, Content)",Procrastination / Low Motivation,Occasionally (When needed),High Impact (Frequent disruption),High Risk
STU0734,4/10/2026 10:21,Third Year (TY),BCA,20,Male,7.0 – 8.4,Neutral,1–2 hours,2,Rarely,1–2 hours,More than 6 hours,Video content (YouTube/OTT),Mostly consistent,Always,Planning to start soon,Very clear,"Soft skills (communication, teamwork, leadership, financial literacy)",3,2,1,Sometimes,6–7 hours,AI / ML,"No, not interested","Not currently, but intend to in the future","Limited knowledge, theoretical only",Never participate in such events,Sometimes,Above 85%,"Soft Skills (Communication, Leadership, Teamwork)",Procrastination / Low Motivation,Occasionally (When needed),Low Impact (Rarely affects study),Low Risk
STU0735,4/11/2026 5:35,Second Year (SY),BCA,21,Male,7.0 – 8.4,Very unsatisfied,Less than 1 hour,1,Rarely,1–2 hours,4–6 hours,Social interactions,Rarely,Rarely,Planning to start soon,Somewhat clear,"Soft skills (communication, teamwork, leadership, financial literacy)",2,5,1,Often,6–7 hours,Cyber Security Analyst,"Not currently, but intend to in the future","Yes, actively working on projects/internship","Limited knowledge, theoretical only",Never participate in such events,Sometimes,Above 85%,"Creative/Design Skills (Innovation, UI/UX, Content)",Difficulty with Focus / Concentration,Occasionally (When needed),Moderate Impact (Occasional disruption),High Risk
STU0736,4/4/2026 8:10,Second Year (SY),BCA,21,Female,5.0 – 6.9,Unsatisfied,Less than 1 hour,2,Few times a week,1–2 hours,4–6 hours,Gaming,Rarely,Sometimes,Planning to start soon,Very clear,Both hard and soft skills,2,3,1,Often,4–5 hours,Cyber Security Analyst,"Not currently, but intend to in the future","Yes, actively working on projects/internship",Strong foundation in core concepts,"Rarely participate, mostly observe",Sometimes,66% – 75%,"Management/Execution (Planning, Organizing, Discipline)",Difficulty with Focus / Concentration,Rarely (Passive),High Impact (Frequent disruption),High Risk
STU0737,3/24/2026 16:09,First Year (FY),BSc Cyber Security,19,Female,8.5 – 9.4,Neutral,More than 2 hours,3,Never,1–2 hours,2–4 hours,Social media,Mostly consistent,Often,Planning to start soon,Very clear,"Soft skills (communication, teamwork, leadership, financial literacy)",2,5,3,Often,More than 8 hours,Data Analyst,Planning to enroll soon,"Not currently, but intend to in the future","Limited knowledge, theoretical only","Rarely participate, mostly observe",Often,66% – 75%,"Soft Skills (Communication, Leadership, Teamwork)",Lack of Consistency or Determination (Difficulty sticking to a plan),Occasionally (When needed),High Impact (Frequent disruption),Moderate Risk
STU0738,3/15/2026 17:30,Second Year (PG),BCA,25,Male,5.0 – 6.9,Unsatisfied,1–2 hours,2,Few times a week,30–60 minutes,4–6 hours,Gaming,Rarely,Sometimes,Planning to start soon,Very clear,Both hard and soft skills,4,3,1,Often,6–7 hours,Automation Engineer,"Not currently, but intend to in the future","Not currently, but intend to in the future","Limited knowledge, theoretical only","Rarely participate, mostly observe",Always,50% – 65%,"Management/Execution (Planning, Organizing, Discipline)",Difficulty with Focus / Concentration,Occasionally (When needed),Moderate Impact (Occasional disruption),High Risk
STU0739,4/12/2026 10:35,First Year (PG),BCA,23,Female,7.0 – 8.4,Satisfied,Less than 1 hour,3,,1–2 hours,More than 6 hours,Video content (YouTube/OTT),Mostly consistent,Sometimes,Thinking about it,Somewhat clear,"Hard skills (programming, data analytics, technical skills)",3,3,3,Always,6–7 hours,Software Developer,"Yes, currently enrolled in one or more courses/certifications",Planning to start a project/internship soon,"Basic knowledge, learning while practicing",Occasionally participate in events,Often,66% – 75%,"Technical/Hard Skills (Coding, Math, Logic)",Poor Time Management / Over-scheduling,Rarely (Passive),No Impact (Fully supportive environment),Moderate Risk
STU0740,3/19/2026 10:37,First Year (PG),BCA,22,Male,7.0 – 8.4,Satisfied,Less than 1 hour,3,Never,30–60 minutes,2–4 hours,Video content (YouTube/OTT),Rarely,Sometimes,Planning to start soon,Somewhat clear,"Hard skills (programming, data analytics, technical skills)",4,5,1,Never,6–7 hours,AI / ML,"Not currently, but intend to in the future",Planning to start a project/internship soon,"Limited knowledge, theoretical only","Rarely participate, mostly observe",Always,76% – 85%,"Creative/Design Skills (Innovation, UI/UX, Content)",Difficulty with Focus / Concentration,Occasionally (When needed),Moderate Impact (Occasional disruption),High Risk
STU0741,4/13/2026 12:42,Third Year (TY),BCA,21,Female,7.0 – 8.4,Neutral,Less than 1 hour,2,,1–2 hours,More than 6 hours,Social media,Rarely,Often,Thinking about it,Very clear,"Soft skills (communication, teamwork, leadership, financial literacy)",4,2,3,Sometimes,6–7 hours,Other,,"Not currently, but intend to in the future","Basic knowledge, learning while practicing","Rarely participate, mostly observe",Often,66% – 75%,"Technical/Hard Skills (Coding, Math, Logic)",Difficulty with Focus / Concentration,Occasionally (When needed),Moderate Impact (Occasional disruption),Moderate Risk
STU0742,4/5/2026 10:27,Second Year (SY),BCA,20,Male,5.0 – 6.9,Very unsatisfied,Less than 1 hour,4,Rarely,1–2 hours,4–6 hours,Video content (YouTube/OTT),Sometimes,Sometimes,Thinking about it,Very clear,Both hard and soft skills,4,3,2,Never,6–7 hours,Data Analyst,"No, not interested","Yes, actively working on projects/internship","Limited knowledge, theoretical only",Never participate in such events,Sometimes,50% – 65%,"Creative/Design Skills (Innovation, UI/UX, Content)",Procrastination / Low Motivation,Occasionally (When needed),Low Impact (Rarely affects study),High Risk
STU0743,4/10/2026 10:40,First Year (PG),BSc Computer Science,24,Male,7.0 – 8.4,Very unsatisfied,Less than 1 hour,1,Daily,More than 2 hours,4–6 hours,Social media,Sometimes,Rarely,Planning to start soon,Not clear,"Hard skills (programming, data analytics, technical skills)",5,2,1,Always,6–7 hours,Digital Marketing Specialist,Planning to enroll soon,Planning to start a project/internship soon,,"Rarely participate, mostly observe",Sometimes,50% – 65%,"Technical/Hard Skills (Coding, Math, Logic)",Difficulty with Focus / Concentration,Rarely (Passive),No Impact (Fully supportive environment),Moderate Risk
STU0744,3/28/2026 8:46,Second Year (PG),BCA,24,Male,8.5 – 9.4,Very satisfied,More than 2 hours,4,Few times a week,More than 2 hours,2–4 hours,Video content (YouTube/OTT),Sometimes,Sometimes,Actively preparing for a goal (placements/exams),Somewhat clear,Both hard and soft skills,2,2,3,Sometimes,4–5 hours,AI / ML,Planning to enroll soon,"Not currently, but intend to in the future","Basic knowledge, learning while practicing",Never participate in such events,Rarely,50% – 65%,"Soft Skills (Communication, Leadership, Teamwork)",Lack of Consistency or Determination (Difficulty sticking to a plan),Occasionally (When needed),No Impact (Fully supportive environment),Moderate Risk
STU0745,3/23/2026 16:58,Second Year (SY),BSc IT,21,Male,7.0 – 8.4,Satisfied,1–2 hours,4,Few times a week,,More than 6 hours,Social media,Rarely,Sometimes,Planning to start soon,Not clear,Both hard and soft skills,4,4,2,Never,6–7 hours,Digital Marketing Specialist,"Not currently, but intend to in the future","Yes, actively working on projects/internship","Basic knowledge, learning while practicing",Never participate in such events,Sometimes,50% – 65%,"Technical/Hard Skills (Coding, Math, Logic)",Poor Time Management / Over-scheduling,Never (Unaware or Not interested),Moderate Impact (Occasional disruption),High Risk
STU0746,4/4/2026 10:38,Third Year (TY),BSc Computer Science,21,Male,5.0 – 6.9,Unsatisfied,Less than 1 hour,1,Rarely,More than 2 hours,4–6 hours,Other,Rarely,Often,Thinking about it,Somewhat clear,Both hard and soft skills,4,3,,Always,6–7 hours,Automation Engineer,Planning to enroll soon,"Yes, actively working on projects/internship","Basic knowledge, learning while practicing",Never participate in such events,Rarely,Less than 50%,"Technical/Hard Skills (Coding, Math, Logic)",Poor Time Management / Over-scheduling,Occasionally (When needed),Low Impact (Rarely affects study),High Risk
STU0747,3/18/2026 13:54,Final Year,BCA,21,Male,5.0 – 6.9,Very unsatisfied,Less than 1 hour,5,Daily,More than 2 hours,2–4 hours,Gaming,Rarely,Often,Actively preparing for a goal (placements/exams),Very clear,Both hard and soft skills,3,3,2,Often,6–7 hours,Software Developer,"Not currently, but intend to in the future","Not currently, but intend to in the future",Strong foundation in core concepts,"Rarely participate, mostly observe",Sometimes,66% – 75%,"Soft Skills (Communication, Leadership, Teamwork)",Procrastination / Low Motivation,Occasionally (When needed),High Impact (Frequent disruption),High Risk
STU0748,4/7/2026 6:37,Third Year (TY),BCom,21,Female,8.5 – 9.4,Neutral,1–2 hours,1,Daily,30–60 minutes,More than 6 hours,Gaming,Rarely,Always,Actively preparing for a goal (placements/exams),Not clear,Both hard and soft skills,3,4,1,Sometimes,6–7 hours,AI / ML,"Not currently, but intend to in the future",Planning to start a project/internship soon,Strong foundation in core concepts,Never participate in such events,Sometimes,Above 85%,"Soft Skills (Communication, Leadership, Teamwork)",Poor Time Management / Over-scheduling,Occasionally (When needed),High Impact (Frequent disruption),Moderate Risk
STU0749,3/28/2026 20:32,Final Year,BA,21,Male,9.5 – 10.0,Satisfied,Less than 1 hour,3,Rarely,30–60 minutes,2–4 hours,Social media,Sometimes,Rarely,Thinking about it,Somewhat clear,Both hard and soft skills,3,5,3,Sometimes,More than 8 hours,Automation Engineer,Planning to enroll soon,"Yes, actively working on projects/internship","Basic knowledge, learning while practicing","Rarely participate, mostly observe",Sometimes,Above 85%,"Soft Skills (Communication, Leadership, Teamwork)",Poor Time Management / Over-scheduling,Rarely (Passive),High Impact (Frequent disruption),Moderate Risk
STU0750,3/20/2026 10:05,First Year (PG),BSc Cyber Security,24,Female,8.5 – 9.4,Very satisfied,More than 2 hours,2,Few times a week,30–60 minutes,More than 6 hours,Video content (YouTube/OTT),Mostly consistent,Often,Actively preparing for a goal (placements/exams),Somewhat clear,"Hard skills (programming, data analytics, technical skills)",4,1,2,Never,6–7 hours,Automation Engineer,"Not currently, but intend to in the future",Planning to start a project/internship soon,"Basic knowledge, learning while practicing",Occasionally participate in events,Often,50% – 65%,"Soft Skills (Communication, Leadership, Teamwork)",Poor Time Management / Over-scheduling,Occasionally (When needed),Moderate Impact (Occasional disruption),Low Risk
STU0751,4/7/2026 11:48,Second Year (SY),BCA,19,Male,7.0 – 8.4,Unsatisfied,Less than 1 hour,3,Rarely,1–2 hours,More than 6 hours,Video content (YouTube/OTT),Sometimes,Often,Actively preparing for a goal (placements/exams),Very clear,Both hard and soft skills,1,4,2,Sometimes,More than 8 hours,Cyber Security Analyst,"Not currently, but intend to in the future",Planning to start a project/internship soon,"Limited knowledge, theoretical only","Rarely participate, mostly observe",Sometimes,50% – 65%,"Soft Skills (Communication, Leadership, Teamwork)",Difficulty with Focus / Concentration,Rarely (Passive),No Impact (Fully supportive environment),High Risk
STU0752,4/2/2026 7:22,Third Year (TY),BCA,21,Male,5.0 – 6.9,Neutral,1–2 hours,4,Few times a week,30–60 minutes,More than 6 hours,Social media,Rarely,Rarely,Actively preparing for a goal (placements/exams),Somewhat clear,Both hard and soft skills,2,4,2,Often,6–7 hours,Digital Marketing Specialist,Planning to enroll soon,"Not currently, but intend to in the future","Basic knowledge, learning while practicing","Rarely participate, mostly observe",Sometimes,Above 85%,"Technical/Hard Skills (Coding, Math, Logic)",Poor Time Management / Over-scheduling,Rarely (Passive),Low Impact (Rarely affects study),High Risk
STU0753,3/24/2026 6:50,Final Year,BCA,21,Male,9.5 – 10.0,Neutral,1–2 hours,3,Rarely,More than 2 hours,More than 6 hours,Social interactions,Sometimes,Sometimes,Thinking about it,Somewhat clear,Both hard and soft skills,3,4,2,Never,4–5 hours,Automation Engineer,"No, not interested","Not currently, but intend to in the future","Limited knowledge, theoretical only",Occasionally participate in events,Rarely,Above 85%,"Technical/Hard Skills (Coding, Math, Logic)",Lack of Consistency or Determination (Difficulty sticking to a plan),Rarely (Passive),Moderate Impact (Occasional disruption),Moderate Risk
STU0754,4/2/2026 16:29,Final Year,BSc Computer Science,22,Female,9.5 – 10.0,Unsatisfied,More than 2 hours,4,Few times a week,30–60 minutes,,Social media,Sometimes,Sometimes,Thinking about it,Very clear,Both hard and soft skills,2,5,3,Always,,Other,"No, not interested",Planning to start a project/internship soon,"Basic knowledge, learning while practicing",Never participate in such events,Sometimes,Above 85%,"Soft Skills (Communication, Leadership, Teamwork)",Lack of Consistency or Determination (Difficulty sticking to a plan),Occasionally (When needed),Moderate Impact (Occasional disruption),Moderate Risk
STU0755,3/20/2026 13:19,Second Year (PG),BCA,26,Female,8.5 – 9.4,Neutral,More than 2 hours,4,Rarely,1–2 hours,More than 6 hours,Video content (YouTube/OTT),Sometimes,Sometimes,Planning to start soon,Not clear,"Soft skills (communication, teamwork, leadership, financial literacy)",2,4,3,Never,6–7 hours,Data Analyst,Planning to enroll soon,"Yes, actively working on projects/internship","Basic knowledge, learning while practicing",Occasionally participate in events,Rarely,Above 85%,"Soft Skills (Communication, Leadership, Teamwork)",Procrastination / Low Motivation,Occasionally (When needed),Low Impact (Rarely affects study),Moderate Risk
STU0756,4/13/2026 17:02,Second Year (SY),BCA,19,Male,8.5 – 9.4,Very satisfied,1–2 hours,2,Never,1–2 hours,More than 6 hours,Video content (YouTube/OTT),Sometimes,Sometimes,Planning to start soon,Very clear,Both hard and soft skills,3,4,1,Always,,Digital Marketing Specialist,"Yes, currently enrolled in one or more courses/certifications","Not currently, but intend to in the future","Basic knowledge, learning while practicing",Never participate in such events,Often,76% – 85%,"Soft Skills (Communication, Leadership, Teamwork)",Lack of Consistency or Determination (Difficulty sticking to a plan),Occasionally (When needed),Low Impact (Rarely affects study),Moderate Risk
STU0757,4/14/2026 10:12,First Year (PG),BA,23,Male,9.5 – 10.0,Satisfied,More than 2 hours,4,Never,30–60 minutes,2–4 hours,Social media,Mostly consistent,Sometimes,Actively preparing for a goal (placements/exams),Very clear,Both hard and soft skills,5,3,3,Always,6–7 hours,AI / ML,"Yes, currently enrolled in one or more courses/certifications","Not currently, but intend to in the future",,"Rarely participate, mostly observe",Often,76% – 85%,"Technical/Hard Skills (Coding, Math, Logic)",Procrastination / Low Motivation,Rarely (Passive),Low Impact (Rarely affects study),Low Risk
STU0758,3/20/2026 11:05,Second Year (PG),BCom,24,Female,8.5 – 9.4,Satisfied,More than 2 hours,5,Daily,More than 2 hours,4–6 hours,Social media,Sometimes,Always,Planning to start soon,Very clear,"Soft skills (communication, teamwork, leadership, financial literacy)",1,3,,Often,6–7 hours,Data Analyst,"Not currently, but intend to in the future",Planning to start a project/internship soon,"Limited knowledge, theoretical only",Occasionally participate in events,Often,66% – 75%,"Creative/Design Skills (Innovation, UI/UX, Content)",Difficulty with Focus / Concentration,Rarely (Passive),High Impact (Frequent disruption),Moderate Risk
STU0759,4/10/2026 2:24,First Year (FY),BSc IT,18,Female,7.0 – 8.4,Neutral,Less than 1 hour,1,Rarely,1–2 hours,More than 6 hours,Video content (YouTube/OTT),Mostly consistent,Often,Actively preparing for a goal (placements/exams),Very clear,"Hard skills (programming, data analytics, technical skills)",5,5,1,Never,6–7 hours,Data Analyst,Planning to enroll soon,Planning to start a project/internship soon,"Limited knowledge, theoretical only",Never participate in such events,Often,76% – 85%,"Technical/Hard Skills (Coding, Math, Logic)",Procrastination / Low Motivation,Rarely (Passive),No Impact (Fully supportive environment),High Risk
STU0760,4/5/2026 10:31,First Year (PG),BCA,22,Female,7.0 – 8.4,Very satisfied,1–2 hours,4,Rarely,More than 2 hours,More than 6 hours,Video content (YouTube/OTT),Rarely,Often,Planning to start soon,Very clear,"Soft skills (communication, teamwork, leadership, financial literacy)",3,3,2,Always,4–5 hours,Software Developer,Planning to enroll soon,Planning to start a project/internship soon,"Limited knowledge, theoretical only","Rarely participate, mostly observe",Always,66% – 75%,"Technical/Hard Skills (Coding, Math, Logic)",Difficulty with Focus / Concentration,Rarely (Passive),Moderate Impact (Occasional disruption),High Risk
STU0761,3/17/2026 13:27,First Year (FY),BCA,18,Male,7.0 – 8.4,Very satisfied,1–2 hours,2,Few times a week,30–60 minutes,2–4 hours,Gaming,Rarely,Always,Thinking about it,Somewhat clear,Both hard and soft skills,2,4,2,Sometimes,6–7 hours,Data Analyst,"No, not interested","Not currently, but intend to in the future","Basic knowledge, learning while practicing",Occasionally participate in events,Sometimes,66% – 75%,"Soft Skills (Communication, Leadership, Teamwork)",Lack of Consistency or Determination (Difficulty sticking to a plan),Rarely (Passive),No Impact (Fully supportive environment),High Risk
STU0762,4/5/2026 14:22,First Year (FY),BCA,19,Male,5.0 – 6.9,Unsatisfied,1–2 hours,2,Daily,30–60 minutes,,Social media,Sometimes,Always,Planning to start soon,Very clear,"Soft skills (communication, teamwork, leadership, financial literacy)",3,4,1,Often,6–7 hours,AI / ML,Planning to enroll soon,Planning to start a project/internship soon,"Limited knowledge, theoretical only",Occasionally participate in events,Sometimes,66% – 75%,"Creative/Design Skills (Innovation, UI/UX, Content)",Lack of Consistency or Determination (Difficulty sticking to a plan),Rarely (Passive),Low Impact (Rarely affects study),High Risk
STU0763,4/7/2026 23:16,First Year (PG),BCA,22,Male,7.0 – 8.4,Neutral,1–2 hours,4,Few times a week,1–2 hours,4–6 hours,Social media,Rarely,Often,Thinking about it,Somewhat clear,Both hard and soft skills,3,4,3,Often,More than 8 hours,Automation Engineer,"Not currently, but intend to in the future",Planning to start a project/internship soon,"Limited knowledge, theoretical only",Never participate in such events,Often,76% – 85%,"Soft Skills (Communication, Leadership, Teamwork)",Procrastination / Low Motivation,Rarely (Passive),Low Impact (Rarely affects study),High Risk
STU0764,3/15/2026 10:09,First Year (FY),BCA,18,Female,7.0 – 8.4,Very satisfied,1–2 hours,2,Rarely,30–60 minutes,More than 6 hours,Social media,Sometimes,Often,Actively preparing for a goal (placements/exams),Not clear,"Soft skills (communication, teamwork, leadership, financial literacy)",2,3,3,Sometimes,4–5 hours,Cyber Security Analyst,"Not currently, but intend to in the future","Not currently, but intend to in the future","Limited knowledge, theoretical only",Occasionally participate in events,Sometimes,Less than 50%,"Creative/Design Skills (Innovation, UI/UX, Content)",Poor Time Management / Over-scheduling,Rarely (Passive),No Impact (Fully supportive environment),High Risk
STU0765,3/23/2026 16:23,Third Year (TY),BBA,21,Male,7.0 – 8.4,Neutral,Less than 1 hour,3,Few times a week,30–60 minutes,4–6 hours,Social media,Mostly consistent,Sometimes,Planning to start soon,Somewhat clear,"Soft skills (communication, teamwork, leadership, financial literacy)",4,2,,Sometimes,6–7 hours,Other,Planning to enroll soon,"Yes, actively working on projects/internship","Limited knowledge, theoretical only",Occasionally participate in events,Rarely,66% – 75%,"Creative/Design Skills (Innovation, UI/UX, Content)",Difficulty with Focus / Concentration,Rarely (Passive),Moderate Impact (Occasional disruption),Moderate Risk
STU0766,3/20/2026 14:15,Third Year (TY),BSc Computer Science,20,Male,7.0 – 8.4,Neutral,Less than 1 hour,3,Rarely,30–60 minutes,4–6 hours,Social media,Sometimes,Sometimes,Actively preparing for a goal (placements/exams),Somewhat clear,Both hard and soft skills,4,4,3,Always,More than 8 hours,Software Developer,"No, not interested","Not currently, but intend to in the future","Limited knowledge, theoretical only","Rarely participate, mostly observe",Sometimes,50% – 65%,"Management/Execution (Planning, Organizing, Discipline)",Procrastination / Low Motivation,Rarely (Passive),Low Impact (Rarely affects study),High Risk
STU0767,3/17/2026 10:02,First Year (PG),BCom,24,Male,7.0 – 8.4,Neutral,Less than 1 hour,2,Never,1–2 hours,4–6 hours,Video content (YouTube/OTT),Rarely,Sometimes,Thinking about it,Very clear,"Soft skills (communication, teamwork, leadership, financial literacy)",3,5,2,Always,4–5 hours,AI / ML,"Not currently, but intend to in the future","Not currently, but intend to in the future","Limited knowledge, theoretical only",Never participate in such events,Sometimes,50% – 65%,"Management/Execution (Planning, Organizing, Discipline)",Poor Time Management / Over-scheduling,,Low Impact (Rarely affects study),High Risk
STU0768,4/7/2026 18:16,First Year (FY),BCA,19,Male,9.5 – 10.0,Unsatisfied,1–2 hours,3,Rarely,30–60 minutes,More than 6 hours,Social media,Sometimes,Sometimes,Thinking about it,Very clear,Both hard and soft skills,2,3,3,Always,6–7 hours,AI / ML,"No, not interested","Not currently, but intend to in the future","Limited knowledge, theoretical only",Occasionally participate in events,Sometimes,50% – 65%,"Soft Skills (Communication, Leadership, Teamwork)",Lack of Consistency or Determination (Difficulty sticking to a plan),Occasionally (When needed),Moderate Impact (Occasional disruption),Moderate Risk
STU0769,4/8/2026 0:13,Final Year,BCA,22,Male,7.0 – 8.4,Unsatisfied,Less than 1 hour,1,Never,More than 2 hours,More than 6 hours,Video content (YouTube/OTT),Sometimes,Rarely,Planning to start soon,Not clear,"Soft skills (communication, teamwork, leadership, financial literacy)",3,2,1,Often,6–7 hours,Automation Engineer,,"Yes, actively working on projects/internship",Strong foundation in core concepts,Never participate in such events,Always,50% – 65%,"Soft Skills (Communication, Leadership, Teamwork)",Procrastination / Low Motivation,Rarely (Passive),No Impact (Fully supportive environment),Moderate Risk
STU0770,4/3/2026 8:29,First Year (FY),BSc Computer Science,19,Male,8.5 – 9.4,Neutral,More than 2 hours,4,Daily,,2–4 hours,Other,Rarely,Sometimes,Planning to start soon,Somewhat clear,Both hard and soft skills,3,4,1,Sometimes,6–7 hours,Data Analyst,"No, not interested","Not currently, but intend to in the future",Strong foundation in core concepts,Occasionally participate in events,Rarely,50% – 65%,"Technical/Hard Skills (Coding, Math, Logic)",Difficulty with Focus / Concentration,Never (Unaware or Not interested),Low Impact (Rarely affects study),High Risk
STU0771,3/25/2026 21:00,First Year (FY),BA,18,Male,9.5 – 10.0,Very satisfied,More than 2 hours,3,Rarely,1–2 hours,4–6 hours,Video content (YouTube/OTT),Mostly consistent,Often,Actively preparing for a goal (placements/exams),Somewhat clear,Both hard and soft skills,4,2,3,Sometimes,6–7 hours,Data Analyst,Planning to enroll soon,Planning to start a project/internship soon,"Basic knowledge, learning while practicing",Occasionally participate in events,Always,50% – 65%,"Management/Execution (Planning, Organizing, Discipline)",Procrastination / Low Motivation,Occasionally (When needed),Moderate Impact (Occasional disruption),Low Risk
STU0772,3/17/2026 12:22,Second Year (SY),BCA,19,Male,8.5 – 9.4,Satisfied,1–2 hours,4,Few times a week,1–2 hours,More than 6 hours,Other,Mostly consistent,Sometimes,Actively preparing for a goal (placements/exams),Not clear,"Hard skills (programming, data analytics, technical skills)",4,4,3,Always,6–7 hours,AI / ML,"Yes, currently enrolled in one or more courses/certifications","Not currently, but intend to in the future",Strong foundation in core concepts,"Rarely participate, mostly observe",Sometimes,66% – 75%,"Technical/Hard Skills (Coding, Math, Logic)",Difficulty with Focus / Concentration,Occasionally (When needed),High Impact (Frequent disruption),Moderate Risk
STU0773,4/1/2026 12:18,Third Year (TY),BCA,22,Male,8.5 – 9.4,Neutral,1–2 hours,4,Few times a week,30–60 minutes,4–6 hours,Video content (YouTube/OTT),Sometimes,Sometimes,Planning to start soon,Somewhat clear,Both hard and soft skills,2,4,3,Often,4–5 hours,Software Developer,"Not currently, but intend to in the future",Planning to start a project/internship soon,"Basic knowledge, learning while practicing","Rarely participate, mostly observe",Often,Above 85%,"Management/Execution (Planning, Organizing, Discipline)",Poor Time Management / Over-scheduling,Rarely (Passive),No Impact (Fully supportive environment),Moderate Risk
STU0774,3/27/2026 7:47,First Year (FY),BCA,19,Male,7.0 – 8.4,Neutral,1–2 hours,3,Rarely,30–60 minutes,More than 6 hours,Social media,Mostly consistent,Often,Planning to start soon,Not clear,"Hard skills (programming, data analytics, technical skills)",4,2,3,Sometimes,6–7 hours,Data Analyst,"No, not interested","Not currently, but intend to in the future","Limited knowledge, theoretical only",Occasionally participate in events,Sometimes,Above 85%,"Technical/Hard Skills (Coding, Math, Logic)",Lack of Consistency or Determination (Difficulty sticking to a plan),Occasionally (When needed),High Impact (Frequent disruption),Low Risk
STU0775,3/27/2026 10:54,Second Year (SY),BSc Computer Science,20,Female,9.5 – 10.0,Neutral,More than 2 hours,4,Few times a week,More than 2 hours,4–6 hours,Video content (YouTube/OTT),Mostly consistent,Often,Actively preparing for a goal (placements/exams),Somewhat clear,"Hard skills (programming, data analytics, technical skills)",2,4,,Often,6–7 hours,Other,"Yes, currently enrolled in one or more courses/certifications","Not currently, but intend to in the future","Limited knowledge, theoretical only",Occasionally participate in events,Often,Above 85%,"Technical/Hard Skills (Coding, Math, Logic)",Poor Time Management / Over-scheduling,Never (Unaware or Not interested),No Impact (Fully supportive environment),Low Risk
STU0776,3/28/2026 14:26,Second Year (SY),BCA,20,Female,5.0 – 6.9,Unsatisfied,Less than 1 hour,2,,30–60 minutes,4–6 hours,Social interactions,Mostly consistent,Always,Planning to start soon,Very clear,Both hard and soft skills,3,2,2,Always,6–7 hours,Cyber Security Analyst,,"Yes, actively working on projects/internship","Basic knowledge, learning while practicing","Rarely participate, mostly observe",Always,50% – 65%,"Management/Execution (Planning, Organizing, Discipline)",Procrastination / Low Motivation,Rarely (Passive),Moderate Impact (Occasional disruption),Moderate Risk
STU0777,3/15/2026 18:23,First Year (FY),BCA,19,Male,9.5 – 10.0,Very satisfied,Less than 1 hour,2,Rarely,1–2 hours,More than 6 hours,Gaming,Mostly consistent,Always,Planning to start soon,Very clear,Both hard and soft skills,4,2,1,Often,6–7 hours,Digital Marketing Specialist,"Not currently, but intend to in the future","Yes, actively working on projects/internship",Strong foundation in core concepts,Occasionally participate in events,Often,66% – 75%,"Technical/Hard Skills (Coding, Math, Logic)",Difficulty with Focus / Concentration,Rarely (Passive),High Impact (Frequent disruption),Low Risk
STU0778,4/12/2026 22:04,First Year (PG),BCA,22,Female,8.5 – 9.4,Satisfied,More than 2 hours,4,Few times a week,1–2 hours,More than 6 hours,Video content (YouTube/OTT),Sometimes,Sometimes,Actively preparing for a goal (placements/exams),Very clear,"Hard skills (programming, data analytics, technical skills)",4,2,1,Sometimes,6–7 hours,Digital Marketing Specialist,"Not currently, but intend to in the future",Planning to start a project/internship soon,"Basic knowledge, learning while practicing","Rarely participate, mostly observe",Sometimes,76% – 85%,"Technical/Hard Skills (Coding, Math, Logic)",Difficulty with Focus / Concentration,Occasionally (When needed),Moderate Impact (Occasional disruption),Moderate Risk
STU0779,4/7/2026 14:29,Second Year (SY),BCA,19,Male,8.5 – 9.4,Very satisfied,Less than 1 hour,,,1–2 hours,More than 6 hours,Other,Mostly consistent,Often,Actively preparing for a goal (placements/exams),Somewhat clear,Both hard and soft skills,4,3,3,Often,6–7 hours,AI / ML,"Yes, currently enrolled in one or more courses/certifications",Planning to start a project/internship soon,Strong foundation in core concepts,"Rarely participate, mostly observe",Often,76% – 85%,"Technical/Hard Skills (Coding, Math, Logic)",Difficulty with Focus / Concentration,Rarely (Passive),High Impact (Frequent disruption),Moderate Risk
STU0780,4/6/2026 8:34,Second Year (SY),BCA,19,Male,7.0 – 8.4,Neutral,Less than 1 hour,1,Few times a week,More than 2 hours,4–6 hours,Video content (YouTube/OTT),Rarely,Always,Planning to start soon,Very clear,"Hard skills (programming, data analytics, technical skills)",3,3,1,Sometimes,6–7 hours,Automation Engineer,"Yes, currently enrolled in one or more courses/certifications",Planning to start a project/internship soon,"Basic knowledge, learning while practicing",Occasionally participate in events,Often,50% – 65%,"Soft Skills (Communication, Leadership, Teamwork)",Difficulty with Focus / Concentration,Rarely (Passive),Moderate Impact (Occasional disruption),High Risk
STU0781,3/23/2026 21:54,Second Year (SY),BSc IT,21,Male,7.0 – 8.4,Neutral,Less than 1 hour,2,Never,30–60 minutes,4–6 hours,Video content (YouTube/OTT),Sometimes,Sometimes,Planning to start soon,Not clear,"Hard skills (programming, data analytics, technical skills)",4,2,1,Often,More than 8 hours,Data Analyst,Planning to enroll soon,"Not currently, but intend to in the future","Limited knowledge, theoretical only","Rarely participate, mostly observe",Always,50% – 65%,"Creative/Design Skills (Innovation, UI/UX, Content)",Procrastination / Low Motivation,Rarely (Passive),High Impact (Frequent disruption),Moderate Risk
STU0782,4/8/2026 11:15,Final Year,BSc Cyber Security,22,Male,8.5 – 9.4,Unsatisfied,1–2 hours,2,Never,30–60 minutes,4–6 hours,Gaming,Rarely,Rarely,Planning to start soon,Somewhat clear,Both hard and soft skills,1,2,1,Often,6–7 hours,AI / ML,"Not currently, but intend to in the future","Yes, actively working on projects/internship",,"Rarely participate, mostly observe",Sometimes,Above 85%,"Creative/Design Skills (Innovation, UI/UX, Content)",Poor Time Management / Over-scheduling,Never (Unaware or Not interested),Moderate Impact (Occasional disruption),Moderate Risk
STU0783,4/14/2026 17:19,Second Year (SY),BCom,21,Male,7.0 – 8.4,Neutral,Less than 1 hour,1,Rarely,1–2 hours,More than 6 hours,Video content (YouTube/OTT),Mostly consistent,Often,Thinking about it,Not clear,Both hard and soft skills,2,4,2,Often,6–7 hours,Software Developer,"Not currently, but intend to in the future","Not currently, but intend to in the future",Strong foundation in core concepts,Occasionally participate in events,Often,76% – 85%,"Soft Skills (Communication, Leadership, Teamwork)",Lack of Consistency or Determination (Difficulty sticking to a plan),,Moderate Impact (Occasional disruption),Moderate Risk
STU0784,3/19/2026 6:19,Second Year (PG),BSc Cyber Security,23,Female,8.5 – 9.4,Very satisfied,Less than 1 hour,4,Rarely,1–2 hours,4–6 hours,Gaming,Mostly consistent,Often,Planning to start soon,Very clear,"Hard skills (programming, data analytics, technical skills)",3,5,2,Sometimes,6–7 hours,Software Developer,Planning to enroll soon,"Not currently, but intend to in the future",Strong foundation in core concepts,"Rarely participate, mostly observe",Often,50% – 65%,"Creative/Design Skills (Innovation, UI/UX, Content)",Poor Time Management / Over-scheduling,Occasionally (When needed),Low Impact (Rarely affects study),High Risk
STU0785,4/4/2026 19:31,Second Year (SY),BSc Computer Science,19,Male,7.0 – 8.4,Unsatisfied,Less than 1 hour,3,Never,1–2 hours,More than 6 hours,Video content (YouTube/OTT),Mostly consistent,Always,Actively preparing for a goal (placements/exams),Very clear,"Hard skills (programming, data analytics, technical skills)",3,1,1,Sometimes,More than 8 hours,Digital Marketing Specialist,Planning to enroll soon,"Yes, actively working on projects/internship","Basic knowledge, learning while practicing","Rarely participate, mostly observe",Always,50% – 65%,"Technical/Hard Skills (Coding, Math, Logic)",Procrastination / Low Motivation,Occasionally (When needed),Moderate Impact (Occasional disruption),Moderate Risk
STU0786,3/29/2026 11:31,Second Year (SY),BCA,21,Male,9.5 – 10.0,Very satisfied,More than 2 hours,4,Never,More than 2 hours,More than 6 hours,Video content (YouTube/OTT),Sometimes,Sometimes,Planning to start soon,Not clear,Both hard and soft skills,3,4,3,Sometimes,More than 8 hours,Data Analyst,Planning to enroll soon,"Not currently, but intend to in the future","Limited knowledge, theoretical only",Occasionally participate in events,Often,Above 85%,"Creative/Design Skills (Innovation, UI/UX, Content)",Procrastination / Low Motivation,Rarely (Passive),High Impact (Frequent disruption),Moderate Risk
STU0787,4/14/2026 10:35,Second Year (SY),BSc Cyber Security,21,Male,9.5 – 10.0,Satisfied,Less than 1 hour,1,Never,30–60 minutes,More than 6 hours,Social media,Mostly consistent,Often,Planning to start soon,Very clear,Both hard and soft skills,2,5,2,Sometimes,6–7 hours,Digital Marketing Specialist,"Not currently, but intend to in the future",Planning to start a project/internship soon,"Limited knowledge, theoretical only","Rarely participate, mostly observe",Always,76% – 85%,"Management/Execution (Planning, Organizing, Discipline)",Procrastination / Low Motivation,Rarely (Passive),Low Impact (Rarely affects study),Moderate Risk
STU0788,3/16/2026 16:11,First Year (FY),BCA,19,Female,7.0 – 8.4,Neutral,1–2 hours,3,Never,30–60 minutes,More than 6 hours,Video content (YouTube/OTT),Sometimes,Often,Planning to start soon,Somewhat clear,"Hard skills (programming, data analytics, technical skills)",4,1,2,Often,6–7 hours,AI / ML,"Not currently, but intend to in the future","Yes, actively working on projects/internship","Limited knowledge, theoretical only","Rarely participate, mostly observe",Rarely,66% – 75%,"Creative/Design Skills (Innovation, UI/UX, Content)",Poor Time Management / Over-scheduling,Rarely (Passive),Moderate Impact (Occasional disruption),Moderate Risk
STU0789,4/9/2026 12:56,Third Year (TY),BSc Computer Science,20,Female,8.5 – 9.4,Very satisfied,1–2 hours,2,Few times a week,1–2 hours,More than 6 hours,Social media,Sometimes,Often,Actively preparing for a goal (placements/exams),Not clear,Both hard and soft skills,3,4,2,Often,6–7 hours,AI / ML,Planning to enroll soon,Planning to start a project/internship soon,"Basic knowledge, learning while practicing","Rarely participate, mostly observe",Sometimes,76% – 85%,"Soft Skills (Communication, Leadership, Teamwork)",Poor Time Management / Over-scheduling,Rarely (Passive),Moderate Impact (Occasional disruption),Moderate Risk
STU0790,3/29/2026 9:56,Second Year (SY),BCA,21,Male,7.0 – 8.4,Very satisfied,1–2 hours,5,Never,More than 2 hours,2–4 hours,Video content (YouTube/OTT),Sometimes,Always,Thinking about it,Somewhat clear,"Hard skills (programming, data analytics, technical skills)",,3,3,Sometimes,6–7 hours,Software Developer,Planning to enroll soon,"Yes, actively working on projects/internship","Limited knowledge, theoretical only",Occasionally participate in events,Rarely,Less than 50%,"Soft Skills (Communication, Leadership, Teamwork)",Poor Time Management / Over-scheduling,Occasionally (When needed),Moderate Impact (Occasional disruption),High Risk
STU0791,4/1/2026 16:55,Second Year (PG),BCA,24,Female,8.5 – 9.4,Satisfied,1–2 hours,3,Never,30–60 minutes,More than 6 hours,Social media,Sometimes,Sometimes,Actively preparing for a goal (placements/exams),Very clear,"Soft skills (communication, teamwork, leadership, financial literacy)",3,2,2,Often,,Data Analyst,"Not currently, but intend to in the future","Not currently, but intend to in the future","Basic knowledge, learning while practicing","Rarely participate, mostly observe",Sometimes,76% – 85%,"Soft Skills (Communication, Leadership, Teamwork)",Lack of Consistency or Determination (Difficulty sticking to a plan),Never (Unaware or Not interested),High Impact (Frequent disruption),Moderate Risk
STU0792,3/24/2026 3:43,First Year (FY),BCA,17,Male,7.0 – 8.4,Neutral,1–2 hours,4,Few times a week,1–2 hours,More than 6 hours,Gaming,Sometimes,Often,Thinking about it,Very clear,Both hard and soft skills,5,3,1,Sometimes,More than 8 hours,Data Analyst,"Yes, currently enrolled in one or more courses/certifications","Not currently, but intend to in the future","Basic knowledge, learning while practicing",Never participate in such events,Often,50% – 65%,"Soft Skills (Communication, Leadership, Teamwork)",Difficulty with Focus / Concentration,Rarely (Passive),Moderate Impact (Occasional disruption),High Risk
STU0793,3/21/2026 4:39,Third Year (TY),BCA,22,Female,8.5 – 9.4,Very satisfied,Less than 1 hour,3,Daily,1–2 hours,4–6 hours,Social media,Sometimes,Sometimes,Planning to start soon,Somewhat clear,"Hard skills (programming, data analytics, technical skills)",2,5,3,Always,4–5 hours,Cyber Security Analyst,Planning to enroll soon,"Yes, actively working on projects/internship","Limited knowledge, theoretical only","Rarely participate, mostly observe",Often,Above 85%,"Creative/Design Skills (Innovation, UI/UX, Content)",Procrastination / Low Motivation,Never (Unaware or Not interested),Moderate Impact (Occasional disruption),Moderate Risk
STU0794,4/13/2026 10:14,Third Year (TY),BSc Computer Science,21,Male,7.0 – 8.4,Neutral,Less than 1 hour,1,Never,30–60 minutes,4–6 hours,Social interactions,Rarely,Sometimes,Planning to start soon,Very clear,"Hard skills (programming, data analytics, technical skills)",2,5,2,Sometimes,6–7 hours,Data Analyst,"Yes, currently enrolled in one or more courses/certifications","Yes, actively working on projects/internship","Limited knowledge, theoretical only","Rarely participate, mostly observe",Often,50% – 65%,"Soft Skills (Communication, Leadership, Teamwork)",Procrastination / Low Motivation,Occasionally (When needed),Moderate Impact (Occasional disruption),High Risk
STU0795,3/26/2026 8:26,Third Year (TY),BCom,22,Male,9.5 – 10.0,Very satisfied,1–2 hours,3,Rarely,30–60 minutes,,Other,Sometimes,Often,Planning to start soon,Very clear,"Hard skills (programming, data analytics, technical skills)",2,5,3,Often,More than 8 hours,Data Analyst,"No, not interested","Not currently, but intend to in the future","Basic knowledge, learning while practicing","Rarely participate, mostly observe",Often,76% – 85%,"Technical/Hard Skills (Coding, Math, Logic)",Lack of Consistency or Determination (Difficulty sticking to a plan),Occasionally (When needed),Low Impact (Rarely affects study),Moderate Risk
STU0796,4/9/2026 9:12,First Year (PG),BCA,23,Female,9.5 – 10.0,Very satisfied,More than 2 hours,3,Few times a week,1–2 hours,More than 6 hours,Social media,Rarely,Always,Thinking about it,Very clear,"Hard skills (programming, data analytics, technical skills)",4,2,3,Sometimes,6–7 hours,Data Analyst,"Not currently, but intend to in the future",Planning to start a project/internship soon,"Basic knowledge, learning while practicing",Never participate in such events,Sometimes,66% – 75%,"Management/Execution (Planning, Organizing, Discipline)",Lack of Consistency or Determination (Difficulty sticking to a plan),Rarely (Passive),Moderate Impact (Occasional disruption),Moderate Risk
STU0797,3/30/2026 15:45,Third Year (TY),BCA,20,Other,5.0 – 6.9,Unsatisfied,1–2 hours,3,Few times a week,1–2 hours,4–6 hours,Social interactions,Sometimes,Often,Thinking about it,Very clear,"Soft skills (communication, teamwork, leadership, financial literacy)",3,4,1,Often,6–7 hours,Cyber Security Analyst,Planning to enroll soon,"Not currently, but intend to in the future","Basic knowledge, learning while practicing",Occasionally participate in events,Sometimes,66% – 75%,"Management/Execution (Planning, Organizing, Discipline)",Procrastination / Low Motivation,Occasionally (When needed),No Impact (Fully supportive environment),High Risk
STU0798,4/10/2026 16:26,Second Year (SY),BSc IT,19,Male,8.5 – 9.4,Satisfied,More than 2 hours,2,Few times a week,1–2 hours,More than 6 hours,Social media,Mostly consistent,Often,Thinking about it,Somewhat clear,"Soft skills (communication, teamwork, leadership, financial literacy)",4,2,2,Sometimes,More than 8 hours,Other,"No, not interested",Planning to start a project/internship soon,"Basic knowledge, learning while practicing",Never participate in such events,Sometimes,66% – 75%,"Technical/Hard Skills (Coding, Math, Logic)",Procrastination / Low Motivation,Never (Unaware or Not interested),Moderate Impact (Occasional disruption),Low Risk
STU0799,4/9/2026 21:55,Second Year (SY),BCA,21,Other,8.5 – 9.4,Neutral,Less than 1 hour,3,Rarely,1–2 hours,More than 6 hours,Video content (YouTube/OTT),Mostly consistent,Often,Thinking about it,Somewhat clear,Both hard and soft skills,3,2,3,Always,6–7 hours,AI / ML,"Not currently, but intend to in the future","Not currently, but intend to in the future","Basic knowledge, learning while practicing",Never participate in such events,Often,Above 85%,"Technical/Hard Skills (Coding, Math, Logic)",Procrastination / Low Motivation,Occasionally (When needed),Low Impact (Rarely affects study),Low Risk
STU0800,4/13/2026 18:47,First Year (FY),BSc Computer Science,17,Male,8.5 – 9.4,Neutral,1–2 hours,2,Rarely,30–60 minutes,4–6 hours,Video content (YouTube/OTT),Mostly consistent,Always,Planning to start soon,Somewhat clear,Both hard and soft skills,3,5,1,Never,6–7 hours,Digital Marketing Specialist,"Yes, currently enrolled in one or more courses/certifications",Planning to start a project/internship soon,"Basic knowledge, learning while practicing","Rarely participate, mostly observe",Always,66% – 75%,"Soft Skills (Communication, Leadership, Teamwork)",Procrastination / Low Motivation,Rarely (Passive),Moderate Impact (Occasional disruption),Moderate Risk
STU0801,4/9/2026 11:20,Second Year (SY),BSc Computer Science,21,Male,5.0 – 6.9,Neutral,Less than 1 hour,5,Few times a week,More than 2 hours,More than 6 hours,Video content (YouTube/OTT),Mostly consistent,Sometimes,Planning to start soon,Very clear,Both hard and soft skills,3,3,2,Sometimes,6–7 hours,Digital Marketing Specialist,"No, not interested","Not currently, but intend to in the future","Limited knowledge, theoretical only",Never participate in such events,Often,50% – 65%,"Technical/Hard Skills (Coding, Math, Logic)",Lack of Consistency or Determination (Difficulty sticking to a plan),Occasionally (When needed),Moderate Impact (Occasional disruption),High Risk
STU0802,4/8/2026 10:12,Second Year (PG),BCA,23,Female,7.0 – 8.4,Satisfied,1–2 hours,5,Rarely,More than 2 hours,More than 6 hours,Video content (YouTube/OTT),Sometimes,Sometimes,Thinking about it,Very clear,Both hard and soft skills,3,2,3,Never,6–7 hours,Digital Marketing Specialist,Planning to enroll soon,Planning to start a project/internship soon,"Limited knowledge, theoretical only",Occasionally participate in events,Sometimes,Above 85%,"Creative/Design Skills (Innovation, UI/UX, Content)",Poor Time Management / Over-scheduling,Never (Unaware or Not interested),No Impact (Fully supportive environment),Moderate Risk
STU0803,4/12/2026 9:27,Second Year (SY),BCA,19,Male,8.5 – 9.4,Very satisfied,1–2 hours,1,Never,30–60 minutes,More than 6 hours,Social media,Mostly consistent,Often,Thinking about it,Somewhat clear,Both hard and soft skills,,4,2,Never,6–7 hours,AI / ML,"Yes, currently enrolled in one or more courses/certifications","Yes, actively working on projects/internship","Basic knowledge, learning while practicing","Rarely participate, mostly observe",Often,Above 85%,"Soft Skills (Communication, Leadership, Teamwork)",Lack of Consistency or Determination (Difficulty sticking to a plan),Rarely (Passive),No Impact (Fully supportive environment),Moderate Risk
STU0804,4/2/2026 11:52,First Year (PG),BCA,24,Male,7.0 – 8.4,Neutral,Less than 1 hour,1,Never,1–2 hours,4–6 hours,Video content (YouTube/OTT),Sometimes,Sometimes,Thinking about it,Somewhat clear,"Hard skills (programming, data analytics, technical skills)",3,2,1,Sometimes,6–7 hours,AI / ML,Planning to enroll soon,"Not currently, but intend to in the future","Basic knowledge, learning while practicing","Rarely participate, mostly observe",Often,66% – 75%,"Management/Execution (Planning, Organizing, Discipline)",Lack of Consistency or Determination (Difficulty sticking to a plan),Never (Unaware or Not interested),High Impact (Frequent disruption),Moderate Risk
STU0805,3/25/2026 9:55,Third Year (TY),BCom,20,Female,9.5 – 10.0,Very satisfied,1–2 hours,5,Rarely,More than 2 hours,2–4 hours,Video content (YouTube/OTT),Mostly consistent,Often,Thinking about it,Not clear,Both hard and soft skills,2,2,3,Always,,AI / ML,Planning to enroll soon,"Not currently, but intend to in the future","Limited knowledge, theoretical only",Never participate in such events,Often,76% – 85%,"Soft Skills (Communication, Leadership, Teamwork)",Lack of Consistency or Determination (Difficulty sticking to a plan),Occasionally (When needed),,Low Risk
STU0806,4/7/2026 10:55,First Year (PG),BCA,23,Male,7.0 – 8.4,Satisfied,Less than 1 hour,2,Rarely,1–2 hours,More than 6 hours,Other,Sometimes,Often,Thinking about it,Not clear,"Hard skills (programming, data analytics, technical skills)",2,3,2,Often,6–7 hours,Cyber Security Analyst,Planning to enroll soon,"Yes, actively working on projects/internship","Basic knowledge, learning while practicing",Occasionally participate in events,Rarely,66% – 75%,"Creative/Design Skills (Innovation, UI/UX, Content)",Difficulty with Focus / Concentration,Occasionally (When needed),High Impact (Frequent disruption),Moderate Risk
STU0807,4/7/2026 9:31,First Year (FY),BCA,19,Female,8.5 – 9.4,Neutral,Less than 1 hour,2,Never,1–2 hours,More than 6 hours,Social media,Rarely,Sometimes,Thinking about it,Somewhat clear,"Soft skills (communication, teamwork, leadership, financial literacy)",4,2,1,Sometimes,More than 8 hours,AI / ML,"Not currently, but intend to in the future","Yes, actively working on projects/internship",,"Rarely participate, mostly observe",Sometimes,76% – 85%,"Creative/Design Skills (Innovation, UI/UX, Content)",Difficulty with Focus / Concentration,Occasionally (When needed),Low Impact (Rarely affects study),Moderate Risk
STU0808,3/26/2026 20:06,Second Year (SY),BCA,20,Male,5.0 – 6.9,Neutral,Less than 1 hour,3,Rarely,More than 2 hours,More than 6 hours,Social media,Sometimes,Often,Planning to start soon,Somewhat clear,Both hard and soft skills,3,3,3,Sometimes,4–5 hours,Digital Marketing Specialist,Planning to enroll soon,"Not currently, but intend to in the future","Limited knowledge, theoretical only",Never participate in such events,Often,Less than 50%,"Management/Execution (Planning, Organizing, Discipline)",Poor Time Management / Over-scheduling,Rarely (Passive),High Impact (Frequent disruption),High Risk
STU0809,3/16/2026 9:20,Second Year (SY),BCA,19,Female,7.0 – 8.4,Neutral,1–2 hours,3,Few times a week,,More than 6 hours,Video content (YouTube/OTT),Sometimes,Sometimes,Thinking about it,Very clear,"Soft skills (communication, teamwork, leadership, financial literacy)",3,3,3,Often,6–7 hours,Data Analyst,"Not currently, but intend to in the future","Not currently, but intend to in the future","Basic knowledge, learning while practicing",Occasionally participate in events,Always,66% – 75%,"Creative/Design Skills (Innovation, UI/UX, Content)",Procrastination / Low Motivation,Never (Unaware or Not interested),Moderate Impact (Occasional disruption),Moderate Risk
STU0810,3/20/2026 18:26,Second Year (PG),BBA,24,Female,5.0 – 6.9,Very unsatisfied,Less than 1 hour,4,Never,More than 2 hours,2–4 hours,Video content (YouTube/OTT),Rarely,Sometimes,Actively preparing for a goal (placements/exams),Somewhat clear,"Hard skills (programming, data analytics, technical skills)",1,5,3,Always,6–7 hours,Data Analyst,Planning to enroll soon,"Not currently, but intend to in the future","Basic knowledge, learning while practicing","Rarely participate, mostly observe",Sometimes,76% – 85%,"Management/Execution (Planning, Organizing, Discipline)",Difficulty with Focus / Concentration,Rarely (Passive),Moderate Impact (Occasional disruption),High Risk
STU0811,3/15/2026 9:20,Second Year (SY),BCA,19,Male,8.5 – 9.4,Very satisfied,Less than 1 hour,2,Never,,4–6 hours,Video content (YouTube/OTT),Mostly consistent,Always,Thinking about it,Very clear,"Soft skills (communication, teamwork, leadership, financial literacy)",3,3,3,Sometimes,6–7 hours,Cyber Security Analyst,Planning to enroll soon,"Not currently, but intend to in the future","Limited knowledge, theoretical only",,Always,Above 85%,"Soft Skills (Communication, Leadership, Teamwork)",Poor Time Management / Over-scheduling,Rarely (Passive),No Impact (Fully supportive environment),Low Risk
STU0812,3/18/2026 15:04,Second Year (SY),BCA,20,Female,5.0 – 6.9,Neutral,Less than 1 hour,1,Never,More than 2 hours,4–6 hours,Video content (YouTube/OTT),Rarely,Sometimes,Actively preparing for a goal (placements/exams),Somewhat clear,Both hard and soft skills,4,2,,Often,More than 8 hours,AI / ML,Planning to enroll soon,Planning to start a project/internship soon,"Basic knowledge, learning while practicing",Never participate in such events,Sometimes,50% – 65%,"Soft Skills (Communication, Leadership, Teamwork)",Procrastination / Low Motivation,Occasionally (When needed),Moderate Impact (Occasional disruption),High Risk
STU0813,4/6/2026 11:42,Second Year (SY),BCA,19,Male,8.5 – 9.4,Neutral,1–2 hours,3,Few times a week,1–2 hours,More than 6 hours,Social interactions,Sometimes,Sometimes,Thinking about it,Not clear,Both hard and soft skills,2,4,3,Often,More than 8 hours,Cyber Security Analyst,"No, not interested","Yes, actively working on projects/internship","Basic knowledge, learning while practicing",Occasionally participate in events,Sometimes,76% – 85%,"Soft Skills (Communication, Leadership, Teamwork)",Difficulty with Focus / Concentration,Never (Unaware or Not interested),Low Impact (Rarely affects study),Moderate Risk
STU0814,3/23/2026 10:14,First Year (PG),BCom,23,Male,7.0 – 8.4,Unsatisfied,Less than 1 hour,2,Rarely,30–60 minutes,4–6 hours,Gaming,Sometimes,Often,Actively preparing for a goal (placements/exams),Not clear,"Hard skills (programming, data analytics, technical skills)",4,2,1,Sometimes,More than 8 hours,Automation Engineer,"Yes, currently enrolled in one or more courses/certifications","Not currently, but intend to in the future","Basic knowledge, learning while practicing",Never participate in such events,Often,66% – 75%,"Creative/Design Skills (Innovation, UI/UX, Content)",Poor Time Management / Over-scheduling,Occasionally (When needed),Low Impact (Rarely affects study),Moderate Risk
STU0815,3/16/2026 12:54,Third Year (TY),BCA,22,Male,7.0 – 8.4,Neutral,Less than 1 hour,2,Few times a week,1–2 hours,More than 6 hours,Video content (YouTube/OTT),Sometimes,Sometimes,Thinking about it,Very clear,"Hard skills (programming, data analytics, technical skills)",2,2,,Often,6–7 hours,Digital Marketing Specialist,Planning to enroll soon,Planning to start a project/internship soon,"Basic knowledge, learning while practicing","Rarely participate, mostly observe",Often,66% – 75%,"Soft Skills (Communication, Leadership, Teamwork)",Lack of Consistency or Determination (Difficulty sticking to a plan),Occasionally (When needed),Moderate Impact (Occasional disruption),Moderate Risk
STU0816,4/11/2026 11:40,First Year (FY),BCA,19,Male,9.5 – 10.0,Neutral,More than 2 hours,4,Few times a week,More than 2 hours,More than 6 hours,Social media,Sometimes,Often,Actively preparing for a goal (placements/exams),Very clear,Both hard and soft skills,2,5,3,Sometimes,6–7 hours,Software Developer,"Yes, currently enrolled in one or more courses/certifications","Not currently, but intend to in the future","Limited knowledge, theoretical only",Occasionally participate in events,Sometimes,66% – 75%,"Soft Skills (Communication, Leadership, Teamwork)",Difficulty with Focus / Concentration,Occasionally (When needed),High Impact (Frequent disruption),Moderate Risk
STU0817,4/1/2026 10:49,Second Year (SY),BCA,20,Male,9.5 – 10.0,Satisfied,1–2 hours,4,Rarely,1–2 hours,More than 6 hours,Video content (YouTube/OTT),Sometimes,Sometimes,Actively preparing for a goal (placements/exams),Very clear,Both hard and soft skills,4,1,2,Sometimes,More than 8 hours,AI / ML,"No, not interested",Planning to start a project/internship soon,"Basic knowledge, learning while practicing",Never participate in such events,Sometimes,76% – 85%,"Technical/Hard Skills (Coding, Math, Logic)",Poor Time Management / Over-scheduling,Never (Unaware or Not interested),Moderate Impact (Occasional disruption),Low Risk
STU0818,3/19/2026 10:18,First Year (FY),BSc Cyber Security,18,Female,7.0 – 8.4,Neutral,Less than 1 hour,2,Few times a week,30–60 minutes,More than 6 hours,Social media,Rarely,Sometimes,Thinking about it,Somewhat clear,"Hard skills (programming, data analytics, technical skills)",2,5,2,Always,6–7 hours,Other,Planning to enroll soon,"Yes, actively working on projects/internship","Limited knowledge, theoretical only","Rarely participate, mostly observe",Rarely,Less than 50%,"Soft Skills (Communication, Leadership, Teamwork)",Lack of Consistency or Determination (Difficulty sticking to a plan),Never (Unaware or Not interested),,High Risk
STU0819,4/7/2026 10:46,First Year (FY),BCA,18,Female,8.5 – 9.4,Satisfied,Less than 1 hour,2,Few times a week,30–60 minutes,4–6 hours,Video content (YouTube/OTT),Mostly consistent,Always,Planning to start soon,Somewhat clear,"Soft skills (communication, teamwork, leadership, financial literacy)",5,4,1,Often,More than 8 hours,Data Analyst,"Yes, currently enrolled in one or more courses/certifications","Yes, actively working on projects/internship","Limited knowledge, theoretical only","Rarely participate, mostly observe",Always,Above 85%,"Technical/Hard Skills (Coding, Math, Logic)",Poor Time Management / Over-scheduling,Occasionally (When needed),Moderate Impact (Occasional disruption),Moderate Risk
STU0820,4/3/2026 14:54,First Year (PG),BCA,23,Female,8.5 – 9.4,Satisfied,1–2 hours,3,Never,More than 2 hours,More than 6 hours,Social media,Mostly consistent,Sometimes,Actively preparing for a goal (placements/exams),Somewhat clear,Both hard and soft skills,4,2,2,Never,6–7 hours,Software Developer,Planning to enroll soon,"Not currently, but intend to in the future","Limited knowledge, theoretical only",Never participate in such events,Sometimes,Above 85%,"Technical/Hard Skills (Coding, Math, Logic)",Poor Time Management / Over-scheduling,Rarely (Passive),No Impact (Fully supportive environment),Low Risk
STU0821,3/25/2026 9:29,Second Year (SY),BCA,19,Female,7.0 – 8.4,Unsatisfied,1–2 hours,5,Few times a week,More than 2 hours,2–4 hours,Video content (YouTube/OTT),Rarely,Sometimes,Planning to start soon,Very clear,"Hard skills (programming, data analytics, technical skills)",3,1,2,Often,6–7 hours,AI / ML,"Not currently, but intend to in the future",Planning to start a project/internship soon,"Limited knowledge, theoretical only",Occasionally participate in events,Often,Less than 50%,"Soft Skills (Communication, Leadership, Teamwork)",Procrastination / Low Motivation,Never (Unaware or Not interested),Moderate Impact (Occasional disruption),Moderate Risk
STU0822,4/14/2026 2:51,First Year (FY),BCA,17,Male,8.5 – 9.4,Neutral,More than 2 hours,5,Few times a week,30–60 minutes,4–6 hours,Gaming,Sometimes,Sometimes,Actively preparing for a goal (placements/exams),Very clear,"Hard skills (programming, data analytics, technical skills)",4,4,2,Often,6–7 hours,Automation Engineer,Planning to enroll soon,"Yes, actively working on projects/internship",Strong foundation in core concepts,"Rarely participate, mostly observe",Rarely,Above 85%,"Creative/Design Skills (Innovation, UI/UX, Content)",Lack of Consistency or Determination (Difficulty sticking to a plan),Occasionally (When needed),High Impact (Frequent disruption),Moderate Risk
STU0823,3/29/2026 8:13,Third Year (TY),BSc Computer Science,20,Male,7.0 – 8.4,Unsatisfied,1–2 hours,3,Never,,4–6 hours,Other,Sometimes,Always,Thinking about it,Somewhat clear,"Hard skills (programming, data analytics, technical skills)",4,1,3,Sometimes,More than 8 hours,Software Developer,"Not currently, but intend to in the future","Not currently, but intend to in the future",Strong foundation in core concepts,"Rarely participate, mostly observe",Sometimes,76% – 85%,"Soft Skills (Communication, Leadership, Teamwork)",Procrastination / Low Motivation,Never (Unaware or Not interested),No Impact (Fully supportive environment),Moderate Risk
STU0824,4/12/2026 8:04,First Year (FY),BCA,19,Male,5.0 – 6.9,Neutral,Less than 1 hour,1,Rarely,30–60 minutes,2–4 hours,Gaming,Rarely,Sometimes,Planning to start soon,Somewhat clear,Both hard and soft skills,4,3,1,Often,More than 8 hours,AI / ML,Planning to enroll soon,Planning to start a project/internship soon,"Limited knowledge, theoretical only",Never participate in such events,Always,50% – 65%,"Technical/Hard Skills (Coding, Math, Logic)",Lack of Consistency or Determination (Difficulty sticking to a plan),Rarely (Passive),Moderate Impact (Occasional disruption),High Risk
STU0825,3/17/2026 15:06,Third Year (TY),BBA,22,Male,7.0 – 8.4,Neutral,1–2 hours,3,Rarely,More than 2 hours,More than 6 hours,Gaming,Sometimes,Often,Thinking about it,Somewhat clear,Both hard and soft skills,4,3,3,Sometimes,6–7 hours,AI / ML,Planning to enroll soon,Planning to start a project/internship soon,"Basic knowledge, learning while practicing",Occasionally participate in events,Often,50% – 65%,"Creative/Design Skills (Innovation, UI/UX, Content)",Lack of Consistency or Determination (Difficulty sticking to a plan),Never (Unaware or Not interested),Low Impact (Rarely affects study),High Risk
STU0826,4/4/2026 13:16,Second Year (SY),BCom,21,Female,7.0 – 8.4,Satisfied,Less than 1 hour,2,Rarely,1–2 hours,4–6 hours,Video content (YouTube/OTT),Mostly consistent,Often,Thinking about it,Somewhat clear,"Soft skills (communication, teamwork, leadership, financial literacy)",,2,2,Sometimes,More than 8 hours,Software Developer,"Yes, currently enrolled in one or more courses/certifications",Planning to start a project/internship soon,"Basic knowledge, learning while practicing","Rarely participate, mostly observe",Always,50% – 65%,"Technical/Hard Skills (Coding, Math, Logic)",Poor Time Management / Over-scheduling,Rarely (Passive),No Impact (Fully supportive environment),Moderate Risk
STU0827,4/1/2026 13:31,First Year (FY),BCA,19,Male,5.0 – 6.9,Very unsatisfied,Less than 1 hour,3,Few times a week,More than 2 hours,More than 6 hours,Social interactions,Mostly consistent,Sometimes,Planning to start soon,Not clear,Both hard and soft skills,2,5,1,Always,6–7 hours,AI / ML,"Not currently, but intend to in the future","Yes, actively working on projects/internship","Basic knowledge, learning while practicing",Never participate in such events,Often,66% – 75%,"Management/Execution (Planning, Organizing, Discipline)",Procrastination / Low Motivation,Never (Unaware or Not interested),No Impact (Fully supportive environment),High Risk
STU0828,4/6/2026 8:43,First Year (FY),BBA,19,Male,9.5 – 10.0,Very unsatisfied,1–2 hours,3,Few times a week,1–2 hours,4–6 hours,Gaming,Mostly consistent,Always,Thinking about it,Somewhat clear,Both hard and soft skills,3,1,3,Always,4–5 hours,Data Analyst,"Yes, currently enrolled in one or more courses/certifications",Planning to start a project/internship soon,"Basic knowledge, learning while practicing","Rarely participate, mostly observe",Always,66% – 75%,"Soft Skills (Communication, Leadership, Teamwork)",Lack of Consistency or Determination (Difficulty sticking to a plan),Rarely (Passive),Low Impact (Rarely affects study),Low Risk
STU0829,3/21/2026 15:01,Final Year,BCA,23,Male,5.0 – 6.9,Unsatisfied,1–2 hours,3,Never,1–2 hours,More than 6 hours,Gaming,Rarely,Sometimes,Actively preparing for a goal (placements/exams),Not clear,Both hard and soft skills,3,,2,Never,6–7 hours,AI / ML,"Not currently, but intend to in the future","Yes, actively working on projects/internship","Limited knowledge, theoretical only","Rarely participate, mostly observe",Sometimes,66% – 75%,"Soft Skills (Communication, Leadership, Teamwork)",Procrastination / Low Motivation,Rarely (Passive),High Impact (Frequent disruption),High Risk
STU0830,3/16/2026 11:50,Third Year (TY),BCA,21,Male,5.0 – 6.9,Unsatisfied,Less than 1 hour,1,Few times a week,30–60 minutes,4–6 hours,Gaming,Rarely,Sometimes,Planning to start soon,Somewhat clear,Both hard and soft skills,5,4,2,Often,More than 8 hours,Cyber Security Analyst,"Not currently, but intend to in the future",Planning to start a project/internship soon,"Basic knowledge, learning while practicing",Never participate in such events,Often,76% – 85%,"Technical/Hard Skills (Coding, Math, Logic)",Procrastination / Low Motivation,Occasionally (When needed),Moderate Impact (Occasional disruption),High Risk
STU0831,3/26/2026 8:21,Second Year (SY),BCA,21,Male,8.5 – 9.4,Neutral,Less than 1 hour,3,Never,30–60 minutes,More than 6 hours,Video content (YouTube/OTT),Mostly consistent,Often,Actively preparing for a goal (placements/exams),Not clear,"Hard skills (programming, data analytics, technical skills)",3,2,2,Often,4–5 hours,AI / ML,"Yes, currently enrolled in one or more courses/certifications","Yes, actively working on projects/internship","Basic knowledge, learning while practicing","Rarely participate, mostly observe",Often,66% – 75%,"Technical/Hard Skills (Coding, Math, Logic)",Lack of Consistency or Determination (Difficulty sticking to a plan),Rarely (Passive),Moderate Impact (Occasional disruption),Low Risk
STU0832,3/26/2026 11:31,Second Year (SY),BBA,20,Male,5.0 – 6.9,Neutral,Less than 1 hour,1,Few times a week,1–2 hours,4–6 hours,Gaming,Sometimes,Rarely,Planning to start soon,Somewhat clear,Both hard and soft skills,4,5,1,Often,6–7 hours,AI / ML,Planning to enroll soon,"Yes, actively working on projects/internship","Limited knowledge, theoretical only",Occasionally participate in events,Often,66% – 75%,"Technical/Hard Skills (Coding, Math, Logic)",Poor Time Management / Over-scheduling,Never (Unaware or Not interested),Moderate Impact (Occasional disruption),High Risk
STU0833,3/17/2026 3:44,First Year (PG),BSc IT,23,Male,7.0 – 8.4,Neutral,1–2 hours,2,Never,1–2 hours,2–4 hours,Social interactions,Rarely,Sometimes,Thinking about it,Very clear,Both hard and soft skills,4,2,1,Sometimes,More than 8 hours,Digital Marketing Specialist,"No, not interested",Planning to start a project/internship soon,"Limited knowledge, theoretical only",Never participate in such events,Rarely,76% – 85%,"Soft Skills (Communication, Leadership, Teamwork)",Poor Time Management / Over-scheduling,Occasionally (When needed),Low Impact (Rarely affects study),Moderate Risk
STU0834,3/24/2026 3:51,Second Year (PG),BSc Cyber Security,23,Male,9.5 – 10.0,Neutral,More than 2 hours,2,Few times a week,1–2 hours,4–6 hours,Gaming,Sometimes,Rarely,Planning to start soon,Very clear,"Hard skills (programming, data analytics, technical skills)",3,4,,Often,6–7 hours,AI / ML,Planning to enroll soon,"Not currently, but intend to in the future",Strong foundation in core concepts,"Rarely participate, mostly observe",Rarely,76% – 85%,"Technical/Hard Skills (Coding, Math, Logic)",Poor Time Management / Over-scheduling,Occasionally (When needed),Low Impact (Rarely affects study),Moderate Risk
STU0835,3/15/2026 11:09,Second Year (SY),BCA,20,Male,8.5 – 9.4,Satisfied,1–2 hours,2,,1–2 hours,More than 6 hours,Video content (YouTube/OTT),Mostly consistent,Always,Planning to start soon,Somewhat clear,Both hard and soft skills,3,4,1,Sometimes,6–7 hours,Cyber Security Analyst,"No, not interested","Not currently, but intend to in the future","Basic knowledge, learning while practicing","Rarely participate, mostly observe",Sometimes,66% – 75%,"Creative/Design Skills (Innovation, UI/UX, Content)",Procrastination / Low Motivation,Occasionally (When needed),High Impact (Frequent disruption),Moderate Risk
STU0836,3/23/2026 17:47,Final Year,BCom,23,Female,5.0 – 6.9,Unsatisfied,Less than 1 hour,2,Few times a week,1–2 hours,2–4 hours,Social media,Rarely,Often,Planning to start soon,Somewhat clear,"Soft skills (communication, teamwork, leadership, financial literacy)",4,3,3,Always,6–7 hours,Other,"Not currently, but intend to in the future","Not currently, but intend to in the future","Basic knowledge, learning while practicing",Never participate in such events,Always,Above 85%,"Management/Execution (Planning, Organizing, Discipline)",Difficulty with Focus / Concentration,Occasionally (When needed),Low Impact (Rarely affects study),High Risk
STU0837,4/1/2026 16:50,Second Year (SY),BCA,21,Male,8.5 – 9.4,Unsatisfied,1–2 hours,4,Rarely,More than 2 hours,4–6 hours,Social media,Mostly consistent,Often,Planning to start soon,Somewhat clear,"Soft skills (communication, teamwork, leadership, financial literacy)",2,4,3,Often,6–7 hours,Cyber Security Analyst,"No, not interested","Not currently, but intend to in the future",Strong foundation in core concepts,"Rarely participate, mostly observe",Often,50% – 65%,"Technical/Hard Skills (Coding, Math, Logic)",Poor Time Management / Over-scheduling,Occasionally (When needed),High Impact (Frequent disruption),Moderate Risk
STU0838,3/23/2026 12:29,First Year (PG),BBA,22,Male,7.0 – 8.4,Neutral,Less than 1 hour,2,Few times a week,More than 2 hours,More than 6 hours,Gaming,Sometimes,Sometimes,Planning to start soon,Somewhat clear,"Hard skills (programming, data analytics, technical skills)",5,,3,Sometimes,More than 8 hours,AI / ML,"No, not interested","Not currently, but intend to in the future","Limited knowledge, theoretical only",Occasionally participate in events,Often,Less than 50%,"Soft Skills (Communication, Leadership, Teamwork)",Procrastination / Low Motivation,Never (Unaware or Not interested),Moderate Impact (Occasional disruption),High Risk
STU0839,3/23/2026 19:46,Second Year (SY),BCA,21,Female,7.0 – 8.4,Neutral,Less than 1 hour,3,Never,,More than 6 hours,Gaming,Rarely,Often,Planning to start soon,Not clear,Both hard and soft skills,3,3,2,Never,More than 8 hours,AI / ML,Planning to enroll soon,"Not currently, but intend to in the future","Basic knowledge, learning while practicing",Never participate in such events,Often,50% – 65%,"Soft Skills (Communication, Leadership, Teamwork)",Lack of Consistency or Determination (Difficulty sticking to a plan),Occasionally (When needed),Moderate Impact (Occasional disruption),High Risk
STU0840,4/12/2026 14:51,First Year (FY),BCA,19,Male,7.0 – 8.4,Very satisfied,1–2 hours,5,Never,1–2 hours,2–4 hours,Social media,Rarely,Sometimes,Actively preparing for a goal (placements/exams),Somewhat clear,"Soft skills (communication, teamwork, leadership, financial literacy)",1,,1,Always,6–7 hours,AI / ML,"Not currently, but intend to in the future","Not currently, but intend to in the future","Basic knowledge, learning while practicing","Rarely participate, mostly observe",Often,Less than 50%,"Creative/Design Skills (Innovation, UI/UX, Content)",Procrastination / Low Motivation,Occasionally (When needed),Low Impact (Rarely affects study),High Risk
STU0841,3/20/2026 19:46,First Year (FY),BCA,19,Male,7.0 – 8.4,Neutral,Less than 1 hour,3,Rarely,1–2 hours,4–6 hours,Video content (YouTube/OTT),Sometimes,Sometimes,Thinking about it,Somewhat clear,Both hard and soft skills,1,,1,Often,More than 8 hours,Data Analyst,"No, not interested","Yes, actively working on projects/internship","Limited knowledge, theoretical only","Rarely participate, mostly observe",Often,66% – 75%,"Technical/Hard Skills (Coding, Math, Logic)",Lack of Consistency or Determination (Difficulty sticking to a plan),Occasionally (When needed),Moderate Impact (Occasional disruption),High Risk
STU0842,3/28/2026 19:51,First Year (FY),BCA,18,Female,9.5 – 10.0,Neutral,1–2 hours,3,Few times a week,1–2 hours,More than 6 hours,Social media,Sometimes,Sometimes,Actively preparing for a goal (placements/exams),Very clear,Both hard and soft skills,5,4,3,Often,More than 8 hours,Automation Engineer,"Yes, currently enrolled in one or more courses/certifications","Yes, actively working on projects/internship","Basic knowledge, learning while practicing",Occasionally participate in events,Rarely,Above 85%,"Creative/Design Skills (Innovation, UI/UX, Content)",Difficulty with Focus / Concentration,Never (Unaware or Not interested),Moderate Impact (Occasional disruption),Moderate Risk
STU0843,3/29/2026 8:21,First Year (PG),BCA,22,Female,7.0 – 8.4,Neutral,1–2 hours,2,,30–60 minutes,More than 6 hours,Social interactions,Mostly consistent,Sometimes,Thinking about it,Very clear,"Hard skills (programming, data analytics, technical skills)",4,3,1,Sometimes,6–7 hours,Software Developer,"Not currently, but intend to in the future","Not currently, but intend to in the future",,Occasionally participate in events,Often,66% – 75%,"Technical/Hard Skills (Coding, Math, Logic)",Difficulty with Focus / Concentration,,Moderate Impact (Occasional disruption),Moderate Risk
STU0844,3/26/2026 8:36,Final Year,BSc Computer Science,21,Male,5.0 – 6.9,Unsatisfied,Less than 1 hour,1,Never,30–60 minutes,More than 6 hours,Video content (YouTube/OTT),Sometimes,Always,Planning to start soon,Very clear,"Hard skills (programming, data analytics, technical skills)",2,4,1,Sometimes,6–7 hours,AI / ML,Planning to enroll soon,"Not currently, but intend to in the future","Basic knowledge, learning while practicing",Never participate in such events,Often,66% – 75%,"Technical/Hard Skills (Coding, Math, Logic)",Lack of Consistency or Determination (Difficulty sticking to a plan),Occasionally (When needed),Moderate Impact (Occasional disruption),High Risk
STU0845,3/31/2026 14:11,Second Year (SY),BCA,19,Male,9.5 – 10.0,Neutral,More than 2 hours,3,Few times a week,30–60 minutes,More than 6 hours,Social media,Sometimes,Always,Planning to start soon,Very clear,"Hard skills (programming, data analytics, technical skills)",5,3,2,Never,6–7 hours,Data Analyst,"Not currently, but intend to in the future","Yes, actively working on projects/internship","Limited knowledge, theoretical only","Rarely participate, mostly observe",Often,Less than 50%,"Creative/Design Skills (Innovation, UI/UX, Content)",Difficulty with Focus / Concentration,Occasionally (When needed),High Impact (Frequent disruption),Moderate Risk
STU0846,3/30/2026 8:06,Third Year (TY),BCA,20,Male,8.5 – 9.4,Very satisfied,1–2 hours,3,Few times a week,30–60 minutes,4–6 hours,Video content (YouTube/OTT),Sometimes,Often,Thinking about it,Somewhat clear,Both hard and soft skills,4,4,3,Sometimes,More than 8 hours,Other,"Not currently, but intend to in the future","Not currently, but intend to in the future","Basic knowledge, learning while practicing",Never participate in such events,Sometimes,Less than 50%,"Technical/Hard Skills (Coding, Math, Logic)",Procrastination / Low Motivation,Occasionally (When needed),High Impact (Frequent disruption),High Risk
STU0847,3/30/2026 14:52,First Year (FY),BSc Cyber Security,17,Male,7.0 – 8.4,Neutral,1–2 hours,2,Never,30–60 minutes,More than 6 hours,Video content (YouTube/OTT),Rarely,Rarely,Planning to start soon,Somewhat clear,"Soft skills (communication, teamwork, leadership, financial literacy)",5,2,2,Never,More than 8 hours,Software Developer,Planning to enroll soon,"Yes, actively working on projects/internship","Limited knowledge, theoretical only",Never participate in such events,Rarely,Less than 50%,"Technical/Hard Skills (Coding, Math, Logic)",Poor Time Management / Over-scheduling,Never (Unaware or Not interested),Moderate Impact (Occasional disruption),High Risk
STU0848,4/2/2026 13:36,Final Year,BCA,23,Female,7.0 – 8.4,Unsatisfied,Less than 1 hour,2,Never,1–2 hours,More than 6 hours,Social media,Mostly consistent,Always,Actively preparing for a goal (placements/exams),Not clear,Both hard and soft skills,1,4,2,Sometimes,6–7 hours,Cyber Security Analyst,"No, not interested",Planning to start a project/internship soon,"Basic knowledge, learning while practicing","Rarely participate, mostly observe",Always,Less than 50%,"Soft Skills (Communication, Leadership, Teamwork)",Procrastination / Low Motivation,,No Impact (Fully supportive environment),High Risk
STU0849,3/30/2026 11:35,Second Year (SY),BCom,21,Male,8.5 – 9.4,Very satisfied,More than 2 hours,4,Few times a week,1–2 hours,4–6 hours,Social media,Mostly consistent,Always,Planning to start soon,Very clear,"Hard skills (programming, data analytics, technical skills)",4,2,3,Often,More than 8 hours,Software Developer,Planning to enroll soon,Planning to start a project/internship soon,"Basic knowledge, learning while practicing","Rarely participate, mostly observe",Often,76% – 85%,"Soft Skills (Communication, Leadership, Teamwork)",Poor Time Management / Over-scheduling,Rarely (Passive),Low Impact (Rarely affects study),Low Risk
STU0850,4/7/2026 16:20,First Year (FY),BSc IT,17,Male,8.5 – 9.4,Satisfied,1–2 hours,3,Never,30–60 minutes,More than 6 hours,Social interactions,Sometimes,Sometimes,Planning to start soon,Somewhat clear,"Soft skills (communication, teamwork, leadership, financial literacy)",4,1,2,Sometimes,More than 8 hours,Software Developer,Planning to enroll soon,"Not currently, but intend to in the future","Basic knowledge, learning while practicing","Rarely participate, mostly observe",Rarely,Above 85%,"Creative/Design Skills (Innovation, UI/UX, Content)",Procrastination / Low Motivation,Never (Unaware or Not interested),Low Impact (Rarely affects study),Low Risk
STU0851,3/21/2026 15:58,First Year (PG),BSc IT,22,Female,9.5 – 10.0,Very unsatisfied,Less than 1 hour,2,Rarely,1–2 hours,More than 6 hours,Social media,Mostly consistent,Always,Planning to start soon,Somewhat clear,"Hard skills (programming, data analytics, technical skills)",4,4,1,Sometimes,6–7 hours,Software Developer,Planning to enroll soon,Planning to start a project/internship soon,"Limited knowledge, theoretical only",Never participate in such events,Often,Above 85%,"Technical/Hard Skills (Coding, Math, Logic)",Procrastination / Low Motivation,Occasionally (When needed),Low Impact (Rarely affects study),Low Risk
STU0852,3/22/2026 4:57,Second Year (SY),BSc Computer Science,21,Female,5.0 – 6.9,Neutral,1–2 hours,2,Rarely,1–2 hours,2–4 hours,Social media,Rarely,Rarely,Actively preparing for a goal (placements/exams),Somewhat clear,"Soft skills (communication, teamwork, leadership, financial literacy)",1,3,3,Always,6–7 hours,Cyber Security Analyst,Planning to enroll soon,"Not currently, but intend to in the future","Basic knowledge, learning while practicing",Occasionally participate in events,Sometimes,50% – 65%,"Technical/Hard Skills (Coding, Math, Logic)",Difficulty with Focus / Concentration,Rarely (Passive),Moderate Impact (Occasional disruption),High Risk
STU0853,4/6/2026 7:36,Second Year (SY),BSc IT,21,Male,5.0 – 6.9,Neutral,Less than 1 hour,4,Rarely,1–2 hours,More than 6 hours,Gaming,Rarely,Rarely,Planning to start soon,Not clear,"Hard skills (programming, data analytics, technical skills)",2,,3,Always,6–7 hours,Digital Marketing Specialist,"No, not interested","Yes, actively working on projects/internship","Basic knowledge, learning while practicing","Rarely participate, mostly observe",Sometimes,66% – 75%,"Technical/Hard Skills (Coding, Math, Logic)",Procrastination / Low Motivation,Rarely (Passive),,High Risk
STU0854,3/27/2026 10:44,First Year (FY),BSc IT,17,Male,7.0 – 8.4,Satisfied,1–2 hours,4,Rarely,1–2 hours,4–6 hours,Social media,Mostly consistent,Often,Thinking about it,Somewhat clear,"Soft skills (communication, teamwork, leadership, financial literacy)",5,2,3,Sometimes,More than 8 hours,Data Analyst,"Not currently, but intend to in the future",Planning to start a project/internship soon,"Basic knowledge, learning while practicing","Rarely participate, mostly observe",Often,Less than 50%,"Technical/Hard Skills (Coding, Math, Logic)",Poor Time Management / Over-scheduling,Occasionally (When needed),High Impact (Frequent disruption),Moderate Risk
STU0855,4/6/2026 3:59,First Year (FY),BCA,18,Male,8.5 – 9.4,Satisfied,1–2 hours,4,Never,1–2 hours,2–4 hours,Social media,Sometimes,Rarely,Planning to start soon,Very clear,"Hard skills (programming, data analytics, technical skills)",4,2,3,Sometimes,More than 8 hours,AI / ML,"No, not interested",Planning to start a project/internship soon,Strong foundation in core concepts,Never participate in such events,Rarely,66% – 75%,"Technical/Hard Skills (Coding, Math, Logic)",Lack of Consistency or Determination (Difficulty sticking to a plan),Never (Unaware or Not interested),Moderate Impact (Occasional disruption),Moderate Risk
STU0856,3/18/2026 7:30,First Year (FY),BSc Cyber Security,17,Female,5.0 – 6.9,Very satisfied,Less than 1 hour,1,Few times a week,1–2 hours,More than 6 hours,Gaming,Rarely,Rarely,Actively preparing for a goal (placements/exams),Somewhat clear,"Soft skills (communication, teamwork, leadership, financial literacy)",1,2,2,Often,6–7 hours,Automation Engineer,"No, not interested",Planning to start a project/internship soon,"Basic knowledge, learning while practicing",Occasionally participate in events,Often,66% – 75%,"Technical/Hard Skills (Coding, Math, Logic)",Poor Time Management / Over-scheduling,Rarely (Passive),High Impact (Frequent disruption),High Risk
STU0857,4/8/2026 20:12,Third Year (TY),BSc IT,20,Male,8.5 – 9.4,Neutral,1–2 hours,3,Few times a week,,2–4 hours,Video content (YouTube/OTT),Mostly consistent,Always,Planning to start soon,Very clear,Both hard and soft skills,3,2,2,Often,4–5 hours,Cyber Security Analyst,Planning to enroll soon,"Yes, actively working on projects/internship","Basic knowledge, learning while practicing",Occasionally participate in events,Often,Above 85%,"Management/Execution (Planning, Organizing, Discipline)",Lack of Consistency or Determination (Difficulty sticking to a plan),Rarely (Passive),Moderate Impact (Occasional disruption),Low Risk
STU0858,3/20/2026 9:14,First Year (FY),BSc Computer Science,19,Female,8.5 – 9.4,Neutral,Less than 1 hour,4,Rarely,More than 2 hours,More than 6 hours,Social media,Rarely,Rarely,Thinking about it,Somewhat clear,"Soft skills (communication, teamwork, leadership, financial literacy)",5,3,1,Sometimes,More than 8 hours,Software Developer,"Yes, currently enrolled in one or more courses/certifications","Not currently, but intend to in the future",Strong foundation in core concepts,"Rarely participate, mostly observe",Often,66% – 75%,"Creative/Design Skills (Innovation, UI/UX, Content)",Procrastination / Low Motivation,Occasionally (When needed),Moderate Impact (Occasional disruption),Moderate Risk
STU0859,3/15/2026 15:34,Third Year (TY),BCA,22,Female,8.5 – 9.4,Unsatisfied,More than 2 hours,4,Few times a week,1–2 hours,2–4 hours,Social media,Mostly consistent,Always,Planning to start soon,Somewhat clear,"Hard skills (programming, data analytics, technical skills)",3,3,,Never,,Cyber Security Analyst,Planning to enroll soon,"Not currently, but intend to in the future",Strong foundation in core concepts,"Rarely participate, mostly observe",Always,76% – 85%,"Technical/Hard Skills (Coding, Math, Logic)",Poor Time Management / Over-scheduling,Occasionally (When needed),Moderate Impact (Occasional disruption),Moderate Risk
STU0860,4/2/2026 20:02,Final Year,BCA,23,Male,5.0 – 6.9,Neutral,Less than 1 hour,2,Few times a week,1–2 hours,2–4 hours,Social media,Rarely,Rarely,Planning to start soon,Somewhat clear,Both hard and soft skills,4,3,1,Often,More than 8 hours,AI / ML,"Yes, currently enrolled in one or more courses/certifications","Yes, actively working on projects/internship","Basic knowledge, learning while practicing","Rarely participate, mostly observe",Always,76% – 85%,"Soft Skills (Communication, Leadership, Teamwork)",Poor Time Management / Over-scheduling,Rarely (Passive),High Impact (Frequent disruption),High Risk
STU0861,3/30/2026 16:29,Third Year (TY),BSc Computer Science,20,Female,5.0 – 6.9,Neutral,1–2 hours,4,Rarely,More than 2 hours,4–6 hours,Gaming,Sometimes,Always,Planning to start soon,Somewhat clear,"Hard skills (programming, data analytics, technical skills)",4,2,3,Always,6–7 hours,AI / ML,"Not currently, but intend to in the future",Planning to start a project/internship soon,"Basic knowledge, learning while practicing","Rarely participate, mostly observe",Often,50% – 65%,"Technical/Hard Skills (Coding, Math, Logic)",Lack of Consistency or Determination (Difficulty sticking to a plan),Rarely (Passive),Low Impact (Rarely affects study),High Risk
STU0862,4/6/2026 12:26,First Year (FY),BCA,19,Male,7.0 – 8.4,Satisfied,1–2 hours,2,Rarely,30–60 minutes,More than 6 hours,Social media,Sometimes,Sometimes,Thinking about it,Not clear,"Soft skills (communication, teamwork, leadership, financial literacy)",3,3,2,Always,6–7 hours,Cyber Security Analyst,"Not currently, but intend to in the future","Not currently, but intend to in the future",Strong foundation in core concepts,Occasionally participate in events,Often,Above 85%,"Soft Skills (Communication, Leadership, Teamwork)",Difficulty with Focus / Concentration,Never (Unaware or Not interested),Moderate Impact (Occasional disruption),Moderate Risk
STU0863,4/7/2026 10:08,Final Year,BCA,23,Male,7.0 – 8.4,Neutral,1–2 hours,3,Few times a week,1–2 hours,More than 6 hours,Social media,Sometimes,Often,Thinking about it,Very clear,"Hard skills (programming, data analytics, technical skills)",1,5,2,Always,4–5 hours,Automation Engineer,Planning to enroll soon,Planning to start a project/internship soon,"Basic knowledge, learning while practicing",Never participate in such events,Sometimes,50% – 65%,"Soft Skills (Communication, Leadership, Teamwork)",Poor Time Management / Over-scheduling,Rarely (Passive),High Impact (Frequent disruption),High Risk
STU0864,3/30/2026 19:09,Second Year (SY),BCA,19,Female,9.5 – 10.0,Satisfied,1–2 hours,4,Rarely,1–2 hours,More than 6 hours,Social interactions,Sometimes,Sometimes,Planning to start soon,Very clear,Both hard and soft skills,4,1,3,Sometimes,More than 8 hours,Cyber Security Analyst,"Not currently, but intend to in the future",Planning to start a project/internship soon,Strong foundation in core concepts,Occasionally participate in events,Often,76% – 85%,"Creative/Design Skills (Innovation, UI/UX, Content)",Poor Time Management / Over-scheduling,Occasionally (When needed),Low Impact (Rarely affects study),Low Risk
STU0865,4/6/2026 8:01,First Year (FY),BSc IT,17,Male,7.0 – 8.4,Satisfied,1–2 hours,3,Rarely,1–2 hours,More than 6 hours,Social media,Sometimes,Sometimes,Thinking about it,Somewhat clear,"Hard skills (programming, data analytics, technical skills)",2,2,3,Often,More than 8 hours,Software Developer,Planning to enroll soon,"Not currently, but intend to in the future",Strong foundation in core concepts,"Rarely participate, mostly observe",Often,66% – 75%,"Technical/Hard Skills (Coding, Math, Logic)",Difficulty with Focus / Concentration,Occasionally (When needed),High Impact (Frequent disruption),Moderate Risk
STU0866,3/30/2026 9:59,Third Year (TY),BCA,21,Female,7.0 – 8.4,Unsatisfied,Less than 1 hour,4,Few times a week,More than 2 hours,2–4 hours,Social media,Mostly consistent,Sometimes,Thinking about it,Somewhat clear,"Hard skills (programming, data analytics, technical skills)",3,3,2,Sometimes,,Data Analyst,"Not currently, but intend to in the future","Yes, actively working on projects/internship","Limited knowledge, theoretical only","Rarely participate, mostly observe",Often,50% – 65%,"Technical/Hard Skills (Coding, Math, Logic)",Lack of Consistency or Determination (Difficulty sticking to a plan),Occasionally (When needed),Moderate Impact (Occasional disruption),Moderate Risk
STU0867,3/21/2026 20:22,Third Year (TY),BCA,22,Male,9.5 – 10.0,Neutral,1–2 hours,3,Few times a week,1–2 hours,4–6 hours,Video content (YouTube/OTT),Sometimes,Rarely,Actively preparing for a goal (placements/exams),Somewhat clear,"Soft skills (communication, teamwork, leadership, financial literacy)",3,3,3,Sometimes,6–7 hours,AI / ML,"Not currently, but intend to in the future","Yes, actively working on projects/internship","Basic knowledge, learning while practicing",Occasionally participate in events,Rarely,76% – 85%,"Soft Skills (Communication, Leadership, Teamwork)",Procrastination / Low Motivation,Never (Unaware or Not interested),No Impact (Fully supportive environment),Moderate Risk
STU0868,3/20/2026 19:09,Third Year (TY),BCA,21,Female,7.0 – 8.4,Neutral,Less than 1 hour,3,Rarely,30–60 minutes,4–6 hours,Video content (YouTube/OTT),Rarely,Rarely,Planning to start soon,Very clear,"Hard skills (programming, data analytics, technical skills)",4,1,2,Always,6–7 hours,Digital Marketing Specialist,"Yes, currently enrolled in one or more courses/certifications",Planning to start a project/internship soon,"Basic knowledge, learning while practicing",Never participate in such events,Always,50% – 65%,"Creative/Design Skills (Innovation, UI/UX, Content)",Lack of Consistency or Determination (Difficulty sticking to a plan),Occasionally (When needed),Low Impact (Rarely affects study),Moderate Risk
STU0869,3/19/2026 1:02,Second Year (SY),BCom,20,Female,5.0 – 6.9,Neutral,Less than 1 hour,3,Rarely,1–2 hours,More than 6 hours,Social media,Sometimes,Always,Thinking about it,Somewhat clear,"Hard skills (programming, data analytics, technical skills)",3,3,3,Sometimes,6–7 hours,Digital Marketing Specialist,"Yes, currently enrolled in one or more courses/certifications","Not currently, but intend to in the future",,Never participate in such events,Sometimes,Less than 50%,"Technical/Hard Skills (Coding, Math, Logic)",Lack of Consistency or Determination (Difficulty sticking to a plan),Occasionally (When needed),No Impact (Fully supportive environment),High Risk
STU0870,3/17/2026 8:21,Second Year (SY),BCA,20,Male,7.0 – 8.4,Neutral,Less than 1 hour,2,Rarely,30–60 minutes,4–6 hours,Social media,Rarely,Sometimes,Planning to start soon,Somewhat clear,"Hard skills (programming, data analytics, technical skills)",2,4,2,Often,6–7 hours,Digital Marketing Specialist,"Yes, currently enrolled in one or more courses/certifications","Not currently, but intend to in the future","Basic knowledge, learning while practicing",Never participate in such events,Sometimes,76% – 85%,"Technical/Hard Skills (Coding, Math, Logic)",Difficulty with Focus / Concentration,Occasionally (When needed),High Impact (Frequent disruption),High Risk
STU0871,4/9/2026 22:38,First Year (FY),BSc Computer Science,18,Male,5.0 – 6.9,Neutral,More than 2 hours,,Rarely,30–60 minutes,4–6 hours,Gaming,Rarely,Sometimes,Thinking about it,Somewhat clear,"Hard skills (programming, data analytics, technical skills)",3,4,1,Sometimes,More than 8 hours,Data Analyst,"Not currently, but intend to in the future","Not currently, but intend to in the future","Basic knowledge, learning while practicing",Occasionally participate in events,Often,50% – 65%,"Creative/Design Skills (Innovation, UI/UX, Content)",Procrastination / Low Motivation,Rarely (Passive),Moderate Impact (Occasional disruption),High Risk
STU0872,3/23/2026 7:19,Third Year (TY),BCA,21,Male,7.0 – 8.4,Neutral,Less than 1 hour,5,Rarely,30–60 minutes,More than 6 hours,Social media,Sometimes,Sometimes,Actively preparing for a goal (placements/exams),Very clear,Both hard and soft skills,2,4,2,Often,,Automation Engineer,"No, not interested",Planning to start a project/internship soon,"Basic knowledge, learning while practicing",,Always,66% – 75%,"Technical/Hard Skills (Coding, Math, Logic)",Poor Time Management / Over-scheduling,Never (Unaware or Not interested),No Impact (Fully supportive environment),High Risk
STU0873,4/12/2026 13:12,Third Year (TY),BCA,21,Female,7.0 – 8.4,Neutral,1–2 hours,2,Rarely,1–2 hours,More than 6 hours,Gaming,Rarely,Always,Planning to start soon,Very clear,"Hard skills (programming, data analytics, technical skills)",2,5,3,Often,6–7 hours,AI / ML,"Yes, currently enrolled in one or more courses/certifications",Planning to start a project/internship soon,"Limited knowledge, theoretical only","Rarely participate, mostly observe",Sometimes,66% – 75%,"Technical/Hard Skills (Coding, Math, Logic)",Poor Time Management / Over-scheduling,Rarely (Passive),High Impact (Frequent disruption),High Risk
STU0874,3/24/2026 14:31,Second Year (SY),BCA,20,Female,5.0 – 6.9,Neutral,More than 2 hours,3,Few times a week,30–60 minutes,More than 6 hours,Social media,Rarely,Rarely,Thinking about it,Very clear,Both hard and soft skills,5,2,1,Sometimes,,Cyber Security Analyst,Planning to enroll soon,"Yes, actively working on projects/internship","Basic knowledge, learning while practicing",Occasionally participate in events,Sometimes,50% – 65%,"Technical/Hard Skills (Coding, Math, Logic)",Difficulty with Focus / Concentration,Occasionally (When needed),High Impact (Frequent disruption),High Risk
STU0875,4/9/2026 20:36,Third Year (TY),BBA,20,Other,7.0 – 8.4,Neutral,More than 2 hours,3,Rarely,,,Social media,Rarely,Rarely,Thinking about it,Very clear,"Hard skills (programming, data analytics, technical skills)",1,4,3,Sometimes,4–5 hours,AI / ML,Planning to enroll soon,Planning to start a project/internship soon,"Basic knowledge, learning while practicing","Rarely participate, mostly observe",Sometimes,50% – 65%,"Management/Execution (Planning, Organizing, Discipline)",Procrastination / Low Motivation,Occasionally (When needed),High Impact (Frequent disruption),High Risk
STU0876,4/3/2026 17:06,First Year (FY),BBA,17,Female,7.0 – 8.4,Neutral,Less than 1 hour,1,Never,1–2 hours,More than 6 hours,Gaming,Rarely,Sometimes,Planning to start soon,Very clear,"Soft skills (communication, teamwork, leadership, financial literacy)",3,4,1,Sometimes,6–7 hours,Automation Engineer,"No, not interested",Planning to start a project/internship soon,Strong foundation in core concepts,Occasionally participate in events,Sometimes,66% – 75%,"Soft Skills (Communication, Leadership, Teamwork)",Lack of Consistency or Determination (Difficulty sticking to a plan),Never (Unaware or Not interested),Moderate Impact (Occasional disruption),High Risk
STU0877,3/30/2026 14:12,Second Year (PG),BCA,24,Female,9.5 – 10.0,Satisfied,More than 2 hours,3,Rarely,1–2 hours,4–6 hours,Gaming,Mostly consistent,Sometimes,Thinking about it,Very clear,"Soft skills (communication, teamwork, leadership, financial literacy)",3,2,1,Often,6–7 hours,AI / ML,Planning to enroll soon,"Not currently, but intend to in the future","Limited knowledge, theoretical only",Occasionally participate in events,Often,Above 85%,"Creative/Design Skills (Innovation, UI/UX, Content)",Poor Time Management / Over-scheduling,Rarely (Passive),Low Impact (Rarely affects study),Low Risk
STU0878,3/21/2026 11:36,Third Year (TY),BSc Computer Science,22,Male,5.0 – 6.9,Very unsatisfied,Less than 1 hour,2,Few times a week,30–60 minutes,4–6 hours,Gaming,Sometimes,Sometimes,Actively preparing for a goal (placements/exams),Somewhat clear,Both hard and soft skills,2,5,1,Often,4–5 hours,Data Analyst,"Yes, currently enrolled in one or more courses/certifications",Planning to start a project/internship soon,"Limited knowledge, theoretical only",Occasionally participate in events,Always,50% – 65%,"Technical/Hard Skills (Coding, Math, Logic)",Procrastination / Low Motivation,Occasionally (When needed),No Impact (Fully supportive environment),High Risk
STU0879,4/7/2026 17:22,Second Year (SY),BCA,19,Female,7.0 – 8.4,Satisfied,Less than 1 hour,1,Rarely,30–60 minutes,More than 6 hours,Video content (YouTube/OTT),Sometimes,Often,Thinking about it,Not clear,"Soft skills (communication, teamwork, leadership, financial literacy)",2,4,1,Always,6–7 hours,Data Analyst,"No, not interested","Not currently, but intend to in the future","Basic knowledge, learning while practicing","Rarely participate, mostly observe",Often,66% – 75%,"Soft Skills (Communication, Leadership, Teamwork)",Difficulty with Focus / Concentration,Occasionally (When needed),Low Impact (Rarely affects study),High Risk
STU0880,3/29/2026 20:45,Second Year (SY),BCA,19,Male,9.5 – 10.0,Satisfied,More than 2 hours,5,Daily,1–2 hours,2–4 hours,Social media,Mostly consistent,Often,Planning to start soon,Very clear,Both hard and soft skills,1,5,2,Always,4–5 hours,Cyber Security Analyst,"No, not interested","Not currently, but intend to in the future","Basic knowledge, learning while practicing","Rarely participate, mostly observe",Sometimes,76% – 85%,"Creative/Design Skills (Innovation, UI/UX, Content)",Poor Time Management / Over-scheduling,Rarely (Passive),Low Impact (Rarely affects study),Moderate Risk
STU0881,3/30/2026 17:23,Second Year (SY),BSc Cyber Security,20,Female,7.0 – 8.4,Very satisfied,Less than 1 hour,4,Few times a week,1–2 hours,4–6 hours,Video content (YouTube/OTT),Sometimes,Sometimes,Planning to start soon,Very clear,Both hard and soft skills,4,3,2,Never,6–7 hours,Software Developer,"No, not interested","Not currently, but intend to in the future","Limited knowledge, theoretical only",Occasionally participate in events,Rarely,50% – 65%,"Management/Execution (Planning, Organizing, Discipline)",Lack of Consistency or Determination (Difficulty sticking to a plan),Occasionally (When needed),High Impact (Frequent disruption),High Risk
STU0882,3/29/2026 13:57,First Year (FY),BCA,18,Female,7.0 – 8.4,Unsatisfied,Less than 1 hour,1,Never,1–2 hours,More than 6 hours,Video content (YouTube/OTT),Sometimes,Sometimes,Actively preparing for a goal (placements/exams),Somewhat clear,Both hard and soft skills,3,4,3,Sometimes,4–5 hours,Cyber Security Analyst,Planning to enroll soon,Planning to start a project/internship soon,"Basic knowledge, learning while practicing",Occasionally participate in events,Often,76% – 85%,"Soft Skills (Communication, Leadership, Teamwork)",Lack of Consistency or Determination (Difficulty sticking to a plan),Occasionally (When needed),Moderate Impact (Occasional disruption),High Risk
STU0883,4/2/2026 18:09,First Year (PG),BCA,23,Female,7.0 – 8.4,Unsatisfied,1–2 hours,4,,1–2 hours,4–6 hours,Video content (YouTube/OTT),Sometimes,Always,Actively preparing for a goal (placements/exams),Somewhat clear,Both hard and soft skills,3,5,2,Always,4–5 hours,Digital Marketing Specialist,"Not currently, but intend to in the future",Planning to start a project/internship soon,"Basic knowledge, learning while practicing",Never participate in such events,Sometimes,66% – 75%,"Technical/Hard Skills (Coding, Math, Logic)",Procrastination / Low Motivation,Never (Unaware or Not interested),Low Impact (Rarely affects study),High Risk
STU0884,4/14/2026 22:27,Third Year (TY),BCA,20,Male,9.5 – 10.0,Very satisfied,1–2 hours,2,Rarely,1–2 hours,More than 6 hours,Social media,Sometimes,Often,Planning to start soon,Somewhat clear,"Soft skills (communication, teamwork, leadership, financial literacy)",2,4,2,Sometimes,6–7 hours,Cyber Security Analyst,"No, not interested","Not currently, but intend to in the future","Limited knowledge, theoretical only",Occasionally participate in events,Rarely,Above 85%,"Technical/Hard Skills (Coding, Math, Logic)",Procrastination / Low Motivation,Rarely (Passive),Low Impact (Rarely affects study),Moderate Risk
STU0885,3/20/2026 17:40,Final Year,BSc IT,22,Female,7.0 – 8.4,Neutral,Less than 1 hour,3,Never,1–2 hours,More than 6 hours,Social media,Rarely,Rarely,Planning to start soon,Somewhat clear,Both hard and soft skills,3,4,1,Sometimes,6–7 hours,Software Developer,"Not currently, but intend to in the future","Yes, actively working on projects/internship","Basic knowledge, learning while practicing",Occasionally participate in events,Sometimes,50% – 65%,"Creative/Design Skills (Innovation, UI/UX, Content)",Lack of Consistency or Determination (Difficulty sticking to a plan),Occasionally (When needed),Moderate Impact (Occasional disruption),High Risk
STU0886,3/22/2026 10:26,Third Year (TY),BSc Computer Science,20,Female,5.0 – 6.9,Satisfied,1–2 hours,2,Never,30–60 minutes,More than 6 hours,Social media,Mostly consistent,Often,Thinking about it,Somewhat clear,"Hard skills (programming, data analytics, technical skills)",3,3,2,Sometimes,6–7 hours,Other,"Not currently, but intend to in the future",Planning to start a project/internship soon,"Basic knowledge, learning while practicing",Occasionally participate in events,Often,66% – 75%,"Technical/Hard Skills (Coding, Math, Logic)",Lack of Consistency or Determination (Difficulty sticking to a plan),Occasionally (When needed),Low Impact (Rarely affects study),Moderate Risk
STU0887,4/4/2026 7:50,Second Year (SY),BCom,21,Female,7.0 – 8.4,Unsatisfied,1–2 hours,4,Few times a week,More than 2 hours,4–6 hours,Gaming,Rarely,Sometimes,Actively preparing for a goal (placements/exams),Somewhat clear,Both hard and soft skills,4,3,2,Often,,Data Analyst,"Yes, currently enrolled in one or more courses/certifications","Not currently, but intend to in the future","Basic knowledge, learning while practicing","Rarely participate, mostly observe",Sometimes,50% – 65%,"Creative/Design Skills (Innovation, UI/UX, Content)",Poor Time Management / Over-scheduling,Never (Unaware or Not interested),Low Impact (Rarely affects study),High Risk
STU0888,3/29/2026 13:31,First Year (PG),BBA,24,Female,8.5 – 9.4,Very satisfied,Less than 1 hour,3,Few times a week,1–2 hours,4–6 hours,Video content (YouTube/OTT),Sometimes,Sometimes,Planning to start soon,Very clear,"Hard skills (programming, data analytics, technical skills)",3,4,3,Always,6–7 hours,AI / ML,Planning to enroll soon,"Not currently, but intend to in the future",,Occasionally participate in events,Sometimes,76% – 85%,"Technical/Hard Skills (Coding, Math, Logic)",Procrastination / Low Motivation,Never (Unaware or Not interested),Moderate Impact (Occasional disruption),Moderate Risk
STU0889,3/23/2026 4:50,Second Year (SY),BSc Computer Science,20,Male,8.5 – 9.4,Neutral,1–2 hours,4,Rarely,1–2 hours,More than 6 hours,Video content (YouTube/OTT),Sometimes,Sometimes,Planning to start soon,Somewhat clear,Both hard and soft skills,3,3,2,Sometimes,6–7 hours,AI / ML,Planning to enroll soon,Planning to start a project/internship soon,"Limited knowledge, theoretical only",Never participate in such events,Sometimes,Above 85%,"Management/Execution (Planning, Organizing, Discipline)",Lack of Consistency or Determination (Difficulty sticking to a plan),Never (Unaware or Not interested),Moderate Impact (Occasional disruption),Moderate Risk
STU0890,4/9/2026 13:15,First Year (FY),BSc IT,18,Female,7.0 – 8.4,Neutral,Less than 1 hour,2,Rarely,,More than 6 hours,Social interactions,Sometimes,Rarely,Actively preparing for a goal (placements/exams),Somewhat clear,Both hard and soft skills,3,,2,Sometimes,6–7 hours,Software Developer,"Not currently, but intend to in the future",Planning to start a project/internship soon,"Limited knowledge, theoretical only",Occasionally participate in events,Often,Less than 50%,"Soft Skills (Communication, Leadership, Teamwork)",Difficulty with Focus / Concentration,Occasionally (When needed),Moderate Impact (Occasional disruption),High Risk
STU0891,3/20/2026 14:35,Second Year (PG),BCom,26,Female,7.0 – 8.4,Neutral,Less than 1 hour,2,Few times a week,30–60 minutes,More than 6 hours,Social media,Rarely,Rarely,Planning to start soon,Somewhat clear,Both hard and soft skills,4,3,2,Sometimes,6–7 hours,Cyber Security Analyst,"No, not interested","Yes, actively working on projects/internship","Basic knowledge, learning while practicing","Rarely participate, mostly observe",Often,Less than 50%,"Creative/Design Skills (Innovation, UI/UX, Content)",Poor Time Management / Over-scheduling,Rarely (Passive),Moderate Impact (Occasional disruption),High Risk
STU0892,4/10/2026 12:20,First Year (FY),BCA,19,Male,8.5 – 9.4,Satisfied,1–2 hours,3,,1–2 hours,2–4 hours,Social interactions,Mostly consistent,Often,Planning to start soon,Very clear,Both hard and soft skills,4,2,2,Sometimes,4–5 hours,Automation Engineer,"Not currently, but intend to in the future","Not currently, but intend to in the future",Strong foundation in core concepts,"Rarely participate, mostly observe",Often,76% – 85%,"Management/Execution (Planning, Organizing, Discipline)",Difficulty with Focus / Concentration,Never (Unaware or Not interested),No Impact (Fully supportive environment),Low Risk
STU0893,3/19/2026 16:45,Third Year (TY),BSc Cyber Security,21,Male,5.0 – 6.9,Satisfied,1–2 hours,3,Few times a week,1–2 hours,2–4 hours,Social media,Rarely,Often,Actively preparing for a goal (placements/exams),Very clear,"Soft skills (communication, teamwork, leadership, financial literacy)",2,4,3,Sometimes,4–5 hours,AI / ML,"Not currently, but intend to in the future","Not currently, but intend to in the future","Basic knowledge, learning while practicing",Never participate in such events,Rarely,Above 85%,"Technical/Hard Skills (Coding, Math, Logic)",Procrastination / Low Motivation,Occasionally (When needed),Low Impact (Rarely affects study),High Risk
STU0894,3/28/2026 12:33,Third Year (TY),BCA,22,Female,7.0 – 8.4,Very satisfied,More than 2 hours,4,Never,1–2 hours,More than 6 hours,Social media,Sometimes,Sometimes,Thinking about it,Not clear,Both hard and soft skills,2,5,3,Often,6–7 hours,Software Developer,"Not currently, but intend to in the future",Planning to start a project/internship soon,"Basic knowledge, learning while practicing",Never participate in such events,Sometimes,66% – 75%,"Creative/Design Skills (Innovation, UI/UX, Content)",Difficulty with Focus / Concentration,,Moderate Impact (Occasional disruption),High Risk
STU0895,3/22/2026 8:44,Second Year (SY),BCA,20,Female,8.5 – 9.4,Satisfied,More than 2 hours,2,Rarely,30–60 minutes,4–6 hours,Video content (YouTube/OTT),Rarely,Rarely,Planning to start soon,Somewhat clear,Both hard and soft skills,3,3,1,Sometimes,More than 8 hours,Digital Marketing Specialist,Planning to enroll soon,"Yes, actively working on projects/internship",,Occasionally participate in events,Sometimes,76% – 85%,"Technical/Hard Skills (Coding, Math, Logic)",Lack of Consistency or Determination (Difficulty sticking to a plan),Rarely (Passive),High Impact (Frequent disruption),Moderate Risk
STU0896,3/28/2026 16:44,Third Year (TY),BCA,22,Male,8.5 – 9.4,Satisfied,Less than 1 hour,2,Few times a week,More than 2 hours,4–6 hours,Gaming,Mostly consistent,Often,Thinking about it,Somewhat clear,Both hard and soft skills,3,3,3,Always,6–7 hours,Data Analyst,"No, not interested","Yes, actively working on projects/internship","Basic knowledge, learning while practicing",Never participate in such events,Often,66% – 75%,"Soft Skills (Communication, Leadership, Teamwork)",Lack of Consistency or Determination (Difficulty sticking to a plan),Never (Unaware or Not interested),,Moderate Risk
STU0897,4/7/2026 13:40,First Year (PG),BCA,24,Female,8.5 – 9.4,Satisfied,Less than 1 hour,2,Rarely,30–60 minutes,4–6 hours,Social media,Rarely,Often,Planning to start soon,Not clear,Both hard and soft skills,1,3,3,Often,More than 8 hours,Software Developer,Planning to enroll soon,"Yes, actively working on projects/internship","Basic knowledge, learning while practicing",Occasionally participate in events,Always,Above 85%,"Management/Execution (Planning, Organizing, Discipline)",Lack of Consistency or Determination (Difficulty sticking to a plan),Never (Unaware or Not interested),Moderate Impact (Occasional disruption),Moderate Risk
STU0898,3/31/2026 17:42,Second Year (SY),BCA,20,Female,9.5 – 10.0,Neutral,More than 2 hours,4,Few times a week,More than 2 hours,2–4 hours,Other,Mostly consistent,Often,Actively preparing for a goal (placements/exams),Very clear,"Soft skills (communication, teamwork, leadership, financial literacy)",1,4,2,Always,6–7 hours,AI / ML,Planning to enroll soon,"Not currently, but intend to in the future",Strong foundation in core concepts,Never participate in such events,Often,66% – 75%,"Soft Skills (Communication, Leadership, Teamwork)",Procrastination / Low Motivation,Never (Unaware or Not interested),Low Impact (Rarely affects study),Moderate Risk
STU0899,3/16/2026 15:29,Second Year (SY),BCA,21,Male,8.5 – 9.4,Very satisfied,1–2 hours,1,Never,1–2 hours,4–6 hours,Social media,Mostly consistent,Often,Thinking about it,Not clear,"Hard skills (programming, data analytics, technical skills)",4,3,1,Often,6–7 hours,Data Analyst,Planning to enroll soon,"Not currently, but intend to in the future","Basic knowledge, learning while practicing",Occasionally participate in events,Always,66% – 75%,"Technical/Hard Skills (Coding, Math, Logic)",Poor Time Management / Over-scheduling,Rarely (Passive),High Impact (Frequent disruption),Moderate Risk
STU0900,4/3/2026 8:25,Second Year (SY),BCA,19,Male,7.0 – 8.4,Neutral,Less than 1 hour,1,Rarely,More than 2 hours,More than 6 hours,Other,Sometimes,Rarely,Planning to start soon,Somewhat clear,"Hard skills (programming, data analytics, technical skills)",1,4,1,Sometimes,6–7 hours,Data Analyst,,Planning to start a project/internship soon,,Occasionally participate in events,Often,Less than 50%,"Soft Skills (Communication, Leadership, Teamwork)",Poor Time Management / Over-scheduling,,Moderate Impact (Occasional disruption),High Risk
STU0901,3/24/2026 8:00,Third Year (TY),BCA,21,Male,5.0 – 6.9,Unsatisfied,Less than 1 hour,3,Rarely,30–60 minutes,More than 6 hours,Video content (YouTube/OTT),Rarely,Rarely,Planning to start soon,Somewhat clear,Both hard and soft skills,1,5,3,Never,4–5 hours,Automation Engineer,Planning to enroll soon,"Not currently, but intend to in the future",Strong foundation in core concepts,,Sometimes,Less than 50%,"Technical/Hard Skills (Coding, Math, Logic)",Procrastination / Low Motivation,Never (Unaware or Not interested),Low Impact (Rarely affects study),High Risk
STU0902,3/19/2026 12:19,Final Year,BCA,22,Male,5.0 – 6.9,Unsatisfied,Less than 1 hour,3,Never,1–2 hours,More than 6 hours,Video content (YouTube/OTT),Rarely,Sometimes,Actively preparing for a goal (placements/exams),Not clear,"Hard skills (programming, data analytics, technical skills)",4,2,2,Sometimes,6–7 hours,AI / ML,"Not currently, but intend to in the future","Not currently, but intend to in the future",Strong foundation in core concepts,Occasionally participate in events,Often,66% – 75%,"Technical/Hard Skills (Coding, Math, Logic)",Poor Time Management / Over-scheduling,Occasionally (When needed),Low Impact (Rarely affects study),High Risk
STU0903,4/11/2026 9:29,Second Year (SY),BCA,21,Male,8.5 – 9.4,Very satisfied,1–2 hours,4,Never,,More than 6 hours,Video content (YouTube/OTT),Sometimes,Sometimes,Thinking about it,Somewhat clear,"Soft skills (communication, teamwork, leadership, financial literacy)",3,4,3,Sometimes,4–5 hours,Other,"Not currently, but intend to in the future",Planning to start a project/internship soon,"Basic knowledge, learning while practicing","Rarely participate, mostly observe",Always,76% – 85%,"Creative/Design Skills (Innovation, UI/UX, Content)",Difficulty with Focus / Concentration,Occasionally (When needed),Low Impact (Rarely affects study),Moderate Risk
STU0904,4/2/2026 15:00,Second Year (SY),BCA,19,Male,9.5 – 10.0,Neutral,1–2 hours,4,Never,30–60 minutes,2–4 hours,Social media,Rarely,Often,Planning to start soon,Very clear,Both hard and soft skills,3,4,2,Always,More than 8 hours,AI / ML,"Yes, currently enrolled in one or more courses/certifications","Not currently, but intend to in the future","Limited knowledge, theoretical only",Occasionally participate in events,Often,50% – 65%,"Management/Execution (Planning, Organizing, Discipline)",Procrastination / Low Motivation,Occasionally (When needed),No Impact (Fully supportive environment),High Risk
STU0905,4/11/2026 11:02,First Year (FY),BSc IT,19,Female,7.0 – 8.4,Neutral,Less than 1 hour,2,Never,30–60 minutes,More than 6 hours,Social media,Mostly consistent,Often,Actively preparing for a goal (placements/exams),Very clear,Both hard and soft skills,3,3,2,Sometimes,6–7 hours,Other,Planning to enroll soon,Planning to start a project/internship soon,"Basic knowledge, learning while practicing",Never participate in such events,Sometimes,66% – 75%,"Soft Skills (Communication, Leadership, Teamwork)",Procrastination / Low Motivation,Rarely (Passive),Moderate Impact (Occasional disruption),Moderate Risk
STU0906,4/7/2026 6:23,Third Year (TY),BBA,22,Other,7.0 – 8.4,Neutral,Less than 1 hour,5,Never,1–2 hours,2–4 hours,Social media,Rarely,Often,Planning to start soon,Somewhat clear,"Hard skills (programming, data analytics, technical skills)",1,4,2,Always,More than 8 hours,Data Analyst,"Not currently, but intend to in the future",Planning to start a project/internship soon,Strong foundation in core concepts,Occasionally participate in events,Sometimes,50% – 65%,"Technical/Hard Skills (Coding, Math, Logic)",Procrastination / Low Motivation,Never (Unaware or Not interested),Low Impact (Rarely affects study),High Risk
STU0907,3/17/2026 20:27,Second Year (SY),BA,21,Female,5.0 – 6.9,Unsatisfied,Less than 1 hour,2,Rarely,30–60 minutes,More than 6 hours,Video content (YouTube/OTT),Rarely,Always,Actively preparing for a goal (placements/exams),Not clear,"Hard skills (programming, data analytics, technical skills)",3,3,1,Often,6–7 hours,Digital Marketing Specialist,"Yes, currently enrolled in one or more courses/certifications","Not currently, but intend to in the future","Limited knowledge, theoretical only","Rarely participate, mostly observe",Often,Less than 50%,"Soft Skills (Communication, Leadership, Teamwork)",Procrastination / Low Motivation,Occasionally (When needed),Low Impact (Rarely affects study),High Risk
STU0908,4/10/2026 8:40,Third Year (TY),BSc Computer Science,22,Male,5.0 – 6.9,Unsatisfied,Less than 1 hour,2,Rarely,1–2 hours,More than 6 hours,Video content (YouTube/OTT),Rarely,Often,Thinking about it,Somewhat clear,"Soft skills (communication, teamwork, leadership, financial literacy)",1,2,2,Always,6–7 hours,Digital Marketing Specialist,Planning to enroll soon,"Not currently, but intend to in the future","Limited knowledge, theoretical only","Rarely participate, mostly observe",Sometimes,50% – 65%,"Soft Skills (Communication, Leadership, Teamwork)",Procrastination / Low Motivation,Occasionally (When needed),,High Risk
STU0909,4/1/2026 8:59,First Year (PG),BCA,23,Male,8.5 – 9.4,Satisfied,1–2 hours,3,Few times a week,More than 2 hours,More than 6 hours,Video content (YouTube/OTT),Rarely,Often,Actively preparing for a goal (placements/exams),Somewhat clear,Both hard and soft skills,3,4,2,Sometimes,6–7 hours,Automation Engineer,"No, not interested","Not currently, but intend to in the future","Basic knowledge, learning while practicing","Rarely participate, mostly observe",Always,76% – 85%,"Management/Execution (Planning, Organizing, Discipline)",Lack of Consistency or Determination (Difficulty sticking to a plan),Rarely (Passive),Low Impact (Rarely affects study),High Risk
STU0910,3/18/2026 10:48,Third Year (TY),BCA,20,Female,8.5 – 9.4,Satisfied,More than 2 hours,4,Rarely,1–2 hours,More than 6 hours,Gaming,Sometimes,Sometimes,Thinking about it,Somewhat clear,"Hard skills (programming, data analytics, technical skills)",3,,2,Always,More than 8 hours,Data Analyst,"No, not interested","Not currently, but intend to in the future","Limited knowledge, theoretical only",Never participate in such events,Rarely,76% – 85%,"Technical/Hard Skills (Coding, Math, Logic)",Lack of Consistency or Determination (Difficulty sticking to a plan),Never (Unaware or Not interested),High Impact (Frequent disruption),Moderate Risk
STU0911,3/24/2026 7:25,Second Year (SY),BCA,19,Male,5.0 – 6.9,Neutral,More than 2 hours,3,Few times a week,1–2 hours,,Other,Sometimes,Rarely,Planning to start soon,Very clear,"Soft skills (communication, teamwork, leadership, financial literacy)",,3,3,Often,6–7 hours,Data Analyst,Planning to enroll soon,"Not currently, but intend to in the future","Basic knowledge, learning while practicing",Never participate in such events,Sometimes,76% – 85%,"Management/Execution (Planning, Organizing, Discipline)",Difficulty with Focus / Concentration,Occasionally (When needed),No Impact (Fully supportive environment),High Risk
STU0912,3/15/2026 16:25,First Year (FY),BCA,19,Male,7.0 – 8.4,Very satisfied,1–2 hours,4,Rarely,More than 2 hours,More than 6 hours,Video content (YouTube/OTT),Sometimes,Sometimes,Planning to start soon,Very clear,"Soft skills (communication, teamwork, leadership, financial literacy)",3,3,2,Sometimes,6–7 hours,Data Analyst,"No, not interested","Yes, actively working on projects/internship","Limited knowledge, theoretical only","Rarely participate, mostly observe",Sometimes,66% – 75%,"Management/Execution (Planning, Organizing, Discipline)",Procrastination / Low Motivation,Never (Unaware or Not interested),High Impact (Frequent disruption),Moderate Risk
STU0913,4/11/2026 14:30,Final Year,BSc Computer Science,22,Male,9.5 – 10.0,Satisfied,Less than 1 hour,2,Rarely,30–60 minutes,More than 6 hours,Gaming,Mostly consistent,Sometimes,Planning to start soon,Somewhat clear,"Hard skills (programming, data analytics, technical skills)",5,2,2,Sometimes,6–7 hours,AI / ML,"Not currently, but intend to in the future","Yes, actively working on projects/internship",Strong foundation in core concepts,Never participate in such events,Often,76% – 85%,"Technical/Hard Skills (Coding, Math, Logic)",Poor Time Management / Over-scheduling,Never (Unaware or Not interested),High Impact (Frequent disruption),Low Risk
STU0914,3/17/2026 9:05,Second Year (SY),BCA,19,Female,9.5 – 10.0,Satisfied,More than 2 hours,5,Rarely,More than 2 hours,4–6 hours,Social media,Sometimes,Sometimes,Actively preparing for a goal (placements/exams),Very clear,"Hard skills (programming, data analytics, technical skills)",3,3,3,Never,,Automation Engineer,"No, not interested",Planning to start a project/internship soon,"Limited knowledge, theoretical only",Never participate in such events,Often,76% – 85%,"Creative/Design Skills (Innovation, UI/UX, Content)",Procrastination / Low Motivation,Rarely (Passive),High Impact (Frequent disruption),Moderate Risk
STU0915,4/5/2026 9:00,First Year (PG),BSc Computer Science,23,Male,8.5 – 9.4,Satisfied,More than 2 hours,4,Daily,,More than 6 hours,Other,Sometimes,Often,Thinking about it,Very clear,Both hard and soft skills,5,1,2,Often,More than 8 hours,Digital Marketing Specialist,"Yes, currently enrolled in one or more courses/certifications","Yes, actively working on projects/internship","Limited knowledge, theoretical only",Occasionally participate in events,Always,Above 85%,"Creative/Design Skills (Innovation, UI/UX, Content)",Procrastination / Low Motivation,Occasionally (When needed),Moderate Impact (Occasional disruption),Low Risk
STU0916,3/30/2026 23:33,Second Year (SY),BCA,19,Male,8.5 – 9.4,Neutral,Less than 1 hour,2,Rarely,1–2 hours,More than 6 hours,Social interactions,Mostly consistent,Often,Actively preparing for a goal (placements/exams),Very clear,"Soft skills (communication, teamwork, leadership, financial literacy)",4,2,3,Never,6–7 hours,Software Developer,"Not currently, but intend to in the future","Not currently, but intend to in the future","Basic knowledge, learning while practicing",,Often,66% – 75%,"Technical/Hard Skills (Coding, Math, Logic)",Lack of Consistency or Determination (Difficulty sticking to a plan),Rarely (Passive),Moderate Impact (Occasional disruption),Low Risk
STU0917,3/20/2026 15:57,First Year (PG),BSc Computer Science,25,Male,8.5 – 9.4,Neutral,Less than 1 hour,1,Never,30–60 minutes,More than 6 hours,Video content (YouTube/OTT),Mostly consistent,Often,Actively preparing for a goal (placements/exams),Somewhat clear,"Hard skills (programming, data analytics, technical skills)",5,1,2,Never,6–7 hours,Cyber Security Analyst,"Not currently, but intend to in the future","Not currently, but intend to in the future","Limited knowledge, theoretical only","Rarely participate, mostly observe",Always,66% – 75%,"Creative/Design Skills (Innovation, UI/UX, Content)",Difficulty with Focus / Concentration,Never (Unaware or Not interested),High Impact (Frequent disruption),Low Risk
STU0918,3/15/2026 19:36,Second Year (SY),BSc Computer Science,20,Female,8.5 – 9.4,Satisfied,Less than 1 hour,2,Rarely,1–2 hours,More than 6 hours,Social media,Mostly consistent,Sometimes,Planning to start soon,Somewhat clear,Both hard and soft skills,3,4,1,Sometimes,6–7 hours,Cyber Security Analyst,,"Not currently, but intend to in the future","Limited knowledge, theoretical only",Occasionally participate in events,Often,Less than 50%,"Technical/Hard Skills (Coding, Math, Logic)",Difficulty with Focus / Concentration,Occasionally (When needed),Moderate Impact (Occasional disruption),Moderate Risk
STU0919,4/14/2026 11:56,Second Year (SY),BA,21,Male,7.0 – 8.4,Neutral,Less than 1 hour,1,Rarely,1–2 hours,More than 6 hours,Video content (YouTube/OTT),Sometimes,Sometimes,Planning to start soon,Not clear,"Soft skills (communication, teamwork, leadership, financial literacy)",1,2,1,Often,6–7 hours,Cyber Security Analyst,"Yes, currently enrolled in one or more courses/certifications","Yes, actively working on projects/internship","Basic knowledge, learning while practicing",Occasionally participate in events,Sometimes,Less than 50%,"Creative/Design Skills (Innovation, UI/UX, Content)",Difficulty with Focus / Concentration,Occasionally (When needed),No Impact (Fully supportive environment),Moderate Risk
STU0920,4/9/2026 9:04,Second Year (SY),BBA,21,Female,5.0 – 6.9,Unsatisfied,Less than 1 hour,1,Few times a week,30–60 minutes,More than 6 hours,Video content (YouTube/OTT),Sometimes,Always,Actively preparing for a goal (placements/exams),Very clear,"Soft skills (communication, teamwork, leadership, financial literacy)",3,5,2,Always,,AI / ML,Planning to enroll soon,"Yes, actively working on projects/internship","Basic knowledge, learning while practicing",Never participate in such events,Sometimes,Above 85%,"Soft Skills (Communication, Leadership, Teamwork)",Difficulty with Focus / Concentration,Never (Unaware or Not interested),No Impact (Fully supportive environment),High Risk
STU0921,3/24/2026 16:00,Second Year (SY),BCA,19,Male,9.5 – 10.0,Satisfied,1–2 hours,4,Never,More than 2 hours,4–6 hours,Social media,Sometimes,Rarely,Thinking about it,Somewhat clear,"Hard skills (programming, data analytics, technical skills)",3,4,2,Often,6–7 hours,AI / ML,"Not currently, but intend to in the future",Planning to start a project/internship soon,"Limited knowledge, theoretical only","Rarely participate, mostly observe",Often,Above 85%,"Creative/Design Skills (Innovation, UI/UX, Content)",Procrastination / Low Motivation,Occasionally (When needed),High Impact (Frequent disruption),Moderate Risk
STU0922,3/31/2026 11:54,Second Year (PG),BCA,24,Female,9.5 – 10.0,Neutral,Less than 1 hour,2,Few times a week,1–2 hours,4–6 hours,Gaming,Mostly consistent,Often,Actively preparing for a goal (placements/exams),Very clear,Both hard and soft skills,1,2,3,Often,4–5 hours,AI / ML,Planning to enroll soon,Planning to start a project/internship soon,"Limited knowledge, theoretical only",Never participate in such events,Always,Less than 50%,"Management/Execution (Planning, Organizing, Discipline)",Procrastination / Low Motivation,Rarely (Passive),No Impact (Fully supportive environment),Low Risk
STU0923,3/25/2026 7:55,First Year (FY),BCA,18,Female,5.0 – 6.9,Neutral,1–2 hours,,Never,30–60 minutes,More than 6 hours,Social media,Mostly consistent,Often,Planning to start soon,Not clear,Both hard and soft skills,4,2,1,Often,6–7 hours,Automation Engineer,"Yes, currently enrolled in one or more courses/certifications","Not currently, but intend to in the future","Limited knowledge, theoretical only",Occasionally participate in events,Often,50% – 65%,"Soft Skills (Communication, Leadership, Teamwork)",Lack of Consistency or Determination (Difficulty sticking to a plan),Occasionally (When needed),No Impact (Fully supportive environment),Moderate Risk
STU0924,3/22/2026 9:10,Second Year (PG),BSc IT,25,Male,7.0 – 8.4,Satisfied,1–2 hours,3,Daily,30–60 minutes,More than 6 hours,Video content (YouTube/OTT),Mostly consistent,Often,Planning to start soon,Somewhat clear,"Soft skills (communication, teamwork, leadership, financial literacy)",5,3,2,Often,More than 8 hours,AI / ML,"Yes, currently enrolled in one or more courses/certifications","Not currently, but intend to in the future","Basic knowledge, learning while practicing",Never participate in such events,Often,66% – 75%,"Creative/Design Skills (Innovation, UI/UX, Content)",Poor Time Management / Over-scheduling,Rarely (Passive),Low Impact (Rarely affects study),Moderate Risk
STU0925,3/24/2026 16:21,Second Year (SY),BCA,21,Female,5.0 – 6.9,Very unsatisfied,1–2 hours,5,Rarely,More than 2 hours,2–4 hours,Social media,Rarely,Sometimes,Thinking about it,Somewhat clear,"Soft skills (communication, teamwork, leadership, financial literacy)",4,2,2,Sometimes,6–7 hours,Software Developer,Planning to enroll soon,"Not currently, but intend to in the future","Limited knowledge, theoretical only",Never participate in such events,Rarely,76% – 85%,"Management/Execution (Planning, Organizing, Discipline)",Procrastination / Low Motivation,Rarely (Passive),High Impact (Frequent disruption),High Risk
STU0926,3/17/2026 13:21,First Year (FY),BSc Computer Science,19,Male,8.5 – 9.4,Very satisfied,Less than 1 hour,2,Rarely,More than 2 hours,4–6 hours,Social media,Sometimes,Often,Planning to start soon,Somewhat clear,Both hard and soft skills,3,3,3,Always,6–7 hours,Software Developer,Planning to enroll soon,Planning to start a project/internship soon,"Basic knowledge, learning while practicing",Never participate in such events,Often,Above 85%,"Technical/Hard Skills (Coding, Math, Logic)",Poor Time Management / Over-scheduling,Rarely (Passive),Low Impact (Rarely affects study),Moderate Risk
STU0927,3/24/2026 15:22,Second Year (PG),BA,24,Female,5.0 – 6.9,Very unsatisfied,1–2 hours,2,Never,30–60 minutes,2–4 hours,Video content (YouTube/OTT),Rarely,Rarely,Planning to start soon,Somewhat clear,"Hard skills (programming, data analytics, technical skills)",1,5,1,Often,4–5 hours,AI / ML,"Yes, currently enrolled in one or more courses/certifications",Planning to start a project/internship soon,"Basic knowledge, learning while practicing",Occasionally participate in events,Sometimes,50% – 65%,"Creative/Design Skills (Innovation, UI/UX, Content)",Procrastination / Low Motivation,Never (Unaware or Not interested),High Impact (Frequent disruption),High Risk
STU0928,4/1/2026 16:34,Second Year (SY),BSc Cyber Security,20,Male,5.0 – 6.9,Satisfied,More than 2 hours,2,Daily,30–60 minutes,More than 6 hours,Social interactions,Mostly consistent,Often,Actively preparing for a goal (placements/exams),Very clear,"Soft skills (communication, teamwork, leadership, financial literacy)",4,2,2,Never,6–7 hours,Digital Marketing Specialist,"Yes, currently enrolled in one or more courses/certifications",Planning to start a project/internship soon,"Basic knowledge, learning while practicing",Never participate in such events,Sometimes,76% – 85%,"Creative/Design Skills (Innovation, UI/UX, Content)",Difficulty with Focus / Concentration,Occasionally (When needed),Low Impact (Rarely affects study),Moderate Risk
STU0929,3/30/2026 11:25,First Year (FY),BCA,19,Female,5.0 – 6.9,Unsatisfied,More than 2 hours,4,Daily,More than 2 hours,4–6 hours,Social interactions,Mostly consistent,Often,Planning to start soon,Somewhat clear,"Soft skills (communication, teamwork, leadership, financial literacy)",4,3,3,Never,6–7 hours,Digital Marketing Specialist,"Yes, currently enrolled in one or more courses/certifications","Yes, actively working on projects/internship",,"Rarely participate, mostly observe",Sometimes,50% – 65%,"Creative/Design Skills (Innovation, UI/UX, Content)",Poor Time Management / Over-scheduling,Occasionally (When needed),Low Impact (Rarely affects study),High Risk
STU0930,4/13/2026 14:29,First Year (PG),BSc Computer Science,24,Female,7.0 – 8.4,Neutral,1–2 hours,4,Few times a week,1–2 hours,More than 6 hours,Video content (YouTube/OTT),Mostly consistent,Rarely,Planning to start soon,Very clear,"Hard skills (programming, data analytics, technical skills)",4,2,3,Sometimes,6–7 hours,Digital Marketing Specialist,"Yes, currently enrolled in one or more courses/certifications","Yes, actively working on projects/internship","Basic knowledge, learning while practicing",Occasionally participate in events,Often,76% – 85%,"Soft Skills (Communication, Leadership, Teamwork)",Poor Time Management / Over-scheduling,Occasionally (When needed),Moderate Impact (Occasional disruption),Moderate Risk
STU0931,4/11/2026 10:02,First Year (PG),BSc IT,22,Female,5.0 – 6.9,Unsatisfied,1–2 hours,4,Rarely,1–2 hours,2–4 hours,Video content (YouTube/OTT),Rarely,Rarely,Thinking about it,Very clear,"Soft skills (communication, teamwork, leadership, financial literacy)",5,4,3,Often,More than 8 hours,Data Analyst,"Yes, currently enrolled in one or more courses/certifications","Not currently, but intend to in the future",,Occasionally participate in events,Often,66% – 75%,"Management/Execution (Planning, Organizing, Discipline)",Poor Time Management / Over-scheduling,Rarely (Passive),Moderate Impact (Occasional disruption),High Risk
STU0932,3/22/2026 11:27,Second Year (PG),BCA,24,Male,8.5 – 9.4,Satisfied,1–2 hours,2,Never,30–60 minutes,More than 6 hours,Gaming,Sometimes,Sometimes,Thinking about it,Very clear,"Soft skills (communication, teamwork, leadership, financial literacy)",3,4,,Never,More than 8 hours,AI / ML,"Not currently, but intend to in the future",Planning to start a project/internship soon,"Basic knowledge, learning while practicing",Never participate in such events,Sometimes,66% – 75%,"Management/Execution (Planning, Organizing, Discipline)",Difficulty with Focus / Concentration,Never (Unaware or Not interested),Low Impact (Rarely affects study),Moderate Risk
STU0933,4/14/2026 10:01,First Year (FY),BA,17,Female,9.5 – 10.0,Satisfied,More than 2 hours,3,Few times a week,More than 2 hours,4–6 hours,Social media,Sometimes,Often,Planning to start soon,Somewhat clear,Both hard and soft skills,2,4,3,Sometimes,6–7 hours,Digital Marketing Specialist,"Yes, currently enrolled in one or more courses/certifications",Planning to start a project/internship soon,"Basic knowledge, learning while practicing","Rarely participate, mostly observe",Sometimes,Above 85%,"Creative/Design Skills (Innovation, UI/UX, Content)",Lack of Consistency or Determination (Difficulty sticking to a plan),Rarely (Passive),No Impact (Fully supportive environment),Moderate Risk
STU0934,4/5/2026 9:15,First Year (PG),BSc Computer Science,24,Other,5.0 – 6.9,Neutral,Less than 1 hour,2,Never,30–60 minutes,More than 6 hours,Social media,Rarely,Often,Planning to start soon,Somewhat clear,"Soft skills (communication, teamwork, leadership, financial literacy)",4,4,2,Sometimes,More than 8 hours,Cyber Security Analyst,"Not currently, but intend to in the future",Planning to start a project/internship soon,"Limited knowledge, theoretical only",Occasionally participate in events,Often,76% – 85%,"Creative/Design Skills (Innovation, UI/UX, Content)",Difficulty with Focus / Concentration,Never (Unaware or Not interested),,High Risk
STU0935,3/23/2026 7:48,First Year (PG),BCA,23,Female,5.0 – 6.9,Very satisfied,Less than 1 hour,2,Never,30–60 minutes,More than 6 hours,Video content (YouTube/OTT),Mostly consistent,Always,Planning to start soon,Very clear,"Soft skills (communication, teamwork, leadership, financial literacy)",4,2,2,Sometimes,6–7 hours,AI / ML,"Yes, currently enrolled in one or more courses/certifications","Yes, actively working on projects/internship",Strong foundation in core concepts,Never participate in such events,Often,50% – 65%,"Technical/Hard Skills (Coding, Math, Logic)",Lack of Consistency or Determination (Difficulty sticking to a plan),Occasionally (When needed),High Impact (Frequent disruption),Moderate Risk
STU0936,3/20/2026 15:24,First Year (PG),BCA,25,Female,8.5 – 9.4,Neutral,More than 2 hours,4,Few times a week,More than 2 hours,More than 6 hours,Video content (YouTube/OTT),Rarely,Rarely,Actively preparing for a goal (placements/exams),Not clear,"Hard skills (programming, data analytics, technical skills)",3,3,1,Sometimes,6–7 hours,Automation Engineer,,"Yes, actively working on projects/internship","Basic knowledge, learning while practicing","Rarely participate, mostly observe",Often,Above 85%,"Creative/Design Skills (Innovation, UI/UX, Content)",Lack of Consistency or Determination (Difficulty sticking to a plan),Occasionally (When needed),No Impact (Fully supportive environment),Moderate Risk
STU0937,3/15/2026 14:51,First Year (PG),BCA,25,Female,8.5 – 9.4,Neutral,Less than 1 hour,1,Few times a week,,2–4 hours,Social interactions,Mostly consistent,Sometimes,Actively preparing for a goal (placements/exams),Not clear,"Hard skills (programming, data analytics, technical skills)",4,1,1,Sometimes,6–7 hours,Other,"Not currently, but intend to in the future",Planning to start a project/internship soon,"Basic knowledge, learning while practicing","Rarely participate, mostly observe",Often,Above 85%,"Technical/Hard Skills (Coding, Math, Logic)",Lack of Consistency or Determination (Difficulty sticking to a plan),Rarely (Passive),Low Impact (Rarely affects study),Low Risk
STU0938,4/4/2026 10:37,Third Year (TY),BA,22,Female,8.5 – 9.4,Very satisfied,Less than 1 hour,2,Few times a week,1–2 hours,4–6 hours,Social media,Sometimes,Always,Planning to start soon,Somewhat clear,"Soft skills (communication, teamwork, leadership, financial literacy)",2,5,3,Often,4–5 hours,Data Analyst,"Not currently, but intend to in the future","Not currently, but intend to in the future","Basic knowledge, learning while practicing",Never participate in such events,Often,76% – 85%,"Soft Skills (Communication, Leadership, Teamwork)",Poor Time Management / Over-scheduling,Rarely (Passive),No Impact (Fully supportive environment),High Risk
STU0939,3/19/2026 8:28,First Year (FY),BSc IT,18,Male,7.0 – 8.4,Unsatisfied,Less than 1 hour,3,Rarely,1–2 hours,4–6 hours,Other,Sometimes,Rarely,Actively preparing for a goal (placements/exams),Very clear,"Hard skills (programming, data analytics, technical skills)",2,4,3,Often,4–5 hours,Automation Engineer,Planning to enroll soon,"Yes, actively working on projects/internship","Limited knowledge, theoretical only","Rarely participate, mostly observe",Sometimes,Above 85%,"Technical/Hard Skills (Coding, Math, Logic)",Procrastination / Low Motivation,Occasionally (When needed),Moderate Impact (Occasional disruption),Moderate Risk
STU0940,3/20/2026 15:47,Third Year (TY),BCA,21,Male,7.0 – 8.4,Neutral,1–2 hours,2,Few times a week,1–2 hours,4–6 hours,Gaming,Mostly consistent,Rarely,Thinking about it,Somewhat clear,Both hard and soft skills,5,3,3,Sometimes,6–7 hours,Digital Marketing Specialist,Planning to enroll soon,Planning to start a project/internship soon,Strong foundation in core concepts,Occasionally participate in events,Always,66% – 75%,"Management/Execution (Planning, Organizing, Discipline)",Difficulty with Focus / Concentration,Never (Unaware or Not interested),No Impact (Fully supportive environment),Moderate Risk
STU0941,3/26/2026 12:48,Final Year,BSc Cyber Security,23,Male,7.0 – 8.4,Neutral,Less than 1 hour,2,Few times a week,30–60 minutes,More than 6 hours,Other,Rarely,Sometimes,Actively preparing for a goal (placements/exams),Very clear,Both hard and soft skills,1,4,2,Sometimes,6–7 hours,AI / ML,"No, not interested","Not currently, but intend to in the future","Basic knowledge, learning while practicing",Never participate in such events,Often,Above 85%,"Management/Execution (Planning, Organizing, Discipline)",Difficulty with Focus / Concentration,Never (Unaware or Not interested),Moderate Impact (Occasional disruption),High Risk
STU0942,3/19/2026 17:54,Final Year,BCA,21,Male,7.0 – 8.4,Unsatisfied,1–2 hours,3,Rarely,More than 2 hours,4–6 hours,Social media,Sometimes,Always,Actively preparing for a goal (placements/exams),Somewhat clear,"Hard skills (programming, data analytics, technical skills)",4,3,3,Never,6–7 hours,Software Developer,Planning to enroll soon,"Yes, actively working on projects/internship","Limited knowledge, theoretical only",Never participate in such events,Often,66% – 75%,"Technical/Hard Skills (Coding, Math, Logic)",Procrastination / Low Motivation,Occasionally (When needed),,Moderate Risk
STU0943,3/31/2026 8:29,First Year (PG),BCA,25,Male,7.0 – 8.4,Neutral,Less than 1 hour,4,Rarely,More than 2 hours,More than 6 hours,Social media,Sometimes,Sometimes,Actively preparing for a goal (placements/exams),Very clear,"Hard skills (programming, data analytics, technical skills)",2,5,1,Always,4–5 hours,Cyber Security Analyst,"Not currently, but intend to in the future","Yes, actively working on projects/internship","Basic knowledge, learning while practicing","Rarely participate, mostly observe",Rarely,Less than 50%,"Technical/Hard Skills (Coding, Math, Logic)",Poor Time Management / Over-scheduling,Occasionally (When needed),Low Impact (Rarely affects study),High Risk
STU0944,3/20/2026 10:26,Second Year (SY),BCA,21,Male,8.5 – 9.4,Very satisfied,More than 2 hours,2,Daily,1–2 hours,More than 6 hours,Social interactions,Sometimes,Rarely,Planning to start soon,Somewhat clear,"Soft skills (communication, teamwork, leadership, financial literacy)",1,4,1,Often,6–7 hours,Other,"Not currently, but intend to in the future",Planning to start a project/internship soon,"Basic knowledge, learning while practicing",,Rarely,Above 85%,"Soft Skills (Communication, Leadership, Teamwork)",Difficulty with Focus / Concentration,Never (Unaware or Not interested),High Impact (Frequent disruption),Moderate Risk
STU0945,3/28/2026 14:13,First Year (FY),BSc IT,19,Male,7.0 – 8.4,Satisfied,1–2 hours,3,Never,More than 2 hours,4–6 hours,Social media,Sometimes,Often,Actively preparing for a goal (placements/exams),Very clear,"Hard skills (programming, data analytics, technical skills)",5,2,3,Sometimes,More than 8 hours,Automation Engineer,"No, not interested","Yes, actively working on projects/internship","Limited knowledge, theoretical only",Occasionally participate in events,Sometimes,76% – 85%,"Technical/Hard Skills (Coding, Math, Logic)",Difficulty with Focus / Concentration,Never (Unaware or Not interested),High Impact (Frequent disruption),Moderate Risk
STU0946,4/12/2026 13:23,Second Year (SY),BCA,19,Female,8.5 – 9.4,Very satisfied,1–2 hours,1,Never,1–2 hours,4–6 hours,Social media,Mostly consistent,Often,Actively preparing for a goal (placements/exams),Somewhat clear,Both hard and soft skills,3,3,1,Often,6–7 hours,Cyber Security Analyst,Planning to enroll soon,"Not currently, but intend to in the future",Strong foundation in core concepts,Occasionally participate in events,Sometimes,Above 85%,"Technical/Hard Skills (Coding, Math, Logic)",Procrastination / Low Motivation,Occasionally (When needed),Moderate Impact (Occasional disruption),Low Risk
STU0947,4/10/2026 13:22,Third Year (TY),BA,22,Female,9.5 – 10.0,Satisfied,Less than 1 hour,5,Never,More than 2 hours,2–4 hours,Video content (YouTube/OTT),Mostly consistent,Often,Thinking about it,Somewhat clear,"Soft skills (communication, teamwork, leadership, financial literacy)",4,2,2,Sometimes,6–7 hours,Digital Marketing Specialist,,"Not currently, but intend to in the future",Strong foundation in core concepts,Occasionally participate in events,Sometimes,Above 85%,"Technical/Hard Skills (Coding, Math, Logic)",Procrastination / Low Motivation,Rarely (Passive),Low Impact (Rarely affects study),Low Risk
STU0948,3/21/2026 8:32,Second Year (PG),BCA,25,Female,5.0 – 6.9,Unsatisfied,1–2 hours,,Few times a week,1–2 hours,4–6 hours,Video content (YouTube/OTT),Sometimes,Often,Actively preparing for a goal (placements/exams),Not clear,"Hard skills (programming, data analytics, technical skills)",5,2,2,Never,6–7 hours,Automation Engineer,"Not currently, but intend to in the future","Not currently, but intend to in the future",Strong foundation in core concepts,Occasionally participate in events,Sometimes,Above 85%,"Technical/Hard Skills (Coding, Math, Logic)",Poor Time Management / Over-scheduling,Rarely (Passive),Moderate Impact (Occasional disruption),Moderate Risk
STU0949,4/1/2026 9:49,Second Year (SY),BSc Computer Science,21,Male,8.5 – 9.4,Satisfied,1–2 hours,2,Few times a week,1–2 hours,More than 6 hours,Other,Mostly consistent,Always,Thinking about it,Very clear,"Soft skills (communication, teamwork, leadership, financial literacy)",5,2,2,Often,More than 8 hours,AI / ML,"Not currently, but intend to in the future","Yes, actively working on projects/internship",Strong foundation in core concepts,Occasionally participate in events,Often,50% – 65%,"Technical/Hard Skills (Coding, Math, Logic)",Difficulty with Focus / Concentration,Rarely (Passive),No Impact (Fully supportive environment),Moderate Risk
STU0950,3/27/2026 19:17,First Year (FY),BSc IT,17,Male,7.0 – 8.4,Satisfied,1–2 hours,3,Never,30–60 minutes,2–4 hours,Social media,Rarely,Rarely,Planning to start soon,Somewhat clear,"Soft skills (communication, teamwork, leadership, financial literacy)",3,3,2,Always,4–5 hours,Digital Marketing Specialist,Planning to enroll soon,Planning to start a project/internship soon,"Basic knowledge, learning while practicing",Never participate in such events,Often,66% – 75%,"Management/Execution (Planning, Organizing, Discipline)",Difficulty with Focus / Concentration,,No Impact (Fully supportive environment),High Risk
STU0951,3/16/2026 12:54,First Year (PG),BCom,24,Female,7.0 – 8.4,Neutral,1–2 hours,3,Rarely,1–2 hours,More than 6 hours,Video content (YouTube/OTT),Rarely,Rarely,Actively preparing for a goal (placements/exams),Very clear,"Soft skills (communication, teamwork, leadership, financial literacy)",5,4,2,Sometimes,6–7 hours,Software Developer,"Yes, currently enrolled in one or more courses/certifications","Not currently, but intend to in the future","Basic knowledge, learning while practicing","Rarely participate, mostly observe",Often,76% – 85%,"Soft Skills (Communication, Leadership, Teamwork)",Procrastination / Low Motivation,Rarely (Passive),Low Impact (Rarely affects study),High Risk
STU0952,4/2/2026 10:16,Second Year (PG),BCA,25,Female,7.0 – 8.4,Unsatisfied,1–2 hours,3,Daily,1–2 hours,More than 6 hours,Video content (YouTube/OTT),Sometimes,Sometimes,Actively preparing for a goal (placements/exams),Not clear,"Soft skills (communication, teamwork, leadership, financial literacy)",1,5,2,Often,6–7 hours,Digital Marketing Specialist,Planning to enroll soon,"Not currently, but intend to in the future","Limited knowledge, theoretical only",,Often,Less than 50%,"Technical/Hard Skills (Coding, Math, Logic)",Difficulty with Focus / Concentration,Occasionally (When needed),Moderate Impact (Occasional disruption),High Risk
STU0953,3/24/2026 10:32,Third Year (TY),BCA,21,Male,7.0 – 8.4,Satisfied,1–2 hours,3,Few times a week,More than 2 hours,More than 6 hours,Video content (YouTube/OTT),Rarely,Rarely,Actively preparing for a goal (placements/exams),Somewhat clear,"Soft skills (communication, teamwork, leadership, financial literacy)",1,5,1,Often,4–5 hours,AI / ML,"Not currently, but intend to in the future","Not currently, but intend to in the future","Basic knowledge, learning while practicing",Never participate in such events,Sometimes,66% – 75%,"Creative/Design Skills (Innovation, UI/UX, Content)",Lack of Consistency or Determination (Difficulty sticking to a plan),Occasionally (When needed),No Impact (Fully supportive environment),High Risk
STU0954,4/6/2026 9:06,First Year (FY),BCA,19,Male,7.0 – 8.4,Unsatisfied,Less than 1 hour,5,Few times a week,More than 2 hours,More than 6 hours,Video content (YouTube/OTT),Sometimes,Sometimes,Planning to start soon,Very clear,"Soft skills (communication, teamwork, leadership, financial literacy)",3,3,3,Sometimes,4–5 hours,Cyber Security Analyst,Planning to enroll soon,"Not currently, but intend to in the future","Basic knowledge, learning while practicing",Never participate in such events,Rarely,Less than 50%,"Technical/Hard Skills (Coding, Math, Logic)",Difficulty with Focus / Concentration,Rarely (Passive),No Impact (Fully supportive environment),High Risk
STU0955,3/19/2026 11:27,Second Year (SY),BCom,20,Male,7.0 – 8.4,Neutral,More than 2 hours,4,,30–60 minutes,More than 6 hours,Video content (YouTube/OTT),Mostly consistent,Often,Actively preparing for a goal (placements/exams),Somewhat clear,Both hard and soft skills,3,3,2,Often,6–7 hours,Digital Marketing Specialist,"Not currently, but intend to in the future","Yes, actively working on projects/internship",Strong foundation in core concepts,"Rarely participate, mostly observe",Sometimes,76% – 85%,"Technical/Hard Skills (Coding, Math, Logic)",Procrastination / Low Motivation,Rarely (Passive),Moderate Impact (Occasional disruption),Moderate Risk
STU0956,3/25/2026 8:10,Second Year (SY),BA,19,Male,5.0 – 6.9,Very unsatisfied,Less than 1 hour,3,Never,1–2 hours,4–6 hours,Other,Sometimes,Sometimes,Actively preparing for a goal (placements/exams),Very clear,"Hard skills (programming, data analytics, technical skills)",4,3,2,Sometimes,More than 8 hours,Data Analyst,"Not currently, but intend to in the future",Planning to start a project/internship soon,"Basic knowledge, learning while practicing","Rarely participate, mostly observe",Always,76% – 85%,"Soft Skills (Communication, Leadership, Teamwork)",Lack of Consistency or Determination (Difficulty sticking to a plan),Rarely (Passive),No Impact (Fully supportive environment),High Risk
STU0957,3/15/2026 12:03,First Year (FY),BSc IT,18,Female,7.0 – 8.4,Neutral,Less than 1 hour,2,Few times a week,1–2 hours,2–4 hours,Social interactions,Rarely,Always,Planning to start soon,Somewhat clear,"Hard skills (programming, data analytics, technical skills)",4,3,3,Sometimes,6–7 hours,Other,"No, not interested",Planning to start a project/internship soon,"Limited knowledge, theoretical only",Never participate in such events,Sometimes,76% – 85%,"Soft Skills (Communication, Leadership, Teamwork)",Poor Time Management / Over-scheduling,Occasionally (When needed),High Impact (Frequent disruption),High Risk
STU0958,4/3/2026 10:02,First Year (PG),BCA,22,Male,9.5 – 10.0,Neutral,More than 2 hours,3,Few times a week,1–2 hours,More than 6 hours,Social media,Sometimes,Always,Planning to start soon,Very clear,"Hard skills (programming, data analytics, technical skills)",4,3,2,Always,More than 8 hours,Cyber Security Analyst,"Not currently, but intend to in the future","Yes, actively working on projects/internship","Limited knowledge, theoretical only",Never participate in such events,Rarely,Above 85%,"Technical/Hard Skills (Coding, Math, Logic)",Lack of Consistency or Determination (Difficulty sticking to a plan),Never (Unaware or Not interested),Low Impact (Rarely affects study),Low Risk
STU0959,3/20/2026 7:16,Third Year (TY),BCA,22,Male,7.0 – 8.4,Neutral,Less than 1 hour,1,Never,1–2 hours,More than 6 hours,Social media,Sometimes,Often,Planning to start soon,Very clear,Both hard and soft skills,2,4,2,Often,4–5 hours,Other,"Not currently, but intend to in the future",Planning to start a project/internship soon,"Basic knowledge, learning while practicing",Occasionally participate in events,Sometimes,66% – 75%,"Creative/Design Skills (Innovation, UI/UX, Content)",Poor Time Management / Over-scheduling,Occasionally (When needed),Moderate Impact (Occasional disruption),High Risk
STU0960,3/27/2026 2:52,Second Year (SY),BSc IT,20,Male,8.5 – 9.4,Unsatisfied,1–2 hours,1,Rarely,30–60 minutes,More than 6 hours,Social interactions,Mostly consistent,Always,Actively preparing for a goal (placements/exams),Very clear,"Hard skills (programming, data analytics, technical skills)",4,2,3,Always,More than 8 hours,Digital Marketing Specialist,"No, not interested",Planning to start a project/internship soon,"Basic knowledge, learning while practicing",Occasionally participate in events,Often,76% – 85%,"Technical/Hard Skills (Coding, Math, Logic)",Poor Time Management / Over-scheduling,Occasionally (When needed),No Impact (Fully supportive environment),Low Risk
STU0961,4/7/2026 10:09,Second Year (SY),BCA,19,Male,7.0 – 8.4,Satisfied,Less than 1 hour,4,Never,More than 2 hours,2–4 hours,Gaming,Rarely,Always,Planning to start soon,Somewhat clear,Both hard and soft skills,4,2,1,Often,4–5 hours,Data Analyst,"Yes, currently enrolled in one or more courses/certifications","Not currently, but intend to in the future","Basic knowledge, learning while practicing","Rarely participate, mostly observe",Rarely,Above 85%,"Technical/Hard Skills (Coding, Math, Logic)",Poor Time Management / Over-scheduling,Rarely (Passive),Low Impact (Rarely affects study),Moderate Risk
STU0962,3/16/2026 7:41,First Year (FY),BCA,18,Male,8.5 – 9.4,Satisfied,1–2 hours,1,Few times a week,30–60 minutes,,Social media,Sometimes,Often,Planning to start soon,Somewhat clear,Both hard and soft skills,4,2,1,Never,More than 8 hours,Cyber Security Analyst,Planning to enroll soon,Planning to start a project/internship soon,"Basic knowledge, learning while practicing",Never participate in such events,Always,66% – 75%,"Management/Execution (Planning, Organizing, Discipline)",Lack of Consistency or Determination (Difficulty sticking to a plan),Never (Unaware or Not interested),Low Impact (Rarely affects study),Moderate Risk
STU0963,4/7/2026 16:20,Second Year (SY),BSc Computer Science,21,Female,8.5 – 9.4,Very satisfied,More than 2 hours,3,Rarely,1–2 hours,More than 6 hours,Other,Mostly consistent,Rarely,Thinking about it,Not clear,"Hard skills (programming, data analytics, technical skills)",3,,3,Often,6–7 hours,Software Developer,Planning to enroll soon,Planning to start a project/internship soon,"Basic knowledge, learning while practicing","Rarely participate, mostly observe",Often,76% – 85%,"Management/Execution (Planning, Organizing, Discipline)",Lack of Consistency or Determination (Difficulty sticking to a plan),Rarely (Passive),Low Impact (Rarely affects study),Low Risk
STU0964,3/31/2026 20:15,Final Year,BSc Computer Science,23,Female,5.0 – 6.9,Satisfied,Less than 1 hour,1,Rarely,30–60 minutes,More than 6 hours,Video content (YouTube/OTT),Sometimes,Rarely,Planning to start soon,Not clear,Both hard and soft skills,4,,2,Sometimes,More than 8 hours,Data Analyst,Planning to enroll soon,"Not currently, but intend to in the future","Basic knowledge, learning while practicing",Never participate in such events,Rarely,Less than 50%,"Creative/Design Skills (Innovation, UI/UX, Content)",Procrastination / Low Motivation,Occasionally (When needed),No Impact (Fully supportive environment),Moderate Risk
STU0965,3/21/2026 10:12,Second Year (SY),BSc IT,19,Female,9.5 – 10.0,Neutral,1–2 hours,3,Few times a week,30–60 minutes,4–6 hours,Video content (YouTube/OTT),Sometimes,Always,Planning to start soon,Somewhat clear,Both hard and soft skills,5,5,3,Never,6–7 hours,Data Analyst,"Not currently, but intend to in the future","Not currently, but intend to in the future","Basic knowledge, learning while practicing",Occasionally participate in events,Rarely,76% – 85%,"Management/Execution (Planning, Organizing, Discipline)",Procrastination / Low Motivation,Occasionally (When needed),Moderate Impact (Occasional disruption),Moderate Risk
STU0966,4/2/2026 17:46,First Year (PG),BSc Cyber Security,24,Male,7.0 – 8.4,Very unsatisfied,More than 2 hours,3,Few times a week,More than 2 hours,More than 6 hours,Social media,Sometimes,Always,Planning to start soon,Very clear,"Soft skills (communication, teamwork, leadership, financial literacy)",1,5,3,Never,4–5 hours,Other,Planning to enroll soon,"Not currently, but intend to in the future","Limited knowledge, theoretical only",Occasionally participate in events,Often,Above 85%,"Technical/Hard Skills (Coding, Math, Logic)",Lack of Consistency or Determination (Difficulty sticking to a plan),Occasionally (When needed),Low Impact (Rarely affects study),High Risk
STU0967,4/10/2026 10:20,First Year (PG),BCA,23,Male,8.5 – 9.4,Very satisfied,Less than 1 hour,1,Rarely,1–2 hours,More than 6 hours,Gaming,Sometimes,Often,Planning to start soon,Very clear,"Hard skills (programming, data analytics, technical skills)",3,1,1,Sometimes,6–7 hours,AI / ML,"Yes, currently enrolled in one or more courses/certifications",Planning to start a project/internship soon,"Basic knowledge, learning while practicing","Rarely participate, mostly observe",Rarely,76% – 85%,"Creative/Design Skills (Innovation, UI/UX, Content)",Poor Time Management / Over-scheduling,Occasionally (When needed),No Impact (Fully supportive environment),Low Risk
STU0968,3/16/2026 12:27,First Year (PG),BCA,22,Male,5.0 – 6.9,Very unsatisfied,1–2 hours,2,Never,1–2 hours,4–6 hours,Gaming,Sometimes,Sometimes,Thinking about it,Somewhat clear,Both hard and soft skills,4,3,3,Always,6–7 hours,Data Analyst,Planning to enroll soon,"Not currently, but intend to in the future","Limited knowledge, theoretical only","Rarely participate, mostly observe",Often,50% – 65%,"Technical/Hard Skills (Coding, Math, Logic)",Poor Time Management / Over-scheduling,Occasionally (When needed),Moderate Impact (Occasional disruption),High Risk
STU0969,4/1/2026 21:13,Third Year (TY),BA,22,Female,8.5 – 9.4,Satisfied,Less than 1 hour,2,Never,More than 2 hours,4–6 hours,Social media,Mostly consistent,Often,Thinking about it,Not clear,Both hard and soft skills,2,4,1,Sometimes,6–7 hours,Other,,"Yes, actively working on projects/internship",Strong foundation in core concepts,Never participate in such events,Often,76% – 85%,"Management/Execution (Planning, Organizing, Discipline)",Difficulty with Focus / Concentration,Rarely (Passive),Moderate Impact (Occasional disruption),Moderate Risk
STU0970,3/19/2026 10:06,Third Year (TY),BCA,22,Male,8.5 – 9.4,Very satisfied,1–2 hours,3,Few times a week,1–2 hours,More than 6 hours,Social media,Mostly consistent,Always,Actively preparing for a goal (placements/exams),Somewhat clear,"Soft skills (communication, teamwork, leadership, financial literacy)",3,3,2,Always,6–7 hours,Software Developer,"Yes, currently enrolled in one or more courses/certifications",Planning to start a project/internship soon,"Limited knowledge, theoretical only",Occasionally participate in events,Often,76% – 85%,"Technical/Hard Skills (Coding, Math, Logic)",Poor Time Management / Over-scheduling,Never (Unaware or Not interested),Low Impact (Rarely affects study),Moderate Risk
STU0971,3/19/2026 13:04,Second Year (SY),BCom,19,Female,5.0 – 6.9,Very unsatisfied,Less than 1 hour,1,,30–60 minutes,More than 6 hours,Video content (YouTube/OTT),Rarely,Sometimes,Planning to start soon,Somewhat clear,"Hard skills (programming, data analytics, technical skills)",4,4,1,Sometimes,4–5 hours,Software Developer,"No, not interested",Planning to start a project/internship soon,Strong foundation in core concepts,"Rarely participate, mostly observe",Always,Less than 50%,"Management/Execution (Planning, Organizing, Discipline)",Difficulty with Focus / Concentration,Never (Unaware or Not interested),Moderate Impact (Occasional disruption),High Risk
STU0972,3/30/2026 12:07,First Year (PG),BSc IT,24,Female,7.0 – 8.4,Unsatisfied,More than 2 hours,1,Few times a week,1–2 hours,More than 6 hours,Social interactions,Mostly consistent,Always,Actively preparing for a goal (placements/exams),Very clear,Both hard and soft skills,2,3,2,Always,,Cyber Security Analyst,"Yes, currently enrolled in one or more courses/certifications",Planning to start a project/internship soon,"Limited knowledge, theoretical only",Never participate in such events,Always,50% – 65%,"Soft Skills (Communication, Leadership, Teamwork)",Difficulty with Focus / Concentration,Occasionally (When needed),Moderate Impact (Occasional disruption),Moderate Risk
STU0973,3/25/2026 10:09,First Year (FY),BCA,17,Male,5.0 – 6.9,Neutral,Less than 1 hour,2,Never,1–2 hours,More than 6 hours,Gaming,Sometimes,Always,Planning to start soon,Not clear,"Hard skills (programming, data analytics, technical skills)",4,1,3,Never,6–7 hours,Software Developer,"No, not interested","Not currently, but intend to in the future","Limited knowledge, theoretical only",Occasionally participate in events,Often,50% – 65%,"Management/Execution (Planning, Organizing, Discipline)",Difficulty with Focus / Concentration,Occasionally (When needed),High Impact (Frequent disruption),Moderate Risk
STU0974,4/3/2026 1:12,First Year (FY),BCA,19,Female,8.5 – 9.4,Neutral,More than 2 hours,2,Few times a week,1–2 hours,More than 6 hours,Gaming,Rarely,Rarely,Thinking about it,Somewhat clear,"Hard skills (programming, data analytics, technical skills)",2,5,3,Often,6–7 hours,Cyber Security Analyst,"No, not interested",Planning to start a project/internship soon,Strong foundation in core concepts,Occasionally participate in events,Always,76% – 85%,"Technical/Hard Skills (Coding, Math, Logic)",Lack of Consistency or Determination (Difficulty sticking to a plan),Never (Unaware or Not interested),Low Impact (Rarely affects study),High Risk
STU0975,3/29/2026 21:02,First Year (FY),BSc Computer Science,17,Male,7.0 – 8.4,Unsatisfied,Less than 1 hour,,Rarely,30–60 minutes,More than 6 hours,Social media,Mostly consistent,Often,Planning to start soon,Somewhat clear,Both hard and soft skills,2,4,3,Sometimes,4–5 hours,Software Developer,"Yes, currently enrolled in one or more courses/certifications","Yes, actively working on projects/internship","Basic knowledge, learning while practicing",Occasionally participate in events,Often,Above 85%,"Technical/Hard Skills (Coding, Math, Logic)",Difficulty with Focus / Concentration,Occasionally (When needed),Low Impact (Rarely affects study),Moderate Risk
STU0976,4/2/2026 10:07,First Year (PG),BCA,23,Female,7.0 – 8.4,Neutral,Less than 1 hour,2,Never,30–60 minutes,4–6 hours,Social interactions,Rarely,Often,Planning to start soon,Very clear,"Soft skills (communication, teamwork, leadership, financial literacy)",5,2,2,Sometimes,6–7 hours,Data Analyst,"No, not interested","Not currently, but intend to in the future","Limited knowledge, theoretical only",Never participate in such events,Sometimes,Less than 50%,"Creative/Design Skills (Innovation, UI/UX, Content)",Difficulty with Focus / Concentration,Occasionally (When needed),Moderate Impact (Occasional disruption),High Risk
STU0977,4/5/2026 20:19,First Year (FY),BCom,17,Male,5.0 – 6.9,Unsatisfied,More than 2 hours,2,Rarely,30–60 minutes,More than 6 hours,Social media,Rarely,Often,Planning to start soon,Somewhat clear,Both hard and soft skills,5,2,3,Often,More than 8 hours,Data Analyst,"Not currently, but intend to in the future","Yes, actively working on projects/internship","Limited knowledge, theoretical only",Never participate in such events,Often,50% – 65%,"Soft Skills (Communication, Leadership, Teamwork)",Procrastination / Low Motivation,,Moderate Impact (Occasional disruption),High Risk
STU0978,4/6/2026 7:11,First Year (FY),BSc Computer Science,17,Male,8.5 – 9.4,Satisfied,1–2 hours,2,Rarely,More than 2 hours,More than 6 hours,Social media,Mostly consistent,Sometimes,Actively preparing for a goal (placements/exams),Somewhat clear,"Hard skills (programming, data analytics, technical skills)",2,5,3,Often,6–7 hours,AI / ML,"No, not interested",Planning to start a project/internship soon,"Basic knowledge, learning while practicing","Rarely participate, mostly observe",Often,76% – 85%,"Soft Skills (Communication, Leadership, Teamwork)",Difficulty with Focus / Concentration,Never (Unaware or Not interested),Low Impact (Rarely affects study),Moderate Risk
STU0979,3/24/2026 13:17,Second Year (SY),BSc IT,21,Male,5.0 – 6.9,Unsatisfied,Less than 1 hour,3,Daily,1–2 hours,4–6 hours,Social media,Mostly consistent,Often,Actively preparing for a goal (placements/exams),Very clear,"Soft skills (communication, teamwork, leadership, financial literacy)",3,3,3,Sometimes,More than 8 hours,Data Analyst,"Not currently, but intend to in the future","Not currently, but intend to in the future","Basic knowledge, learning while practicing",Never participate in such events,Often,76% – 85%,"Creative/Design Skills (Innovation, UI/UX, Content)",Difficulty with Focus / Concentration,Occasionally (When needed),Moderate Impact (Occasional disruption),Moderate Risk
STU0980,3/28/2026 19:56,First Year (FY),BCA,17,Male,7.0 – 8.4,Neutral,Less than 1 hour,3,Few times a week,More than 2 hours,4–6 hours,Video content (YouTube/OTT),Mostly consistent,Sometimes,Planning to start soon,Very clear,"Hard skills (programming, data analytics, technical skills)",4,1,3,Sometimes,More than 8 hours,AI / ML,"Not currently, but intend to in the future",Planning to start a project/internship soon,"Basic knowledge, learning while practicing",Occasionally participate in events,Always,66% – 75%,"Management/Execution (Planning, Organizing, Discipline)",Lack of Consistency or Determination (Difficulty sticking to a plan),Occasionally (When needed),No Impact (Fully supportive environment),Low Risk
STU0981,4/12/2026 19:35,Final Year,BCA,21,Female,5.0 – 6.9,Satisfied,1–2 hours,1,Daily,1–2 hours,More than 6 hours,Social media,Rarely,Sometimes,Planning to start soon,Not clear,Both hard and soft skills,5,4,,Often,6–7 hours,AI / ML,Planning to enroll soon,"Not currently, but intend to in the future","Limited knowledge, theoretical only",Occasionally participate in events,Often,Above 85%,"Technical/Hard Skills (Coding, Math, Logic)",Procrastination / Low Motivation,Never (Unaware or Not interested),Moderate Impact (Occasional disruption),High Risk
STU0982,3/15/2026 11:26,Second Year (SY),BCom,21,Female,7.0 – 8.4,Very satisfied,Less than 1 hour,1,Never,30–60 minutes,2–4 hours,Other,Rarely,Sometimes,Thinking about it,Somewhat clear,"Hard skills (programming, data analytics, technical skills)",4,5,2,Never,6–7 hours,AI / ML,"Not currently, but intend to in the future","Yes, actively working on projects/internship","Basic knowledge, learning while practicing",Never participate in such events,Often,76% – 85%,"Management/Execution (Planning, Organizing, Discipline)",Poor Time Management / Over-scheduling,Rarely (Passive),Low Impact (Rarely affects study),High Risk
STU0983,3/28/2026 23:37,Second Year (SY),BCA,21,Male,5.0 – 6.9,Unsatisfied,Less than 1 hour,3,Rarely,1–2 hours,4–6 hours,Gaming,Mostly consistent,Often,Planning to start soon,Somewhat clear,Both hard and soft skills,2,5,3,Always,6–7 hours,Data Analyst,"Not currently, but intend to in the future",Planning to start a project/internship soon,"Limited knowledge, theoretical only",Never participate in such events,Always,66% – 75%,"Management/Execution (Planning, Organizing, Discipline)",Procrastination / Low Motivation,Occasionally (When needed),Moderate Impact (Occasional disruption),High Risk
STU0984,4/2/2026 14:41,First Year (FY),BCA,17,Male,8.5 – 9.4,Neutral,More than 2 hours,3,Daily,1–2 hours,More than 6 hours,Video content (YouTube/OTT),Mostly consistent,Always,Planning to start soon,Somewhat clear,Both hard and soft skills,4,2,3,Sometimes,6–7 hours,Digital Marketing Specialist,"Not currently, but intend to in the future","Yes, actively working on projects/internship","Basic knowledge, learning while practicing",Occasionally participate in events,Rarely,66% – 75%,"Creative/Design Skills (Innovation, UI/UX, Content)",Lack of Consistency or Determination (Difficulty sticking to a plan),,Moderate Impact (Occasional disruption),Low Risk
STU0985,4/10/2026 15:07,Second Year (PG),BA,23,Male,7.0 – 8.4,Very satisfied,1–2 hours,3,Rarely,More than 2 hours,More than 6 hours,Other,Rarely,Rarely,Planning to start soon,Not clear,Both hard and soft skills,3,1,1,Always,4–5 hours,Other,Planning to enroll soon,"Not currently, but intend to in the future","Limited knowledge, theoretical only","Rarely participate, mostly observe",Often,50% – 65%,"Technical/Hard Skills (Coding, Math, Logic)",Poor Time Management / Over-scheduling,Occasionally (When needed),No Impact (Fully supportive environment),Moderate Risk
STU0986,3/21/2026 7:09,Final Year,BSc Computer Science,22,Male,9.5 – 10.0,Satisfied,More than 2 hours,5,Daily,1–2 hours,More than 6 hours,Gaming,Mostly consistent,Often,Planning to start soon,Somewhat clear,"Hard skills (programming, data analytics, technical skills)",4,1,2,Sometimes,6–7 hours,Software Developer,"Yes, currently enrolled in one or more courses/certifications","Yes, actively working on projects/internship","Limited knowledge, theoretical only",Never participate in such events,Rarely,76% – 85%,"Creative/Design Skills (Innovation, UI/UX, Content)",Procrastination / Low Motivation,Occasionally (When needed),Moderate Impact (Occasional disruption),Low Risk
STU0987,3/24/2026 21:33,Second Year (SY),BCA,19,Male,9.5 – 10.0,Very satisfied,1–2 hours,4,Daily,More than 2 hours,4–6 hours,Gaming,Sometimes,Sometimes,Actively preparing for a goal (placements/exams),Very clear,"Soft skills (communication, teamwork, leadership, financial literacy)",5,,3,Often,6–7 hours,Cyber Security Analyst,"Yes, currently enrolled in one or more courses/certifications","Yes, actively working on projects/internship","Basic knowledge, learning while practicing",Occasionally participate in events,Often,76% – 85%,"Soft Skills (Communication, Leadership, Teamwork)",Procrastination / Low Motivation,Occasionally (When needed),No Impact (Fully supportive environment),Moderate Risk
STU0988,4/10/2026 8:17,Second Year (PG),BCA,26,Male,5.0 – 6.9,Unsatisfied,1–2 hours,2,Few times a week,1–2 hours,4–6 hours,Gaming,Sometimes,Sometimes,Actively preparing for a goal (placements/exams),Not clear,"Soft skills (communication, teamwork, leadership, financial literacy)",3,5,1,Never,6–7 hours,Cyber Security Analyst,"Yes, currently enrolled in one or more courses/certifications","Yes, actively working on projects/internship","Basic knowledge, learning while practicing",Occasionally participate in events,Sometimes,50% – 65%,"Technical/Hard Skills (Coding, Math, Logic)",Poor Time Management / Over-scheduling,Occasionally (When needed),High Impact (Frequent disruption),High Risk
STU0989,3/31/2026 10:23,Third Year (TY),BSc Cyber Security,21,Male,8.5 – 9.4,Neutral,1–2 hours,5,Never,1–2 hours,More than 6 hours,Social media,Mostly consistent,Always,Actively preparing for a goal (placements/exams),Somewhat clear,Both hard and soft skills,2,,3,Often,6–7 hours,Digital Marketing Specialist,Planning to enroll soon,Planning to start a project/internship soon,Strong foundation in core concepts,"Rarely participate, mostly observe",Often,Above 85%,"Technical/Hard Skills (Coding, Math, Logic)",Lack of Consistency or Determination (Difficulty sticking to a plan),Occasionally (When needed),Low Impact (Rarely affects study),Moderate Risk
STU0990,4/11/2026 7:35,First Year (FY),BSc Computer Science,19,Male,9.5 – 10.0,Satisfied,1–2 hours,3,Rarely,More than 2 hours,More than 6 hours,Social media,Mostly consistent,Often,Planning to start soon,Very clear,"Soft skills (communication, teamwork, leadership, financial literacy)",3,,3,Sometimes,6–7 hours,Automation Engineer,Planning to enroll soon,"Not currently, but intend to in the future","Basic knowledge, learning while practicing",Occasionally participate in events,Always,Above 85%,"Soft Skills (Communication, Leadership, Teamwork)",Lack of Consistency or Determination (Difficulty sticking to a plan),,Low Impact (Rarely affects study),Low Risk
STU0991,4/7/2026 18:06,First Year (PG),BCA,24,Male,5.0 – 6.9,Neutral,1–2 hours,3,Rarely,1–2 hours,More than 6 hours,Social media,Sometimes,Always,Thinking about it,Very clear,Both hard and soft skills,2,4,3,Often,4–5 hours,AI / ML,"Not currently, but intend to in the future",Planning to start a project/internship soon,"Basic knowledge, learning while practicing","Rarely participate, mostly observe",Often,Less than 50%,"Technical/Hard Skills (Coding, Math, Logic)",Procrastination / Low Motivation,Occasionally (When needed),Low Impact (Rarely affects study),High Risk
STU0992,4/11/2026 13:02,Final Year,BSc Computer Science,22,Male,5.0 – 6.9,Very unsatisfied,Less than 1 hour,3,Few times a week,1–2 hours,4–6 hours,Social media,Rarely,Sometimes,Planning to start soon,Very clear,"Hard skills (programming, data analytics, technical skills)",4,1,1,Often,More than 8 hours,Automation Engineer,"Yes, currently enrolled in one or more courses/certifications","Yes, actively working on projects/internship","Limited knowledge, theoretical only",Occasionally participate in events,Rarely,76% – 85%,"Soft Skills (Communication, Leadership, Teamwork)",Poor Time Management / Over-scheduling,Rarely (Passive),Moderate Impact (Occasional disruption),Moderate Risk
STU0993,3/17/2026 13:47,Second Year (PG),BCA,23,Male,5.0 – 6.9,Unsatisfied,1–2 hours,1,Rarely,30–60 minutes,4–6 hours,Other,Sometimes,Rarely,Planning to start soon,Not clear,Both hard and soft skills,5,3,2,Often,6–7 hours,Automation Engineer,Planning to enroll soon,Planning to start a project/internship soon,"Limited knowledge, theoretical only","Rarely participate, mostly observe",Rarely,50% – 65%,"Technical/Hard Skills (Coding, Math, Logic)",Procrastination / Low Motivation,Never (Unaware or Not interested),Moderate Impact (Occasional disruption),High Risk
STU0994,3/21/2026 15:57,Third Year (TY),BSc Computer Science,20,Other,7.0 – 8.4,Neutral,Less than 1 hour,4,Few times a week,More than 2 hours,2–4 hours,Social media,Rarely,Sometimes,Planning to start soon,Somewhat clear,Both hard and soft skills,4,2,1,Often,6–7 hours,Digital Marketing Specialist,"Yes, currently enrolled in one or more courses/certifications","Not currently, but intend to in the future","Limited knowledge, theoretical only",Never participate in such events,Always,66% – 75%,"Management/Execution (Planning, Organizing, Discipline)",Lack of Consistency or Determination (Difficulty sticking to a plan),Never (Unaware or Not interested),High Impact (Frequent disruption),Moderate Risk
STU0995,4/13/2026 17:00,Second Year (SY),BCA,20,Female,8.5 – 9.4,Satisfied,1–2 hours,3,Rarely,30–60 minutes,4–6 hours,Video content (YouTube/OTT),Sometimes,Sometimes,Actively preparing for a goal (placements/exams),Very clear,"Hard skills (programming, data analytics, technical skills)",3,4,2,Often,4–5 hours,Software Developer,"No, not interested",Planning to start a project/internship soon,"Basic knowledge, learning while practicing",Occasionally participate in events,Sometimes,66% – 75%,"Soft Skills (Communication, Leadership, Teamwork)",Poor Time Management / Over-scheduling,Occasionally (When needed),High Impact (Frequent disruption),Moderate Risk
STU0996,4/7/2026 14:01,Third Year (TY),BBA,20,Female,9.5 – 10.0,Satisfied,1–2 hours,3,Rarely,30–60 minutes,More than 6 hours,Social media,Mostly consistent,Often,Planning to start soon,Very clear,Both hard and soft skills,5,1,3,Sometimes,6–7 hours,Software Developer,"Not currently, but intend to in the future","Not currently, but intend to in the future","Basic knowledge, learning while practicing",Never participate in such events,Often,Less than 50%,"Technical/Hard Skills (Coding, Math, Logic)",Difficulty with Focus / Concentration,Rarely (Passive),Low Impact (Rarely affects study),Low Risk
STU0997,3/19/2026 7:39,Third Year (TY),BBA,20,Female,8.5 – 9.4,Satisfied,More than 2 hours,5,Few times a week,1–2 hours,More than 6 hours,Other,Sometimes,Sometimes,Actively preparing for a goal (placements/exams),Somewhat clear,"Soft skills (communication, teamwork, leadership, financial literacy)",3,3,3,Often,6–7 hours,Other,"No, not interested","Not currently, but intend to in the future","Limited knowledge, theoretical only",Occasionally participate in events,Often,76% – 85%,"Soft Skills (Communication, Leadership, Teamwork)",Procrastination / Low Motivation,,Low Impact (Rarely affects study),Moderate Risk
STU0998,3/20/2026 13:34,Second Year (PG),BBA,26,Male,7.0 – 8.4,Very satisfied,Less than 1 hour,3,Few times a week,30–60 minutes,4–6 hours,Social media,Sometimes,Often,Planning to start soon,Very clear,Both hard and soft skills,2,1,3,Always,6–7 hours,Software Developer,"Yes, currently enrolled in one or more courses/certifications","Not currently, but intend to in the future","Basic knowledge, learning while practicing",Occasionally participate in events,Sometimes,66% – 75%,"Management/Execution (Planning, Organizing, Discipline)",Poor Time Management / Over-scheduling,Occasionally (When needed),Low Impact (Rarely affects study),Moderate Risk
STU0999,4/14/2026 9:57,First Year (FY),BCA,19,Female,7.0 – 8.4,Unsatisfied,1–2 hours,2,Rarely,1–2 hours,More than 6 hours,Social media,Mostly consistent,Sometimes,Actively preparing for a goal (placements/exams),Not clear,Both hard and soft skills,3,1,1,Often,6–7 hours,Software Developer,"Not currently, but intend to in the future",Planning to start a project/internship soon,"Basic knowledge, learning while practicing","Rarely participate, mostly observe",Often,Less than 50%,"Creative/Design Skills (Innovation, UI/UX, Content)",Difficulty with Focus / Concentration,Occasionally (When needed),No Impact (Fully supportive environment),Moderate Risk
STU1000,4/9/2026 15:46,First Year (FY),BCom,17,Male,5.0 – 6.9,Unsatisfied,1–2 hours,2,Rarely,30–60 minutes,More than 6 hours,Gaming,Sometimes,Sometimes,Planning to start soon,Very clear,Both hard and soft skills,3,2,2,Often,6–7 hours,Data Analyst,"No, not interested",Planning to start a project/internship soon,"Basic knowledge, learning while practicing",Occasionally participate in events,Sometimes,66% – 75%,"Technical/Hard Skills (Coding, Math, Logic)",Difficulty with Focus / Concentration,Never (Unaware or Not interested),Moderate Impact (Occasional disruption),Moderate Risk
STU1001,4/13/2026 12:25,Third Year (TY),BCA,22,Female,9.5 – 10.0,Neutral,Less than 1 hour,1,Never,1–2 hours,4–6 hours,Video content (YouTube/OTT),Mostly consistent,Rarely,Actively preparing for a goal (placements/exams),Somewhat clear,Both hard and soft skills,3,1,3,Often,6–7 hours,Data Analyst,"Yes, currently enrolled in one or more courses/certifications","Not currently, but intend to in the future","Basic knowledge, learning while practicing",Never participate in such events,Always,Above 85%,"Management/Execution (Planning, Organizing, Discipline)",Procrastination / Low Motivation,Occasionally (When needed),Low Impact (Rarely affects study),Low Risk
STU1002,3/31/2026 7:21,Second Year (PG),BCA,23,Female,8.5 – 9.4,Satisfied,Less than 1 hour,1,Never,1–2 hours,More than 6 hours,Video content (YouTube/OTT),Mostly consistent,Often,Thinking about it,Very clear,"Soft skills (communication, teamwork, leadership, financial literacy)",4,4,3,Never,6–7 hours,Cyber Security Analyst,"Yes, currently enrolled in one or more courses/certifications","Not currently, but intend to in the future","Basic knowledge, learning while practicing",Occasionally participate in events,Always,Above 85%,"Creative/Design Skills (Innovation, UI/UX, Content)",Procrastination / Low Motivation,Rarely (Passive),High Impact (Frequent disruption),Moderate Risk
STU1003,4/4/2026 13:46,First Year (FY),BCA,19,Female,7.0 – 8.4,Neutral,Less than 1 hour,2,Daily,30–60 minutes,More than 6 hours,Social media,Rarely,Often,Actively preparing for a goal (placements/exams),Somewhat clear,"Hard skills (programming, data analytics, technical skills)",5,2,,Sometimes,,Software Developer,,"Yes, actively working on projects/internship","Limited knowledge, theoretical only",,Sometimes,66% – 75%,"Soft Skills (Communication, Leadership, Teamwork)",Difficulty with Focus / Concentration,Rarely (Passive),,Moderate Risk
STU1004,3/20/2026 2:20,Third Year (TY),BCA,22,Female,8.5 – 9.4,Neutral,1–2 hours,1,Rarely,1–2 hours,More than 6 hours,Video content (YouTube/OTT),Sometimes,Rarely,Planning to start soon,Somewhat clear,"Soft skills (communication, teamwork, leadership, financial literacy)",3,3,1,Always,6–7 hours,Automation Engineer,Planning to enroll soon,"Yes, actively working on projects/internship","Basic knowledge, learning while practicing","Rarely participate, mostly observe",Sometimes,66% – 75%,"Soft Skills (Communication, Leadership, Teamwork)",Poor Time Management / Over-scheduling,Rarely (Passive),Moderate Impact (Occasional disruption),Moderate Risk
STU1005,3/25/2026 18:22,Second Year (SY),BSc Computer Science,20,Male,7.0 – 8.4,Neutral,Less than 1 hour,2,Few times a week,30–60 minutes,More than 6 hours,Other,Sometimes,Often,Actively preparing for a goal (placements/exams),Somewhat clear,"Hard skills (programming, data analytics, technical skills)",5,1,1,Sometimes,More than 8 hours,Software Developer,Planning to enroll soon,"Not currently, but intend to in the future",Strong foundation in core concepts,Never participate in such events,Often,50% – 65%,"Technical/Hard Skills (Coding, Math, Logic)",Poor Time Management / Over-scheduling,Occasionally (When needed),Low Impact (Rarely affects study),Moderate Risk
STU1006,3/20/2026 15:09,Second Year (SY),BSc IT,20,Male,5.0 – 6.9,Neutral,More than 2 hours,4,Rarely,1–2 hours,More than 6 hours,Social media,Rarely,Sometimes,Planning to start soon,Somewhat clear,"Hard skills (programming, data analytics, technical skills)",2,4,2,Often,6–7 hours,AI / ML,"Not currently, but intend to in the future",Planning to start a project/internship soon,"Basic knowledge, learning while practicing","Rarely participate, mostly observe",Often,Less than 50%,"Technical/Hard Skills (Coding, Math, Logic)",Procrastination / Low Motivation,Rarely (Passive),Moderate Impact (Occasional disruption),High Risk
STU1007,3/31/2026 16:46,Final Year,BCom,22,Male,7.0 – 8.4,Unsatisfied,Less than 1 hour,2,Never,More than 2 hours,More than 6 hours,Social media,Sometimes,Rarely,Actively preparing for a goal (placements/exams),Somewhat clear,Both hard and soft skills,4,4,2,Often,6–7 hours,AI / ML,"No, not interested","Not currently, but intend to in the future",Strong foundation in core concepts,"Rarely participate, mostly observe",Sometimes,66% – 75%,"Technical/Hard Skills (Coding, Math, Logic)",Poor Time Management / Over-scheduling,Rarely (Passive),Low Impact (Rarely affects study),High Risk
STU1008,4/1/2026 22:02,First Year (PG),BCom,22,Female,8.5 – 9.4,Neutral,Less than 1 hour,4,Few times a week,More than 2 hours,More than 6 hours,Video content (YouTube/OTT),Sometimes,Always,Planning to start soon,Somewhat clear,"Soft skills (communication, teamwork, leadership, financial literacy)",4,3,3,Sometimes,6–7 hours,Digital Marketing Specialist,,"Yes, actively working on projects/internship","Basic knowledge, learning while practicing",Occasionally participate in events,Always,76% – 85%,"Management/Execution (Planning, Organizing, Discipline)",Poor Time Management / Over-scheduling,Rarely (Passive),High Impact (Frequent disruption),Moderate Risk
STU1009,3/19/2026 8:11,Second Year (SY),BCA,19,Male,7.0 – 8.4,Very satisfied,Less than 1 hour,2,Few times a week,30–60 minutes,4–6 hours,Social media,Sometimes,Sometimes,Actively preparing for a goal (placements/exams),Very clear,"Hard skills (programming, data analytics, technical skills)",1,5,2,Never,4–5 hours,AI / ML,Planning to enroll soon,"Yes, actively working on projects/internship","Limited knowledge, theoretical only","Rarely participate, mostly observe",Often,66% – 75%,"Technical/Hard Skills (Coding, Math, Logic)",Poor Time Management / Over-scheduling,Rarely (Passive),Low Impact (Rarely affects study),High Risk
STU1010,4/14/2026 12:35,First Year (PG),BCA,25,Male,7.0 – 8.4,Neutral,Less than 1 hour,3,Never,30–60 minutes,More than 6 hours,Video content (YouTube/OTT),Mostly consistent,Often,Planning to start soon,Very clear,"Soft skills (communication, teamwork, leadership, financial literacy)",2,3,2,Always,4–5 hours,Digital Marketing Specialist,"No, not interested","Not currently, but intend to in the future","Basic knowledge, learning while practicing",Occasionally participate in events,Often,76% – 85%,"Soft Skills (Communication, Leadership, Teamwork)",Difficulty with Focus / Concentration,Occasionally (When needed),Moderate Impact (Occasional disruption),Moderate Risk
STU1011,3/31/2026 10:10,Second Year (SY),BCom,21,Male,9.5 – 10.0,Very satisfied,More than 2 hours,4,Few times a week,1–2 hours,More than 6 hours,Social interactions,Sometimes,Rarely,Planning to start soon,Somewhat clear,"Hard skills (programming, data analytics, technical skills)",,5,3,Always,6–7 hours,AI / ML,"Not currently, but intend to in the future",Planning to start a project/internship soon,"Basic knowledge, learning while practicing","Rarely participate, mostly observe",Always,Above 85%,"Technical/Hard Skills (Coding, Math, Logic)",Difficulty with Focus / Concentration,Occasionally (When needed),High Impact (Frequent disruption),Moderate Risk
STU1012,3/17/2026 22:16,Second Year (SY),BCA,20,Male,7.0 – 8.4,Satisfied,1–2 hours,2,Rarely,30–60 minutes,More than 6 hours,Video content (YouTube/OTT),Sometimes,Often,Planning to start soon,Not clear,"Hard skills (programming, data analytics, technical skills)",1,5,1,Sometimes,6–7 hours,Digital Marketing Specialist,"Not currently, but intend to in the future",Planning to start a project/internship soon,"Basic knowledge, learning while practicing",Occasionally participate in events,Sometimes,76% – 85%,"Technical/Hard Skills (Coding, Math, Logic)",Poor Time Management / Over-scheduling,Never (Unaware or Not interested),Moderate Impact (Occasional disruption),High Risk
STU1013,4/1/2026 11:21,Final Year,BSc Cyber Security,23,Male,9.5 – 10.0,Satisfied,More than 2 hours,5,Few times a week,More than 2 hours,More than 6 hours,Video content (YouTube/OTT),Mostly consistent,Rarely,Actively preparing for a goal (placements/exams),Very clear,Both hard and soft skills,1,4,3,Always,6–7 hours,Data Analyst,"Not currently, but intend to in the future","Not currently, but intend to in the future","Limited knowledge, theoretical only","Rarely participate, mostly observe",Rarely,Above 85%,"Creative/Design Skills (Innovation, UI/UX, Content)",Poor Time Management / Over-scheduling,Never (Unaware or Not interested),Moderate Impact (Occasional disruption),Low Risk
STU1014,4/8/2026 23:01,Final Year,BCA,21,Female,9.5 – 10.0,Neutral,1–2 hours,3,Rarely,30–60 minutes,More than 6 hours,Video content (YouTube/OTT),Sometimes,Always,Planning to start soon,Very clear,"Soft skills (communication, teamwork, leadership, financial literacy)",4,2,3,Often,4–5 hours,Cyber Security Analyst,"Not currently, but intend to in the future","Yes, actively working on projects/internship","Basic knowledge, learning while practicing","Rarely participate, mostly observe",Often,76% – 85%,"Technical/Hard Skills (Coding, Math, Logic)",Procrastination / Low Motivation,Rarely (Passive),Moderate Impact (Occasional disruption),Low Risk
STU1015,4/4/2026 8:43,Third Year (TY),BCA,20,Male,7.0 – 8.4,Unsatisfied,Less than 1 hour,2,Daily,30–60 minutes,More than 6 hours,Social media,Rarely,Sometimes,Actively preparing for a goal (placements/exams),Somewhat clear,Both hard and soft skills,3,4,1,Sometimes,6–7 hours,Data Analyst,"No, not interested",Planning to start a project/internship soon,"Limited knowledge, theoretical only",Occasionally participate in events,Sometimes,66% – 75%,"Creative/Design Skills (Innovation, UI/UX, Content)",Difficulty with Focus / Concentration,Occasionally (When needed),High Impact (Frequent disruption),High Risk
STU1016,3/18/2026 8:51,Final Year,BSc Computer Science,21,Female,9.5 – 10.0,Neutral,1–2 hours,2,Rarely,30–60 minutes,More than 6 hours,Social media,Mostly consistent,Always,Actively preparing for a goal (placements/exams),Very clear,Both hard and soft skills,4,2,3,Sometimes,6–7 hours,Cyber Security Analyst,Planning to enroll soon,"Not currently, but intend to in the future","Limited knowledge, theoretical only",Occasionally participate in events,Sometimes,66% – 75%,"Soft Skills (Communication, Leadership, Teamwork)",Difficulty with Focus / Concentration,Rarely (Passive),Moderate Impact (Occasional disruption),Low Risk
STU1017,3/22/2026 11:20,Second Year (PG),BCA,23,Female,8.5 – 9.4,Satisfied,1–2 hours,2,Never,1–2 hours,4–6 hours,Social media,Sometimes,Sometimes,Thinking about it,Not clear,Both hard and soft skills,5,1,1,Never,6–7 hours,Cyber Security Analyst,"Not currently, but intend to in the future",Planning to start a project/internship soon,"Limited knowledge, theoretical only","Rarely participate, mostly observe",Always,66% – 75%,"Technical/Hard Skills (Coding, Math, Logic)",Procrastination / Low Motivation,Occasionally (When needed),High Impact (Frequent disruption),Low Risk
STU1018,4/7/2026 10:35,Third Year (TY),BCA,22,Male,5.0 – 6.9,Neutral,1–2 hours,5,,1–2 hours,2–4 hours,Social interactions,Rarely,Always,Planning to start soon,Not clear,"Soft skills (communication, teamwork, leadership, financial literacy)",3,,1,Sometimes,More than 8 hours,AI / ML,"Not currently, but intend to in the future","Not currently, but intend to in the future",Strong foundation in core concepts,Occasionally participate in events,Often,Less than 50%,"Soft Skills (Communication, Leadership, Teamwork)",Lack of Consistency or Determination (Difficulty sticking to a plan),Rarely (Passive),High Impact (Frequent disruption),High Risk
STU1019,3/25/2026 17:24,Second Year (SY),BSc Computer Science,20,Male,7.0 – 8.4,Satisfied,More than 2 hours,3,Few times a week,1–2 hours,More than 6 hours,Video content (YouTube/OTT),Rarely,Often,Planning to start soon,Somewhat clear,"Hard skills (programming, data analytics, technical skills)",5,2,2,Sometimes,6–7 hours,AI / ML,Planning to enroll soon,Planning to start a project/internship soon,Strong foundation in core concepts,"Rarely participate, mostly observe",Sometimes,66% – 75%,"Soft Skills (Communication, Leadership, Teamwork)",Lack of Consistency or Determination (Difficulty sticking to a plan),Occasionally (When needed),Moderate Impact (Occasional disruption),Moderate Risk
STU1020,3/16/2026 12:56,Final Year,BCA,21,Male,5.0 – 6.9,Very unsatisfied,1–2 hours,1,Few times a week,1–2 hours,More than 6 hours,Social media,Sometimes,Rarely,Actively preparing for a goal (placements/exams),Not clear,Both hard and soft skills,2,3,1,Often,4–5 hours,AI / ML,"No, not interested",Planning to start a project/internship soon,"Limited knowledge, theoretical only",Occasionally participate in events,Sometimes,Less than 50%,"Creative/Design Skills (Innovation, UI/UX, Content)",Difficulty with Focus / Concentration,Never (Unaware or Not interested),Low Impact (Rarely affects study),High Risk
STU1021,3/21/2026 22:26,First Year (FY),BCA,17,Male,9.5 – 10.0,Neutral,Less than 1 hour,2,Few times a week,30–60 minutes,4–6 hours,Social interactions,Mostly consistent,Always,Actively preparing for a goal (placements/exams),Somewhat clear,"Soft skills (communication, teamwork, leadership, financial literacy)",4,3,3,Sometimes,6–7 hours,AI / ML,Planning to enroll soon,"Not currently, but intend to in the future","Basic knowledge, learning while practicing",Never participate in such events,Often,Less than 50%,"Soft Skills (Communication, Leadership, Teamwork)",Poor Time Management / Over-scheduling,Occasionally (When needed),Moderate Impact (Occasional disruption),Moderate Risk
STU1022,3/31/2026 11:08,First Year (FY),BCA,19,Female,7.0 – 8.4,Unsatisfied,1–2 hours,2,Rarely,30–60 minutes,More than 6 hours,Video content (YouTube/OTT),Sometimes,Rarely,Planning to start soon,Not clear,"Hard skills (programming, data analytics, technical skills)",5,3,2,Sometimes,6–7 hours,AI / ML,Planning to enroll soon,Planning to start a project/internship soon,"Limited knowledge, theoretical only","Rarely participate, mostly observe",Always,Above 85%,"Technical/Hard Skills (Coding, Math, Logic)",Poor Time Management / Over-scheduling,Rarely (Passive),Low Impact (Rarely affects study),Moderate Risk
STU1023,3/28/2026 20:08,First Year (FY),BSc IT,17,Male,7.0 – 8.4,Neutral,1–2 hours,1,Never,30–60 minutes,2–4 hours,Video content (YouTube/OTT),Sometimes,Often,Actively preparing for a goal (placements/exams),Very clear,Both hard and soft skills,3,3,3,Often,More than 8 hours,Other,"Yes, currently enrolled in one or more courses/certifications","Not currently, but intend to in the future","Limited knowledge, theoretical only",Occasionally participate in events,Rarely,50% – 65%,"Management/Execution (Planning, Organizing, Discipline)",Poor Time Management / Over-scheduling,Never (Unaware or Not interested),Moderate Impact (Occasional disruption),High Risk
STU1024,3/21/2026 20:47,Second Year (SY),BCA,19,Male,9.5 – 10.0,Satisfied,Less than 1 hour,1,Never,1–2 hours,More than 6 hours,Video content (YouTube/OTT),Mostly consistent,Often,Actively preparing for a goal (placements/exams),Somewhat clear,Both hard and soft skills,3,4,1,Often,4–5 hours,Data Analyst,"Yes, currently enrolled in one or more courses/certifications",Planning to start a project/internship soon,Strong foundation in core concepts,"Rarely participate, mostly observe",Often,50% – 65%,"Technical/Hard Skills (Coding, Math, Logic)",Difficulty with Focus / Concentration,Never (Unaware or Not interested),High Impact (Frequent disruption),Moderate Risk
STU1025,4/3/2026 10:09,Third Year (TY),BCA,20,Female,8.5 – 9.4,Neutral,Less than 1 hour,4,Never,1–2 hours,More than 6 hours,Gaming,Rarely,Rarely,Planning to start soon,Not clear,"Soft skills (communication, teamwork, leadership, financial literacy)",4,1,2,Sometimes,6–7 hours,Cyber Security Analyst,Planning to enroll soon,"Not currently, but intend to in the future","Limited knowledge, theoretical only",Occasionally participate in events,Often,Above 85%,"Technical/Hard Skills (Coding, Math, Logic)",Poor Time Management / Over-scheduling,Rarely (Passive),No Impact (Fully supportive environment),Low Risk
STU1026,4/1/2026 10:58,Second Year (PG),BCA,24,Female,8.5 – 9.4,Very satisfied,Less than 1 hour,3,Rarely,30–60 minutes,More than 6 hours,Social interactions,Mostly consistent,Sometimes,Planning to start soon,Very clear,Both hard and soft skills,4,2,2,Sometimes,6–7 hours,AI / ML,,Planning to start a project/internship soon,"Basic knowledge, learning while practicing",Never participate in such events,Always,50% – 65%,"Creative/Design Skills (Innovation, UI/UX, Content)",Poor Time Management / Over-scheduling,Rarely (Passive),Moderate Impact (Occasional disruption),Moderate Risk
STU1027,4/9/2026 8:04,Second Year (SY),BCom,20,Female,7.0 – 8.4,Very satisfied,1–2 hours,2,Rarely,,More than 6 hours,Gaming,Sometimes,Rarely,Actively preparing for a goal (placements/exams),Very clear,Both hard and soft skills,4,2,1,Never,More than 8 hours,Cyber Security Analyst,"Not currently, but intend to in the future","Not currently, but intend to in the future","Basic knowledge, learning while practicing","Rarely participate, mostly observe",Often,50% – 65%,"Management/Execution (Planning, Organizing, Discipline)",Difficulty with Focus / Concentration,Occasionally (When needed),High Impact (Frequent disruption),Moderate Risk
STU1028,4/11/2026 14:24,Second Year (SY),BCA,21,Female,5.0 – 6.9,Very unsatisfied,More than 2 hours,3,Few times a week,More than 2 hours,4–6 hours,Other,Sometimes,Sometimes,Planning to start soon,Somewhat clear,"Hard skills (programming, data analytics, technical skills)",4,3,2,Sometimes,More than 8 hours,Automation Engineer,"No, not interested","Not currently, but intend to in the future",Strong foundation in core concepts,Occasionally participate in events,Often,50% – 65%,"Technical/Hard Skills (Coding, Math, Logic)",Procrastination / Low Motivation,Never (Unaware or Not interested),No Impact (Fully supportive environment),High Risk
STU1029,3/22/2026 8:36,Second Year (SY),BCA,19,Female,7.0 – 8.4,Neutral,Less than 1 hour,2,Never,,More than 6 hours,Social media,Mostly consistent,Always,Thinking about it,Not clear,Both hard and soft skills,3,3,3,Often,6–7 hours,AI / ML,"Yes, currently enrolled in one or more courses/certifications","Yes, actively working on projects/internship","Basic knowledge, learning while practicing","Rarely participate, mostly observe",Always,50% – 65%,"Soft Skills (Communication, Leadership, Teamwork)",Difficulty with Focus / Concentration,Occasionally (When needed),High Impact (Frequent disruption),Moderate Risk
STU1030,4/8/2026 8:18,Second Year (SY),BCA,19,Male,9.5 – 10.0,Very satisfied,1–2 hours,1,Few times a week,1–2 hours,More than 6 hours,Gaming,Mostly consistent,Often,Planning to start soon,Very clear,"Soft skills (communication, teamwork, leadership, financial literacy)",3,2,,Often,6–7 hours,AI / ML,"Not currently, but intend to in the future","Not currently, but intend to in the future","Basic knowledge, learning while practicing",Occasionally participate in events,Always,Above 85%,"Technical/Hard Skills (Coding, Math, Logic)",Difficulty with Focus / Concentration,Rarely (Passive),Moderate Impact (Occasional disruption),Low Risk
STU1031,3/29/2026 14:41,Third Year (TY),BSc Cyber Security,20,Male,8.5 – 9.4,Very unsatisfied,1–2 hours,4,Never,1–2 hours,More than 6 hours,Social media,Sometimes,Sometimes,Planning to start soon,Somewhat clear,"Hard skills (programming, data analytics, technical skills)",2,4,3,Often,4–5 hours,Digital Marketing Specialist,Planning to enroll soon,"Not currently, but intend to in the future","Basic knowledge, learning while practicing",Occasionally participate in events,Often,66% – 75%,"Soft Skills (Communication, Leadership, Teamwork)",Difficulty with Focus / Concentration,Rarely (Passive),Low Impact (Rarely affects study),Moderate Risk
STU1032,3/15/2026 23:48,Second Year (SY),BSc Computer Science,20,Female,8.5 – 9.4,Satisfied,1–2 hours,3,Few times a week,30–60 minutes,More than 6 hours,Video content (YouTube/OTT),Mostly consistent,Rarely,Actively preparing for a goal (placements/exams),Not clear,Both hard and soft skills,4,3,2,Sometimes,6–7 hours,Data Analyst,"Not currently, but intend to in the future","Not currently, but intend to in the future","Basic knowledge, learning while practicing","Rarely participate, mostly observe",Often,66% – 75%,"Management/Execution (Planning, Organizing, Discipline)",Difficulty with Focus / Concentration,Occasionally (When needed),No Impact (Fully supportive environment),Moderate Risk
STU1033,4/1/2026 12:22,Second Year (SY),BCA,21,Male,8.5 – 9.4,Satisfied,Less than 1 hour,3,Daily,More than 2 hours,More than 6 hours,Social interactions,Sometimes,Rarely,Planning to start soon,Somewhat clear,Both hard and soft skills,3,4,3,Sometimes,6–7 hours,AI / ML,"No, not interested",Planning to start a project/internship soon,"Limited knowledge, theoretical only",Occasionally participate in events,Sometimes,66% – 75%,"Technical/Hard Skills (Coding, Math, Logic)",Procrastination / Low Motivation,Occasionally (When needed),Moderate Impact (Occasional disruption),Moderate Risk
STU1034,3/19/2026 10:56,First Year (PG),BCA,23,Male,9.5 – 10.0,Very satisfied,Less than 1 hour,1,Few times a week,1–2 hours,4–6 hours,Video content (YouTube/OTT),Mostly consistent,Always,Thinking about it,Very clear,"Hard skills (programming, data analytics, technical skills)",2,5,2,Often,6–7 hours,Automation Engineer,"Not currently, but intend to in the future","Not currently, but intend to in the future","Basic knowledge, learning while practicing","Rarely participate, mostly observe",Sometimes,76% – 85%,"Creative/Design Skills (Innovation, UI/UX, Content)",Poor Time Management / Over-scheduling,Rarely (Passive),Low Impact (Rarely affects study),Moderate Risk
STU1035,3/16/2026 15:57,Second Year (SY),BA,19,Male,8.5 – 9.4,Neutral,More than 2 hours,3,Few times a week,1–2 hours,,Video content (YouTube/OTT),Mostly consistent,Sometimes,Planning to start soon,Very clear,"Hard skills (programming, data analytics, technical skills)",4,4,3,Never,6–7 hours,AI / ML,"Not currently, but intend to in the future","Yes, actively working on projects/internship","Basic knowledge, learning while practicing",Never participate in such events,Always,Above 85%,"Technical/Hard Skills (Coding, Math, Logic)",Procrastination / Low Motivation,Never (Unaware or Not interested),Moderate Impact (Occasional disruption),Moderate Risk
STU1036,3/17/2026 17:12,Second Year (PG),BCom,23,Male,7.0 – 8.4,Neutral,1–2 hours,2,Few times a week,30–60 minutes,More than 6 hours,Social media,Sometimes,Often,Thinking about it,Somewhat clear,"Hard skills (programming, data analytics, technical skills)",5,4,3,Often,More than 8 hours,Data Analyst,Planning to enroll soon,Planning to start a project/internship soon,"Limited knowledge, theoretical only",Never participate in such events,Sometimes,Less than 50%,"Soft Skills (Communication, Leadership, Teamwork)",Procrastination / Low Motivation,Rarely (Passive),Moderate Impact (Occasional disruption),High Risk
STU1037,3/16/2026 16:20,First Year (FY),BBA,18,Male,7.0 – 8.4,Neutral,Less than 1 hour,1,Never,1–2 hours,More than 6 hours,Video content (YouTube/OTT),Sometimes,Sometimes,Thinking about it,Not clear,Both hard and soft skills,5,2,2,Always,4–5 hours,Cyber Security Analyst,"Not currently, but intend to in the future",Planning to start a project/internship soon,"Basic knowledge, learning while practicing",Occasionally participate in events,Often,50% – 65%,"Technical/Hard Skills (Coding, Math, Logic)",Lack of Consistency or Determination (Difficulty sticking to a plan),,Moderate Impact (Occasional disruption),Moderate Risk
STU1038,4/3/2026 23:28,Second Year (SY),BCA,20,Female,7.0 – 8.4,Satisfied,Less than 1 hour,3,Never,1–2 hours,4–6 hours,Social media,Sometimes,Sometimes,Planning to start soon,Somewhat clear,"Hard skills (programming, data analytics, technical skills)",2,2,3,Always,6–7 hours,AI / ML,"Not currently, but intend to in the future","Not currently, but intend to in the future",,"Rarely participate, mostly observe",Often,Less than 50%,"Creative/Design Skills (Innovation, UI/UX, Content)",Lack of Consistency or Determination (Difficulty sticking to a plan),Occasionally (When needed),High Impact (Frequent disruption),Moderate Risk
STU1039,4/10/2026 10:40,First Year (FY),BCA,18,Male,7.0 – 8.4,Very satisfied,1–2 hours,3,Rarely,30–60 minutes,4–6 hours,Social media,Sometimes,Rarely,Planning to start soon,Somewhat clear,Both hard and soft skills,3,4,3,Often,,Automation Engineer,"Not currently, but intend to in the future","Not currently, but intend to in the future","Limited knowledge, theoretical only","Rarely participate, mostly observe",Rarely,66% – 75%,"Soft Skills (Communication, Leadership, Teamwork)",Difficulty with Focus / Concentration,Rarely (Passive),Moderate Impact (Occasional disruption),High Risk
STU1040,3/22/2026 15:29,Third Year (TY),BCA,20,Male,8.5 – 9.4,Satisfied,More than 2 hours,2,Rarely,1–2 hours,More than 6 hours,Social media,Sometimes,Rarely,Thinking about it,Not clear,Both hard and soft skills,3,1,2,Often,More than 8 hours,AI / ML,Planning to enroll soon,"Yes, actively working on projects/internship","Basic knowledge, learning while practicing",,Always,76% – 85%,"Management/Execution (Planning, Organizing, Discipline)",Difficulty with Focus / Concentration,Never (Unaware or Not interested),Low Impact (Rarely affects study),Low Risk
STU1041,4/5/2026 7:10,Final Year,BCA,21,Male,8.5 – 9.4,Satisfied,1–2 hours,2,Few times a week,30–60 minutes,More than 6 hours,Social media,Mostly consistent,Often,Thinking about it,Somewhat clear,"Hard skills (programming, data analytics, technical skills)",3,3,2,Often,6–7 hours,AI / ML,Planning to enroll soon,Planning to start a project/internship soon,"Limited knowledge, theoretical only",Occasionally participate in events,Often,50% – 65%,"Soft Skills (Communication, Leadership, Teamwork)",Poor Time Management / Over-scheduling,Occasionally (When needed),Low Impact (Rarely affects study),Moderate Risk
STU1042,3/17/2026 10:28,First Year (PG),BCA,24,Male,8.5 – 9.4,Neutral,1–2 hours,2,Few times a week,1–2 hours,More than 6 hours,Social media,Rarely,Often,Actively preparing for a goal (placements/exams),Very clear,Both hard and soft skills,3,4,2,Often,6–7 hours,Software Developer,Planning to enroll soon,"Yes, actively working on projects/internship",Strong foundation in core concepts,Occasionally participate in events,Often,Above 85%,"Technical/Hard Skills (Coding, Math, Logic)",Lack of Consistency or Determination (Difficulty sticking to a plan),Occasionally (When needed),High Impact (Frequent disruption),Moderate Risk
STU1043,3/21/2026 7:28,Third Year (TY),BSc Computer Science,22,Male,8.5 – 9.4,Unsatisfied,More than 2 hours,5,Few times a week,1–2 hours,4–6 hours,Other,Rarely,Sometimes,Planning to start soon,Somewhat clear,Both hard and soft skills,5,2,3,Sometimes,6–7 hours,Cyber Security Analyst,Planning to enroll soon,Planning to start a project/internship soon,"Basic knowledge, learning while practicing",,Rarely,76% – 85%,"Soft Skills (Communication, Leadership, Teamwork)",Difficulty with Focus / Concentration,Rarely (Passive),High Impact (Frequent disruption),Moderate Risk
STU1044,4/12/2026 10:31,Second Year (SY),BCA,21,Male,8.5 – 9.4,Very satisfied,Less than 1 hour,2,Few times a week,1–2 hours,More than 6 hours,Social interactions,Sometimes,Rarely,Planning to start soon,Somewhat clear,"Soft skills (communication, teamwork, leadership, financial literacy)",1,2,3,Always,4–5 hours,AI / ML,Planning to enroll soon,"Yes, actively working on projects/internship",Strong foundation in core concepts,Never participate in such events,Sometimes,66% – 75%,"Soft Skills (Communication, Leadership, Teamwork)",Difficulty with Focus / Concentration,Rarely (Passive),Moderate Impact (Occasional disruption),Moderate Risk
STU1045,4/10/2026 21:55,First Year (FY),BSc Cyber Security,17,Male,7.0 – 8.4,Neutral,More than 2 hours,3,Few times a week,More than 2 hours,4–6 hours,Video content (YouTube/OTT),Sometimes,Sometimes,Planning to start soon,Very clear,Both hard and soft skills,4,4,2,Often,,Data Analyst,"Yes, currently enrolled in one or more courses/certifications",Planning to start a project/internship soon,Strong foundation in core concepts,Occasionally participate in events,Often,66% – 75%,"Management/Execution (Planning, Organizing, Discipline)",Lack of Consistency or Determination (Difficulty sticking to a plan),,High Impact (Frequent disruption),High Risk
STU1046,4/1/2026 18:37,First Year (FY),BCA,19,Male,8.5 – 9.4,Very satisfied,Less than 1 hour,4,Few times a week,More than 2 hours,2–4 hours,Gaming,Sometimes,Rarely,Planning to start soon,Somewhat clear,"Hard skills (programming, data analytics, technical skills)",3,1,3,Often,6–7 hours,Digital Marketing Specialist,Planning to enroll soon,"Not currently, but intend to in the future",Strong foundation in core concepts,"Rarely participate, mostly observe",Sometimes,Less than 50%,"Creative/Design Skills (Innovation, UI/UX, Content)",Poor Time Management / Over-scheduling,Never (Unaware or Not interested),,Moderate Risk
STU1047,3/15/2026 23:48,First Year (PG),BBA,25,Male,5.0 – 6.9,Unsatisfied,1–2 hours,2,Few times a week,1–2 hours,4–6 hours,Gaming,Mostly consistent,Often,Actively preparing for a goal (placements/exams),Not clear,Both hard and soft skills,4,2,2,Always,More than 8 hours,Data Analyst,Planning to enroll soon,"Yes, actively working on projects/internship","Basic knowledge, learning while practicing",,Always,66% – 75%,"Soft Skills (Communication, Leadership, Teamwork)",Lack of Consistency or Determination (Difficulty sticking to a plan),Occasionally (When needed),Moderate Impact (Occasional disruption),Moderate Risk
STU1048,3/18/2026 16:59,Second Year (SY),BCA,21,Male,7.0 – 8.4,Satisfied,More than 2 hours,3,Daily,30–60 minutes,More than 6 hours,Video content (YouTube/OTT),Mostly consistent,Often,Planning to start soon,Somewhat clear,Both hard and soft skills,2,5,3,Often,More than 8 hours,AI / ML,"No, not interested",Planning to start a project/internship soon,"Limited knowledge, theoretical only",Never participate in such events,Sometimes,66% – 75%,"Soft Skills (Communication, Leadership, Teamwork)",Lack of Consistency or Determination (Difficulty sticking to a plan),Occasionally (When needed),Low Impact (Rarely affects study),High Risk
STU1049,4/8/2026 19:34,First Year (FY),BSc Computer Science,19,Male,8.5 – 9.4,Neutral,1–2 hours,5,Never,1–2 hours,4–6 hours,Video content (YouTube/OTT),Sometimes,Rarely,Actively preparing for a goal (placements/exams),Somewhat clear,"Soft skills (communication, teamwork, leadership, financial literacy)",2,,2,Sometimes,6–7 hours,Data Analyst,Planning to enroll soon,"Not currently, but intend to in the future","Limited knowledge, theoretical only",,Always,Above 85%,"Management/Execution (Planning, Organizing, Discipline)",Difficulty with Focus / Concentration,Rarely (Passive),Low Impact (Rarely affects study),Moderate Risk
STU1050,4/10/2026 17:42,First Year (FY),BCA,19,Male,8.5 – 9.4,Satisfied,Less than 1 hour,2,Few times a week,1–2 hours,More than 6 hours,Video content (YouTube/OTT),Sometimes,Rarely,Planning to start soon,Somewhat clear,Both hard and soft skills,2,4,1,Always,6–7 hours,AI / ML,Planning to enroll soon,"Not currently, but intend to in the future","Basic knowledge, learning while practicing",Occasionally participate in events,Often,50% – 65%,"Soft Skills (Communication, Leadership, Teamwork)",Poor Time Management / Over-scheduling,Occasionally (When needed),Moderate Impact (Occasional disruption),High Risk
STU1051,3/29/2026 20:22,Second Year (SY),BBA,21,Male,8.5 – 9.4,Neutral,More than 2 hours,2,Rarely,30–60 minutes,More than 6 hours,Gaming,Mostly consistent,Often,Thinking about it,Somewhat clear,Both hard and soft skills,4,4,1,Often,More than 8 hours,Software Developer,Planning to enroll soon,"Yes, actively working on projects/internship","Basic knowledge, learning while practicing",Occasionally participate in events,Always,Above 85%,"Creative/Design Skills (Innovation, UI/UX, Content)",Poor Time Management / Over-scheduling,Occasionally (When needed),No Impact (Fully supportive environment),Moderate Risk
STU1052,3/20/2026 17:42,Third Year (TY),BSc Computer Science,20,Female,7.0 – 8.4,Satisfied,1–2 hours,3,Few times a week,1–2 hours,4–6 hours,Social media,Sometimes,Sometimes,Planning to start soon,Somewhat clear,"Soft skills (communication, teamwork, leadership, financial literacy)",3,3,2,Sometimes,6–7 hours,Data Analyst,Planning to enroll soon,Planning to start a project/internship soon,"Basic knowledge, learning while practicing",Never participate in such events,Rarely,66% – 75%,"Technical/Hard Skills (Coding, Math, Logic)",Lack of Consistency or Determination (Difficulty sticking to a plan),Never (Unaware or Not interested),Moderate Impact (Occasional disruption),Moderate Risk
STU1053,3/31/2026 17:27,Second Year (SY),BCA,20,Male,7.0 – 8.4,Neutral,Less than 1 hour,2,Few times a week,30–60 minutes,2–4 hours,Gaming,Sometimes,Rarely,Thinking about it,Somewhat clear,"Hard skills (programming, data analytics, technical skills)",3,1,2,Always,More than 8 hours,Cyber Security Analyst,Planning to enroll soon,"Yes, actively working on projects/internship","Basic knowledge, learning while practicing",,Often,66% – 75%,"Technical/Hard Skills (Coding, Math, Logic)",Procrastination / Low Motivation,Never (Unaware or Not interested),Moderate Impact (Occasional disruption),Moderate Risk
STU1054,3/22/2026 18:50,Second Year (SY),BSc Computer Science,20,Male,7.0 – 8.4,Neutral,1–2 hours,2,Few times a week,,4–6 hours,Social interactions,Sometimes,Sometimes,Planning to start soon,Somewhat clear,Both hard and soft skills,1,5,3,Often,6–7 hours,Data Analyst,"Not currently, but intend to in the future","Yes, actively working on projects/internship","Basic knowledge, learning while practicing",,Often,Less than 50%,"Soft Skills (Communication, Leadership, Teamwork)",Poor Time Management / Over-scheduling,Rarely (Passive),Low Impact (Rarely affects study),High Risk
STU1055,3/20/2026 7:34,Second Year (SY),BCA,21,Female,5.0 – 6.9,Unsatisfied,1–2 hours,3,Rarely,More than 2 hours,More than 6 hours,Other,Sometimes,Always,Thinking about it,Somewhat clear,"Soft skills (communication, teamwork, leadership, financial literacy)",4,2,3,Sometimes,6–7 hours,Software Developer,"Yes, currently enrolled in one or more courses/certifications","Not currently, but intend to in the future","Basic knowledge, learning while practicing","Rarely participate, mostly observe",Often,50% – 65%,"Technical/Hard Skills (Coding, Math, Logic)",Poor Time Management / Over-scheduling,Rarely (Passive),Low Impact (Rarely affects study),High Risk
STU1056,4/7/2026 11:34,Second Year (SY),BSc Computer Science,21,Male,8.5 – 9.4,Neutral,More than 2 hours,5,Few times a week,1–2 hours,2–4 hours,Social media,Rarely,Often,Actively preparing for a goal (placements/exams),Somewhat clear,"Hard skills (programming, data analytics, technical skills)",4,4,1,Often,4–5 hours,Data Analyst,Planning to enroll soon,"Yes, actively working on projects/internship","Limited knowledge, theoretical only",Occasionally participate in events,Rarely,50% – 65%,"Technical/Hard Skills (Coding, Math, Logic)",Poor Time Management / Over-scheduling,Occasionally (When needed),High Impact (Frequent disruption),High Risk
STU1057,4/1/2026 9:11,Second Year (SY),BCA,20,Male,5.0 – 6.9,Neutral,1–2 hours,3,Few times a week,30–60 minutes,More than 6 hours,Social media,Sometimes,Always,Actively preparing for a goal (placements/exams),Not clear,"Soft skills (communication, teamwork, leadership, financial literacy)",1,2,2,Often,4–5 hours,Data Analyst,Planning to enroll soon,"Not currently, but intend to in the future","Basic knowledge, learning while practicing",Occasionally participate in events,Often,66% – 75%,"Technical/Hard Skills (Coding, Math, Logic)",Lack of Consistency or Determination (Difficulty sticking to a plan),Occasionally (When needed),Low Impact (Rarely affects study),Moderate Risk
STU1058,3/22/2026 11:06,Second Year (SY),BCA,21,Male,7.0 – 8.4,Unsatisfied,Less than 1 hour,3,Rarely,1–2 hours,,Video content (YouTube/OTT),Sometimes,Rarely,Thinking about it,Very clear,Both hard and soft skills,3,4,2,Often,6–7 hours,Data Analyst,"Not currently, but intend to in the future","Yes, actively working on projects/internship",,"Rarely participate, mostly observe",Often,66% – 75%,"Management/Execution (Planning, Organizing, Discipline)",Lack of Consistency or Determination (Difficulty sticking to a plan),Rarely (Passive),No Impact (Fully supportive environment),High Risk
STU1059,3/23/2026 14:52,First Year (PG),BCA,23,Male,5.0 – 6.9,Satisfied,1–2 hours,,Rarely,More than 2 hours,2–4 hours,Social media,Mostly consistent,Often,Planning to start soon,Very clear,Both hard and soft skills,4,2,2,Often,6–7 hours,Cyber Security Analyst,Planning to enroll soon,Planning to start a project/internship soon,"Limited knowledge, theoretical only",Occasionally participate in events,Always,Less than 50%,"Technical/Hard Skills (Coding, Math, Logic)",Poor Time Management / Over-scheduling,Occasionally (When needed),Low Impact (Rarely affects study),Moderate Risk
STU1060,4/2/2026 19:21,Third Year (TY),BCA,20,Male,7.0 – 8.4,Neutral,Less than 1 hour,2,Rarely,1–2 hours,4–6 hours,Social media,Mostly consistent,Always,Planning to start soon,Very clear,Both hard and soft skills,2,4,2,Often,4–5 hours,Software Developer,"Not currently, but intend to in the future","Not currently, but intend to in the future",Strong foundation in core concepts,Never participate in such events,Often,50% – 65%,"Soft Skills (Communication, Leadership, Teamwork)",Poor Time Management / Over-scheduling,Occasionally (When needed),High Impact (Frequent disruption),High Risk
STU1061,3/28/2026 21:52,Third Year (TY),BCA,21,Female,5.0 – 6.9,Neutral,1–2 hours,3,Rarely,More than 2 hours,4–6 hours,Video content (YouTube/OTT),Sometimes,Rarely,Planning to start soon,Very clear,"Hard skills (programming, data analytics, technical skills)",3,2,,Never,6–7 hours,Cyber Security Analyst,Planning to enroll soon,"Not currently, but intend to in the future","Limited knowledge, theoretical only","Rarely participate, mostly observe",Always,Less than 50%,"Soft Skills (Communication, Leadership, Teamwork)",Lack of Consistency or Determination (Difficulty sticking to a plan),Rarely (Passive),Moderate Impact (Occasional disruption),High Risk
STU1062,4/9/2026 4:49,First Year (FY),BCA,17,Other,9.5 – 10.0,Satisfied,1–2 hours,1,Rarely,30–60 minutes,More than 6 hours,Social interactions,Mostly consistent,Often,Actively preparing for a goal (placements/exams),Very clear,"Soft skills (communication, teamwork, leadership, financial literacy)",3,4,3,Sometimes,6–7 hours,Software Developer,"Yes, currently enrolled in one or more courses/certifications","Not currently, but intend to in the future",Strong foundation in core concepts,"Rarely participate, mostly observe",Always,76% – 85%,"Technical/Hard Skills (Coding, Math, Logic)",Procrastination / Low Motivation,Rarely (Passive),High Impact (Frequent disruption),Moderate Risk
STU1063,3/22/2026 7:08,Third Year (TY),BSc IT,22,Male,5.0 – 6.9,Neutral,Less than 1 hour,1,Never,30–60 minutes,More than 6 hours,Video content (YouTube/OTT),Sometimes,Sometimes,Actively preparing for a goal (placements/exams),Very clear,Both hard and soft skills,4,3,1,Never,6–7 hours,Software Developer,"Yes, currently enrolled in one or more courses/certifications",Planning to start a project/internship soon,"Limited knowledge, theoretical only","Rarely participate, mostly observe",Always,66% – 75%,"Creative/Design Skills (Innovation, UI/UX, Content)",Difficulty with Focus / Concentration,Rarely (Passive),Moderate Impact (Occasional disruption),High Risk
STU1064,4/8/2026 18:50,Second Year (SY),BCA,20,Male,8.5 – 9.4,Unsatisfied,1–2 hours,3,Few times a week,More than 2 hours,More than 6 hours,Social media,Sometimes,Sometimes,Planning to start soon,Not clear,"Hard skills (programming, data analytics, technical skills)",5,4,3,Often,6–7 hours,AI / ML,"Not currently, but intend to in the future","Yes, actively working on projects/internship","Limited knowledge, theoretical only",Never participate in such events,Always,76% – 85%,"Creative/Design Skills (Innovation, UI/UX, Content)",Lack of Consistency or Determination (Difficulty sticking to a plan),Occasionally (When needed),High Impact (Frequent disruption),Moderate Risk
STU1065,3/25/2026 9:55,First Year (PG),BCA,24,Male,8.5 – 9.4,Very satisfied,Less than 1 hour,3,Few times a week,30–60 minutes,More than 6 hours,Social interactions,Mostly consistent,Often,Thinking about it,Somewhat clear,"Hard skills (programming, data analytics, technical skills)",3,3,3,Sometimes,6–7 hours,Software Developer,"Yes, currently enrolled in one or more courses/certifications","Yes, actively working on projects/internship","Limited knowledge, theoretical only",Occasionally participate in events,Always,76% – 85%,"Soft Skills (Communication, Leadership, Teamwork)",Difficulty with Focus / Concentration,Occasionally (When needed),Moderate Impact (Occasional disruption),Moderate Risk
STU1066,4/4/2026 1:23,First Year (FY),BCA,17,Male,8.5 – 9.4,Satisfied,Less than 1 hour,1,Rarely,30–60 minutes,4–6 hours,Social media,Sometimes,Often,Actively preparing for a goal (placements/exams),Not clear,"Hard skills (programming, data analytics, technical skills)",4,5,1,Sometimes,6–7 hours,Automation Engineer,"No, not interested","Yes, actively working on projects/internship","Limited knowledge, theoretical only",Occasionally participate in events,Rarely,76% – 85%,"Technical/Hard Skills (Coding, Math, Logic)",Poor Time Management / Over-scheduling,Rarely (Passive),High Impact (Frequent disruption),High Risk
STU1067,3/21/2026 10:33,First Year (FY),BCA,19,Male,8.5 – 9.4,Satisfied,1–2 hours,3,Never,1–2 hours,More than 6 hours,Social interactions,Mostly consistent,Sometimes,Planning to start soon,Very clear,"Hard skills (programming, data analytics, technical skills)",3,3,3,Sometimes,More than 8 hours,Data Analyst,"Yes, currently enrolled in one or more courses/certifications","Yes, actively working on projects/internship","Limited knowledge, theoretical only","Rarely participate, mostly observe",Often,Above 85%,"Technical/Hard Skills (Coding, Math, Logic)",Difficulty with Focus / Concentration,Rarely (Passive),Moderate Impact (Occasional disruption),Low Risk
STU1068,3/22/2026 11:59,Second Year (SY),BA,20,Male,7.0 – 8.4,Neutral,Less than 1 hour,3,Rarely,1–2 hours,More than 6 hours,Social interactions,Sometimes,Often,Planning to start soon,Somewhat clear,"Hard skills (programming, data analytics, technical skills)",1,4,,Often,4–5 hours,Cyber Security Analyst,"Not currently, but intend to in the future","Yes, actively working on projects/internship","Basic knowledge, learning while practicing","Rarely participate, mostly observe",Sometimes,Less than 50%,"Management/Execution (Planning, Organizing, Discipline)",Procrastination / Low Motivation,Rarely (Passive),Low Impact (Rarely affects study),High Risk
STU1069,3/31/2026 19:04,Second Year (SY),BA,19,Male,5.0 – 6.9,Unsatisfied,1–2 hours,1,Never,1–2 hours,2–4 hours,Gaming,Sometimes,Often,Thinking about it,Somewhat clear,"Hard skills (programming, data analytics, technical skills)",3,5,1,Sometimes,6–7 hours,Software Developer,Planning to enroll soon,"Not currently, but intend to in the future",Strong foundation in core concepts,,Sometimes,66% – 75%,"Management/Execution (Planning, Organizing, Discipline)",Procrastination / Low Motivation,Rarely (Passive),Low Impact (Rarely affects study),High Risk
STU1070,4/7/2026 9:24,Second Year (PG),BSc IT,23,Male,8.5 – 9.4,Satisfied,More than 2 hours,3,Rarely,30–60 minutes,More than 6 hours,Social media,Sometimes,Always,Actively preparing for a goal (placements/exams),Somewhat clear,Both hard and soft skills,4,3,3,Sometimes,More than 8 hours,AI / ML,Planning to enroll soon,Planning to start a project/internship soon,Strong foundation in core concepts,"Rarely participate, mostly observe",Always,Above 85%,"Technical/Hard Skills (Coding, Math, Logic)",Poor Time Management / Over-scheduling,Occasionally (When needed),Moderate Impact (Occasional disruption),Moderate Risk
STU1071,4/12/2026 17:11,Third Year (TY),BSc Cyber Security,21,Male,8.5 – 9.4,Very satisfied,1–2 hours,3,Rarely,30–60 minutes,4–6 hours,Video content (YouTube/OTT),Mostly consistent,Often,Planning to start soon,Very clear,Both hard and soft skills,3,3,1,Sometimes,6–7 hours,Data Analyst,Planning to enroll soon,"Not currently, but intend to in the future","Basic knowledge, learning while practicing",Occasionally participate in events,Always,Above 85%,"Management/Execution (Planning, Organizing, Discipline)",Difficulty with Focus / Concentration,Occasionally (When needed),No Impact (Fully supportive environment),Low Risk
STU1072,4/7/2026 9:42,Second Year (SY),BCom,20,Other,8.5 – 9.4,Neutral,1–2 hours,4,Few times a week,More than 2 hours,2–4 hours,Social media,Mostly consistent,Often,Actively preparing for a goal (placements/exams),Somewhat clear,Both hard and soft skills,2,4,3,Often,4–5 hours,Other,"Not currently, but intend to in the future","Not currently, but intend to in the future",Strong foundation in core concepts,Never participate in such events,Sometimes,Above 85%,"Technical/Hard Skills (Coding, Math, Logic)",Difficulty with Focus / Concentration,Occasionally (When needed),Moderate Impact (Occasional disruption),Moderate Risk
STU1073,4/7/2026 11:45,Third Year (TY),BSc Computer Science,20,Female,7.0 – 8.4,Unsatisfied,1–2 hours,3,Daily,30–60 minutes,More than 6 hours,Video content (YouTube/OTT),Rarely,Sometimes,Actively preparing for a goal (placements/exams),Somewhat clear,"Soft skills (communication, teamwork, leadership, financial literacy)",4,3,3,Sometimes,6–7 hours,Software Developer,"Not currently, but intend to in the future",Planning to start a project/internship soon,Strong foundation in core concepts,Never participate in such events,Sometimes,66% – 75%,"Creative/Design Skills (Innovation, UI/UX, Content)",Difficulty with Focus / Concentration,Never (Unaware or Not interested),Moderate Impact (Occasional disruption),High Risk
STU1074,3/28/2026 14:46,Second Year (SY),BCA,20,Male,8.5 – 9.4,Neutral,Less than 1 hour,2,Rarely,1–2 hours,More than 6 hours,Gaming,Sometimes,Sometimes,Planning to start soon,Very clear,"Hard skills (programming, data analytics, technical skills)",4,5,3,Always,6–7 hours,Automation Engineer,"Not currently, but intend to in the future","Not currently, but intend to in the future",Strong foundation in core concepts,Never participate in such events,Sometimes,76% – 85%,"Soft Skills (Communication, Leadership, Teamwork)",Poor Time Management / Over-scheduling,Never (Unaware or Not interested),High Impact (Frequent disruption),High Risk
STU1075,4/14/2026 11:35,Second Year (SY),BBA,20,Male,7.0 – 8.4,Neutral,Less than 1 hour,2,Never,30–60 minutes,More than 6 hours,Gaming,Sometimes,Rarely,Actively preparing for a goal (placements/exams),Somewhat clear,"Soft skills (communication, teamwork, leadership, financial literacy)",3,3,2,Always,6–7 hours,Other,"Not currently, but intend to in the future","Yes, actively working on projects/internship",,Occasionally participate in events,Often,50% – 65%,"Management/Execution (Planning, Organizing, Discipline)",Lack of Consistency or Determination (Difficulty sticking to a plan),Rarely (Passive),Moderate Impact (Occasional disruption),High Risk
STU1076,3/30/2026 13:49,First Year (FY),BA,19,Male,5.0 – 6.9,Unsatisfied,Less than 1 hour,1,Rarely,1–2 hours,More than 6 hours,Video content (YouTube/OTT),Rarely,Sometimes,Planning to start soon,Very clear,"Hard skills (programming, data analytics, technical skills)",5,5,,Never,6–7 hours,Digital Marketing Specialist,Planning to enroll soon,"Not currently, but intend to in the future","Basic knowledge, learning while practicing",Occasionally participate in events,Sometimes,50% – 65%,"Creative/Design Skills (Innovation, UI/UX, Content)",Lack of Consistency or Determination (Difficulty sticking to a plan),Rarely (Passive),Moderate Impact (Occasional disruption),High Risk
STU1077,3/31/2026 19:48,First Year (FY),BCA,18,Male,5.0 – 6.9,Satisfied,Less than 1 hour,4,Few times a week,1–2 hours,2–4 hours,Social media,Sometimes,Rarely,Thinking about it,Somewhat clear,Both hard and soft skills,4,3,3,Never,6–7 hours,Software Developer,"Not currently, but intend to in the future","Yes, actively working on projects/internship",,"Rarely participate, mostly observe",Often,66% – 75%,"Soft Skills (Communication, Leadership, Teamwork)",Poor Time Management / Over-scheduling,Rarely (Passive),No Impact (Fully supportive environment),High Risk
STU1078,3/27/2026 6:23,Second Year (SY),BCA,21,Male,8.5 – 9.4,Very satisfied,More than 2 hours,4,Rarely,More than 2 hours,More than 6 hours,Social media,Mostly consistent,Often,Planning to start soon,Not clear,Both hard and soft skills,4,4,3,Sometimes,6–7 hours,AI / ML,"Yes, currently enrolled in one or more courses/certifications","Not currently, but intend to in the future","Basic knowledge, learning while practicing","Rarely participate, mostly observe",Often,Above 85%,"Soft Skills (Communication, Leadership, Teamwork)",Lack of Consistency or Determination (Difficulty sticking to a plan),Rarely (Passive),High Impact (Frequent disruption),Moderate Risk
STU1079,4/5/2026 7:22,Second Year (SY),BCA,19,Male,8.5 – 9.4,Very satisfied,Less than 1 hour,3,Never,1–2 hours,2–4 hours,Video content (YouTube/OTT),Mostly consistent,Often,Planning to start soon,Somewhat clear,Both hard and soft skills,3,4,1,Often,6–7 hours,Automation Engineer,"Not currently, but intend to in the future","Not currently, but intend to in the future","Basic knowledge, learning while practicing","Rarely participate, mostly observe",Always,66% – 75%,"Technical/Hard Skills (Coding, Math, Logic)",Poor Time Management / Over-scheduling,Occasionally (When needed),High Impact (Frequent disruption),Moderate Risk
STU1080,3/23/2026 6:01,Third Year (TY),BCA,21,Male,9.5 – 10.0,Neutral,1–2 hours,2,Few times a week,1–2 hours,More than 6 hours,Video content (YouTube/OTT),Sometimes,Often,Actively preparing for a goal (placements/exams),Very clear,"Soft skills (communication, teamwork, leadership, financial literacy)",4,3,3,Sometimes,6–7 hours,Cyber Security Analyst,"No, not interested","Yes, actively working on projects/internship","Basic knowledge, learning while practicing","Rarely participate, mostly observe",Always,Less than 50%,"Technical/Hard Skills (Coding, Math, Logic)",Procrastination / Low Motivation,Occasionally (When needed),Low Impact (Rarely affects study),Moderate Risk
STU1081,3/15/2026 13:05,First Year (PG),BSc Computer Science,23,Male,9.5 – 10.0,Neutral,1–2 hours,2,Few times a week,1–2 hours,More than 6 hours,Social media,Mostly consistent,Often,Actively preparing for a goal (placements/exams),Very clear,"Hard skills (programming, data analytics, technical skills)",2,3,1,Often,6–7 hours,Digital Marketing Specialist,"Not currently, but intend to in the future","Not currently, but intend to in the future","Limited knowledge, theoretical only",Never participate in such events,Often,76% – 85%,"Technical/Hard Skills (Coding, Math, Logic)",Procrastination / Low Motivation,Rarely (Passive),Moderate Impact (Occasional disruption),Low Risk
STU1082,3/15/2026 16:58,Second Year (SY),BCA,21,Female,5.0 – 6.9,Neutral,Less than 1 hour,5,Rarely,1–2 hours,More than 6 hours,Video content (YouTube/OTT),Mostly consistent,Often,Actively preparing for a goal (placements/exams),Very clear,"Soft skills (communication, teamwork, leadership, financial literacy)",5,3,3,Often,6–7 hours,Cyber Security Analyst,"Yes, currently enrolled in one or more courses/certifications",Planning to start a project/internship soon,"Limited knowledge, theoretical only",Occasionally participate in events,Often,76% – 85%,"Technical/Hard Skills (Coding, Math, Logic)",Procrastination / Low Motivation,Never (Unaware or Not interested),Moderate Impact (Occasional disruption),Moderate Risk
STU1083,4/14/2026 8:44,First Year (PG),BSc Computer Science,25,Male,7.0 – 8.4,Satisfied,1–2 hours,3,Rarely,More than 2 hours,2–4 hours,Social media,Rarely,Rarely,Planning to start soon,Somewhat clear,"Hard skills (programming, data analytics, technical skills)",1,5,2,Often,4–5 hours,Cyber Security Analyst,Planning to enroll soon,"Yes, actively working on projects/internship",Strong foundation in core concepts,Never participate in such events,Often,66% – 75%,"Soft Skills (Communication, Leadership, Teamwork)",Procrastination / Low Motivation,Occasionally (When needed),,High Risk
STU1084,4/7/2026 7:08,First Year (FY),BCA,18,Female,9.5 – 10.0,Very satisfied,Less than 1 hour,3,Few times a week,More than 2 hours,More than 6 hours,Video content (YouTube/OTT),Sometimes,Rarely,Thinking about it,Very clear,"Hard skills (programming, data analytics, technical skills)",4,1,3,Sometimes,6–7 hours,Software Developer,"No, not interested","Yes, actively working on projects/internship","Basic knowledge, learning while practicing",Occasionally participate in events,Often,76% – 85%,"Management/Execution (Planning, Organizing, Discipline)",Procrastination / Low Motivation,Rarely (Passive),High Impact (Frequent disruption),Low Risk
STU1085,4/4/2026 15:29,First Year (FY),BCA,19,Male,5.0 – 6.9,Neutral,Less than 1 hour,3,Rarely,1–2 hours,2–4 hours,Social media,Rarely,Rarely,Planning to start soon,Somewhat clear,Both hard and soft skills,1,3,3,Always,6–7 hours,Digital Marketing Specialist,"Yes, currently enrolled in one or more courses/certifications","Yes, actively working on projects/internship","Basic knowledge, learning while practicing",Never participate in such events,Sometimes,66% – 75%,"Soft Skills (Communication, Leadership, Teamwork)",Difficulty with Focus / Concentration,Occasionally (When needed),,High Risk
STU1086,3/25/2026 5:42,Second Year (PG),BCA,24,Male,7.0 – 8.4,Unsatisfied,Less than 1 hour,2,Never,30–60 minutes,More than 6 hours,Social media,Sometimes,Often,Actively preparing for a goal (placements/exams),Not clear,"Soft skills (communication, teamwork, leadership, financial literacy)",5,1,2,Always,More than 8 hours,Data Analyst,"No, not interested",Planning to start a project/internship soon,"Basic knowledge, learning while practicing",Occasionally participate in events,Rarely,50% – 65%,"Management/Execution (Planning, Organizing, Discipline)",Poor Time Management / Over-scheduling,Rarely (Passive),Moderate Impact (Occasional disruption),Moderate Risk
STU1087,4/13/2026 10:51,Second Year (SY),BA,19,Male,7.0 – 8.4,Very unsatisfied,Less than 1 hour,4,Few times a week,1–2 hours,2–4 hours,Other,Sometimes,Rarely,Planning to start soon,Somewhat clear,Both hard and soft skills,5,4,1,Often,More than 8 hours,Data Analyst,"Yes, currently enrolled in one or more courses/certifications","Not currently, but intend to in the future","Basic knowledge, learning while practicing",Never participate in such events,Rarely,76% – 85%,"Technical/Hard Skills (Coding, Math, Logic)",Procrastination / Low Motivation,Rarely (Passive),Low Impact (Rarely affects study),High Risk
STU1088,3/26/2026 11:34,Second Year (PG),BSc Computer Science,26,Male,5.0 – 6.9,Neutral,1–2 hours,3,Never,More than 2 hours,,Video content (YouTube/OTT),Sometimes,Rarely,Actively preparing for a goal (placements/exams),Somewhat clear,Both hard and soft skills,5,3,2,Sometimes,,AI / ML,"Yes, currently enrolled in one or more courses/certifications","Not currently, but intend to in the future","Basic knowledge, learning while practicing",Never participate in such events,Rarely,66% – 75%,"Management/Execution (Planning, Organizing, Discipline)",Procrastination / Low Motivation,Rarely (Passive),High Impact (Frequent disruption),High Risk
STU1089,4/1/2026 21:14,First Year (PG),BCom,25,Female,7.0 – 8.4,Neutral,More than 2 hours,3,Rarely,1–2 hours,More than 6 hours,Social media,Sometimes,Sometimes,Planning to start soon,Somewhat clear,"Hard skills (programming, data analytics, technical skills)",3,3,2,Sometimes,6–7 hours,Automation Engineer,"No, not interested","Not currently, but intend to in the future",Strong foundation in core concepts,"Rarely participate, mostly observe",Sometimes,50% – 65%,"Creative/Design Skills (Innovation, UI/UX, Content)",Difficulty with Focus / Concentration,Rarely (Passive),Moderate Impact (Occasional disruption),High Risk
STU1090,3/25/2026 7:06,First Year (FY),BSc Cyber Security,18,Male,7.0 – 8.4,Unsatisfied,1–2 hours,1,Never,30–60 minutes,More than 6 hours,Video content (YouTube/OTT),Rarely,Often,Thinking about it,Somewhat clear,Both hard and soft skills,4,3,1,Often,4–5 hours,Digital Marketing Specialist,"No, not interested",Planning to start a project/internship soon,"Basic knowledge, learning while practicing",Occasionally participate in events,Often,50% – 65%,"Technical/Hard Skills (Coding, Math, Logic)",Lack of Consistency or Determination (Difficulty sticking to a plan),Occasionally (When needed),No Impact (Fully supportive environment),High Risk
STU1091,4/2/2026 15:31,First Year (PG),BCA,25,Male,5.0 – 6.9,Satisfied,1–2 hours,3,Rarely,1–2 hours,More than 6 hours,Gaming,Mostly consistent,Often,Actively preparing for a goal (placements/exams),Somewhat clear,"Soft skills (communication, teamwork, leadership, financial literacy)",3,3,3,Often,More than 8 hours,Cyber Security Analyst,Planning to enroll soon,Planning to start a project/internship soon,Strong foundation in core concepts,"Rarely participate, mostly observe",Always,Less than 50%,"Technical/Hard Skills (Coding, Math, Logic)",Difficulty with Focus / Concentration,Rarely (Passive),Low Impact (Rarely affects study),High Risk
STU1092,4/9/2026 5:53,First Year (FY),BCA,18,Male,7.0 – 8.4,Unsatisfied,Less than 1 hour,2,,30–60 minutes,More than 6 hours,Social media,Sometimes,Sometimes,Planning to start soon,Somewhat clear,"Hard skills (programming, data analytics, technical skills)",4,1,2,Often,More than 8 hours,AI / ML,"Yes, currently enrolled in one or more courses/certifications","Not currently, but intend to in the future",Strong foundation in core concepts,Occasionally participate in events,Always,50% – 65%,"Management/Execution (Planning, Organizing, Discipline)",Poor Time Management / Over-scheduling,Never (Unaware or Not interested),High Impact (Frequent disruption),Moderate Risk
STU1093,4/8/2026 3:17,First Year (FY),BCA,17,Male,7.0 – 8.4,Very unsatisfied,Less than 1 hour,2,Rarely,1–2 hours,,Social media,Mostly consistent,Always,Actively preparing for a goal (placements/exams),Very clear,"Soft skills (communication, teamwork, leadership, financial literacy)",3,2,1,Sometimes,6–7 hours,Data Analyst,Planning to enroll soon,Planning to start a project/internship soon,"Basic knowledge, learning while practicing",Never participate in such events,Often,Above 85%,"Technical/Hard Skills (Coding, Math, Logic)",Poor Time Management / Over-scheduling,Rarely (Passive),High Impact (Frequent disruption),Low Risk
STU1094,3/21/2026 10:05,Second Year (SY),BCA,21,Male,7.0 – 8.4,Unsatisfied,Less than 1 hour,1,Never,30–60 minutes,More than 6 hours,Social interactions,Rarely,Rarely,Actively preparing for a goal (placements/exams),Not clear,Both hard and soft skills,4,1,1,Always,More than 8 hours,AI / ML,Planning to enroll soon,"Not currently, but intend to in the future","Limited knowledge, theoretical only","Rarely participate, mostly observe",Sometimes,66% – 75%,"Technical/Hard Skills (Coding, Math, Logic)",Procrastination / Low Motivation,Never (Unaware or Not interested),Low Impact (Rarely affects study),Moderate Risk
STU1095,3/18/2026 0:11,Second Year (SY),BCA,21,Female,8.5 – 9.4,Neutral,1–2 hours,3,,1–2 hours,More than 6 hours,Social media,Sometimes,Sometimes,Planning to start soon,Somewhat clear,Both hard and soft skills,5,2,3,Never,6–7 hours,Data Analyst,"No, not interested",Planning to start a project/internship soon,"Basic knowledge, learning while practicing","Rarely participate, mostly observe",Rarely,76% – 85%,"Technical/Hard Skills (Coding, Math, Logic)",Difficulty with Focus / Concentration,Never (Unaware or Not interested),Moderate Impact (Occasional disruption),Moderate Risk
STU1096,4/9/2026 11:42,Third Year (TY),BSc IT,20,Female,5.0 – 6.9,Neutral,Less than 1 hour,1,Never,30–60 minutes,More than 6 hours,Gaming,Rarely,Sometimes,Actively preparing for a goal (placements/exams),Somewhat clear,"Soft skills (communication, teamwork, leadership, financial literacy)",3,3,2,Often,4–5 hours,Digital Marketing Specialist,"Not currently, but intend to in the future",Planning to start a project/internship soon,"Basic knowledge, learning while practicing","Rarely participate, mostly observe",Always,76% – 85%,"Management/Execution (Planning, Organizing, Discipline)",Procrastination / Low Motivation,Occasionally (When needed),Moderate Impact (Occasional disruption),High Risk
STU1097,3/30/2026 9:54,First Year (FY),BCA,17,Male,7.0 – 8.4,Very unsatisfied,Less than 1 hour,,Never,1–2 hours,More than 6 hours,Social media,Rarely,Often,Planning to start soon,Very clear,"Soft skills (communication, teamwork, leadership, financial literacy)",4,2,1,Sometimes,6–7 hours,Automation Engineer,"Yes, currently enrolled in one or more courses/certifications",Planning to start a project/internship soon,"Basic knowledge, learning while practicing",Never participate in such events,Sometimes,50% – 65%,"Soft Skills (Communication, Leadership, Teamwork)",Poor Time Management / Over-scheduling,Never (Unaware or Not interested),Low Impact (Rarely affects study),High Risk
STU1098,3/16/2026 17:16,Second Year (SY),BCA,19,Female,7.0 – 8.4,Neutral,More than 2 hours,3,Never,More than 2 hours,4–6 hours,Gaming,Rarely,Sometimes,Planning to start soon,Somewhat clear,Both hard and soft skills,3,3,2,Often,More than 8 hours,Cyber Security Analyst,Planning to enroll soon,Planning to start a project/internship soon,"Basic knowledge, learning while practicing","Rarely participate, mostly observe",Often,Less than 50%,"Management/Execution (Planning, Organizing, Discipline)",Lack of Consistency or Determination (Difficulty sticking to a plan),Occasionally (When needed),No Impact (Fully supportive environment),High Risk
STU1099,3/17/2026 15:45,Final Year,BBA,22,Male,5.0 – 6.9,Very unsatisfied,Less than 1 hour,3,Never,More than 2 hours,4–6 hours,Video content (YouTube/OTT),Sometimes,Always,Thinking about it,Somewhat clear,"Hard skills (programming, data analytics, technical skills)",4,3,2,Sometimes,More than 8 hours,Cyber Security Analyst,Planning to enroll soon,"Not currently, but intend to in the future","Basic knowledge, learning while practicing","Rarely participate, mostly observe",Often,Above 85%,"Creative/Design Skills (Innovation, UI/UX, Content)",Procrastination / Low Motivation,Rarely (Passive),No Impact (Fully supportive environment),Moderate Risk
STU1100,3/17/2026 7:41,Third Year (TY),BCom,20,Male,5.0 – 6.9,Unsatisfied,Less than 1 hour,3,Never,30–60 minutes,More than 6 hours,Social interactions,Sometimes,Often,Planning to start soon,Very clear,"Soft skills (communication, teamwork, leadership, financial literacy)",4,2,2,Sometimes,More than 8 hours,AI / ML,"No, not interested",Planning to start a project/internship soon,"Basic knowledge, learning while practicing",Occasionally participate in events,Rarely,66% – 75%,"Soft Skills (Communication, Leadership, Teamwork)",Lack of Consistency or Determination (Difficulty sticking to a plan),Occasionally (When needed),High Impact (Frequent disruption),Moderate Risk
STU1101,3/23/2026 10:36,First Year (PG),BCA,23,Female,8.5 – 9.4,Satisfied,Less than 1 hour,3,Never,1–2 hours,More than 6 hours,Video content (YouTube/OTT),Mostly consistent,Often,Planning to start soon,Somewhat clear,Both hard and soft skills,5,4,3,Always,More than 8 hours,Data Analyst,"No, not interested","Not currently, but intend to in the future","Basic knowledge, learning while practicing",Occasionally participate in events,Often,Above 85%,"Creative/Design Skills (Innovation, UI/UX, Content)",Procrastination / Low Motivation,Rarely (Passive),,Moderate Risk
STU1102,4/10/2026 17:45,Final Year,BBA,22,Male,9.5 – 10.0,Satisfied,1–2 hours,3,Rarely,More than 2 hours,More than 6 hours,Other,Sometimes,Sometimes,Planning to start soon,Somewhat clear,Both hard and soft skills,,4,3,Never,6–7 hours,Digital Marketing Specialist,"Not currently, but intend to in the future","Not currently, but intend to in the future","Basic knowledge, learning while practicing","Rarely participate, mostly observe",Rarely,66% – 75%,"Soft Skills (Communication, Leadership, Teamwork)",Procrastination / Low Motivation,Rarely (Passive),Moderate Impact (Occasional disruption),Moderate Risk
STU1103,4/5/2026 9:42,Second Year (SY),BCA,19,Female,5.0 – 6.9,Very satisfied,1–2 hours,5,Few times a week,1–2 hours,2–4 hours,Video content (YouTube/OTT),Mostly consistent,Often,Planning to start soon,Not clear,"Hard skills (programming, data analytics, technical skills)",2,3,2,Often,6–7 hours,AI / ML,Planning to enroll soon,"Not currently, but intend to in the future","Basic knowledge, learning while practicing","Rarely participate, mostly observe",Always,50% – 65%,"Technical/Hard Skills (Coding, Math, Logic)",Procrastination / Low Motivation,Rarely (Passive),Moderate Impact (Occasional disruption),High Risk
STU1104,4/2/2026 9:49,First Year (PG),BSc IT,25,Male,8.5 – 9.4,Very satisfied,1–2 hours,1,Rarely,30–60 minutes,More than 6 hours,Social media,Mostly consistent,Sometimes,Thinking about it,Not clear,"Hard skills (programming, data analytics, technical skills)",,3,3,Never,6–7 hours,AI / ML,"Not currently, but intend to in the future","Not currently, but intend to in the future","Limited knowledge, theoretical only",,Sometimes,66% – 75%,"Soft Skills (Communication, Leadership, Teamwork)",Poor Time Management / Over-scheduling,Occasionally (When needed),High Impact (Frequent disruption),Moderate Risk
STU1105,4/13/2026 20:34,First Year (PG),BA,25,Male,9.5 – 10.0,Satisfied,More than 2 hours,3,Few times a week,30–60 minutes,2–4 hours,Other,Mostly consistent,Often,Planning to start soon,Very clear,"Soft skills (communication, teamwork, leadership, financial literacy)",4,3,3,Sometimes,More than 8 hours,Automation Engineer,"No, not interested","Not currently, but intend to in the future",Strong foundation in core concepts,"Rarely participate, mostly observe",Often,66% – 75%,"Technical/Hard Skills (Coding, Math, Logic)",Poor Time Management / Over-scheduling,Occasionally (When needed),Moderate Impact (Occasional disruption),Low Risk
STU1106,4/1/2026 19:00,Second Year (PG),BCA,24,Male,8.5 – 9.4,Satisfied,More than 2 hours,5,,1–2 hours,4–6 hours,Video content (YouTube/OTT),Sometimes,Often,Actively preparing for a goal (placements/exams),Somewhat clear,Both hard and soft skills,4,1,2,Sometimes,6–7 hours,Data Analyst,"Yes, currently enrolled in one or more courses/certifications","Not currently, but intend to in the future","Basic knowledge, learning while practicing",Never participate in such events,Often,66% – 75%,"Soft Skills (Communication, Leadership, Teamwork)",Lack of Consistency or Determination (Difficulty sticking to a plan),Rarely (Passive),No Impact (Fully supportive environment),Low Risk
STU1107,3/17/2026 20:42,Second Year (SY),BSc Computer Science,19,Male,7.0 – 8.4,Satisfied,More than 2 hours,4,Few times a week,1–2 hours,2–4 hours,Social media,Sometimes,Sometimes,Thinking about it,Somewhat clear,Both hard and soft skills,4,3,2,Sometimes,More than 8 hours,Software Developer,"Not currently, but intend to in the future",Planning to start a project/internship soon,"Limited knowledge, theoretical only",Never participate in such events,Often,66% – 75%,"Creative/Design Skills (Innovation, UI/UX, Content)",Procrastination / Low Motivation,Rarely (Passive),High Impact (Frequent disruption),Moderate Risk
STU1108,4/5/2026 10:30,Second Year (SY),BSc Computer Science,21,Male,8.5 – 9.4,Very satisfied,1–2 hours,3,Rarely,1–2 hours,4–6 hours,Social media,Sometimes,Rarely,Actively preparing for a goal (placements/exams),Very clear,"Hard skills (programming, data analytics, technical skills)",1,4,2,Never,4–5 hours,Cyber Security Analyst,"No, not interested","Not currently, but intend to in the future",Strong foundation in core concepts,Occasionally participate in events,Rarely,Less than 50%,"Management/Execution (Planning, Organizing, Discipline)",Difficulty with Focus / Concentration,Rarely (Passive),Low Impact (Rarely affects study),High Risk
STU1109,4/5/2026 16:18,Second Year (SY),BCA,21,Other,7.0 – 8.4,Neutral,1–2 hours,4,Never,1–2 hours,More than 6 hours,Gaming,Mostly consistent,Often,Planning to start soon,Not clear,Both hard and soft skills,4,2,3,Sometimes,6–7 hours,AI / ML,"No, not interested","Not currently, but intend to in the future","Basic knowledge, learning while practicing",Never participate in such events,Sometimes,Less than 50%,"Creative/Design Skills (Innovation, UI/UX, Content)",Procrastination / Low Motivation,Never (Unaware or Not interested),High Impact (Frequent disruption),Moderate Risk
STU1110,4/6/2026 10:26,First Year (PG),BCA,24,Male,9.5 – 10.0,Neutral,1–2 hours,2,Never,1–2 hours,More than 6 hours,Social media,Sometimes,Often,Planning to start soon,Somewhat clear,Both hard and soft skills,4,2,2,Sometimes,6–7 hours,Cyber Security Analyst,"Not currently, but intend to in the future","Yes, actively working on projects/internship","Limited knowledge, theoretical only","Rarely participate, mostly observe",Sometimes,Above 85%,"Management/Execution (Planning, Organizing, Discipline)",Lack of Consistency or Determination (Difficulty sticking to a plan),Rarely (Passive),Low Impact (Rarely affects study),Low Risk
STU1111,4/13/2026 13:10,First Year (PG),BCA,24,Male,7.0 – 8.4,Satisfied,Less than 1 hour,5,Few times a week,1–2 hours,More than 6 hours,Social media,Sometimes,Often,Planning to start soon,Very clear,"Soft skills (communication, teamwork, leadership, financial literacy)",4,,3,Always,6–7 hours,Digital Marketing Specialist,"Not currently, but intend to in the future","Not currently, but intend to in the future","Basic knowledge, learning while practicing","Rarely participate, mostly observe",Often,66% – 75%,"Management/Execution (Planning, Organizing, Discipline)",Procrastination / Low Motivation,Occasionally (When needed),High Impact (Frequent disruption),High Risk
STU1112,4/12/2026 6:02,Second Year (SY),BCA,20,Female,8.5 – 9.4,Unsatisfied,1–2 hours,4,Never,1–2 hours,4–6 hours,Social media,Sometimes,Sometimes,Thinking about it,Very clear,"Soft skills (communication, teamwork, leadership, financial literacy)",5,2,3,Often,More than 8 hours,Digital Marketing Specialist,"No, not interested","Not currently, but intend to in the future","Basic knowledge, learning while practicing","Rarely participate, mostly observe",Always,Above 85%,"Management/Execution (Planning, Organizing, Discipline)",Poor Time Management / Over-scheduling,Occasionally (When needed),High Impact (Frequent disruption),Low Risk
STU1113,4/12/2026 20:37,First Year (FY),BCA,19,Male,8.5 – 9.4,Satisfied,Less than 1 hour,2,Rarely,30–60 minutes,More than 6 hours,Social interactions,Mostly consistent,Often,Planning to start soon,Somewhat clear,"Soft skills (communication, teamwork, leadership, financial literacy)",3,5,3,Sometimes,6–7 hours,Software Developer,"No, not interested","Not currently, but intend to in the future","Basic knowledge, learning while practicing",Never participate in such events,Often,Above 85%,"Technical/Hard Skills (Coding, Math, Logic)",Poor Time Management / Over-scheduling,,High Impact (Frequent disruption),Moderate Risk
STU1114,3/16/2026 17:15,Second Year (SY),BCA,20,Female,8.5 – 9.4,Satisfied,More than 2 hours,5,Rarely,1–2 hours,More than 6 hours,Social interactions,Sometimes,Rarely,Thinking about it,Very clear,"Soft skills (communication, teamwork, leadership, financial literacy)",1,2,3,Often,6–7 hours,Cyber Security Analyst,"Yes, currently enrolled in one or more courses/certifications",Planning to start a project/internship soon,"Limited knowledge, theoretical only",Occasionally participate in events,Always,50% – 65%,"Technical/Hard Skills (Coding, Math, Logic)",Difficulty with Focus / Concentration,Never (Unaware or Not interested),Low Impact (Rarely affects study),Moderate Risk
STU1115,3/16/2026 14:41,Third Year (TY),BCA,20,Male,9.5 – 10.0,Very satisfied,1–2 hours,5,Never,1–2 hours,4–6 hours,Social media,Sometimes,Sometimes,Actively preparing for a goal (placements/exams),Very clear,Both hard and soft skills,2,4,2,Sometimes,4–5 hours,Data Analyst,"No, not interested","Not currently, but intend to in the future","Basic knowledge, learning while practicing",Never participate in such events,Often,76% – 85%,"Technical/Hard Skills (Coding, Math, Logic)",Lack of Consistency or Determination (Difficulty sticking to a plan),Rarely (Passive),High Impact (Frequent disruption),Moderate Risk
STU1116,4/8/2026 11:36,Second Year (SY),BCA,21,Other,7.0 – 8.4,Very satisfied,1–2 hours,2,Never,1–2 hours,4–6 hours,Gaming,Rarely,Sometimes,Thinking about it,Somewhat clear,Both hard and soft skills,2,4,1,Often,6–7 hours,Cyber Security Analyst,"Not currently, but intend to in the future","Not currently, but intend to in the future","Basic knowledge, learning while practicing","Rarely participate, mostly observe",Often,50% – 65%,"Technical/Hard Skills (Coding, Math, Logic)",Poor Time Management / Over-scheduling,Rarely (Passive),Moderate Impact (Occasional disruption),High Risk
STU1117,3/25/2026 9:53,Second Year (SY),BCom,21,Male,8.5 – 9.4,Very satisfied,Less than 1 hour,1,Rarely,More than 2 hours,More than 6 hours,Video content (YouTube/OTT),Mostly consistent,Often,Planning to start soon,Not clear,Both hard and soft skills,3,4,1,Never,6–7 hours,Data Analyst,"Not currently, but intend to in the future",Planning to start a project/internship soon,"Limited knowledge, theoretical only","Rarely participate, mostly observe",Often,66% – 75%,"Management/Execution (Planning, Organizing, Discipline)",Difficulty with Focus / Concentration,Rarely (Passive),Moderate Impact (Occasional disruption),Moderate Risk
STU1118,3/27/2026 12:32,Second Year (SY),BCA,21,Female,7.0 – 8.4,Satisfied,Less than 1 hour,2,Never,More than 2 hours,4–6 hours,Gaming,Sometimes,Often,Planning to start soon,Not clear,"Hard skills (programming, data analytics, technical skills)",3,3,1,Always,6–7 hours,AI / ML,Planning to enroll soon,"Not currently, but intend to in the future","Limited knowledge, theoretical only","Rarely participate, mostly observe",Rarely,Above 85%,"Technical/Hard Skills (Coding, Math, Logic)",Poor Time Management / Over-scheduling,Never (Unaware or Not interested),No Impact (Fully supportive environment),Moderate Risk
STU1119,3/26/2026 16:30,Second Year (PG),BSc Computer Science,24,Male,9.5 – 10.0,Satisfied,More than 2 hours,4,Never,1–2 hours,2–4 hours,Social media,Rarely,Sometimes,Thinking about it,Very clear,Both hard and soft skills,3,2,2,Often,6–7 hours,Software Developer,"Yes, currently enrolled in one or more courses/certifications","Not currently, but intend to in the future","Limited knowledge, theoretical only","Rarely participate, mostly observe",Sometimes,76% – 85%,"Soft Skills (Communication, Leadership, Teamwork)",Difficulty with Focus / Concentration,Rarely (Passive),No Impact (Fully supportive environment),Moderate Risk
STU1120,3/22/2026 8:20,First Year (FY),BCA,18,Male,7.0 – 8.4,Satisfied,1–2 hours,4,Rarely,1–2 hours,More than 6 hours,Video content (YouTube/OTT),Rarely,Often,Planning to start soon,Somewhat clear,Both hard and soft skills,5,2,2,Sometimes,,Digital Marketing Specialist,,"Not currently, but intend to in the future","Limited knowledge, theoretical only","Rarely participate, mostly observe",Rarely,50% – 65%,"Creative/Design Skills (Innovation, UI/UX, Content)",Lack of Consistency or Determination (Difficulty sticking to a plan),Rarely (Passive),Moderate Impact (Occasional disruption),High Risk
STU1121,3/23/2026 9:37,Second Year (SY),BCA,19,Female,9.5 – 10.0,Neutral,Less than 1 hour,3,Never,30–60 minutes,4–6 hours,Social media,Mostly consistent,Often,Actively preparing for a goal (placements/exams),Somewhat clear,"Soft skills (communication, teamwork, leadership, financial literacy)",2,5,2,Always,6–7 hours,Data Analyst,Planning to enroll soon,"Yes, actively working on projects/internship",Strong foundation in core concepts,Occasionally participate in events,Always,76% – 85%,"Technical/Hard Skills (Coding, Math, Logic)",Poor Time Management / Over-scheduling,Occasionally (When needed),No Impact (Fully supportive environment),Moderate Risk
STU1122,4/9/2026 17:52,Second Year (SY),BCA,20,Male,5.0 – 6.9,Neutral,1–2 hours,4,Rarely,More than 2 hours,2–4 hours,Social media,Rarely,Often,Actively preparing for a goal (placements/exams),Not clear,"Hard skills (programming, data analytics, technical skills)",4,,1,Sometimes,6–7 hours,Automation Engineer,Planning to enroll soon,Planning to start a project/internship soon,"Basic knowledge, learning while practicing",Occasionally participate in events,Always,Above 85%,"Soft Skills (Communication, Leadership, Teamwork)",Procrastination / Low Motivation,Rarely (Passive),Low Impact (Rarely affects study),High Risk
STU1123,3/19/2026 8:27,Second Year (SY),BCA,19,Male,8.5 – 9.4,Very satisfied,More than 2 hours,5,Few times a week,1–2 hours,4–6 hours,Video content (YouTube/OTT),Mostly consistent,Sometimes,Planning to start soon,Somewhat clear,"Soft skills (communication, teamwork, leadership, financial literacy)",5,2,3,Always,6–7 hours,Data Analyst,"No, not interested","Yes, actively working on projects/internship",Strong foundation in core concepts,Occasionally participate in events,Always,66% – 75%,"Soft Skills (Communication, Leadership, Teamwork)",Difficulty with Focus / Concentration,Rarely (Passive),Low Impact (Rarely affects study),Low Risk
STU1124,4/13/2026 21:14,Second Year (SY),BSc Computer Science,19,Male,8.5 – 9.4,Satisfied,More than 2 hours,,Rarely,1–2 hours,More than 6 hours,Video content (YouTube/OTT),Mostly consistent,Sometimes,Planning to start soon,Very clear,"Hard skills (programming, data analytics, technical skills)",3,3,3,Often,4–5 hours,Other,"No, not interested","Not currently, but intend to in the future","Basic knowledge, learning while practicing",Occasionally participate in events,Always,76% – 85%,"Creative/Design Skills (Innovation, UI/UX, Content)",Difficulty with Focus / Concentration,Occasionally (When needed),Low Impact (Rarely affects study),Moderate Risk
STU1125,4/8/2026 8:08,Final Year,BSc IT,22,Male,8.5 – 9.4,Neutral,1–2 hours,3,Rarely,More than 2 hours,More than 6 hours,Social interactions,Mostly consistent,Always,Actively preparing for a goal (placements/exams),Very clear,"Hard skills (programming, data analytics, technical skills)",1,3,1,Often,6–7 hours,AI / ML,Planning to enroll soon,"Not currently, but intend to in the future","Limited knowledge, theoretical only",Never participate in such events,Often,76% – 85%,"Technical/Hard Skills (Coding, Math, Logic)",Difficulty with Focus / Concentration,Rarely (Passive),No Impact (Fully supportive environment),Moderate Risk
STU1126,3/15/2026 9:03,Final Year,BSc IT,23,Male,7.0 – 8.4,Neutral,Less than 1 hour,,Few times a week,30–60 minutes,2–4 hours,Video content (YouTube/OTT),Rarely,Always,Actively preparing for a goal (placements/exams),Somewhat clear,"Hard skills (programming, data analytics, technical skills)",4,3,1,Never,More than 8 hours,Software Developer,Planning to enroll soon,"Yes, actively working on projects/internship","Basic knowledge, learning while practicing","Rarely participate, mostly observe",Often,50% – 65%,"Creative/Design Skills (Innovation, UI/UX, Content)",Procrastination / Low Motivation,Occasionally (When needed),Moderate Impact (Occasional disruption),High Risk
STU1127,4/13/2026 14:00,Second Year (SY),BCA,20,Male,8.5 – 9.4,Very satisfied,Less than 1 hour,1,Rarely,1–2 hours,4–6 hours,Gaming,Rarely,Sometimes,Thinking about it,Somewhat clear,"Soft skills (communication, teamwork, leadership, financial literacy)",4,2,1,Sometimes,More than 8 hours,Cyber Security Analyst,"No, not interested","Not currently, but intend to in the future","Limited knowledge, theoretical only","Rarely participate, mostly observe",Often,76% – 85%,"Soft Skills (Communication, Leadership, Teamwork)",Procrastination / Low Motivation,Occasionally (When needed),No Impact (Fully supportive environment),Moderate Risk
STU1128,3/25/2026 11:30,Third Year (TY),BSc Cyber Security,20,Female,9.5 – 10.0,Very satisfied,1–2 hours,3,Few times a week,30–60 minutes,2–4 hours,Social media,Mostly consistent,Always,Planning to start soon,Very clear,"Hard skills (programming, data analytics, technical skills)",4,2,2,Often,6–7 hours,Digital Marketing Specialist,"No, not interested","Yes, actively working on projects/internship","Basic knowledge, learning while practicing","Rarely participate, mostly observe",Always,66% – 75%,"Soft Skills (Communication, Leadership, Teamwork)",Procrastination / Low Motivation,Never (Unaware or Not interested),Low Impact (Rarely affects study),Low Risk
STU1129,4/1/2026 7:42,Second Year (SY),BCA,21,Male,5.0 – 6.9,Very unsatisfied,Less than 1 hour,1,Never,More than 2 hours,2–4 hours,Social interactions,Mostly consistent,Often,Planning to start soon,Somewhat clear,Both hard and soft skills,5,2,2,Never,More than 8 hours,Cyber Security Analyst,"Not currently, but intend to in the future","Yes, actively working on projects/internship","Basic knowledge, learning while practicing",Occasionally participate in events,Often,76% – 85%,"Soft Skills (Communication, Leadership, Teamwork)",Poor Time Management / Over-scheduling,Occasionally (When needed),No Impact (Fully supportive environment),Moderate Risk
STU1130,4/11/2026 9:09,Second Year (SY),BCA,19,Female,7.0 – 8.4,Neutral,Less than 1 hour,1,Never,1–2 hours,More than 6 hours,Social media,Sometimes,Sometimes,Thinking about it,Somewhat clear,Both hard and soft skills,4,2,2,Always,6–7 hours,Data Analyst,Planning to enroll soon,Planning to start a project/internship soon,"Basic knowledge, learning while practicing",Occasionally participate in events,Often,Less than 50%,"Technical/Hard Skills (Coding, Math, Logic)",Poor Time Management / Over-scheduling,Rarely (Passive),No Impact (Fully supportive environment),Moderate Risk
STU1131,3/29/2026 14:05,Second Year (PG),BCA,26,Male,8.5 – 9.4,Neutral,1–2 hours,2,Few times a week,More than 2 hours,More than 6 hours,Other,Mostly consistent,Always,Planning to start soon,Very clear,"Hard skills (programming, data analytics, technical skills)",3,1,2,Sometimes,More than 8 hours,AI / ML,"No, not interested","Not currently, but intend to in the future",Strong foundation in core concepts,Never participate in such events,Often,66% – 75%,"Technical/Hard Skills (Coding, Math, Logic)",Difficulty with Focus / Concentration,Rarely (Passive),Moderate Impact (Occasional disruption),Low Risk
STU1132,3/30/2026 10:57,First Year (FY),BCA,18,Male,9.5 – 10.0,Very satisfied,1–2 hours,1,Few times a week,30–60 minutes,4–6 hours,Gaming,Mostly consistent,Always,Thinking about it,Very clear,"Hard skills (programming, data analytics, technical skills)",2,3,2,Always,4–5 hours,AI / ML,Planning to enroll soon,Planning to start a project/internship soon,"Limited knowledge, theoretical only",,Always,76% – 85%,"Technical/Hard Skills (Coding, Math, Logic)",Lack of Consistency or Determination (Difficulty sticking to a plan),Occasionally (When needed),High Impact (Frequent disruption),Low Risk
STU1133,3/25/2026 0:14,Third Year (TY),BCA,22,Male,8.5 – 9.4,Neutral,More than 2 hours,4,Rarely,More than 2 hours,More than 6 hours,Social media,Mostly consistent,Always,Planning to start soon,Somewhat clear,Both hard and soft skills,4,3,3,Often,6–7 hours,AI / ML,"Not currently, but intend to in the future",Planning to start a project/internship soon,"Basic knowledge, learning while practicing","Rarely participate, mostly observe",Rarely,Above 85%,"Soft Skills (Communication, Leadership, Teamwork)",Lack of Consistency or Determination (Difficulty sticking to a plan),Occasionally (When needed),Moderate Impact (Occasional disruption),Low Risk
STU1134,3/27/2026 13:55,Second Year (SY),BBA,20,Male,8.5 – 9.4,Very satisfied,1–2 hours,4,Few times a week,1–2 hours,More than 6 hours,Gaming,Mostly consistent,Often,Planning to start soon,Somewhat clear,"Soft skills (communication, teamwork, leadership, financial literacy)",3,2,1,Sometimes,More than 8 hours,Cyber Security Analyst,"Yes, currently enrolled in one or more courses/certifications",Planning to start a project/internship soon,"Limited knowledge, theoretical only",Never participate in such events,Always,76% – 85%,"Technical/Hard Skills (Coding, Math, Logic)",Procrastination / Low Motivation,Never (Unaware or Not interested),Moderate Impact (Occasional disruption),Low Risk
STU1135,4/12/2026 8:34,Second Year (SY),BSc IT,20,Male,8.5 – 9.4,Very satisfied,1–2 hours,4,Few times a week,More than 2 hours,4–6 hours,Video content (YouTube/OTT),Sometimes,Rarely,Actively preparing for a goal (placements/exams),Somewhat clear,Both hard and soft skills,5,3,1,Sometimes,More than 8 hours,Other,Planning to enroll soon,"Not currently, but intend to in the future","Basic knowledge, learning while practicing","Rarely participate, mostly observe",Sometimes,66% – 75%,"Management/Execution (Planning, Organizing, Discipline)",Poor Time Management / Over-scheduling,Occasionally (When needed),Low Impact (Rarely affects study),Moderate Risk
STU1136,3/29/2026 15:34,Second Year (SY),BCom,21,Male,7.0 – 8.4,Satisfied,Less than 1 hour,2,Daily,30–60 minutes,4–6 hours,Social media,Sometimes,Often,Actively preparing for a goal (placements/exams),Not clear,Both hard and soft skills,3,3,2,Sometimes,6–7 hours,Data Analyst,Planning to enroll soon,Planning to start a project/internship soon,"Basic knowledge, learning while practicing","Rarely participate, mostly observe",Always,66% – 75%,"Soft Skills (Communication, Leadership, Teamwork)",Lack of Consistency or Determination (Difficulty sticking to a plan),Rarely (Passive),Low Impact (Rarely affects study),Moderate Risk
STU1137,3/30/2026 13:20,Final Year,BCA,23,Male,5.0 – 6.9,Very unsatisfied,Less than 1 hour,1,Rarely,1–2 hours,4–6 hours,Video content (YouTube/OTT),Sometimes,Sometimes,Actively preparing for a goal (placements/exams),Not clear,Both hard and soft skills,5,3,3,Sometimes,More than 8 hours,Data Analyst,Planning to enroll soon,"Yes, actively working on projects/internship","Limited knowledge, theoretical only",Occasionally participate in events,Rarely,76% – 85%,"Management/Execution (Planning, Organizing, Discipline)",Poor Time Management / Over-scheduling,Never (Unaware or Not interested),Moderate Impact (Occasional disruption),High Risk
STU1138,3/23/2026 19:11,Second Year (SY),BBA,19,Male,8.5 – 9.4,Neutral,1–2 hours,3,Few times a week,More than 2 hours,4–6 hours,Social media,Rarely,Rarely,Planning to start soon,Very clear,"Soft skills (communication, teamwork, leadership, financial literacy)",4,3,1,Often,More than 8 hours,Software Developer,Planning to enroll soon,Planning to start a project/internship soon,"Basic knowledge, learning while practicing",Never participate in such events,Often,76% – 85%,"Technical/Hard Skills (Coding, Math, Logic)",Procrastination / Low Motivation,Occasionally (When needed),No Impact (Fully supportive environment),Moderate Risk
STU1139,3/20/2026 8:52,First Year (FY),BCA,19,Male,7.0 – 8.4,Neutral,1–2 hours,3,Never,More than 2 hours,More than 6 hours,Social media,Rarely,Often,Actively preparing for a goal (placements/exams),Not clear,"Hard skills (programming, data analytics, technical skills)",3,5,1,Often,More than 8 hours,AI / ML,Planning to enroll soon,"Not currently, but intend to in the future","Basic knowledge, learning while practicing",Occasionally participate in events,Always,Less than 50%,"Technical/Hard Skills (Coding, Math, Logic)",Difficulty with Focus / Concentration,Rarely (Passive),,High Risk
STU1140,4/6/2026 19:04,Third Year (TY),BCA,22,Male,8.5 – 9.4,Neutral,More than 2 hours,5,Rarely,1–2 hours,More than 6 hours,Social media,Rarely,Often,Planning to start soon,Somewhat clear,Both hard and soft skills,3,4,2,Often,More than 8 hours,Cyber Security Analyst,"No, not interested",Planning to start a project/internship soon,Strong foundation in core concepts,Never participate in such events,Often,76% – 85%,"Soft Skills (Communication, Leadership, Teamwork)",Lack of Consistency or Determination (Difficulty sticking to a plan),,Moderate Impact (Occasional disruption),High Risk
STU1141,3/21/2026 14:18,Final Year,BCA,22,Male,5.0 – 6.9,Neutral,Less than 1 hour,3,Rarely,30–60 minutes,More than 6 hours,Other,Rarely,Always,Thinking about it,Not clear,Both hard and soft skills,4,4,1,Often,6–7 hours,Cyber Security Analyst,"No, not interested",Planning to start a project/internship soon,"Basic knowledge, learning while practicing","Rarely participate, mostly observe",Always,Less than 50%,"Technical/Hard Skills (Coding, Math, Logic)",Difficulty with Focus / Concentration,Never (Unaware or Not interested),Low Impact (Rarely affects study),High Risk
STU1142,4/8/2026 9:50,Third Year (TY),BCA,22,Male,7.0 – 8.4,Neutral,Less than 1 hour,1,Rarely,1–2 hours,More than 6 hours,Video content (YouTube/OTT),Rarely,Rarely,Actively preparing for a goal (placements/exams),Somewhat clear,"Soft skills (communication, teamwork, leadership, financial literacy)",4,3,2,Never,,Other,"No, not interested","Yes, actively working on projects/internship","Limited knowledge, theoretical only",,Often,50% – 65%,"Soft Skills (Communication, Leadership, Teamwork)",Procrastination / Low Motivation,Rarely (Passive),Low Impact (Rarely affects study),High Risk
STU1143,3/15/2026 11:11,Third Year (TY),BCom,21,Male,9.5 – 10.0,Satisfied,More than 2 hours,4,Daily,More than 2 hours,4–6 hours,Social media,Mostly consistent,Always,Planning to start soon,Somewhat clear,Both hard and soft skills,3,5,2,Always,More than 8 hours,Software Developer,Planning to enroll soon,Planning to start a project/internship soon,"Limited knowledge, theoretical only","Rarely participate, mostly observe",Always,Above 85%,"Soft Skills (Communication, Leadership, Teamwork)",Lack of Consistency or Determination (Difficulty sticking to a plan),Rarely (Passive),High Impact (Frequent disruption),Moderate Risk
STU1144,3/15/2026 18:04,First Year (PG),BCA,25,Male,7.0 – 8.4,Neutral,1–2 hours,4,Rarely,1–2 hours,4–6 hours,Social media,Sometimes,Rarely,Thinking about it,Somewhat clear,"Hard skills (programming, data analytics, technical skills)",4,4,2,Often,4–5 hours,Software Developer,"Yes, currently enrolled in one or more courses/certifications",Planning to start a project/internship soon,"Limited knowledge, theoretical only",Never participate in such events,Always,50% – 65%,"Soft Skills (Communication, Leadership, Teamwork)",Poor Time Management / Over-scheduling,Never (Unaware or Not interested),High Impact (Frequent disruption),High Risk
STU1145,3/23/2026 15:37,First Year (PG),BCA,25,Male,5.0 – 6.9,Neutral,1–2 hours,4,Rarely,More than 2 hours,2–4 hours,Video content (YouTube/OTT),Sometimes,Often,Planning to start soon,Somewhat clear,"Soft skills (communication, teamwork, leadership, financial literacy)",2,4,2,Always,6–7 hours,Automation Engineer,"No, not interested","Not currently, but intend to in the future","Basic knowledge, learning while practicing",Never participate in such events,Sometimes,50% – 65%,"Creative/Design Skills (Innovation, UI/UX, Content)",Procrastination / Low Motivation,Occasionally (When needed),High Impact (Frequent disruption),High Risk
STU1146,4/9/2026 16:29,Final Year,BCA,21,Female,8.5 – 9.4,Neutral,More than 2 hours,4,Rarely,More than 2 hours,More than 6 hours,Social media,Mostly consistent,Often,Planning to start soon,Somewhat clear,"Hard skills (programming, data analytics, technical skills)",4,2,1,Always,6–7 hours,AI / ML,"Not currently, but intend to in the future","Not currently, but intend to in the future","Limited knowledge, theoretical only",Never participate in such events,Always,Above 85%,"Soft Skills (Communication, Leadership, Teamwork)",Difficulty with Focus / Concentration,,High Impact (Frequent disruption),Low Risk
STU1147,3/20/2026 18:27,First Year (PG),BCA,24,Male,7.0 – 8.4,Very satisfied,1–2 hours,2,Rarely,1–2 hours,2–4 hours,Other,Rarely,Always,Planning to start soon,Not clear,Both hard and soft skills,4,3,,Sometimes,More than 8 hours,Digital Marketing Specialist,Planning to enroll soon,Planning to start a project/internship soon,"Basic knowledge, learning while practicing","Rarely participate, mostly observe",Rarely,50% – 65%,"Soft Skills (Communication, Leadership, Teamwork)",Poor Time Management / Over-scheduling,Rarely (Passive),Moderate Impact (Occasional disruption),High Risk
STU1148,4/2/2026 9:33,Second Year (PG),BCA,24,Male,8.5 – 9.4,Neutral,Less than 1 hour,2,Few times a week,1–2 hours,More than 6 hours,Other,Rarely,Sometimes,Planning to start soon,Not clear,"Hard skills (programming, data analytics, technical skills)",1,4,3,Always,6–7 hours,Data Analyst,"Yes, currently enrolled in one or more courses/certifications",Planning to start a project/internship soon,"Basic knowledge, learning while practicing",Never participate in such events,Always,76% – 85%,"Technical/Hard Skills (Coding, Math, Logic)",Lack of Consistency or Determination (Difficulty sticking to a plan),Never (Unaware or Not interested),Moderate Impact (Occasional disruption),High Risk
STU1149,3/29/2026 10:07,Second Year (SY),BA,20,Male,8.5 – 9.4,Very satisfied,More than 2 hours,4,Rarely,30–60 minutes,4–6 hours,Social media,Mostly consistent,Often,Thinking about it,Somewhat clear,Both hard and soft skills,3,3,3,Never,6–7 hours,Data Analyst,"Yes, currently enrolled in one or more courses/certifications","Not currently, but intend to in the future","Limited knowledge, theoretical only","Rarely participate, mostly observe",Always,66% – 75%,"Soft Skills (Communication, Leadership, Teamwork)",Procrastination / Low Motivation,Rarely (Passive),Moderate Impact (Occasional disruption),Moderate Risk
STU1150,3/27/2026 17:37,First Year (PG),BSc IT,23,Female,7.0 – 8.4,Neutral,More than 2 hours,4,Few times a week,1–2 hours,More than 6 hours,Social media,Rarely,Sometimes,Thinking about it,Somewhat clear,Both hard and soft skills,5,5,3,Always,6–7 hours,Digital Marketing Specialist,"Not currently, but intend to in the future","Not currently, but intend to in the future","Basic knowledge, learning while practicing","Rarely participate, mostly observe",Often,66% – 75%,"Creative/Design Skills (Innovation, UI/UX, Content)",Poor Time Management / Over-scheduling,Rarely (Passive),Moderate Impact (Occasional disruption),High Risk
STU1151,3/18/2026 11:08,First Year (FY),BSc Cyber Security,19,Male,9.5 – 10.0,Neutral,1–2 hours,5,Rarely,30–60 minutes,4–6 hours,Social media,Sometimes,Sometimes,Actively preparing for a goal (placements/exams),Very clear,"Soft skills (communication, teamwork, leadership, financial literacy)",3,2,2,Often,6–7 hours,Cyber Security Analyst,"Yes, currently enrolled in one or more courses/certifications",Planning to start a project/internship soon,"Limited knowledge, theoretical only",Never participate in such events,Always,Above 85%,"Soft Skills (Communication, Leadership, Teamwork)",Procrastination / Low Motivation,Occasionally (When needed),Moderate Impact (Occasional disruption),Low Risk
STU1152,4/14/2026 12:01,Third Year (TY),BCA,22,Male,7.0 – 8.4,Unsatisfied,Less than 1 hour,3,Never,1–2 hours,2–4 hours,Social media,Rarely,Sometimes,Planning to start soon,Very clear,"Hard skills (programming, data analytics, technical skills)",3,4,1,Often,4–5 hours,Digital Marketing Specialist,Planning to enroll soon,Planning to start a project/internship soon,"Basic knowledge, learning while practicing",Occasionally participate in events,Always,50% – 65%,"Technical/Hard Skills (Coding, Math, Logic)",Lack of Consistency or Determination (Difficulty sticking to a plan),Rarely (Passive),Moderate Impact (Occasional disruption),High Risk
STU1153,4/1/2026 15:58,Final Year,BSc IT,23,Male,7.0 – 8.4,Satisfied,Less than 1 hour,2,Rarely,30–60 minutes,,Video content (YouTube/OTT),Sometimes,Often,Actively preparing for a goal (placements/exams),Very clear,Both hard and soft skills,4,4,2,Sometimes,6–7 hours,Data Analyst,"No, not interested","Not currently, but intend to in the future","Limited knowledge, theoretical only",Occasionally participate in events,Sometimes,66% – 75%,"Management/Execution (Planning, Organizing, Discipline)",Lack of Consistency or Determination (Difficulty sticking to a plan),Occasionally (When needed),Moderate Impact (Occasional disruption),High Risk
STU1154,3/17/2026 7:26,Second Year (SY),BCA,20,Female,9.5 – 10.0,Satisfied,1–2 hours,3,Rarely,More than 2 hours,More than 6 hours,Social media,Mostly consistent,Sometimes,Planning to start soon,Very clear,"Hard skills (programming, data analytics, technical skills)",,5,1,Often,More than 8 hours,Digital Marketing Specialist,"Yes, currently enrolled in one or more courses/certifications",Planning to start a project/internship soon,Strong foundation in core concepts,"Rarely participate, mostly observe",Often,Above 85%,"Technical/Hard Skills (Coding, Math, Logic)",Difficulty with Focus / Concentration,Rarely (Passive),Moderate Impact (Occasional disruption),Moderate Risk
STU1155,4/3/2026 9:00,Third Year (TY),BSc IT,20,Male,8.5 – 9.4,Satisfied,More than 2 hours,3,Daily,30–60 minutes,4–6 hours,Social media,Mostly consistent,Sometimes,Actively preparing for a goal (placements/exams),Very clear,"Hard skills (programming, data analytics, technical skills)",4,2,3,Sometimes,6–7 hours,Automation Engineer,Planning to enroll soon,"Not currently, but intend to in the future","Basic knowledge, learning while practicing",Never participate in such events,Often,76% – 85%,"Technical/Hard Skills (Coding, Math, Logic)",Lack of Consistency or Determination (Difficulty sticking to a plan),Rarely (Passive),Low Impact (Rarely affects study),Low Risk
STU1156,3/19/2026 9:36,First Year (FY),BCA,17,Male,7.0 – 8.4,Very unsatisfied,Less than 1 hour,3,Rarely,30–60 minutes,More than 6 hours,Social interactions,Sometimes,Often,Actively preparing for a goal (placements/exams),Somewhat clear,"Hard skills (programming, data analytics, technical skills)",3,,3,Sometimes,4–5 hours,Software Developer,"Not currently, but intend to in the future","Not currently, but intend to in the future","Basic knowledge, learning while practicing",Never participate in such events,Often,66% – 75%,"Management/Execution (Planning, Organizing, Discipline)",Lack of Consistency or Determination (Difficulty sticking to a plan),Occasionally (When needed),High Impact (Frequent disruption),High Risk
STU1157,3/25/2026 16:45,First Year (FY),BCA,19,Male,8.5 – 9.4,Neutral,1–2 hours,4,Few times a week,More than 2 hours,More than 6 hours,Social interactions,Sometimes,Often,Actively preparing for a goal (placements/exams),Not clear,Both hard and soft skills,3,4,3,Always,4–5 hours,Cyber Security Analyst,"Not currently, but intend to in the future","Not currently, but intend to in the future","Basic knowledge, learning while practicing","Rarely participate, mostly observe",Often,66% – 75%,"Soft Skills (Communication, Leadership, Teamwork)",Procrastination / Low Motivation,Rarely (Passive),Low Impact (Rarely affects study),Moderate Risk
STU1158,4/10/2026 11:26,Second Year (SY),BCA,21,Male,7.0 – 8.4,Neutral,Less than 1 hour,4,Never,More than 2 hours,More than 6 hours,Social media,Sometimes,Always,Planning to start soon,Not clear,"Soft skills (communication, teamwork, leadership, financial literacy)",4,4,1,Sometimes,6–7 hours,AI / ML,"No, not interested",Planning to start a project/internship soon,Strong foundation in core concepts,"Rarely participate, mostly observe",Often,50% – 65%,"Management/Execution (Planning, Organizing, Discipline)",Difficulty with Focus / Concentration,Never (Unaware or Not interested),Low Impact (Rarely affects study),High Risk
STU1159,3/26/2026 15:09,Second Year (SY),BCA,21,Male,8.5 – 9.4,Very satisfied,Less than 1 hour,2,Rarely,30–60 minutes,More than 6 hours,Social media,Sometimes,Often,Thinking about it,Somewhat clear,"Soft skills (communication, teamwork, leadership, financial literacy)",2,5,2,Never,More than 8 hours,AI / ML,Planning to enroll soon,Planning to start a project/internship soon,"Basic knowledge, learning while practicing",Never participate in such events,Sometimes,76% – 85%,"Creative/Design Skills (Innovation, UI/UX, Content)",Lack of Consistency or Determination (Difficulty sticking to a plan),Occasionally (When needed),Moderate Impact (Occasional disruption),High Risk
STU1160,3/19/2026 11:58,First Year (FY),BCA,18,Male,7.0 – 8.4,Satisfied,Less than 1 hour,3,Few times a week,1–2 hours,More than 6 hours,Social interactions,Mostly consistent,Always,Thinking about it,Somewhat clear,"Soft skills (communication, teamwork, leadership, financial literacy)",2,3,3,Often,6–7 hours,Data Analyst,"Yes, currently enrolled in one or more courses/certifications","Not currently, but intend to in the future","Basic knowledge, learning while practicing",Occasionally participate in events,Always,76% – 85%,"Creative/Design Skills (Innovation, UI/UX, Content)",Lack of Consistency or Determination (Difficulty sticking to a plan),Rarely (Passive),Moderate Impact (Occasional disruption),Moderate Risk
STU1161,3/24/2026 9:35,Third Year (TY),BCA,20,Male,7.0 – 8.4,Very satisfied,1–2 hours,3,Rarely,30–60 minutes,4–6 hours,Video content (YouTube/OTT),Sometimes,Rarely,Planning to start soon,Very clear,"Hard skills (programming, data analytics, technical skills)",3,5,2,Sometimes,6–7 hours,Software Developer,Planning to enroll soon,Planning to start a project/internship soon,"Basic knowledge, learning while practicing",Never participate in such events,Often,66% – 75%,"Technical/Hard Skills (Coding, Math, Logic)",Procrastination / Low Motivation,Rarely (Passive),Low Impact (Rarely affects study),High Risk
STU1162,3/27/2026 14:03,Third Year (TY),BCom,21,Male,8.5 – 9.4,Neutral,1–2 hours,4,Never,More than 2 hours,More than 6 hours,Social media,Sometimes,Rarely,Planning to start soon,Somewhat clear,"Hard skills (programming, data analytics, technical skills)",5,4,3,Sometimes,,Other,,"Not currently, but intend to in the future","Limited knowledge, theoretical only","Rarely participate, mostly observe",Rarely,Less than 50%,"Soft Skills (Communication, Leadership, Teamwork)",Difficulty with Focus / Concentration,Never (Unaware or Not interested),Moderate Impact (Occasional disruption),High Risk
STU1163,4/6/2026 9:40,Second Year (SY),BCA,20,Male,5.0 – 6.9,Neutral,Less than 1 hour,1,Few times a week,30–60 minutes,4–6 hours,Other,Sometimes,Rarely,Thinking about it,Somewhat clear,"Soft skills (communication, teamwork, leadership, financial literacy)",2,5,2,Often,4–5 hours,AI / ML,"Yes, currently enrolled in one or more courses/certifications",Planning to start a project/internship soon,Strong foundation in core concepts,Occasionally participate in events,Always,50% – 65%,"Soft Skills (Communication, Leadership, Teamwork)",Procrastination / Low Motivation,,Moderate Impact (Occasional disruption),High Risk
STU1164,4/6/2026 15:18,Third Year (TY),BCA,21,Female,5.0 – 6.9,Unsatisfied,Less than 1 hour,2,Few times a week,30–60 minutes,More than 6 hours,Social interactions,Sometimes,Rarely,Actively preparing for a goal (placements/exams),Very clear,"Hard skills (programming, data analytics, technical skills)",,3,2,Sometimes,More than 8 hours,Cyber Security Analyst,Planning to enroll soon,"Yes, actively working on projects/internship","Limited knowledge, theoretical only",Occasionally participate in events,Often,76% – 85%,"Technical/Hard Skills (Coding, Math, Logic)",Difficulty with Focus / Concentration,Rarely (Passive),Low Impact (Rarely affects study),High Risk
STU1165,4/12/2026 18:00,Second Year (SY),BCA,19,Male,5.0 – 6.9,Neutral,Less than 1 hour,2,Rarely,30–60 minutes,2–4 hours,Gaming,Sometimes,Sometimes,Thinking about it,Very clear,Both hard and soft skills,4,3,3,Sometimes,,Other,"Yes, currently enrolled in one or more courses/certifications",Planning to start a project/internship soon,"Limited knowledge, theoretical only",Never participate in such events,Often,76% – 85%,"Creative/Design Skills (Innovation, UI/UX, Content)",Poor Time Management / Over-scheduling,Rarely (Passive),Moderate Impact (Occasional disruption),High Risk
STU1166,3/21/2026 11:21,Third Year (TY),BCA,22,Male,5.0 – 6.9,Very unsatisfied,Less than 1 hour,1,Rarely,30–60 minutes,More than 6 hours,Social media,Rarely,Often,Actively preparing for a goal (placements/exams),Not clear,Both hard and soft skills,4,3,1,Often,6–7 hours,Data Analyst,Planning to enroll soon,Planning to start a project/internship soon,"Limited knowledge, theoretical only","Rarely participate, mostly observe",Sometimes,76% – 85%,"Management/Execution (Planning, Organizing, Discipline)",Difficulty with Focus / Concentration,Occasionally (When needed),Moderate Impact (Occasional disruption),High Risk
STU1167,4/6/2026 6:28,Third Year (TY),BSc Cyber Security,20,Male,5.0 – 6.9,Satisfied,1–2 hours,2,Rarely,30–60 minutes,4–6 hours,Gaming,Sometimes,Sometimes,Planning to start soon,Somewhat clear,Both hard and soft skills,4,1,1,Sometimes,,Other,"No, not interested","Not currently, but intend to in the future","Basic knowledge, learning while practicing",Never participate in such events,Always,Less than 50%,"Soft Skills (Communication, Leadership, Teamwork)",Difficulty with Focus / Concentration,,Moderate Impact (Occasional disruption),Moderate Risk
STU1168,4/3/2026 19:43,First Year (PG),BA,23,Male,7.0 – 8.4,Neutral,Less than 1 hour,1,Few times a week,,2–4 hours,Social media,Mostly consistent,Often,Planning to start soon,Very clear,"Soft skills (communication, teamwork, leadership, financial literacy)",3,,1,Always,4–5 hours,Data Analyst,"Not currently, but intend to in the future",Planning to start a project/internship soon,"Basic knowledge, learning while practicing","Rarely participate, mostly observe",Sometimes,50% – 65%,"Soft Skills (Communication, Leadership, Teamwork)",Procrastination / Low Motivation,Rarely (Passive),No Impact (Fully supportive environment),Moderate Risk
STU1169,3/17/2026 11:04,Final Year,BCA,23,Female,8.5 – 9.4,Unsatisfied,1–2 hours,5,Rarely,More than 2 hours,More than 6 hours,Video content (YouTube/OTT),Mostly consistent,Often,Planning to start soon,Somewhat clear,"Hard skills (programming, data analytics, technical skills)",5,3,3,Often,6–7 hours,Data Analyst,"Yes, currently enrolled in one or more courses/certifications","Yes, actively working on projects/internship","Basic knowledge, learning while practicing","Rarely participate, mostly observe",Always,66% – 75%,"Technical/Hard Skills (Coding, Math, Logic)",Difficulty with Focus / Concentration,Occasionally (When needed),Moderate Impact (Occasional disruption),Moderate Risk
STU1170,3/19/2026 9:21,Second Year (SY),BA,19,Male,8.5 – 9.4,Neutral,1–2 hours,4,Rarely,30–60 minutes,2–4 hours,Video content (YouTube/OTT),Sometimes,Sometimes,Thinking about it,Not clear,Both hard and soft skills,4,2,3,Often,More than 8 hours,Software Developer,"Yes, currently enrolled in one or more courses/certifications",Planning to start a project/internship soon,Strong foundation in core concepts,"Rarely participate, mostly observe",Often,76% – 85%,"Technical/Hard Skills (Coding, Math, Logic)",Lack of Consistency or Determination (Difficulty sticking to a plan),Occasionally (When needed),Moderate Impact (Occasional disruption),Moderate Risk
STU1171,3/29/2026 23:45,Second Year (PG),BSc Cyber Security,26,Male,8.5 – 9.4,Neutral,Less than 1 hour,1,Rarely,30–60 minutes,More than 6 hours,Gaming,Sometimes,Sometimes,Actively preparing for a goal (placements/exams),Very clear,"Hard skills (programming, data analytics, technical skills)",4,3,2,Sometimes,More than 8 hours,Digital Marketing Specialist,Planning to enroll soon,"Yes, actively working on projects/internship","Basic knowledge, learning while practicing",Occasionally participate in events,Often,50% – 65%,"Soft Skills (Communication, Leadership, Teamwork)",Poor Time Management / Over-scheduling,Never (Unaware or Not interested),Moderate Impact (Occasional disruption),Moderate Risk
STU1172,4/11/2026 22:23,First Year (FY),BSc IT,17,Male,8.5 – 9.4,Satisfied,1–2 hours,,Never,1–2 hours,More than 6 hours,Social media,Mostly consistent,Sometimes,Actively preparing for a goal (placements/exams),Very clear,"Hard skills (programming, data analytics, technical skills)",3,3,,Often,6–7 hours,Other,"Yes, currently enrolled in one or more courses/certifications",Planning to start a project/internship soon,,Never participate in such events,Rarely,Above 85%,"Soft Skills (Communication, Leadership, Teamwork)",Poor Time Management / Over-scheduling,Occasionally (When needed),High Impact (Frequent disruption),Low Risk
STU1173,4/12/2026 13:08,Third Year (TY),BSc Computer Science,21,Male,5.0 – 6.9,Unsatisfied,Less than 1 hour,3,Rarely,1–2 hours,More than 6 hours,Video content (YouTube/OTT),Sometimes,Often,Thinking about it,Very clear,"Soft skills (communication, teamwork, leadership, financial literacy)",3,1,3,Sometimes,More than 8 hours,Other,"Yes, currently enrolled in one or more courses/certifications","Yes, actively working on projects/internship","Basic knowledge, learning while practicing",Occasionally participate in events,Often,66% – 75%,"Soft Skills (Communication, Leadership, Teamwork)",Procrastination / Low Motivation,Occasionally (When needed),Low Impact (Rarely affects study),Moderate Risk
STU1174,4/9/2026 16:47,Final Year,BSc IT,21,Female,9.5 – 10.0,Satisfied,1–2 hours,4,Rarely,1–2 hours,4–6 hours,Other,Mostly consistent,Often,Actively preparing for a goal (placements/exams),Very clear,"Hard skills (programming, data analytics, technical skills)",5,1,3,Sometimes,More than 8 hours,Software Developer,"No, not interested",Planning to start a project/internship soon,"Basic knowledge, learning while practicing",Never participate in such events,Always,50% – 65%,"Management/Execution (Planning, Organizing, Discipline)",Procrastination / Low Motivation,,High Impact (Frequent disruption),Low Risk
STU1175,3/17/2026 16:07,Final Year,BCA,22,Male,9.5 – 10.0,Very satisfied,Less than 1 hour,3,Rarely,1–2 hours,4–6 hours,Social interactions,Mostly consistent,Rarely,Planning to start soon,Somewhat clear,Both hard and soft skills,4,3,3,Often,6–7 hours,Data Analyst,"No, not interested",Planning to start a project/internship soon,"Basic knowledge, learning while practicing","Rarely participate, mostly observe",Often,76% – 85%,"Management/Execution (Planning, Organizing, Discipline)",Poor Time Management / Over-scheduling,Never (Unaware or Not interested),Moderate Impact (Occasional disruption),Low Risk
STU1176,3/25/2026 9:28,First Year (FY),BCom,19,Male,5.0 – 6.9,Satisfied,Less than 1 hour,2,Never,1–2 hours,4–6 hours,Video content (YouTube/OTT),Mostly consistent,Often,Planning to start soon,Somewhat clear,Both hard and soft skills,3,5,3,Often,6–7 hours,Other,"No, not interested","Not currently, but intend to in the future","Basic knowledge, learning while practicing",Never participate in such events,Always,50% – 65%,"Soft Skills (Communication, Leadership, Teamwork)",Procrastination / Low Motivation,Never (Unaware or Not interested),Moderate Impact (Occasional disruption),High Risk
STU1177,3/29/2026 9:09,Second Year (SY),BBA,20,Female,7.0 – 8.4,Neutral,Less than 1 hour,1,Rarely,1–2 hours,4–6 hours,Video content (YouTube/OTT),Rarely,Always,Planning to start soon,Not clear,"Hard skills (programming, data analytics, technical skills)",1,4,2,Often,4–5 hours,Automation Engineer,"No, not interested",Planning to start a project/internship soon,"Limited knowledge, theoretical only",Occasionally participate in events,Rarely,66% – 75%,"Technical/Hard Skills (Coding, Math, Logic)",Lack of Consistency or Determination (Difficulty sticking to a plan),Occasionally (When needed),Moderate Impact (Occasional disruption),High Risk
STU1178,3/20/2026 13:00,First Year (FY),BSc IT,17,Male,8.5 – 9.4,Neutral,1–2 hours,3,Never,30–60 minutes,2–4 hours,Other,Sometimes,Rarely,Thinking about it,Somewhat clear,"Hard skills (programming, data analytics, technical skills)",1,2,3,Always,6–7 hours,Automation Engineer,"No, not interested","Yes, actively working on projects/internship","Limited knowledge, theoretical only",Occasionally participate in events,Often,Above 85%,"Creative/Design Skills (Innovation, UI/UX, Content)",Lack of Consistency or Determination (Difficulty sticking to a plan),Rarely (Passive),Low Impact (Rarely affects study),Low Risk
STU1179,3/18/2026 14:36,Second Year (SY),BCA,20,Male,8.5 – 9.4,Very satisfied,1–2 hours,3,Never,1–2 hours,More than 6 hours,Social interactions,Sometimes,Sometimes,Thinking about it,Not clear,"Hard skills (programming, data analytics, technical skills)",5,4,2,Never,More than 8 hours,Cyber Security Analyst,"Not currently, but intend to in the future",Planning to start a project/internship soon,"Limited knowledge, theoretical only",Never participate in such events,Often,76% – 85%,"Creative/Design Skills (Innovation, UI/UX, Content)",Procrastination / Low Motivation,Rarely (Passive),Low Impact (Rarely affects study),Moderate Risk
STU1180,4/1/2026 9:24,First Year (FY),BCA,19,Other,7.0 – 8.4,Unsatisfied,Less than 1 hour,1,Rarely,30–60 minutes,More than 6 hours,Gaming,Mostly consistent,Often,Planning to start soon,Somewhat clear,Both hard and soft skills,3,3,2,Always,6–7 hours,AI / ML,"Not currently, but intend to in the future",Planning to start a project/internship soon,"Limited knowledge, theoretical only",Never participate in such events,Often,76% – 85%,"Soft Skills (Communication, Leadership, Teamwork)",Procrastination / Low Motivation,Rarely (Passive),High Impact (Frequent disruption),Moderate Risk
STU1181,3/30/2026 18:37,First Year (FY),BCA,17,Male,8.5 – 9.4,Very satisfied,1–2 hours,4,Few times a week,More than 2 hours,More than 6 hours,Social media,Mostly consistent,Often,Actively preparing for a goal (placements/exams),Somewhat clear,"Hard skills (programming, data analytics, technical skills)",5,4,3,Sometimes,6–7 hours,Automation Engineer,"No, not interested","Not currently, but intend to in the future","Limited knowledge, theoretical only",Occasionally participate in events,Always,76% – 85%,"Management/Execution (Planning, Organizing, Discipline)",Poor Time Management / Over-scheduling,Rarely (Passive),High Impact (Frequent disruption),Moderate Risk
STU1182,3/19/2026 7:34,Second Year (SY),BSc Computer Science,21,Male,7.0 – 8.4,Unsatisfied,1–2 hours,1,Rarely,30–60 minutes,More than 6 hours,Social media,Mostly consistent,Often,Thinking about it,Somewhat clear,Both hard and soft skills,3,5,1,Sometimes,6–7 hours,Software Developer,Planning to enroll soon,"Yes, actively working on projects/internship","Basic knowledge, learning while practicing",Never participate in such events,Always,50% – 65%,"Soft Skills (Communication, Leadership, Teamwork)",Procrastination / Low Motivation,Rarely (Passive),Low Impact (Rarely affects study),High Risk
STU1183,3/28/2026 6:04,First Year (PG),BCA,24,Male,8.5 – 9.4,Neutral,1–2 hours,4,Rarely,30–60 minutes,2–4 hours,Social media,Rarely,Sometimes,Thinking about it,Somewhat clear,"Hard skills (programming, data analytics, technical skills)",4,2,1,Always,6–7 hours,Automation Engineer,"Not currently, but intend to in the future",Planning to start a project/internship soon,"Limited knowledge, theoretical only",Occasionally participate in events,Rarely,76% – 85%,"Soft Skills (Communication, Leadership, Teamwork)",Procrastination / Low Motivation,Occasionally (When needed),No Impact (Fully supportive environment),Moderate Risk
STU1184,4/6/2026 19:08,Second Year (SY),BCA,20,Female,7.0 – 8.4,Neutral,Less than 1 hour,2,Few times a week,30–60 minutes,4–6 hours,Other,Rarely,Sometimes,Thinking about it,Not clear,"Hard skills (programming, data analytics, technical skills)",1,4,1,Always,4–5 hours,Digital Marketing Specialist,Planning to enroll soon,"Not currently, but intend to in the future","Limited knowledge, theoretical only",Never participate in such events,Rarely,76% – 85%,"Management/Execution (Planning, Organizing, Discipline)",Procrastination / Low Motivation,Rarely (Passive),Moderate Impact (Occasional disruption),High Risk
STU1185,3/15/2026 10:12,Second Year (SY),BCA,21,Male,5.0 – 6.9,Unsatisfied,1–2 hours,4,Rarely,1–2 hours,2–4 hours,Social interactions,Sometimes,Often,Thinking about it,Somewhat clear,"Soft skills (communication, teamwork, leadership, financial literacy)",3,3,2,Always,4–5 hours,Data Analyst,"Yes, currently enrolled in one or more courses/certifications","Not currently, but intend to in the future","Basic knowledge, learning while practicing",Never participate in such events,Often,50% – 65%,"Soft Skills (Communication, Leadership, Teamwork)",Procrastination / Low Motivation,Occasionally (When needed),Moderate Impact (Occasional disruption),High Risk
STU1186,3/20/2026 9:41,First Year (FY),BCA,19,Male,8.5 – 9.4,Neutral,1–2 hours,4,Never,1–2 hours,4–6 hours,Other,Sometimes,Always,Actively preparing for a goal (placements/exams),Very clear,"Soft skills (communication, teamwork, leadership, financial literacy)",3,3,3,Often,6–7 hours,Digital Marketing Specialist,Planning to enroll soon,"Yes, actively working on projects/internship","Limited knowledge, theoretical only","Rarely participate, mostly observe",Always,Above 85%,"Technical/Hard Skills (Coding, Math, Logic)",Poor Time Management / Over-scheduling,Rarely (Passive),Moderate Impact (Occasional disruption),Moderate Risk
STU1187,3/23/2026 12:01,Second Year (SY),BCA,19,Female,5.0 – 6.9,Unsatisfied,1–2 hours,5,Daily,More than 2 hours,4–6 hours,Gaming,Rarely,Rarely,Planning to start soon,Very clear,"Hard skills (programming, data analytics, technical skills)",3,5,1,Sometimes,6–7 hours,Software Developer,"Yes, currently enrolled in one or more courses/certifications","Not currently, but intend to in the future","Limited knowledge, theoretical only","Rarely participate, mostly observe",Sometimes,76% – 85%,"Technical/Hard Skills (Coding, Math, Logic)",Procrastination / Low Motivation,Rarely (Passive),Moderate Impact (Occasional disruption),High Risk
STU1188,4/12/2026 13:35,Second Year (PG),BA,25,Male,7.0 – 8.4,Satisfied,More than 2 hours,2,Few times a week,1–2 hours,More than 6 hours,Social media,Sometimes,Sometimes,Actively preparing for a goal (placements/exams),Somewhat clear,"Hard skills (programming, data analytics, technical skills)",4,4,1,Never,6–7 hours,Digital Marketing Specialist,"Not currently, but intend to in the future","Yes, actively working on projects/internship","Limited knowledge, theoretical only",Never participate in such events,Often,66% – 75%,"Management/Execution (Planning, Organizing, Discipline)",Procrastination / Low Motivation,Rarely (Passive),Moderate Impact (Occasional disruption),High Risk
STU1189,3/24/2026 12:03,Second Year (PG),BCA,25,Male,9.5 – 10.0,Very satisfied,1–2 hours,3,Daily,1–2 hours,More than 6 hours,Video content (YouTube/OTT),Mostly consistent,Always,Thinking about it,Very clear,Both hard and soft skills,4,2,3,Often,6–7 hours,AI / ML,Planning to enroll soon,"Yes, actively working on projects/internship","Limited knowledge, theoretical only","Rarely participate, mostly observe",Often,Above 85%,"Creative/Design Skills (Innovation, UI/UX, Content)",Lack of Consistency or Determination (Difficulty sticking to a plan),Occasionally (When needed),Moderate Impact (Occasional disruption),Low Risk
STU1190,3/27/2026 15:38,Second Year (SY),BCA,19,Male,8.5 – 9.4,Satisfied,1–2 hours,3,Never,More than 2 hours,4–6 hours,Video content (YouTube/OTT),Sometimes,Sometimes,Actively preparing for a goal (placements/exams),Very clear,"Soft skills (communication, teamwork, leadership, financial literacy)",3,3,3,Sometimes,6–7 hours,Automation Engineer,"Not currently, but intend to in the future",Planning to start a project/internship soon,"Limited knowledge, theoretical only",Never participate in such events,Often,Above 85%,"Creative/Design Skills (Innovation, UI/UX, Content)",Poor Time Management / Over-scheduling,Never (Unaware or Not interested),Moderate Impact (Occasional disruption),Moderate Risk
STU1191,4/1/2026 12:41,Second Year (SY),BCom,21,Male,7.0 – 8.4,Neutral,1–2 hours,3,Rarely,30–60 minutes,More than 6 hours,Video content (YouTube/OTT),Mostly consistent,Often,Planning to start soon,Very clear,"Soft skills (communication, teamwork, leadership, financial literacy)",1,4,3,Often,More than 8 hours,Digital Marketing Specialist,"Yes, currently enrolled in one or more courses/certifications","Not currently, but intend to in the future","Basic knowledge, learning while practicing","Rarely participate, mostly observe",Often,66% – 75%,"Soft Skills (Communication, Leadership, Teamwork)",Lack of Consistency or Determination (Difficulty sticking to a plan),Rarely (Passive),Low Impact (Rarely affects study),Moderate Risk
STU1192,3/19/2026 12:26,Third Year (TY),BCA,22,Male,8.5 – 9.4,Satisfied,1–2 hours,1,Rarely,30–60 minutes,More than 6 hours,Social media,Sometimes,Sometimes,Planning to start soon,Very clear,Both hard and soft skills,4,1,1,Never,6–7 hours,AI / ML,Planning to enroll soon,Planning to start a project/internship soon,"Basic knowledge, learning while practicing",Never participate in such events,Always,Above 85%,"Technical/Hard Skills (Coding, Math, Logic)",Lack of Consistency or Determination (Difficulty sticking to a plan),Never (Unaware or Not interested),High Impact (Frequent disruption),Low Risk
STU1193,4/14/2026 12:29,Final Year,BCA,21,Male,5.0 – 6.9,Very unsatisfied,Less than 1 hour,1,Few times a week,30–60 minutes,More than 6 hours,Video content (YouTube/OTT),Rarely,Rarely,Planning to start soon,Very clear,Both hard and soft skills,3,3,2,Sometimes,,AI / ML,"Not currently, but intend to in the future",Planning to start a project/internship soon,"Basic knowledge, learning while practicing",Never participate in such events,Often,66% – 75%,"Creative/Design Skills (Innovation, UI/UX, Content)",Difficulty with Focus / Concentration,Rarely (Passive),High Impact (Frequent disruption),High Risk
STU1194,3/27/2026 14:31,Third Year (TY),BSc Computer Science,20,Male,5.0 – 6.9,Neutral,1–2 hours,3,Rarely,More than 2 hours,2–4 hours,Video content (YouTube/OTT),Sometimes,Sometimes,Planning to start soon,Not clear,"Soft skills (communication, teamwork, leadership, financial literacy)",3,4,3,Often,6–7 hours,Digital Marketing Specialist,"Yes, currently enrolled in one or more courses/certifications",Planning to start a project/internship soon,"Basic knowledge, learning while practicing",Never participate in such events,Always,Less than 50%,"Soft Skills (Communication, Leadership, Teamwork)",Lack of Consistency or Determination (Difficulty sticking to a plan),Rarely (Passive),Moderate Impact (Occasional disruption),High Risk
STU1195,4/7/2026 9:17,Second Year (SY),BSc IT,21,Female,7.0 – 8.4,Satisfied,More than 2 hours,4,Rarely,30–60 minutes,4–6 hours,Social media,Rarely,Rarely,Actively preparing for a goal (placements/exams),Very clear,"Hard skills (programming, data analytics, technical skills)",4,2,3,Sometimes,More than 8 hours,Software Developer,Planning to enroll soon,Planning to start a project/internship soon,"Basic knowledge, learning while practicing","Rarely participate, mostly observe",Often,Above 85%,"Soft Skills (Communication, Leadership, Teamwork)",Procrastination / Low Motivation,Occasionally (When needed),High Impact (Frequent disruption),Moderate Risk
STU1196,3/23/2026 10:57,Second Year (SY),BSc Cyber Security,19,Female,8.5 – 9.4,Very satisfied,1–2 hours,4,Few times a week,More than 2 hours,4–6 hours,Social interactions,Rarely,Sometimes,Planning to start soon,Very clear,"Hard skills (programming, data analytics, technical skills)",5,2,1,Often,6–7 hours,Software Developer,Planning to enroll soon,"Not currently, but intend to in the future","Basic knowledge, learning while practicing",Never participate in such events,Often,76% – 85%,"Management/Execution (Planning, Organizing, Discipline)",Procrastination / Low Motivation,Occasionally (When needed),High Impact (Frequent disruption),Moderate Risk
STU1197,3/19/2026 7:38,First Year (FY),BCA,18,Male,9.5 – 10.0,Unsatisfied,1–2 hours,3,Rarely,30–60 minutes,4–6 hours,Social media,Sometimes,Sometimes,Actively preparing for a goal (placements/exams),Very clear,Both hard and soft skills,4,4,3,Never,,Cyber Security Analyst,"Not currently, but intend to in the future",Planning to start a project/internship soon,Strong foundation in core concepts,Occasionally participate in events,Sometimes,76% – 85%,"Technical/Hard Skills (Coding, Math, Logic)",Lack of Consistency or Determination (Difficulty sticking to a plan),Rarely (Passive),Moderate Impact (Occasional disruption),Moderate Risk
STU1198,3/23/2026 14:07,First Year (FY),BSc IT,17,Female,7.0 – 8.4,Very unsatisfied,1–2 hours,3,Few times a week,1–2 hours,More than 6 hours,Social media,Sometimes,Always,Planning to start soon,Somewhat clear,"Soft skills (communication, teamwork, leadership, financial literacy)",1,5,3,Often,6–7 hours,AI / ML,"Not currently, but intend to in the future","Yes, actively working on projects/internship","Limited knowledge, theoretical only",Occasionally participate in events,Often,50% – 65%,"Management/Execution (Planning, Organizing, Discipline)",Lack of Consistency or Determination (Difficulty sticking to a plan),Never (Unaware or Not interested),Low Impact (Rarely affects study),High Risk
STU1199,3/21/2026 6:19,Second Year (SY),BCA,21,Male,8.5 – 9.4,Satisfied,Less than 1 hour,2,Rarely,30–60 minutes,More than 6 hours,Social media,Sometimes,Rarely,Thinking about it,Very clear,"Hard skills (programming, data analytics, technical skills)",3,4,3,Often,6–7 hours,AI / ML,,Planning to start a project/internship soon,"Basic knowledge, learning while practicing","Rarely participate, mostly observe",Always,50% – 65%,"Creative/Design Skills (Innovation, UI/UX, Content)",Procrastination / Low Motivation,Occasionally (When needed),High Impact (Frequent disruption),High Risk
STU1200,4/13/2026 12:22,First Year (FY),BCA,17,Female,7.0 – 8.4,Satisfied,Less than 1 hour,4,Rarely,More than 2 hours,More than 6 hours,Social media,Sometimes,Sometimes,Thinking about it,Somewhat clear,Both hard and soft skills,3,3,1,Sometimes,6–7 hours,Automation Engineer,"Yes, currently enrolled in one or more courses/certifications","Yes, actively working on projects/internship","Limited knowledge, theoretical only","Rarely participate, mostly observe",Often,50% – 65%,"Management/Execution (Planning, Organizing, Discipline)",Difficulty with Focus / Concentration,Rarely (Passive),No Impact (Fully supportive environment),High Risk
